Date,close
1980-12-12,0.09812238067388535
1980-12-15,0.0930032879114151
1980-12-16,0.0861770510673523
1980-12-17,0.08830998837947845
1980-12-18,0.09087034314870834
1980-12-19,0.09641600400209427
1980-12-22,0.10110850632190704
1980-12-23,0.10537521541118622
1980-12-24,0.11092091351747513
1980-12-26,0.12115991115570068
1980-12-29,0.12286635488271713
1980-12-30,0.11988018453121185
1980-12-31,0.11646740138530731
1981-01-02,0.11774720996618271
1981-01-05,0.1151876449584961
1981-01-06,0.11006772518157959
1981-01-07,0.10537521541118622
1981-01-08,0.10324227809906006
1981-01-09,0.10878796875476837
1981-01-12,0.10793477296829224
1981-01-13,0.1040954440832138
1981-01-14,0.10452201962471008
1981-01-15,0.10665501654148102
1981-01-16,0.10580188035964966
1981-01-19,0.11220069229602814
1981-01-20,0.10878796875476837
1981-01-21,0.11092091351747513
1981-01-22,0.11220069229602814
1981-01-23,0.11177407950162888
1981-01-26,0.11006772518157959
1981-01-27,0.10921456664800644
1981-01-28,0.10580188035964966
1981-01-29,0.10196247696876526
1981-01-30,0.09641600400209427
1981-02-02,0.09087034314870834
1981-02-03,0.09428306668996811
1981-02-04,0.09769579768180847
1981-02-05,0.09769579768180847
1981-02-06,0.09812238067388535
1981-02-09,0.0930032879114151
1981-02-10,0.0930032879114151
1981-02-11,0.09001713246107101
1981-02-12,0.08916319161653519
1981-02-13,0.08703022450208664
1981-02-17,0.08916319161653519
1981-02-18,0.0930032879114151
1981-02-19,0.08745681494474411
1981-02-20,0.08276433497667313
1981-02-23,0.08404414355754852
1981-02-24,0.08105792105197906
1981-02-25,0.0861770510673523
1981-02-26,0.08745681494474411
1981-02-27,0.09044372290372849
1981-03-02,0.09087034314870834
1981-03-03,0.08959052711725235
1981-03-04,0.08873659372329712
1981-03-05,0.08830998837947845
1981-03-06,0.08745681494474411
1981-03-09,0.08063134551048279
1981-03-10,0.07679124921560287
1981-03-11,0.07380513101816177
1981-03-12,0.07679124921560287
1981-03-13,0.07593804597854614
1981-03-16,0.07892496883869171
1981-03-17,0.08276433497667313
1981-03-18,0.08788342773914337
1981-03-19,0.08703022450208664
1981-03-20,0.08788342773914337
1981-03-23,0.09129691123962402
1981-03-24,0.09087034314870834
1981-03-25,0.08916319161653519
1981-03-26,0.08745681494474411
1981-03-27,0.08447066694498062
1981-03-30,0.08447066694498062
1981-03-31,0.08361748605966568
1981-04-01,0.08276433497667313
1981-04-02,0.09001713246107101
1981-04-03,0.09044372290372849
1981-04-06,0.08873659372329712
1981-04-07,0.08788342773914337
1981-04-08,0.09215012192726135
1981-04-09,0.09385643899440765
1981-04-10,0.09513623267412186
1981-04-13,0.09513623267412186
1981-04-14,0.09513623267412186
1981-04-15,0.09044372290372849
1981-04-16,0.08532386273145676
1981-04-20,0.08788342773914337
1981-04-21,0.09385643899440765
1981-04-22,0.0972692221403122
1981-04-23,0.09982873499393463
1981-04-24,0.09897562861442566
1981-04-27,0.09812238067388535
1981-04-28,0.09641600400209427
1981-04-29,0.09513623267412186
1981-04-30,0.09684266149997711
1981-05-01,0.09684266149997711
1981-05-04,0.09641600400209427
1981-05-05,0.09598946571350098
1981-05-06,0.09342985600233078
1981-05-07,0.09470965713262558
1981-05-08,0.09556283801794052
1981-05-11,0.09342985600233078
1981-05-12,0.09342985600233078
1981-05-13,0.0930032879114151
1981-05-14,0.0917234942317009
1981-05-15,0.09385643899440765
1981-05-18,0.09556283801794052
1981-05-19,0.09385643899440765
1981-05-20,0.09684266149997711
1981-05-21,0.10238909721374512
1981-05-22,0.1070815846323967
1981-05-26,0.10665501654148102
1981-05-27,0.11262736469507217
1981-05-28,0.11262736469507217
1981-05-29,0.11305391788482666
1981-06-01,0.11305391788482666
1981-06-02,0.10750816762447357
1981-06-03,0.10750816762447357
1981-06-04,0.10964120924472809
1981-06-05,0.10793477296829224
1981-06-08,0.1040954440832138
1981-06-09,0.10622840374708176
1981-06-10,0.10750816762447357
1981-06-11,0.11220069229602814
1981-06-12,0.11092091351747513
1981-06-15,0.11049439758062363
1981-06-16,0.1083613932132721
1981-06-17,0.10665501654148102
1981-06-18,0.10622840374708176
1981-06-19,0.10324227809906006
1981-06-22,0.09940212965011597
1981-06-23,0.10110850632190704
1981-06-24,0.0985490158200264
1981-06-25,0.10068196803331375
1981-06-26,0.09940212965011597
1981-06-29,0.09598946571350098
1981-06-30,0.08873659372329712
1981-07-01,0.08788342773914337
1981-07-02,0.08788342773914337
1981-07-06,0.08489730209112167
1981-07-07,0.08575045317411423
1981-07-08,0.08916319161653519
1981-07-09,0.08233773708343506
1981-07-10,0.07593804597854614
1981-07-13,0.07764522731304169
1981-07-14,0.08105792105197906
1981-07-15,0.0831909105181694
1981-07-16,0.08532386273145676
1981-07-17,0.08830998837947845
1981-07-20,0.08233773708343506
1981-07-21,0.0819111093878746
1981-07-22,0.07721783965826035
1981-07-23,0.07935155183076859
1981-07-24,0.0819111093878746
1981-07-27,0.08532386273145676
1981-07-28,0.08233773708343506
1981-07-29,0.08105792105197906
1981-07-30,0.08404414355754852
1981-07-31,0.08532386273145676
1981-08-03,0.08447066694498062
1981-08-04,0.08575045317411423
1981-08-05,0.08830998837947845
1981-08-06,0.0861770510673523
1981-08-07,0.0861770510673523
1981-08-10,0.0861770510673523
1981-08-11,0.08361748605966568
1981-08-12,0.0819111093878746
1981-08-13,0.07935155183076859
1981-08-14,0.07807181775569916
1981-08-17,0.07551150023937225
1981-08-18,0.07380513101816177
1981-08-19,0.07295191287994385
1981-08-20,0.07380513101816177
1981-08-21,0.06868600845336914
1981-08-24,0.06441929191350937
1981-08-25,0.06612643599510193
1981-08-26,0.06484589725732803
1981-08-27,0.06527247279882431
1981-08-28,0.06868600845336914
1981-08-31,0.06868600845336914
1981-09-01,0.07295191287994385
1981-09-02,0.07423168420791626
1981-09-03,0.07039237767457962
1981-09-04,0.06953916698694229
1981-09-08,0.06740617007017136
1981-09-09,0.06740617007017136
1981-09-10,0.06783279776573181
1981-09-11,0.06697964668273926
1981-09-14,0.06484589725732803
1981-09-15,0.06313950568437576
1981-09-16,0.061859726905822754
1981-09-17,0.060153376311063766
1981-09-18,0.06057995557785034
1981-09-21,0.06100654974579811
1981-09-22,0.05759382247924805
1981-09-23,0.05631406232714653
1981-09-24,0.05588747560977936
1981-09-25,0.0486346110701561
1981-09-28,0.04906119033694267
1981-09-29,0.051620736718177795
1981-09-30,0.05204734578728676
1981-10-01,0.05204734578728676
1981-10-02,0.05631406232714653
1981-10-05,0.058020420372486115
1981-10-06,0.05759382247924805
1981-10-07,0.06100654974579811
1981-10-08,0.06313950568437576
1981-10-09,0.06356608867645264
1981-10-12,0.06569984555244446
1981-10-13,0.06569984555244446
1981-10-14,0.061859726905822754
1981-10-15,0.06313950568437576
1981-10-16,0.062286313623189926
1981-10-19,0.06356608867645264
1981-10-20,0.06697964668273926
1981-10-21,0.06697964668273926
1981-10-22,0.0665530189871788
1981-10-23,0.06484589725732803
1981-10-26,0.06484589725732803
1981-10-27,0.06612643599510193
1981-10-28,0.06825941056013107
1981-10-29,0.06740617007017136
1981-10-30,0.06825941056013107
1981-11-02,0.06825941056013107
1981-11-03,0.06740617007017136
1981-11-04,0.06569984555244446
1981-11-05,0.06100654974579811
1981-11-06,0.061433177441358566
1981-11-09,0.062286313623189926
1981-11-10,0.06271292269229889
1981-11-11,0.06441929191350937
1981-11-12,0.0665530189871788
1981-11-13,0.061859726905822754
1981-11-16,0.06100654974579811
1981-11-17,0.062286313623189926
1981-11-18,0.06441929191350937
1981-11-19,0.06441929191350937
1981-11-20,0.06484589725732803
1981-11-23,0.061859726905822754
1981-11-24,0.061433177441358566
1981-11-25,0.06271292269229889
1981-11-27,0.06441929191350937
1981-11-30,0.06356608867645264
1981-12-01,0.06356608867645264
1981-12-02,0.0639926940202713
1981-12-03,0.06313950568437576
1981-12-04,0.06484589725732803
1981-12-07,0.06527247279882431
1981-12-08,0.0639926940202713
1981-12-09,0.06441929191350937
1981-12-10,0.06441929191350937
1981-12-11,0.0639926940202713
1981-12-14,0.061859726905822754
1981-12-15,0.06356608867645264
1981-12-16,0.0665530189871788
1981-12-17,0.07209871709346771
1981-12-18,0.07807181775569916
1981-12-21,0.07465825974941254
1981-12-22,0.07593804597854614
1981-12-23,0.07423168420791626
1981-12-24,0.07465825974941254
1981-12-28,0.07124552875757217
1981-12-29,0.07252532988786697
1981-12-30,0.07551150023937225
1981-12-31,0.07551150023937225
1982-01-04,0.0750848650932312
1982-01-05,0.07124552875757217
1982-01-06,0.07039237767457962
1982-01-07,0.06484589725732803
1982-01-08,0.06783279776573181
1982-01-11,0.06356608867645264
1982-01-12,0.061433177441358566
1982-01-13,0.06100654974579811
1982-01-14,0.0639926940202713
1982-01-15,0.06825941056013107
1982-01-18,0.06953916698694229
1982-01-19,0.06783279776573181
1982-01-20,0.06911256909370422
1982-01-21,0.07039237767457962
1982-01-22,0.0708189606666565
1982-01-25,0.06868600845336914
1982-01-26,0.06612643599510193
1982-01-27,0.0665530189871788
1982-01-28,0.06868600845336914
1982-01-29,0.06953916698694229
1982-02-01,0.06868600845336914
1982-02-02,0.06911256909370422
1982-02-03,0.06911256909370422
1982-02-04,0.06740617007017136
1982-02-05,0.06740617007017136
1982-02-08,0.06313950568437576
1982-02-09,0.06313950568437576
1982-02-10,0.0639926940202713
1982-02-11,0.06313950568437576
1982-02-12,0.0639926940202713
1982-02-16,0.06271292269229889
1982-02-17,0.06356608867645264
1982-02-18,0.06441929191350937
1982-02-19,0.0639926940202713
1982-02-22,0.06313950568437576
1982-02-23,0.062286313623189926
1982-02-24,0.06271292269229889
1982-02-25,0.062286313623189926
1982-02-26,0.062286313623189926
1982-03-01,0.06271292269229889
1982-03-02,0.06271292269229889
1982-03-03,0.06271292269229889
1982-03-04,0.061433177441358566
1982-03-05,0.056740641593933105
1982-03-08,0.05588747560977936
1982-03-09,0.05631406232714653
1982-03-10,0.05546083673834801
1982-03-11,0.05546083673834801
1982-03-12,0.05204734578728676
1982-03-15,0.051620736718177795
1982-03-16,0.05076758190989494
1982-03-17,0.048208002001047134
1982-03-18,0.05204734578728676
1982-03-19,0.056740641593933105
1982-03-22,0.06100654974579811
1982-03-23,0.060153376311063766
1982-03-24,0.056740641593933105
1982-03-25,0.05631406232714653
1982-03-26,0.05546083673834801
1982-03-29,0.056740641593933105
1982-03-30,0.05759382247924805
1982-03-31,0.05759382247924805
1982-04-01,0.06057995557785034
1982-04-02,0.06057995557785034
1982-04-05,0.06057995557785034
1982-04-06,0.060153376311063766
1982-04-07,0.05930020660161972
1982-04-08,0.059726741164922714
1982-04-12,0.05930020660161972
1982-04-13,0.054607659578323364
1982-04-14,0.055034272372722626
1982-04-15,0.05588747560977936
1982-04-16,0.05759382247924805
1982-04-19,0.05631406232714653
1982-04-20,0.053754474967718124
1982-04-21,0.05332712084054947
1982-04-22,0.052473921328783035
1982-04-23,0.052473921328783035
1982-04-26,0.053754474967718124
1982-04-27,0.05204734578728676
1982-04-28,0.049914367496967316
1982-04-29,0.049914367496967316
1982-04-30,0.050340984016656876
1982-05-03,0.05204734578728676
1982-05-04,0.053754474967718124
1982-05-05,0.052900530397892
1982-05-06,0.054607659578323364
1982-05-07,0.05546083673834801
1982-05-10,0.054607659578323364
1982-05-11,0.052900530397892
1982-05-12,0.051620736718177795
1982-05-13,0.05204734578728676
1982-05-14,0.049914367496967316
1982-05-17,0.04906119033694267
1982-05-18,0.048208002001047134
1982-05-19,0.04778141900897026
1982-05-20,0.048208002001047134
1982-05-21,0.0486346110701561
1982-05-24,0.04906119033694267
1982-05-25,0.04906119033694267
1982-05-26,0.0486346110701561
1982-05-27,0.04778141900897026
1982-05-28,0.04778141900897026
1982-06-01,0.04692821949720383
1982-06-02,0.04778141900897026
1982-06-03,0.046075060963630676
1982-06-04,0.044795263558626175
1982-06-07,0.044795263558626175
1982-06-08,0.0443686880171299
1982-06-09,0.043515488505363464
1982-06-10,0.043942082673311234
1982-06-11,0.04564845561981201
1982-06-14,0.04564845561981201
1982-06-15,0.04564845561981201
1982-06-16,0.04564845561981201
1982-06-17,0.044795263558626175
1982-06-18,0.043942082673311234
1982-06-21,0.043942082673311234
1982-06-22,0.04564845561981201
1982-06-23,0.04692821949720383
1982-06-24,0.04692821949720383
1982-06-25,0.04522186145186424
1982-06-28,0.044795263558626175
1982-06-29,0.043515488505363464
1982-06-30,0.043515488505363464
1982-07-01,0.04308890923857689
1982-07-02,0.04095518961548805
1982-07-06,0.03924879804253578
1982-07-07,0.03924879804253578
1982-07-08,0.0375424325466156
1982-07-09,0.038822200149297714
1982-07-12,0.03967539966106415
1982-07-13,0.042235713452100754
1982-07-14,0.04266231134533882
1982-07-15,0.043515488505363464
1982-07-16,0.04522186145186424
1982-07-19,0.04564845561981201
1982-07-20,0.0486346110701561
1982-07-21,0.0486346110701561
1982-07-22,0.04906119033694267
1982-07-23,0.048208002001047134
1982-07-26,0.046075060963630676
1982-07-27,0.046075060963630676
1982-07-28,0.043942082673311234
1982-07-29,0.04564845561981201
1982-07-30,0.046075060963630676
1982-08-02,0.04735482856631279
1982-08-03,0.0443686880171299
1982-08-04,0.043942082673311234
1982-08-05,0.042235713452100754
1982-08-06,0.04180913418531418
1982-08-09,0.042235713452100754
1982-08-10,0.044795263558626175
1982-08-11,0.04522186145186424
1982-08-12,0.044795263558626175
1982-08-13,0.044795263558626175
1982-08-16,0.04564845561981201
1982-08-17,0.0486346110701561
1982-08-18,0.0486346110701561
1982-08-19,0.04906119033694267
1982-08-20,0.050340984016656876
1982-08-23,0.052473921328783035
1982-08-24,0.055034272372722626
1982-08-25,0.058873604983091354
1982-08-26,0.06057995557785034
1982-08-27,0.05759382247924805
1982-08-30,0.05844699591398239
1982-08-31,0.061433177441358566
1982-09-01,0.059726741164922714
1982-09-02,0.062286313623189926
1982-09-03,0.06271292269229889
1982-09-07,0.05930020660161972
1982-09-08,0.061433177441358566
1982-09-09,0.060153376311063766
1982-09-10,0.061859726905822754
1982-09-13,0.062286313623189926
1982-09-14,0.06441929191350937
1982-09-15,0.0639926940202713
1982-09-16,0.061859726905822754
1982-09-17,0.06057995557785034
1982-09-20,0.06100654974579811
1982-09-21,0.062286313623189926
1982-09-22,0.0639926940202713
1982-09-23,0.0639926940202713
1982-09-24,0.061859726905822754
1982-09-27,0.061859726905822754
1982-09-28,0.06271292269229889
1982-09-29,0.06271292269229889
1982-09-30,0.062286313623189926
1982-10-01,0.06313950568437576
1982-10-04,0.0639926940202713
1982-10-05,0.06441929191350937
1982-10-06,0.06911256909370422
1982-10-07,0.07465825974941254
1982-10-08,0.0802047923207283
1982-10-11,0.0819111093878746
1982-10-12,0.07935155183076859
1982-10-13,0.0802047923207283
1982-10-14,0.08063134551048279
1982-10-15,0.07849834859371185
1982-10-18,0.0802047923207283
1982-10-19,0.0819111093878746
1982-10-20,0.08660364896059036
1982-10-21,0.08873659372329712
1982-10-22,0.08830998837947845
1982-10-25,0.0831909105181694
1982-10-26,0.08361748605966568
1982-10-27,0.08575045317411423
1982-10-28,0.08575045317411423
1982-10-29,0.08660364896059036
1982-11-01,0.09129691123962402
1982-11-02,0.09769579768180847
1982-11-03,0.10494864732027054
1982-11-04,0.10580188035964966
1982-11-05,0.10281570255756378
1982-11-08,0.0985490158200264
1982-11-09,0.10196247696876526
1982-11-10,0.10580188035964966
1982-11-11,0.11262736469507217
1982-11-12,0.11049439758062363
1982-11-15,0.10793477296829224
1982-11-16,0.10238909721374512
1982-11-17,0.1070815846323967
1982-11-18,0.1070815846323967
1982-11-19,0.10537521541118622
1982-11-22,0.09598946571350098
1982-11-23,0.0985490158200264
1982-11-24,0.10068196803331375
1982-11-26,0.09897562861442566
1982-11-29,0.0985490158200264
1982-11-30,0.10878796875476837
1982-12-01,0.11092091351747513
1982-12-02,0.11092091351747513
1982-12-03,0.1083613932132721
1982-12-06,0.11433447152376175
1982-12-07,0.11561420559883118
1982-12-08,0.11305391788482666
1982-12-09,0.10750816762447357
1982-12-10,0.09982873499393463
1982-12-13,0.09769579768180847
1982-12-14,0.09684266149997711
1982-12-15,0.09641600400209427
1982-12-16,0.09812238067388535
1982-12-17,0.10281570255756378
1982-12-20,0.10238909721374512
1982-12-21,0.10324227809906006
1982-12-22,0.10622840374708176
1982-12-23,0.10921456664800644
1982-12-27,0.11177407950162888
1982-12-28,0.11092091351747513
1982-12-29,0.1070815846323967
1982-12-30,0.10238909721374512
1982-12-31,0.10196247696876526
1983-01-03,0.0972692221403122
1983-01-04,0.10281570255756378
1983-01-05,0.10324227809906006
1983-01-06,0.09940212965011597
1983-01-07,0.09385643899440765
1983-01-10,0.09812238067388535
1983-01-11,0.09940212965011597
1983-01-12,0.10494864732027054
1983-01-13,0.10494864732027054
1983-01-14,0.11262736469507217
1983-01-17,0.11646740138530731
1983-01-18,0.11390785872936249
1983-01-19,0.1147610992193222
1983-01-20,0.12755954265594482
1983-01-21,0.12755954265594482
1983-01-24,0.12030675262212753
1983-01-25,0.12499921768903732
1983-01-26,0.13011910021305084
1983-01-27,0.13907833397388458
1983-01-28,0.13993152976036072
1983-01-31,0.13950490951538086
1983-02-01,0.14249105751514435
1983-02-02,0.14633044600486755
1983-02-03,0.15230347216129303
1983-02-04,0.1501704752445221
1983-02-07,0.14419743418693542
1983-02-08,0.1429177224636078
1983-02-09,0.14419743418693542
1983-02-10,0.15358316898345947
1983-02-11,0.1587023288011551
1983-02-14,0.15784919261932373
1983-02-15,0.15486299991607666
1983-02-16,0.15187686681747437
1983-02-17,0.1501704752445221
1983-02-18,0.15486299991607666
1983-02-22,0.1587023288011551
1983-02-23,0.15998214483261108
1983-02-24,0.16424883902072906
1983-02-25,0.1595555692911148
1983-02-28,0.15571627020835876
1983-03-01,0.1582757830619812
1983-03-02,0.1595555692911148
1983-03-03,0.15443646907806396
1983-03-04,0.15230347216129303
1983-03-07,0.14931733906269073
1983-03-08,0.1446240097284317
1983-03-09,0.14888998866081238
1983-03-10,0.14675700664520264
1983-03-11,0.1446240097284317
1983-03-14,0.14121124148368835
1983-03-15,0.14334426820278168
1983-03-16,0.14334426820278168
1983-03-17,0.1446240097284317
1983-03-18,0.14675700664520264
1983-03-21,0.1501704752445221
1983-03-22,0.15187686681747437
1983-03-23,0.1446240097284317
1983-03-24,0.14718355238437653
1983-03-25,0.14718355238437653
1983-03-28,0.14505065977573395
1983-03-29,0.14931733906269073
1983-03-30,0.1510237455368042
1983-03-31,0.14419743418693542
1983-04-04,0.1403580904006958
1983-04-05,0.13779859244823456
1983-04-06,0.13651801645755768
1983-04-07,0.13523824512958527
1983-04-08,0.13438504934310913
1983-04-11,0.14206457138061523
1983-04-12,0.14505065977573395
1983-04-13,0.1501704752445221
1983-04-14,0.15358316898345947
1983-04-15,0.15614280104637146
1983-04-18,0.16040877997875214
1983-04-19,0.1587023288011551
1983-04-20,0.17278066277503967
1983-04-21,0.17747393250465393
1983-04-22,0.17406123876571655
1983-04-25,0.16595521569252014
1983-04-26,0.1706477254629135
1983-04-27,0.16894133388996124
1983-04-28,0.1706477254629135
1983-04-29,0.1723541021347046
1983-05-02,0.16723497211933136
1983-05-03,0.16552866995334625
1983-05-04,0.17576757073402405
1983-05-05,0.18728630244731903
1983-05-06,0.18813957273960114
1983-05-09,0.1855800598859787
1983-05-10,0.18685971200466156
1983-05-11,0.18216651678085327
1983-05-12,0.18046018481254578
1983-05-13,0.18131329119205475
1983-05-16,0.17662081122398376
1983-05-17,0.17704734206199646
1983-05-18,0.179180309176445
1983-05-19,0.1847260743379593
1983-05-20,0.19411185383796692
1983-05-23,0.1962447613477707
1983-05-24,0.20648376643657684
1983-05-25,0.20477746427059174
1983-05-26,0.20264442265033722
1983-05-27,0.20264442265033722
1983-05-31,0.1970987617969513
1983-06-01,0.1983785182237625
1983-06-02,0.19965825974941254
1983-06-03,0.20947061479091644
1983-06-06,0.2141631692647934
1983-06-07,0.2069104164838791
1983-06-08,0.2043508142232895
1983-06-09,0.20307111740112305
1983-06-10,0.20221775770187378
1983-06-13,0.19539159536361694
1983-06-14,0.19112567603588104
1983-06-15,0.1855800598859787
1983-06-16,0.19539159536361694
1983-06-17,0.19155220687389374
1983-06-20,0.18216651678085327
1983-06-21,0.18344628810882568
1983-06-22,0.18899273872375488
1983-06-23,0.18301966786384583
1983-06-24,0.18173986673355103
1983-06-27,0.17192746698856354
1983-06-28,0.15998214483261108
1983-06-29,0.1676616072654724
1983-06-30,0.1668083518743515
1983-07-01,0.16808828711509705
1983-07-05,0.16126269102096558
1983-07-06,0.16168928146362305
1983-07-07,0.1595555692911148
1983-07-08,0.15784919261932373
1983-07-11,0.16211584210395813
1983-07-12,0.1582757830619812
1983-07-13,0.15742264688014984
1983-07-14,0.1569959670305252
1983-07-15,0.15145032107830048
1983-07-18,0.1510237455368042
1983-07-19,0.14931733906269073
1983-07-20,0.14078475534915924
1983-07-21,0.14803679287433624
1983-07-22,0.14931733906269073
1983-07-25,0.14718355238437653
1983-07-26,0.1335318684577942
1983-07-27,0.12371945381164551
1983-07-28,0.11604084074497223
1983-07-29,0.11902696639299393
1983-08-01,0.11774720996618271
1983-08-02,0.11732061952352524
1983-08-03,0.11902696639299393
1983-08-04,0.11348128318786621
1983-08-05,0.11561420559883118
1983-08-08,0.11604084074497223
1983-08-09,0.11732061952352524
1983-08-10,0.11689399182796478
1983-08-11,0.1151876449584961
1983-08-12,0.11433447152376175
1983-08-15,0.11732061952352524
1983-08-16,0.11561420559883118
1983-08-17,0.11305391788482666
1983-08-18,0.11433447152376175
1983-08-19,0.1151876449584961
1983-08-22,0.1147610992193222
1983-08-23,0.10878796875476837
1983-08-24,0.10324227809906006
1983-08-25,0.1040954440832138
1983-08-26,0.10537521541118622
1983-08-29,0.10665501654148102
1983-08-30,0.11220069229602814
1983-08-31,0.12713290750980377
1983-09-01,0.12414607405662537
1983-09-02,0.12969255447387695
1983-09-06,0.13438504934310913
1983-09-07,0.11817377805709839
1983-09-08,0.1083613932132721
1983-09-09,0.10452201962471008
1983-09-12,0.10452201962471008
1983-09-13,0.10921456664800644
1983-09-14,0.10793477296829224
1983-09-15,0.10281570255756378
1983-09-16,0.10025536268949509
1983-09-19,0.10921456664800644
1983-09-20,0.10964120924472809
1983-09-21,0.10750816762447357
1983-09-22,0.11092091351747513
1983-09-23,0.08276433497667313
1983-09-26,0.08489730209112167
1983-09-27,0.0802047923207283
1983-09-28,0.07807181775569916
1983-09-29,0.07764522731304169
1983-09-30,0.07892496883869171
1983-10-03,0.07892496883869171
1983-10-04,0.07807181775569916
1983-10-05,0.07679124921560287
1983-10-06,0.07593804597854614
1983-10-07,0.06953916698694229
1983-10-10,0.06740617007017136
1983-10-11,0.06612643599510193
1983-10-12,0.07209871709346771
1983-10-13,0.07849834859371185
1983-10-14,0.07764522731304169
1983-10-17,0.07167213410139084
1983-10-18,0.06612643599510193
1983-10-19,0.07337850332260132
1983-10-20,0.06953916698694229
1983-10-21,0.06783279776573181
1983-10-24,0.07209871709346771
1983-10-25,0.07252532988786697
1983-10-26,0.06868600845336914
1983-10-27,0.07209871709346771
1983-10-28,0.07124552875757217
1983-10-31,0.07721783965826035
1983-11-01,0.07849834859371185
1983-11-02,0.0802047923207283
1983-11-03,0.07465825974941254
1983-11-04,0.07209871709346771
1983-11-07,0.07167213410139084
1983-11-08,0.06100654974579811
1983-11-09,0.06569984555244446
1983-11-10,0.06697964668273926
1983-11-11,0.06825941056013107
1983-11-14,0.06740617007017136
1983-11-15,0.06740617007017136
1983-11-16,0.06825941056013107
1983-11-17,0.06996576488018036
1983-11-18,0.07039237767457962
1983-11-21,0.07337850332260132
1983-11-22,0.07337850332260132
1983-11-23,0.06953916698694229
1983-11-25,0.06996576488018036
1983-11-28,0.07167213410139084
1983-11-29,0.0708189606666565
1983-11-30,0.06953916698694229
1983-12-01,0.06911256909370422
1983-12-02,0.06783279776573181
1983-12-05,0.06953916698694229
1983-12-06,0.06996576488018036
1983-12-07,0.07167213410139084
1983-12-08,0.07337850332260132
1983-12-09,0.07380513101816177
1983-12-12,0.07337850332260132
1983-12-13,0.07679124921560287
1983-12-14,0.07977818697690964
1983-12-15,0.0831909105181694
1983-12-16,0.08447066694498062
1983-12-19,0.0819111093878746
1983-12-20,0.07977818697690964
1983-12-21,0.08276433497667313
1983-12-22,0.08447066694498062
1983-12-23,0.08404414355754852
1983-12-27,0.08447066694498062
1983-12-28,0.08532386273145676
1983-12-29,0.0831909105181694
1983-12-30,0.0831909105181694
1984-01-03,0.08745681494474411
1984-01-04,0.09513623267412186
1984-01-05,0.09641600400209427
1984-01-06,0.09470965713262558
1984-01-09,0.08959052711725235
1984-01-10,0.09428306668996811
1984-01-11,0.09556283801794052
1984-01-12,0.09513623267412186
1984-01-13,0.0930032879114151
1984-01-16,0.09513623267412186
1984-01-17,0.09769579768180847
1984-01-18,0.09812238067388535
1984-01-19,0.09897562861442566
1984-01-20,0.09769579768180847
1984-01-23,0.0985490158200264
1984-01-24,0.0930032879114151
1984-01-25,0.09215012192726135
1984-01-26,0.09428306668996811
1984-01-27,0.08916319161653519
1984-01-30,0.08447066694498062
1984-01-31,0.08447066694498062
1984-02-01,0.08404414355754852
1984-02-02,0.08489730209112167
1984-02-03,0.08361748605966568
1984-02-06,0.07935155183076859
1984-02-07,0.08233773708343506
1984-02-08,0.07935155183076859
1984-02-09,0.08063134551048279
1984-02-10,0.0831909105181694
1984-02-13,0.08276433497667313
1984-02-14,0.08745681494474411
1984-02-15,0.08575045317411423
1984-02-16,0.08660364896059036
1984-02-17,0.08532386273145676
1984-02-21,0.08916319161653519
1984-02-22,0.09342985600233078
1984-02-23,0.0917234942317009
1984-02-24,0.09257669746875763
1984-02-27,0.09215012192726135
1984-02-28,0.08703022450208664
1984-02-29,0.08959052711725235
1984-03-01,0.09215012192726135
1984-03-02,0.0930032879114151
1984-03-05,0.09129691123962402
1984-03-06,0.08788342773914337
1984-03-07,0.09044372290372849
1984-03-08,0.0917234942317009
1984-03-09,0.09001713246107101
1984-03-12,0.09342985600233078
1984-03-13,0.09215012192726135
1984-03-14,0.09087034314870834
1984-03-15,0.09129691123962402
1984-03-16,0.09087034314870834
1984-03-19,0.08959052711725235
1984-03-20,0.08873659372329712
1984-03-21,0.08873659372329712
1984-03-22,0.08703022450208664
1984-03-23,0.08703022450208664
1984-03-26,0.08788342773914337
1984-03-27,0.08532386273145676
1984-03-28,0.08703022450208664
1984-03-29,0.08660364896059036
1984-03-30,0.08447066694498062
1984-04-02,0.08489730209112167
1984-04-03,0.08532386273145676
1984-04-04,0.08361748605966568
1984-04-05,0.08233773708343506
1984-04-06,0.0802047923207283
1984-04-09,0.0802047923207283
1984-04-10,0.08447066694498062
1984-04-11,0.08361748605966568
1984-04-12,0.08788342773914337
1984-04-13,0.08788342773914337
1984-04-16,0.08959052711725235
1984-04-17,0.09385643899440765
1984-04-18,0.09556283801794052
1984-04-19,0.09641600400209427
1984-04-23,0.09684266149997711
1984-04-24,0.09513623267412186
1984-04-25,0.09428306668996811
1984-04-26,0.10153592377901077
1984-04-27,0.10281570255756378
1984-04-30,0.1070815846323967
1984-05-01,0.11348128318786621
1984-05-02,0.11262736469507217
1984-05-03,0.10793477296829224
1984-05-04,0.10281570255756378
1984-05-07,0.10622840374708176
1984-05-08,0.11220069229602814
1984-05-09,0.11305391788482666
1984-05-10,0.11305391788482666
1984-05-11,0.11006772518157959
1984-05-14,0.10793477296829224
1984-05-15,0.10878796875476837
1984-05-16,0.1040954440832138
1984-05-17,0.09940212965011597
1984-05-18,0.10153592377901077
1984-05-21,0.10878796875476837
1984-05-22,0.10537521541118622
1984-05-23,0.10324227809906006
1984-05-24,0.10025536268949509
1984-05-25,0.10068196803331375
1984-05-29,0.10025536268949509
1984-05-30,0.09897562861442566
1984-05-31,0.10025536268949509
1984-06-01,0.10366889834403992
1984-06-04,0.10110850632190704
1984-06-05,0.09513623267412186
1984-06-06,0.09897562861442566
1984-06-07,0.09812238067388535
1984-06-08,0.09769579768180847
1984-06-11,0.09769579768180847
1984-06-12,0.09940212965011597
1984-06-13,0.10153592377901077
1984-06-14,0.0985490158200264
1984-06-15,0.09897562861442566
1984-06-18,0.10110850632190704
1984-06-19,0.10025536268949509
1984-06-20,0.10324227809906006
1984-06-21,0.09897562861442566
1984-06-22,0.09769579768180847
1984-06-25,0.0930032879114151
1984-06-26,0.08873659372329712
1984-06-27,0.0861770510673523
1984-06-28,0.09001713246107101
1984-06-29,0.09044372290372849
1984-07-02,0.08745681494474411
1984-07-03,0.0861770510673523
1984-07-05,0.08447066694498062
1984-07-06,0.08575045317411423
1984-07-09,0.08959052711725235
1984-07-10,0.0917234942317009
1984-07-11,0.09044372290372849
1984-07-12,0.09087034314870834
1984-07-13,0.09001713246107101
1984-07-16,0.08788342773914337
1984-07-17,0.08788342773914337
1984-07-18,0.08660364896059036
1984-07-19,0.08660364896059036
1984-07-20,0.08660364896059036
1984-07-23,0.08575045317411423
1984-07-24,0.09087034314870834
1984-07-25,0.09129691123962402
1984-07-26,0.0930032879114151
1984-07-27,0.09257669746875763
1984-07-30,0.08703022450208664
1984-07-31,0.08703022450208664
1984-08-01,0.08532386273145676
1984-08-02,0.08233773708343506
1984-08-03,0.09342985600233078
1984-08-06,0.09982873499393463
1984-08-07,0.10110850632190704
1984-08-08,0.0972692221403122
1984-08-09,0.10153592377901077
1984-08-10,0.0972692221403122
1984-08-13,0.10238909721374512
1984-08-14,0.0985490158200264
1984-08-15,0.09513623267412186
1984-08-16,0.09598946571350098
1984-08-17,0.09385643899440765
1984-08-20,0.09342985600233078
1984-08-21,0.0972692221403122
1984-08-22,0.09556283801794052
1984-08-23,0.09598946571350098
1984-08-24,0.09598946571350098
1984-08-27,0.09513623267412186
1984-08-28,0.09641600400209427
1984-08-29,0.09385643899440765
1984-08-30,0.09215012192726135
1984-08-31,0.09044372290372849
1984-09-04,0.08959052711725235
1984-09-05,0.08959052711725235
1984-09-06,0.09044372290372849
1984-09-07,0.09044372290372849
1984-09-10,0.09001713246107101
1984-09-11,0.0917234942317009
1984-09-12,0.08916319161653519
1984-09-13,0.09385643899440765
1984-09-14,0.09513623267412186
1984-09-17,0.09769579768180847
1984-09-18,0.09428306668996811
1984-09-19,0.09215012192726135
1984-09-20,0.09257669746875763
1984-09-21,0.0917234942317009
1984-09-24,0.09087034314870834
1984-09-25,0.08916319161653519
1984-09-26,0.08788342773914337
1984-09-27,0.08788342773914337
1984-09-28,0.08575045317411423
1984-10-01,0.08361748605966568
1984-10-02,0.08447066694498062
1984-10-03,0.08575045317411423
1984-10-04,0.08660364896059036
1984-10-05,0.08489730209112167
1984-10-08,0.08489730209112167
1984-10-09,0.08404414355754852
1984-10-10,0.08148451894521713
1984-10-11,0.08105792105197906
1984-10-12,0.07764522731304169
1984-10-15,0.0819111093878746
1984-10-16,0.08148451894521713
1984-10-17,0.08489730209112167
1984-10-18,0.08745681494474411
1984-10-19,0.08745681494474411
1984-10-22,0.08660364896059036
1984-10-23,0.08873659372329712
1984-10-24,0.08959052711725235
1984-10-25,0.0861770510673523
1984-10-26,0.08404414355754852
1984-10-29,0.08447066694498062
1984-10-30,0.08532386273145676
1984-10-31,0.08489730209112167
1984-11-01,0.08532386273145676
1984-11-02,0.08489730209112167
1984-11-05,0.08447066694498062
1984-11-06,0.08959052711725235
1984-11-07,0.08788342773914337
1984-11-08,0.08447066694498062
1984-11-09,0.07935155183076859
1984-11-12,0.08233773708343506
1984-11-13,0.0802047923207283
1984-11-14,0.08105792105197906
1984-11-15,0.08105792105197906
1984-11-16,0.07935155183076859
1984-11-19,0.07465825974941254
1984-11-20,0.07721783965826035
1984-11-21,0.07892496883869171
1984-11-23,0.08105792105197906
1984-11-26,0.0819111093878746
1984-11-27,0.08404414355754852
1984-11-28,0.08830998837947845
1984-11-29,0.08660364896059036
1984-11-30,0.08447066694498062
1984-12-03,0.0831909105181694
1984-12-04,0.08489730209112167
1984-12-05,0.08916319161653519
1984-12-06,0.09342985600233078
1984-12-07,0.0930032879114151
1984-12-10,0.09129691123962402
1984-12-11,0.09001713246107101
1984-12-12,0.08703022450208664
1984-12-13,0.08788342773914337
1984-12-14,0.09001713246107101
1984-12-17,0.09215012192726135
1984-12-18,0.09769579768180847
1984-12-19,0.09385643899440765
1984-12-20,0.09342985600233078
1984-12-21,0.09215012192726135
1984-12-24,0.09385643899440765
1984-12-26,0.09428306668996811
1984-12-27,0.09470965713262558
1984-12-28,0.09812238067388535
1984-12-31,0.09940212965011597
1985-01-02,0.09513623267412186
1985-01-03,0.09684266149997711
1985-01-04,0.09684266149997711
1985-01-07,0.09641600400209427
1985-01-08,0.09556283801794052
1985-01-09,0.09812238067388535
1985-01-10,0.10238909721374512
1985-01-11,0.10153592377901077
1985-01-14,0.10452201962471008
1985-01-15,0.10238909721374512
1985-01-16,0.10324227809906006
1985-01-17,0.09598946571350098
1985-01-18,0.09769579768180847
1985-01-21,0.09982873499393463
1985-01-22,0.10281570255756378
1985-01-23,0.10110850632190704
1985-01-24,0.09897562861442566
1985-01-25,0.10110850632190704
1985-01-28,0.10324227809906006
1985-01-29,0.10196247696876526
1985-01-30,0.10196247696876526
1985-01-31,0.09897562861442566
1985-02-01,0.09769579768180847
1985-02-04,0.09982873499393463
1985-02-05,0.10068196803331375
1985-02-06,0.10238909721374512
1985-02-07,0.10196247696876526
1985-02-08,0.10196247696876526
1985-02-11,0.1040954440832138
1985-02-12,0.10153592377901077
1985-02-13,0.09684266149997711
1985-02-14,0.09428306668996811
1985-02-15,0.09556283801794052
1985-02-19,0.09428306668996811
1985-02-20,0.09001713246107101
1985-02-21,0.0917234942317009
1985-02-22,0.09428306668996811
1985-02-25,0.0930032879114151
1985-02-26,0.09129691123962402
1985-02-27,0.08575045317411423
1985-02-28,0.08447066694498062
1985-03-01,0.08489730209112167
1985-03-04,0.0861770510673523
1985-03-05,0.08830998837947845
1985-03-06,0.08404414355754852
1985-03-07,0.07551150023937225
1985-03-08,0.07337850332260132
1985-03-11,0.07593804597854614
1985-03-12,0.07849834859371185
1985-03-13,0.07423168420791626
1985-03-14,0.07423168420791626
1985-03-15,0.07721783965826035
1985-03-18,0.07807181775569916
1985-03-19,0.0750848650932312
1985-03-20,0.07593804597854614
1985-03-21,0.07721783965826035
1985-03-22,0.07593804597854614
1985-03-25,0.07380513101816177
1985-03-26,0.07679124921560287
1985-03-27,0.07465825974941254
1985-03-28,0.07465825974941254
1985-03-29,0.07551150023937225
1985-04-01,0.07380513101816177
1985-04-02,0.07167213410139084
1985-04-03,0.07167213410139084
1985-04-04,0.07124552875757217
1985-04-08,0.06697964668273926
1985-04-09,0.06697964668273926
1985-04-10,0.07167213410139084
1985-04-11,0.07295191287994385
1985-04-12,0.07124552875757217
1985-04-15,0.07295191287994385
1985-04-16,0.07380513101816177
1985-04-17,0.07721783965826035
1985-04-18,0.07807181775569916
1985-04-19,0.07679124921560287
1985-04-22,0.07380513101816177
1985-04-23,0.07551150023937225
1985-04-24,0.0750848650932312
1985-04-25,0.0750848650932312
1985-04-26,0.07465825974941254
1985-04-29,0.07209871709346771
1985-04-30,0.07252532988786697
1985-05-01,0.07124552875757217
1985-05-02,0.06569984555244446
1985-05-03,0.06825941056013107
1985-05-06,0.06740617007017136
1985-05-07,0.06825941056013107
1985-05-08,0.06783279776573181
1985-05-09,0.06825941056013107
1985-05-10,0.06911256909370422
1985-05-13,0.06825941056013107
1985-05-14,0.06740617007017136
1985-05-15,0.06825941056013107
1985-05-16,0.07295191287994385
1985-05-17,0.07423168420791626
1985-05-20,0.07295191287994385
1985-05-21,0.0708189606666565
1985-05-22,0.07039237767457962
1985-05-23,0.06740617007017136
1985-05-24,0.061859726905822754
1985-05-28,0.05759382247924805
1985-05-29,0.05844699591398239
1985-05-30,0.060153376311063766
1985-05-31,0.05930020660161972
1985-06-03,0.054607659578323364
1985-06-04,0.058873604983091354
1985-06-05,0.05759382247924805
1985-06-06,0.058020420372486115
1985-06-07,0.05588747560977936
1985-06-10,0.055034272372722626
1985-06-11,0.055034272372722626
1985-06-12,0.053754474967718124
1985-06-13,0.05076758190989494
1985-06-14,0.050340984016656876
1985-06-17,0.05076758190989494
1985-06-18,0.05204734578728676
1985-06-19,0.05332712084054947
1985-06-20,0.053754474967718124
1985-06-21,0.055034272372722626
1985-06-24,0.058873604983091354
1985-06-25,0.059726741164922714
1985-06-26,0.061859726905822754
1985-06-27,0.06271292269229889
1985-06-28,0.061433177441358566
1985-07-01,0.061859726905822754
1985-07-02,0.058873604983091354
1985-07-03,0.059726741164922714
1985-07-05,0.060153376311063766
1985-07-08,0.060153376311063766
1985-07-09,0.060153376311063766
1985-07-10,0.061433177441358566
1985-07-11,0.061433177441358566
1985-07-12,0.06100654974579811
1985-07-15,0.06057995557785034
1985-07-16,0.059726741164922714
1985-07-17,0.060153376311063766
1985-07-18,0.058873604983091354
1985-07-19,0.05930020660161972
1985-07-22,0.05759382247924805
1985-07-23,0.05631406232714653
1985-07-24,0.05546083673834801
1985-07-25,0.056740641593933105
1985-07-26,0.056740641593933105
1985-07-29,0.054607659578323364
1985-07-30,0.05546083673834801
1985-07-31,0.054181069135665894
1985-08-01,0.054181069135665894
1985-08-02,0.053754474967718124
1985-08-05,0.052473921328783035
1985-08-06,0.05204734578728676
1985-08-07,0.05076758190989494
1985-08-08,0.051620736718177795
1985-08-09,0.05204734578728676
1985-08-12,0.05119417607784271
1985-08-13,0.05204734578728676
1985-08-14,0.049914367496967316
1985-08-15,0.04948781430721283
1985-08-16,0.049914367496967316
1985-08-19,0.05119417607784271
1985-08-20,0.05204734578728676
1985-08-21,0.05204734578728676
1985-08-22,0.05076758190989494
1985-08-23,0.050340984016656876
1985-08-26,0.051620736718177795
1985-08-27,0.05204734578728676
1985-08-28,0.05204734578728676
1985-08-29,0.05076758190989494
1985-08-30,0.05119417607784271
1985-09-03,0.050340984016656876
1985-09-04,0.05076758190989494
1985-09-05,0.05076758190989494
1985-09-06,0.05119417607784271
1985-09-09,0.05204734578728676
1985-09-10,0.052473921328783035
1985-09-11,0.052900530397892
1985-09-12,0.055034272372722626
1985-09-13,0.053754474967718124
1985-09-16,0.05204734578728676
1985-09-17,0.05204734578728676
1985-09-18,0.05546083673834801
1985-09-19,0.058020420372486115
1985-09-20,0.057167235761880875
1985-09-23,0.05759382247924805
1985-09-24,0.05631406232714653
1985-09-25,0.054181069135665894
1985-09-26,0.054181069135665894
1985-09-30,0.053754474967718124
1985-10-01,0.053754474967718124
1985-10-02,0.05332712084054947
1985-10-03,0.052900530397892
1985-10-04,0.05119417607784271
1985-10-07,0.05119417607784271
1985-10-08,0.051620736718177795
1985-10-09,0.05119417607784271
1985-10-10,0.054181069135665894
1985-10-11,0.054607659578323364
1985-10-14,0.056740641593933105
1985-10-15,0.058020420372486115
1985-10-16,0.061433177441358566
1985-10-17,0.062286313623189926
1985-10-18,0.06057995557785034
1985-10-21,0.058873604983091354
1985-10-22,0.061433177441358566
1985-10-23,0.061433177441358566
1985-10-24,0.06271292269229889
1985-10-25,0.061433177441358566
1985-10-28,0.061433177441358566
1985-10-29,0.06100654974579811
1985-10-30,0.06484589725732803
1985-10-31,0.06356608867645264
1985-11-01,0.06356608867645264
1985-11-04,0.0639926940202713
1985-11-05,0.06356608867645264
1985-11-06,0.06569984555244446
1985-11-07,0.06697964668273926
1985-11-08,0.06996576488018036
1985-11-11,0.06825941056013107
1985-11-12,0.06783279776573181
1985-11-13,0.06612643599510193
1985-11-14,0.06825941056013107
1985-11-15,0.06783279776573181
1985-11-18,0.06783279776573181
1985-11-19,0.06569984555244446
1985-11-20,0.06484589725732803
1985-11-21,0.06484589725732803
1985-11-22,0.06484589725732803
1985-11-25,0.06527247279882431
1985-11-26,0.06612643599510193
1985-11-27,0.06825941056013107
1985-11-29,0.06868600845336914
1985-12-02,0.06911256909370422
1985-12-03,0.06868600845336914
1985-12-04,0.06996576488018036
1985-12-05,0.06868600845336914
1985-12-06,0.06740617007017136
1985-12-09,0.06612643599510193
1985-12-10,0.0665530189871788
1985-12-11,0.06740617007017136
1985-12-12,0.06825941056013107
1985-12-13,0.06825941056013107
1985-12-16,0.07124552875757217
1985-12-17,0.07039237767457962
1985-12-18,0.07593804597854614
1985-12-19,0.07679124921560287
1985-12-20,0.07636463642120361
1985-12-23,0.07465825974941254
1985-12-24,0.07423168420791626
1985-12-26,0.07423168420791626
1985-12-27,0.07636463642120361
1985-12-30,0.07593804597854614
1985-12-31,0.0750848650932312
1986-01-02,0.07593804597854614
1986-01-03,0.07636463642120361
1986-01-06,0.07593804597854614
1986-01-07,0.07849834859371185
1986-01-08,0.07807181775569916
1986-01-09,0.07721783965826035
1986-01-10,0.07764522731304169
1986-01-13,0.07849834859371185
1986-01-14,0.07935155183076859
1986-01-15,0.08148451894521713
1986-01-16,0.08361748605966568
1986-01-17,0.0819111093878746
1986-01-20,0.08148451894521713
1986-01-21,0.0819111093878746
1986-01-22,0.07977818697690964
1986-01-23,0.07849834859371185
1986-01-24,0.07721783965826035
1986-01-27,0.07551150023937225
1986-01-28,0.07593804597854614
1986-01-29,0.08063134551048279
1986-01-30,0.07849834859371185
1986-01-31,0.07892496883869171
1986-02-03,0.08148451894521713
1986-02-04,0.08105792105197906
1986-02-05,0.08105792105197906
1986-02-06,0.08233773708343506
1986-02-07,0.0819111093878746
1986-02-10,0.08148451894521713
1986-02-11,0.08148451894521713
1986-02-12,0.0819111093878746
1986-02-13,0.08148451894521713
1986-02-14,0.08105792105197906
1986-02-18,0.08148451894521713
1986-02-19,0.08532386273145676
1986-02-20,0.08575045317411423
1986-02-21,0.0861770510673523
1986-02-24,0.08788342773914337
1986-02-25,0.09001713246107101
1986-02-26,0.08873659372329712
1986-02-27,0.08745681494474411
1986-02-28,0.08532386273145676
1986-03-03,0.08404414355754852
1986-03-04,0.08404414355754852
1986-03-05,0.0861770510673523
1986-03-06,0.08660364896059036
1986-03-07,0.08447066694498062
1986-03-10,0.08404414355754852
1986-03-11,0.08489730209112167
1986-03-12,0.08447066694498062
1986-03-13,0.08447066694498062
1986-03-14,0.08916319161653519
1986-03-17,0.08873659372329712
1986-03-18,0.0917234942317009
1986-03-19,0.09044372290372849
1986-03-20,0.09641600400209427
1986-03-21,0.09428306668996811
1986-03-24,0.09129691123962402
1986-03-25,0.09513623267412186
1986-03-26,0.09641600400209427
1986-03-27,0.09641600400209427
1986-03-31,0.09641600400209427
1986-04-01,0.0930032879114151
1986-04-02,0.0930032879114151
1986-04-03,0.09215012192726135
1986-04-04,0.09129691123962402
1986-04-07,0.0930032879114151
1986-04-08,0.09428306668996811
1986-04-09,0.09257669746875763
1986-04-10,0.0930032879114151
1986-04-11,0.09215012192726135
1986-04-14,0.0917234942317009
1986-04-15,0.09342985600233078
1986-04-16,0.09641600400209427
1986-04-17,0.09897562861442566
1986-04-18,0.10153592377901077
1986-04-21,0.10366889834403992
1986-04-22,0.10196247696876526
1986-04-23,0.10110850632190704
1986-04-24,0.1070815846323967
1986-04-25,0.11006772518157959
1986-04-28,0.10921456664800644
1986-04-29,0.10665501654148102
1986-04-30,0.10324227809906006
1986-05-01,0.10324227809906006
1986-05-02,0.1040954440832138
1986-05-05,0.10964120924472809
1986-05-06,0.11134756356477737
1986-05-07,0.10750816762447357
1986-05-08,0.11262736469507217
1986-05-09,0.11390785872936249
1986-05-12,0.12414607405662537
1986-05-13,0.12286635488271713
1986-05-14,0.12585319578647614
1986-05-15,0.12286635488271713
1986-05-16,0.12286635488271713
1986-05-19,0.12158653140068054
1986-05-20,0.12073329836130142
1986-05-21,0.1262798011302948
1986-05-22,0.12542662024497986
1986-05-23,0.1262798011302948
1986-05-27,0.12585319578647614
1986-05-28,0.12713290750980377
1986-05-29,0.1262798011302948
1986-05-30,0.1262798011302948
1986-06-02,0.12670642137527466
1986-06-03,0.1292659491300583
1986-06-04,0.13225215673446655
1986-06-05,0.13267870247364044
1986-06-06,0.12883935868740082
1986-06-09,0.12286635488271713
1986-06-10,0.12286635488271713
1986-06-11,0.12329288572072983
1986-06-12,0.12286635488271713
1986-06-13,0.12414607405662537
1986-06-16,0.1224396675825119
1986-06-17,0.11689399182796478
1986-06-18,0.11689399182796478
1986-06-19,0.11945348232984543
1986-06-20,0.12286635488271713
1986-06-23,0.11860041320323944
1986-06-24,0.11902696639299393
1986-06-25,0.1224396675825119
1986-06-26,0.12371945381164551
1986-06-27,0.1224396675825119
1986-06-30,0.1224396675825119
1986-07-01,0.12073329836130142
1986-07-02,0.12329288572072983
1986-07-03,0.12841276824474335
1986-07-07,0.12158653140068054
1986-07-08,0.11689399182796478
1986-07-09,0.11817377805709839
1986-07-10,0.12073329836130142
1986-07-11,0.12670642137527466
1986-07-14,0.12371945381164551
1986-07-15,0.11902696639299393
1986-07-16,0.11433447152376175
1986-07-17,0.11006772518157959
1986-07-18,0.1083613932132721
1986-07-21,0.11433447152376175
1986-07-22,0.11817377805709839
1986-07-23,0.11646740138530731
1986-07-24,0.11305391788482666
1986-07-25,0.11604084074497223
1986-07-28,0.11049439758062363
1986-07-29,0.10665501654148102
1986-07-30,0.1040954440832138
1986-07-31,0.10665501654148102
1986-08-01,0.1070815846323967
1986-08-04,0.10750816762447357
1986-08-05,0.10964120924472809
1986-08-06,0.10622840374708176
1986-08-07,0.1083613932132721
1986-08-08,0.10793477296829224
1986-08-11,0.11433447152376175
1986-08-12,0.11689399182796478
1986-08-13,0.12286635488271713
1986-08-14,0.12286635488271713
1986-08-15,0.12201309949159622
1986-08-18,0.12073329836130142
1986-08-19,0.12073329836130142
1986-08-20,0.12371945381164551
1986-08-21,0.12201309949159622
1986-08-22,0.12371945381164551
1986-08-25,0.12414607405662537
1986-08-26,0.12499921768903732
1986-08-27,0.1262798011302948
1986-08-28,0.12883935868740082
1986-08-29,0.1262798011302948
1986-09-02,0.11860041320323944
1986-09-03,0.11860041320323944
1986-09-04,0.12115991115570068
1986-09-05,0.11988018453121185
1986-09-08,0.11860041320323944
1986-09-09,0.12201309949159622
1986-09-10,0.11945348232984543
1986-09-11,0.11134756356477737
1986-09-12,0.1083613932132721
1986-09-15,0.11305391788482666
1986-09-16,0.11902696639299393
1986-09-17,0.11689399182796478
1986-09-18,0.11604084074497223
1986-09-19,0.1147610992193222
1986-09-22,0.12030675262212753
1986-09-23,0.12329288572072983
1986-09-24,0.11988018453121185
1986-09-25,0.11774720996618271
1986-09-26,0.11689399182796478
1986-09-29,0.11092091351747513
1986-09-30,0.11433447152376175
1986-10-01,0.11646740138530731
1986-10-02,0.11646740138530731
1986-10-03,0.1151876449584961
1986-10-06,0.11646740138530731
1986-10-07,0.11262736469507217
1986-10-08,0.11177407950162888
1986-10-09,0.11262736469507217
1986-10-10,0.11348128318786621
1986-10-13,0.11817377805709839
1986-10-14,0.11604084074497223
1986-10-15,0.11390785872936249
1986-10-16,0.1147610992193222
1986-10-17,0.1147610992193222
1986-10-20,0.11220069229602814
1986-10-21,0.11177407950162888
1986-10-22,0.11092091351747513
1986-10-23,0.11305391788482666
1986-10-24,0.11262736469507217
1986-10-27,0.11604084074497223
1986-10-28,0.11390785872936249
1986-10-29,0.11390785872936249
1986-10-30,0.11689399182796478
1986-10-31,0.11817377805709839
1986-11-03,0.11945348232984543
1986-11-04,0.12201309949159622
1986-11-05,0.1262798011302948
1986-11-06,0.12329288572072983
1986-11-07,0.12201309949159622
1986-11-10,0.12073329836130142
1986-11-11,0.12115991115570068
1986-11-12,0.12499921768903732
1986-11-13,0.12115991115570068
1986-11-14,0.12030675262212753
1986-11-17,0.12414607405662537
1986-11-18,0.12073329836130142
1986-11-19,0.11945348232984543
1986-11-20,0.12030675262212753
1986-11-21,0.12286635488271713
1986-11-24,0.12969255447387695
1986-11-25,0.13737201690673828
1986-11-26,0.13822513818740845
1986-11-28,0.13651801645755768
1986-12-01,0.13694460690021515
1986-12-02,0.141637921333313
1986-12-03,0.1459038257598877
1986-12-04,0.14505065977573395
1986-12-05,0.14931733906269073
1986-12-08,0.14505065977573395
1986-12-09,0.1446240097284317
1986-12-10,0.14846336841583252
1986-12-11,0.14633044600486755
1986-12-12,0.14078475534915924
1986-12-15,0.14249105751514435
1986-12-16,0.14505065977573395
1986-12-17,0.14078475534915924
1986-12-18,0.14121124148368835
1986-12-19,0.14377085864543915
1986-12-22,0.14377085864543915
1986-12-23,0.14377085864543915
1986-12-24,0.1429177224636078
1986-12-26,0.13993152976036072
1986-12-29,0.13822513818740845
1986-12-30,0.13993152976036072
1986-12-31,0.13822513818740845
1987-01-02,0.13950490951538086
1987-01-05,0.14675700664520264
1987-01-06,0.14931733906269073
1987-01-07,0.15273018181324005
1987-01-08,0.15273018181324005
1987-01-09,0.15486299991607666
1987-01-12,0.1552896499633789
1987-01-13,0.15230347216129303
1987-01-14,0.16424883902072906
1987-01-15,0.17022119462490082
1987-01-16,0.1663818210363388
1987-01-19,0.18131329119205475
1987-01-20,0.1761942058801651
1987-01-21,0.16723497211933136
1987-01-22,0.179180309176445
1987-01-23,0.17150090634822845
1987-01-26,0.16979460418224335
1987-01-27,0.18003346025943756
1987-01-28,0.18899273872375488
1987-01-29,0.1847260743379593
1987-01-30,0.18941931426525116
1987-02-02,0.1906990259885788
1987-02-03,0.18941931426525116
1987-02-04,0.1877128779888153
1987-02-05,0.18387280404567719
1987-02-06,0.18429939448833466
1987-02-09,0.17960689961910248
1987-02-10,0.18003346025943756
1987-02-11,0.19283200800418854
1987-02-12,0.2000848948955536
1987-02-13,0.212030291557312
1987-02-17,0.22653518617153168
1987-02-18,0.2167227864265442
1987-02-19,0.21288339793682098
1987-02-20,0.20904403924942017
1987-02-23,0.21544300019741058
1987-02-24,0.22354905307292938
1987-02-25,0.23592104017734528
1987-02-26,0.23592104017734528
1987-02-27,0.23890696465969086
1987-03-02,0.2303745597600937
1987-03-03,0.22184260189533234
1987-03-04,0.23080110549926758
1987-03-05,0.23378798365592957
1987-03-06,0.22952131927013397
1987-03-09,0.22056208550930023
1987-03-10,0.22781489789485931
1987-03-11,0.22610853612422943
1987-03-12,0.22269581258296967
1987-03-13,0.2167227864265442
1987-03-16,0.22269581258296967
1987-03-17,0.2286682277917862
1987-03-18,0.22525548934936523
1987-03-19,0.23336148262023926
1987-03-20,0.23293480277061462
1987-03-23,0.2303745597600937
1987-03-24,0.22610853612422943
1987-03-25,0.22781489789485931
1987-03-26,0.22952131927013397
1987-03-27,0.22184260189533234
1987-03-30,0.21331003308296204
1987-03-31,0.22013545036315918
1987-04-01,0.22781489789485931
1987-04-02,0.24488018453121185
1987-04-03,0.24488018453121185
1987-04-06,0.23890696465969086
1987-04-07,0.23122771084308624
1987-04-08,0.23549441993236542
1987-04-09,0.24231982231140137
1987-04-10,0.2397603690624237
1987-04-13,0.2303745597600937
1987-04-14,0.23208089172840118
1987-04-15,0.24231982231140137
1987-04-16,0.24402619898319244
1987-04-20,0.24274644255638123
1987-04-21,0.2551182210445404
1987-04-22,0.25341206789016724
1987-04-23,0.2593851089477539
1987-04-24,0.2551182210445404
1987-04-27,0.25597164034843445
1987-04-28,0.2627977132797241
1987-04-29,0.2653574049472809
1987-04-30,0.27047720551490784
1987-05-01,0.2730368375778198
1987-05-04,0.27218371629714966
1987-05-05,0.27388980984687805
1987-05-06,0.2730368375778198
1987-05-07,0.27388980984687805
1987-05-08,0.2696239650249481
1987-05-11,0.2631979286670685
1987-05-12,0.2580708861351013
1987-05-13,0.2683247923851013
1987-05-14,0.2708888649940491
1987-05-15,0.2674700915813446
1987-05-18,0.25892534852027893
1987-05-19,0.2503798305988312
1987-05-20,0.254652202129364
1987-05-21,0.254652202129364
1987-05-22,0.25337040424346924
1987-05-26,0.26661577820777893
1987-05-27,0.27174338698387146
1987-05-28,0.27345237135887146
1987-05-29,0.270034521818161
1987-06-01,0.26576128602027893
1987-06-02,0.2640523612499237
1987-06-03,0.26576128602027893
1987-06-04,0.2683247923851013
1987-06-05,0.26576128602027893
1987-06-08,0.26576128602027893
1987-06-09,0.2683247923851013
1987-06-10,0.2683247923851013
1987-06-11,0.270034521818161
1987-06-12,0.270034521818161
1987-06-15,0.2683247923851013
1987-06-16,0.2837068438529968
1987-06-17,0.27687036991119385
1987-06-18,0.2837068438529968
1987-06-19,0.2802882790565491
1987-06-22,0.28712502121925354
1987-06-23,0.28199800848960876
1987-06-24,0.28712502121925354
1987-06-25,0.27687036991119385
1987-06-26,0.27687036991119385
1987-06-29,0.2785792350769043
1987-06-30,0.27687036991119385
1987-07-01,0.27345237135887146
1987-07-02,0.2777248024940491
1987-07-06,0.2785792350769043
1987-07-07,0.2683247923851013
1987-07-08,0.254652202129364
1987-07-09,0.2580708861351013
1987-07-10,0.2597799599170685
1987-07-13,0.27687036991119385
1987-07-14,0.2939615845680237
1987-07-15,0.3007972836494446
1987-07-16,0.3007972836494446
1987-07-17,0.2956704795360565
1987-07-20,0.28541579842567444
1987-07-21,0.2828524708747864
1987-07-22,0.2905429005622864
1987-07-23,0.28541579842567444
1987-07-24,0.2905429005622864
1987-07-27,0.2888339161872864
1987-07-28,0.286270409822464
1987-07-29,0.2802882790565491
1987-07-30,0.2837068438529968
1987-07-31,0.28199800848960876
1987-08-03,0.27516138553619385
1987-08-04,0.2888339161872864
1987-08-05,0.2956704795360565
1987-08-06,0.3161788880825043
1987-08-07,0.317888468503952
1987-08-10,0.3302786648273468
1987-08-11,0.3388344347476959
1987-08-12,0.33370089530944824
1987-08-13,0.3354122042655945
1987-08-14,0.3354122042655945
1987-08-17,0.3388344347476959
1987-08-18,0.33370089530944824
1987-08-19,0.34225741028785706
1987-08-20,0.35423654317855835
1987-08-21,0.36279237270355225
1987-08-24,0.35765889286994934
1987-08-25,0.3559477627277374
1987-08-26,0.3559477627277374
1987-08-27,0.3559477627277374
1987-08-28,0.3559477627277374
1987-08-31,0.36963799595832825
1987-09-01,0.35937008261680603
1987-09-02,0.3559477627277374
1987-09-03,0.35081350803375244
1987-09-04,0.3456798493862152
1987-09-08,0.34140199422836304
1987-09-09,0.36108124256134033
1987-09-10,0.367926687002182
1987-09-11,0.37306028604507446
1987-09-14,0.36279237270355225
1987-09-15,0.35423654317855835
1987-09-16,0.35423654317855835
1987-09-17,0.3559477627277374
1987-09-18,0.35423654317855835
1987-09-21,0.34396880865097046
1987-09-22,0.37049344182014465
1987-09-23,0.3781946897506714
1987-09-24,0.3867504596710205
1987-09-25,0.39359599351882935
1987-09-28,0.3816169500350952
1987-09-29,0.37306028604507446
1987-09-30,0.3867504596710205
1987-10-01,0.39872947335243225
1987-10-02,0.4004407227039337
1987-10-05,0.40557485818862915
1987-10-06,0.3816169500350952
1987-10-07,0.3799057900905609
1987-10-08,0.3713490962982178
1987-10-09,0.37049344182014465
1987-10-12,0.3645036816596985
1987-10-13,0.37306028604507446
1987-10-14,0.3645036816596985
1987-10-15,0.3559477627277374
1987-10-16,0.3302786648273468
1987-10-19,0.2498478889465332
1987-10-20,0.23615781962871552
1987-10-21,0.27722832560539246
1987-10-22,0.2515590190887451
1987-10-23,0.2430025190114975
1987-10-26,0.19166402518749237
1987-10-27,0.20706532895565033
1987-10-28,0.22931218147277832
1987-10-29,0.2703836262226105
1987-10-30,0.26439380645751953
1987-11-02,0.26524922251701355
1987-11-03,0.24813681840896606
1987-11-04,0.2464255392551422
1987-11-05,0.2601158320903778
1987-11-06,0.25840461254119873
1987-11-09,0.2549813687801361
1987-11-10,0.24813681840896606
1987-11-11,0.2549813687801361
1987-11-12,0.26524922251701355
1987-11-13,0.2549813687801361
1987-11-16,0.2515590190887451
1987-11-17,0.24010249972343445
1987-11-18,0.2486777901649475
1987-11-19,0.23667272925376892
1987-11-20,0.2435324639081955
1987-11-23,0.2486777901649475
1987-11-24,0.2538227438926697
1987-11-25,0.25039270520210266
1987-11-27,0.24010249972343445
1987-11-30,0.22638247907161713
1987-12-01,0.2280973643064499
1987-12-02,0.2229526787996292
1987-12-03,0.20923197269439697
1987-12-04,0.21094754338264465
1987-12-07,0.22638247907161713
1987-12-08,0.23667272925376892
1987-12-09,0.24010249972343445
1987-12-10,0.2383875846862793
1987-12-11,0.2332421988248825
1987-12-14,0.2555374801158905
1987-12-15,0.2572522759437561
1987-12-16,0.2692575454711914
1987-12-17,0.2692575454711914
1987-12-18,0.27783286571502686
1987-12-21,0.28640806674957275
1987-12-22,0.28469324111938477
1987-12-23,0.28983795642852783
1987-12-24,0.29241031408309937
1987-12-28,0.2761179804801941
1987-12-29,0.28898048400878906
1987-12-30,0.2975558638572693
1987-12-31,0.2881229817867279
1988-01-04,0.3069884777069092
1988-01-05,0.3061312139034271
1988-01-06,0.30012819170951843
1988-01-07,0.3052728772163391
1988-01-08,0.2744029462337494
1988-01-11,0.2915527820587158
1988-01-12,0.2881229817867279
1988-01-13,0.28983795642852783
1988-01-14,0.28983795642852783
1988-01-15,0.2941259443759918
1988-01-18,0.29326775670051575
1988-01-19,0.29326775670051575
1988-01-20,0.27268800139427185
1988-01-21,0.27526044845581055
1988-01-22,0.2692575454711914
1988-01-25,0.28040534257888794
1988-01-26,0.27268800139427185
1988-01-27,0.27268800139427185
1988-01-28,0.282978355884552
1988-01-29,0.28469324111938477
1988-02-01,0.28640806674957275
1988-02-02,0.282978355884552
1988-02-03,0.270973265171051
1988-02-04,0.27268800139427185
1988-02-05,0.26497018337249756
1988-02-08,0.26582762598991394
1988-02-09,0.27268800139427185
1988-02-10,0.28126269578933716
1988-02-11,0.27869030833244324
1988-02-12,0.2818174660205841
1988-02-16,0.28353646397590637
1988-02-17,0.287832111120224
1988-02-18,0.2869729697704315
1988-02-19,0.2869729697704315
1988-02-22,0.29728344082832336
1988-02-23,0.2938461899757385
1988-02-24,0.2904095947742462
1988-02-25,0.2869729697704315
1988-02-26,0.2869729697704315
1988-02-29,0.29556524753570557
1988-03-01,0.29728344082832336
1988-03-02,0.3075938820838928
1988-03-03,0.3196229934692383
1988-03-04,0.32220029830932617
1988-03-07,0.32220029830932617
1988-03-08,0.31790393590927124
1988-03-09,0.3213411867618561
1988-03-10,0.31103065609931946
1988-03-11,0.31446710228919983
1988-03-14,0.31790393590927124
1988-03-15,0.30931228399276733
1988-03-16,0.31704461574554443
1988-03-17,0.30931228399276733
1988-03-18,0.3075938820838928
1988-03-21,0.30157917737960815
1988-03-22,0.3024384677410126
1988-03-23,0.2921278178691864
1988-03-24,0.280958354473114
1988-03-25,0.2758033275604248
1988-03-28,0.2852547764778137
1988-03-29,0.2818174660205841
1988-03-30,0.27150771021842957
1988-03-31,0.27494412660598755
1988-04-04,0.2663519084453583
1988-04-05,0.269788533449173
1988-04-06,0.2869729697704315
1988-04-07,0.2800990641117096
1988-04-08,0.2818174660205841
1988-04-11,0.2852547764778137
1988-04-12,0.2869729697704315
1988-04-13,0.28353646397590637
1988-04-14,0.27150771021842957
1988-04-15,0.27150771021842957
1988-04-18,0.27494412660598755
1988-04-19,0.27666258811950684
1988-04-20,0.2732258439064026
1988-04-21,0.27150771021842957
1988-04-22,0.2758033275604248
1988-04-25,0.280958354473114
1988-04-26,0.2852547764778137
1988-04-27,0.2869729697704315
1988-04-28,0.28439557552337646
1988-04-29,0.2818174660205841
1988-05-02,0.2818174660205841
1988-05-03,0.2869729697704315
1988-05-04,0.28869131207466125
1988-05-05,0.2869729697704315
1988-05-06,0.28353646397590637
1988-05-09,0.2800990641117096
1988-05-10,0.280958354473114
1988-05-11,0.27150771021842957
1988-05-12,0.2732258439064026
1988-05-13,0.2783808410167694
1988-05-16,0.2840974032878876
1988-05-17,0.27893155813217163
1988-05-18,0.2737663984298706
1988-05-19,0.26860061287879944
1988-05-20,0.2668788433074951
1988-05-23,0.26171380281448364
1988-05-24,0.2677397131919861
1988-05-25,0.2651572823524475
1988-05-26,0.2711839973926544
1988-05-27,0.2737663984298706
1988-05-31,0.28581905364990234
1988-06-01,0.29270580410957336
1988-06-02,0.28754082322120667
1988-06-03,0.2961500287055969
1988-06-06,0.3030368387699127
1988-06-07,0.3030368387699127
1988-06-08,0.30992430448532104
1988-06-09,0.2995932698249817
1988-06-10,0.3064801096916199
1988-06-13,0.30992430448532104
1988-06-14,0.31164607405662537
1988-06-15,0.31508931517601013
1988-06-16,0.3064801096916199
1988-06-17,0.3082025945186615
1988-06-20,0.30389758944511414
1988-06-21,0.3090633451938629
1988-06-22,0.31422844529151917
1988-06-23,0.30992430448532104
1988-06-24,0.30992430448532104
1988-06-27,0.3064801096916199
1988-06-28,0.3185328543186188
1988-06-29,0.31939440965652466
1988-06-30,0.3185328543186188
1988-07-01,0.32025521993637085
1988-07-05,0.3254202902317047
1988-07-06,0.32025521993637085
1988-07-07,0.3159502446651459
1988-07-08,0.31164607405662537
1988-07-11,0.31078511476516724
1988-07-12,0.3082025945186615
1988-07-13,0.3082025945186615
1988-07-14,0.30992430448532104
1988-07-15,0.30992430448532104
1988-07-18,0.313367635011673
1988-07-19,0.3082025945186615
1988-07-20,0.3047584295272827
1988-07-21,0.2961500287055969
1988-07-22,0.29270580410957336
1988-07-25,0.2944274842739105
1988-07-26,0.2944274842739105
1988-07-27,0.2944274842739105
1988-07-28,0.2935667335987091
1988-07-29,0.30561938881874084
1988-08-01,0.30992430448532104
1988-08-02,0.3073417842388153
1988-08-03,0.3082025945186615
1988-08-04,0.3073417842388153
1988-08-05,0.3047584295272827
1988-08-08,0.3030368387699127
1988-08-09,0.2995932698249817
1988-08-10,0.28840163350105286
1988-08-11,0.2978716492652893
1988-08-12,0.29270580410957336
1988-08-15,0.28463298082351685
1988-08-16,0.29325753450393677
1988-08-17,0.2898077070713043
1988-08-18,0.29325753450393677
1988-08-19,0.28118228912353516
1988-08-22,0.2742825448513031
1988-08-23,0.27255770564079285
1988-08-24,0.28118228912353516
1988-08-25,0.2768700122833252
1988-08-26,0.2777325510978699
1988-08-29,0.2820448875427246
1988-08-30,0.2820448875427246
1988-08-31,0.2751450836658478
1988-09-01,0.2682444155216217
1988-09-02,0.2742825448513031
1988-09-06,0.2682444155216217
1988-09-07,0.26393210887908936
1988-09-08,0.2673819363117218
1988-09-09,0.2794573903083801
1988-09-12,0.2829073369503021
1988-09-13,0.2829073369503021
1988-09-14,0.2898077070713043
1988-09-15,0.28722038865089417
1988-09-16,0.2915327548980713
1988-09-19,0.28808286786079407
1988-09-20,0.2863578498363495
1988-09-21,0.2949824929237366
1988-09-22,0.30360808968544006
1988-09-23,0.3018830716609955
1988-09-26,0.2949824929237366
1988-09-27,0.29929569363594055
1988-09-28,0.3001581132411957
1988-09-29,0.30360808968544006
1988-09-30,0.29843318462371826
1988-10-03,0.29325753450393677
1988-10-04,0.2863578498363495
1988-10-05,0.2820448875427246
1988-10-06,0.2742825448513031
1988-10-07,0.2742825448513031
1988-10-10,0.26565706729888916
1988-10-11,0.269106924533844
1988-10-12,0.2673819363117218
1988-10-13,0.269106924533844
1988-10-14,0.2673819363117218
1988-10-17,0.26565706729888916
1988-10-18,0.27169522643089294
1988-10-19,0.27600738406181335
1988-10-20,0.2863578498363495
1988-10-21,0.2829073369503021
1988-10-24,0.27600738406181335
1988-10-25,0.2751450836658478
1988-10-26,0.2708319127559662
1988-10-27,0.269106924533844
1988-10-28,0.26565706729888916
1988-10-31,0.26651954650878906
1988-11-01,0.2622072100639343
1988-11-02,0.2570316195487976
1988-11-03,0.2561691701412201
1988-11-04,0.2604823410511017
1988-11-07,0.25875648856163025
1988-11-08,0.26565706729888916
1988-11-09,0.2708319127559662
1988-11-10,0.27255770564079285
1988-11-11,0.26565706729888916
1988-11-14,0.2682444155216217
1988-11-15,0.269106924533844
1988-11-16,0.2622072100639343
1988-11-17,0.26393210887908936
1988-11-18,0.2622072100639343
1988-11-21,0.2533862292766571
1988-11-22,0.24992729723453522
1988-11-23,0.2551155984401703
1988-11-25,0.2525213956832886
1988-11-28,0.2525213956832886
1988-11-29,0.254251092672348
1988-11-30,0.2603050172328949
1988-12-01,0.2680877149105072
1988-12-02,0.2715465724468231
1988-12-05,0.2732769548892975
1988-12-06,0.2732769548892975
1988-12-07,0.2724122405052185
1988-12-08,0.2706819474697113
1988-12-09,0.2706819474697113
1988-12-12,0.26635822653770447
1988-12-13,0.2680877149105072
1988-12-14,0.27500635385513306
1988-12-15,0.2732769548892975
1988-12-16,0.27760058641433716
1988-12-19,0.28192442655563354
1988-12-20,0.28365394473075867
1988-12-21,0.2888430655002594
1988-12-22,0.28365394473075867
1988-12-23,0.2845193147659302
1988-12-27,0.2801949381828308
1988-12-28,0.2784653902053833
1988-12-29,0.2801949381828308
1988-12-30,0.2784653902053833
1989-01-03,0.27933019399642944
1989-01-04,0.29057246446609497
1989-01-05,0.29230213165283203
1989-01-06,0.29489630460739136
1989-01-09,0.29749125242233276
1989-01-10,0.29489630460739136
1989-01-11,0.2914372384548187
1989-01-12,0.2957611083984375
1989-01-13,0.2992207705974579
1989-01-16,0.30267977714538574
1989-01-17,0.27933019399642944
1989-01-18,0.27500635385513306
1989-01-19,0.2801949381828308
1989-01-20,0.28365394473075867
1989-01-23,0.28365394473075867
1989-01-24,0.28797829151153564
1989-01-25,0.2871135175228119
1989-01-26,0.2888430655002594
1989-01-27,0.2603050172328949
1989-01-30,0.2585746943950653
1989-01-31,0.26116982102394104
1989-02-01,0.2715465724468231
1989-02-02,0.27500635385513306
1989-02-03,0.2715465724468231
1989-02-06,0.26635822653770447
1989-02-07,0.2698171138763428
1989-02-08,0.2646285891532898
1989-02-09,0.2646285891532898
1989-02-10,0.25770989060401917
1989-02-13,0.2559804916381836
1989-02-14,0.24733228981494904
1989-02-15,0.2507919669151306
1989-02-16,0.25165677070617676
1989-02-17,0.2549521327018738
1989-02-21,0.26015475392341614
1989-02-22,0.2549521327018738
1989-02-23,0.2549521327018738
1989-02-24,0.24974916875362396
1989-02-27,0.2532176971435547
1989-02-28,0.25148338079452515
1989-03-01,0.24974916875362396
1989-03-02,0.24281133711338043
1989-03-03,0.24107716977596283
1989-03-06,0.24627995491027832
1989-03-07,0.24801410734653473
1989-03-08,0.24454563856124878
1989-03-09,0.23934286832809448
1989-03-10,0.24281133711338043
1989-03-13,0.24281133711338043
1989-03-14,0.24454563856124878
1989-03-15,0.24281133711338043
1989-03-16,0.24454563856124878
1989-03-17,0.24194422364234924
1989-03-20,0.24194422364234924
1989-03-21,0.24194422364234924
1989-03-22,0.23500651121139526
1989-03-23,0.2384757399559021
1989-03-27,0.23413948714733124
1989-03-28,0.2358737587928772
1989-03-29,0.2376086562871933
1989-03-30,0.24107716977596283
1989-03-31,0.24714696407318115
1989-04-03,0.24281133711338043
1989-04-04,0.23934286832809448
1989-04-05,0.24281133711338043
1989-04-06,0.24974916875362396
1989-04-07,0.25928759574890137
1989-04-10,0.2566862404346466
1989-04-11,0.26188984513282776
1989-04-12,0.2670925557613373
1989-04-13,0.2670925557613373
1989-04-14,0.26882684230804443
1989-04-17,0.27229538559913635
1989-04-18,0.27836596965789795
1989-04-19,0.2835688889026642
1989-04-20,0.28270161151885986
1989-04-21,0.27836596965789795
1989-04-24,0.27836596965789795
1989-04-25,0.27749890089035034
1989-04-26,0.2757646441459656
1989-04-27,0.27316322922706604
1989-04-28,0.2705610990524292
1989-05-01,0.2705610990524292
1989-05-02,0.27663174271583557
1989-05-03,0.2792331576347351
1989-05-04,0.284435898065567
1989-05-05,0.2879052758216858
1989-05-08,0.2931079566478729
1989-05-09,0.2948421239852905
1989-05-10,0.3000456988811493
1989-05-11,0.3043813109397888
1989-05-12,0.3121863901615143
1989-05-15,0.3191232979297638
1989-05-16,0.31478768587112427
1989-05-17,0.31392061710357666
1989-05-18,0.31045210361480713
1989-05-19,0.3173891603946686
1989-05-22,0.3198224604129791
1989-05-23,0.31634631752967834
1989-05-24,0.3319896459579468
1989-05-25,0.3354666531085968
1989-05-26,0.33720463514328003
1989-05-30,0.33025166392326355
1989-05-31,0.3319896459579468
1989-06-01,0.3389427065849304
1989-06-02,0.34068071842193604
1989-06-05,0.3267754316329956
1989-06-06,0.32503753900527954
1989-06-07,0.3354666531085968
1989-06-08,0.33112072944641113
1989-06-09,0.3267754316329956
1989-06-12,0.33025166392326355
1989-06-13,0.33720463514328003
1989-06-14,0.3450259268283844
1989-06-15,0.33025166392326355
1989-06-16,0.30939334630966187
1989-06-19,0.305917352437973
1989-06-20,0.29896509647369385
1989-06-21,0.29548805952072144
1989-06-22,0.30070313811302185
1989-06-23,0.30504822731018066
1989-06-26,0.30244120955467224
1989-06-27,0.29635730385780334
1989-06-28,0.29027408361434937
1989-06-29,0.2824521064758301
1989-06-30,0.2867979109287262
1989-07-03,0.2833210825920105
1989-07-05,0.2815830409526825
1989-07-06,0.2867979109287262
1989-07-07,0.2867979109287262
1989-07-10,0.2815830409526825
1989-07-11,0.27636876702308655
1989-07-12,0.2781067192554474
1989-07-13,0.2824521064758301
1989-07-14,0.2833210825920105
1989-07-17,0.2833210825920105
1989-07-18,0.27289196848869324
1989-07-19,0.2815830409526825
1989-07-20,0.2781067192554474
1989-07-21,0.2781067192554474
1989-07-24,0.27289196848869324
1989-07-25,0.26941579580307007
1989-07-26,0.2659396231174469
1989-07-27,0.27289196848869324
1989-07-28,0.2737617492675781
1989-07-31,0.27636876702308655
1989-08-01,0.2772378623485565
1989-08-02,0.2815830409526825
1989-08-03,0.2867979109287262
1989-08-04,0.29722627997398376
1989-08-07,0.30417919158935547
1989-08-08,0.30678629875183105
1989-08-09,0.305917352437973
1989-08-10,0.30070313811302185
1989-08-11,0.29114314913749695
1989-08-14,0.2833210825920105
1989-08-15,0.2876668870449066
1989-08-16,0.2807139456272125
1989-08-17,0.2850590944290161
1989-08-18,0.293750137090683
1989-08-21,0.29444724321365356
1989-08-22,0.2988034188747406
1989-08-23,0.3049010634422302
1989-08-24,0.3075142204761505
1989-08-25,0.3118705153465271
1989-08-28,0.3118705153465271
1989-08-29,0.3075142204761505
1989-08-30,0.3101274371147156
1989-08-31,0.3101274371147156
1989-09-01,0.31099945306777954
1989-09-05,0.3118705153465271
1989-09-06,0.3118705153465271
1989-09-07,0.3118705153465271
1989-09-08,0.3136127293109894
1989-09-11,0.3188391625881195
1989-09-12,0.3205813765525818
1989-09-13,0.3136127293109894
1989-09-14,0.3118705153465271
1989-09-15,0.3136127293109894
1989-09-18,0.30664321780204773
1989-09-19,0.30141663551330566
1989-09-20,0.31099945306777954
1989-09-21,0.3118705153465271
1989-09-22,0.31274160742759705
1989-09-25,0.3153549134731293
1989-09-26,0.3153549134731293
1989-09-27,0.3118705153465271
1989-09-28,0.3170970678329468
1989-09-29,0.3101274371147156
1989-10-02,0.30925655364990234
1989-10-03,0.3040299117565155
1989-10-04,0.3083852231502533
1989-10-05,0.3170970678329468
1989-10-06,0.33539149165153503
1989-10-09,0.34497353434562683
1989-10-10,0.34497353434562683
1989-10-11,0.34061816334724426
1989-10-12,0.33974704146385193
1989-10-13,0.3188391625881195
1989-10-16,0.32580891251564026
1989-10-17,0.3292931616306305
1989-10-18,0.33626270294189453
1989-10-19,0.33974704146385193
1989-10-20,0.3345196843147278
1989-10-23,0.32580891251564026
1989-10-24,0.33190640807151794
1989-10-25,0.3240666091442108
1989-10-26,0.3153549134731293
1989-10-27,0.3153549134731293
1989-10-30,0.3188391625881195
1989-10-31,0.3240666091442108
1989-11-01,0.3214525282382965
1989-11-02,0.30664321780204773
1989-11-03,0.30141663551330566
1989-11-06,0.30141663551330566
1989-11-07,0.30664321780204773
1989-11-08,0.3136127293109894
1989-11-09,0.3205813765525818
1989-11-10,0.32580891251564026
1989-11-13,0.3240666091442108
1989-11-14,0.3118705153465271
1989-11-15,0.3083852231502533
1989-11-16,0.3118705153465271
1989-11-17,0.31263887882232666
1989-11-20,0.3161318600177765
1989-11-21,0.3161318600177765
1989-11-22,0.31263887882232666
1989-11-24,0.31263887882232666
1989-11-27,0.3073987066745758
1989-11-28,0.30827194452285767
1989-11-29,0.3073987066745758
1989-11-30,0.3091451823711395
1989-12-01,0.3073987066745758
1989-12-04,0.3161318600177765
1989-12-05,0.31438538432121277
1989-12-06,0.2986655533313751
1989-12-07,0.2986655533313751
1989-12-08,0.29167962074279785
1989-12-11,0.2742132842540741
1989-12-12,0.25150835514068604
1989-12-13,0.25150835514068604
1989-12-14,0.24364852905273438
1989-12-15,0.23578862845897675
1989-12-18,0.24277539551258087
1989-12-19,0.24452170729637146
1989-12-20,0.24976114928722382
1989-12-21,0.25325486063957214
1989-12-22,0.255001425743103
1989-12-26,0.24801470339298248
1989-12-27,0.24539494514465332
1989-12-28,0.24190202355384827
1989-12-29,0.24626828730106354
1990-01-02,0.2602408230304718
1990-01-03,0.26198720932006836
1990-01-04,0.26286137104034424
1990-01-05,0.26373451948165894
1990-01-08,0.2654809355735779
1990-01-09,0.26286137104034424
1990-01-10,0.25150835514068604
1990-01-11,0.24102887511253357
1990-01-12,0.24102887511253357
1990-01-15,0.23928245902061462
1990-01-16,0.24364852905273438
1990-01-17,0.2322956770658493
1990-01-18,0.22618316113948822
1990-01-19,0.23928245902061462
1990-01-22,0.2322956770658493
1990-01-23,0.23578862845897675
1990-01-24,0.23753517866134644
1990-01-25,0.23840923607349396
1990-01-26,0.22880271077156067
1990-01-29,0.2322956770658493
1990-01-30,0.23753517866134644
1990-01-31,0.23753517866134644
1990-02-01,0.23491540551185608
1990-02-02,0.23928245902061462
1990-02-05,0.24452170729637146
1990-02-06,0.24277539551258087
1990-02-07,0.2322956770658493
1990-02-08,0.23054927587509155
1990-02-09,0.23928245902061462
1990-02-12,0.23753517866134644
1990-02-13,0.24102887511253357
1990-02-14,0.23928245902061462
1990-02-15,0.23928245902061462
1990-02-16,0.2365482896566391
1990-02-20,0.23479615151882172
1990-02-21,0.2383003979921341
1990-02-22,0.2312920093536377
1990-02-23,0.2330440878868103
1990-02-26,0.2383003979921341
1990-02-27,0.23479615151882172
1990-02-28,0.2383003979921341
1990-03-01,0.24005326628684998
1990-03-02,0.2365482896566391
1990-03-05,0.2418053299188614
1990-03-06,0.24706171452999115
1990-03-07,0.24793767929077148
1990-03-08,0.25757506489753723
1990-03-09,0.258450984954834
1990-03-12,0.256698876619339
1990-03-13,0.258450984954834
1990-03-14,0.25932714343070984
1990-03-15,0.25757506489753723
1990-03-16,0.2821059823036194
1990-03-19,0.29699957370758057
1990-03-20,0.28999119997024536
1990-03-21,0.2917432487010956
1990-03-22,0.2856101095676422
1990-03-23,0.2961235046386719
1990-03-26,0.2961235046386719
1990-03-27,0.29437151551246643
1990-03-28,0.28911516070365906
1990-03-29,0.28823909163475037
1990-03-30,0.2821059823036194
1990-04-02,0.2821059823036194
1990-04-03,0.29261940717697144
1990-04-04,0.28911516070365906
1990-04-05,0.2821059823036194
1990-04-06,0.2794777750968933
1990-04-09,0.28823909163475037
1990-04-10,0.28911516070365906
1990-04-11,0.2978755235671997
1990-04-12,0.30313271284103394
1990-04-16,0.306636780500412
1990-04-17,0.30313271284103394
1990-04-18,0.30313271284103394
1990-04-19,0.2821059823036194
1990-04-20,0.2821059823036194
1990-04-23,0.278601735830307
1990-04-24,0.2715926468372345
1990-04-25,0.2715926468372345
1990-04-26,0.27246877551078796
1990-04-27,0.27422067523002625
1990-04-30,0.27597370743751526
1990-05-01,0.2777256369590759
1990-05-02,0.278601735830307
1990-05-03,0.2803538739681244
1990-05-04,0.2803538739681244
1990-05-07,0.29086726903915405
1990-05-08,0.29261940717697144
1990-05-09,0.2934953570365906
1990-05-10,0.28999119997024536
1990-05-11,0.29875168204307556
1990-05-14,0.29261940717697144
1990-05-15,0.29261940717697144
1990-05-16,0.2917432487010956
1990-05-17,0.29086726903915405
1990-05-18,0.278601735830307
1990-05-21,0.27761784195899963
1990-05-22,0.29079577326774597
1990-05-23,0.29518815875053406
1990-05-24,0.29518815875053406
1990-05-25,0.28113168478012085
1990-05-29,0.2881595492362976
1990-05-30,0.29079577326774597
1990-05-31,0.2899174094200134
1990-06-01,0.28640246391296387
1990-06-04,0.28640246391296387
1990-06-05,0.27761784195899963
1990-06-06,0.27761784195899963
1990-06-07,0.27410319447517395
1990-06-08,0.2688322067260742
1990-06-11,0.27410319447517395
1990-06-12,0.284645676612854
1990-06-13,0.27937471866607666
1990-06-14,0.27937471866607666
1990-06-15,0.27761784195899963
1990-06-18,0.2758599519729614
1990-06-19,0.27849626541137695
1990-06-20,0.28113168478012085
1990-06-21,0.29430967569351196
1990-06-22,0.29167434573173523
1990-06-25,0.2899174094200134
1990-06-26,0.2855241596698761
1990-06-27,0.29167434573173523
1990-06-28,0.3022168278694153
1990-06-29,0.3145163357257843
1990-07-02,0.30924466252326965
1990-07-03,0.30924466252326965
1990-07-05,0.3057306706905365
1990-07-06,0.3145163357257843
1990-07-09,0.32769426703453064
1990-07-10,0.33032968640327454
1990-07-11,0.33032968640327454
1990-07-12,0.3329651951789856
1990-07-13,0.32857275009155273
1990-07-16,0.32066574692726135
1990-07-17,0.31100162863731384
1990-07-18,0.3136378228664398
1990-07-19,0.29343122243881226
1990-07-20,0.2881595492362976
1990-07-23,0.29167434573173523
1990-07-24,0.2960665822029114
1990-07-25,0.29694509506225586
1990-07-26,0.29079577326774597
1990-07-27,0.29079577326774597
1990-07-30,0.29782363772392273
1990-07-31,0.29518815875053406
1990-08-01,0.29782363772392273
1990-08-02,0.3057306706905365
1990-08-03,0.2899174094200134
1990-08-06,0.27761784195899963
1990-08-07,0.27761784195899963
1990-08-08,0.2820102274417877
1990-08-09,0.27761784195899963
1990-08-10,0.272346168756485
1990-08-13,0.28025323152542114
1990-08-14,0.27937471866607666
1990-08-15,0.2758599519729614
1990-08-16,0.2705892026424408
1990-08-17,0.25653257966041565
1990-08-20,0.2590703070163727
1990-08-21,0.25554585456848145
1990-08-22,0.24761468172073364
1990-08-23,0.24320924282073975
1990-08-24,0.25025808811187744
1990-08-27,0.26611998677253723
1990-08-28,0.2687634229660034
1990-08-29,0.26259487867355347
1990-08-30,0.25554585456848145
1990-08-31,0.26083263754844666
1990-09-04,0.26083263754844666
1990-09-05,0.2537834942340851
1990-09-06,0.25202032923698425
1990-09-07,0.25642701983451843
1990-09-10,0.25202032923698425
1990-09-11,0.23968376219272614
1990-09-12,0.23968376219272614
1990-09-13,0.23792152106761932
1990-09-14,0.23968376219272614
1990-09-17,0.23792152106761932
1990-09-18,0.23527809977531433
1990-09-19,0.22911015152931213
1990-09-20,0.22294142842292786
1990-09-21,0.22206014394760132
1990-09-24,0.21324817836284637
1990-09-25,0.2114858776330948
1990-09-26,0.2097235769033432
1990-09-27,0.19914914667606354
1990-09-28,0.20443685352802277
1990-10-01,0.21501047909259796
1990-10-02,0.20884233713150024
1990-10-03,0.19033695757389069
1990-10-04,0.19738692045211792
1990-10-05,0.19738692045211792
1990-10-08,0.2053179293870926
1990-10-09,0.19738692045211792
1990-10-10,0.18681249022483826
1990-10-11,0.19562466442584991
1990-10-12,0.19914914667606354
1990-10-15,0.19562466442584991
1990-10-16,0.1762380599975586
1990-10-17,0.18681249022483826
1990-10-18,0.20091143250465393
1990-10-19,0.22117912769317627
1990-10-22,0.21941684186458588
1990-10-23,0.21853569149971008
1990-10-24,0.21501047909259796
1990-10-25,0.2114858776330948
1990-10-26,0.2114858776330948
1990-10-29,0.2106047123670578
1990-10-30,0.21412931382656097
1990-10-31,0.21677346527576447
1990-11-01,0.21501047909259796
1990-11-02,0.22382253408432007
1990-11-05,0.23439687490463257
1990-11-06,0.23615925014019012
1990-11-07,0.23439687490463257
1990-11-08,0.24320924282073975
1990-11-09,0.25025808811187744
1990-11-12,0.25554585456848145
1990-11-13,0.2537834942340851
1990-11-14,0.26083263754844666
1990-11-15,0.2537834942340851
1990-11-16,0.24844272434711456
1990-11-19,0.2572842836380005
1990-11-20,0.2510947287082672
1990-11-21,0.255515992641449
1990-11-23,0.2572842836380005
1990-11-26,0.2599364221096039
1990-11-27,0.2652408480644226
1990-11-28,0.2599364221096039
1990-11-29,0.2599364221096039
1990-11-30,0.2599364221096039
1990-12-03,0.2696620225906372
1990-12-04,0.2723143994808197
1990-12-05,0.28380826115608215
1990-12-06,0.29176583886146545
1990-12-07,0.30060651898384094
1990-12-10,0.29530206322669983
1990-12-11,0.28292417526245117
1990-12-12,0.2802717983722687
1990-12-13,0.2882286310195923
1990-12-14,0.2820400297641754
1990-12-17,0.28380826115608215
1990-12-18,0.2988382875919342
1990-12-19,0.29618602991104126
1990-12-20,0.3112162947654724
1990-12-21,0.31828972697257996
1990-12-24,0.3112162947654724
1990-12-26,0.30944815278053284
1990-12-27,0.3076799809932709
1990-12-28,0.3041435778141022
1990-12-31,0.3041435778141022
1991-01-02,0.3076799809932709
1991-01-03,0.3041435778141022
1991-01-04,0.3059117794036865
1991-01-07,0.3059117794036865
1991-01-08,0.3059117794036865
1991-01-09,0.32005786895751953
1991-01-10,0.33331987261772156
1991-01-11,0.33243584632873535
1991-01-14,0.3271305561065674
1991-01-15,0.3306677043437958
1991-01-16,0.35188645124435425
1991-01-17,0.36249613761901855
1991-01-18,0.35542359948158264
1991-01-21,0.358959823846817
1991-01-22,0.36249613761901855
1991-01-23,0.36603328585624695
1991-01-24,0.36868563294410706
1991-01-25,0.3784111738204956
1991-01-28,0.3854837715625763
1991-01-29,0.38017937541007996
1991-01-30,0.3925572633743286
1991-01-31,0.3925572633743286
1991-02-01,0.3943254053592682
1991-02-04,0.3907892107963562
1991-02-05,0.4084714353084564
1991-02-06,0.4022829532623291
1991-02-07,0.4084714353084564
1991-02-08,0.42350178956985474
1991-02-11,0.43411144614219666
1991-02-12,0.42438584566116333
1991-02-13,0.42438584566116333
1991-02-14,0.4040512442588806
1991-02-15,0.40844523906707764
1991-02-19,0.42527884244918823
1991-02-20,0.432367205619812
1991-02-21,0.41819122433662415
1991-02-22,0.4235069751739502
1991-02-25,0.41110292077064514
1991-02-26,0.41287466883659363
1991-02-27,0.41287466883659363
1991-02-28,0.40578731894493103
1991-03-01,0.40933099389076233
1991-03-04,0.41376084089279175
1991-03-05,0.447428822517395
1991-03-06,0.4465428590774536
1991-03-07,0.4766668379306793
1991-03-08,0.4607188105583191
1991-03-11,0.45008668303489685
1991-03-12,0.4456571638584137
1991-03-13,0.46957898139953613
1991-03-14,0.4624907672405243
1991-03-15,0.46957898139953613
1991-03-18,0.48021095991134644
1991-03-19,0.492615282535553
1991-03-20,0.48021095991134644
1991-03-21,0.4589468240737915
1991-03-22,0.4483147859573364
1991-03-25,0.4571749269962311
1991-03-26,0.4961588978767395
1991-03-27,0.49084314703941345
1991-03-28,0.481982946395874
1991-04-01,0.48552682995796204
1991-04-02,0.5156513452529907
1991-04-03,0.4961588978767395
1991-04-04,0.5067907571792603
1991-04-05,0.4917292594909668
1991-04-08,0.4961588978767395
1991-04-09,0.4872986376285553
1991-04-10,0.47400882840156555
1991-04-11,0.5032472610473633
1991-04-12,0.5085627436637878
1991-04-15,0.4412272870540619
1991-04-16,0.45540323853492737
1991-04-17,0.4483147859573364
1991-04-18,0.432367205619812
1991-04-19,0.42262089252471924
1991-04-22,0.4359109103679657
1991-04-23,0.4359109103679657
1991-04-24,0.4305952489376068
1991-04-25,0.41464662551879883
1991-04-26,0.41553348302841187
1991-04-29,0.41287466883659363
1991-04-30,0.3898387551307678
1991-05-01,0.3349071741104126
1991-05-02,0.3473111689090729
1991-05-03,0.3473111689090729
1991-05-06,0.3561713993549347
1991-05-07,0.35882920026779175
1991-05-08,0.35262688994407654
1991-05-09,0.35971516370773315
1991-05-10,0.3632589280605316
1991-05-13,0.37389087677001953
1991-05-14,0.3792075216770172
1991-05-15,0.35794320702552795
1991-05-16,0.3473111689090729
1991-05-17,0.33313533663749695
1991-05-20,0.3144455552101135
1991-05-21,0.321552038192749
1991-05-22,0.32865768671035767
1991-05-23,0.3206638991832733
1991-05-24,0.3259931206703186
1991-05-28,0.32688120007514954
1991-05-29,0.33398762345314026
1991-05-30,0.3384287357330322
1991-05-31,0.33398762345314026
1991-06-03,0.349976122379303
1991-06-04,0.34908807277679443
1991-06-05,0.3410933315753937
1991-06-06,0.33132311701774597
1991-06-07,0.3277694284915924
1991-06-10,0.32688120007514954
1991-06-11,0.31711089611053467
1991-06-12,0.3011215925216675
1991-06-13,0.2993452548980713
1991-06-14,0.29223957657814026
1991-06-17,0.29845696687698364
1991-06-18,0.2993452548980713
1991-06-19,0.2966805100440979
1991-06-20,0.29845696687698364
1991-06-21,0.29845696687698364
1991-06-24,0.2966805100440979
1991-06-25,0.3011215925216675
1991-06-26,0.3055632710456848
1991-06-27,0.3020099401473999
1991-06-28,0.2949041724205017
1991-07-01,0.3020099401473999
1991-07-02,0.3002334535121918
1991-07-03,0.306451678276062
1991-07-05,0.3242166042327881
1991-07-08,0.33221134543418884
1991-07-09,0.33309951424598694
1991-07-10,0.3357641398906708
1991-07-11,0.33221134543418884
1991-07-12,0.33221134543418884
1991-07-15,0.3233283758163452
1991-07-16,0.3108927607536316
1991-07-17,0.3020099401473999
1991-07-18,0.3188874125480652
1991-07-19,0.32688120007514954
1991-07-22,0.32688120007514954
1991-07-23,0.31977570056915283
1991-07-24,0.31977570056915283
1991-07-25,0.321552038192749
1991-07-26,0.3188874125480652
1991-07-29,0.3233283758163452
1991-07-30,0.3304349184036255
1991-07-31,0.32865768671035767
1991-08-01,0.34908807277679443
1991-08-02,0.3553062081336975
1991-08-05,0.34464704990386963
1991-08-06,0.35175269842147827
1991-08-07,0.35797086358070374
1991-08-08,0.35885894298553467
1991-08-09,0.36063554883003235
1991-08-12,0.3677420914173126
1991-08-13,0.3801777958869934
1991-08-14,0.3899480402469635
1991-08-15,0.37840044498443604
1991-08-16,0.37840044498443604
1991-08-19,0.3596692383289337
1991-08-20,0.3632301986217499
1991-08-21,0.3828165531158447
1991-08-22,0.3863773047924042
1991-08-23,0.37747442722320557
1991-08-26,0.37747442722320557
1991-08-27,0.38459691405296326
1991-08-28,0.3792547285556793
1991-08-29,0.37747442722320557
1991-08-30,0.37747442722320557
1991-09-03,0.3739134669303894
1991-09-04,0.3667910695075989
1991-09-05,0.3632301986217499
1991-09-06,0.3667910695075989
1991-09-09,0.3792547285556793
1991-09-10,0.3569987118244171
1991-09-11,0.3596692383289337
1991-09-12,0.36055952310562134
1991-09-13,0.3463154733181
1991-09-16,0.33652207255363464
1991-09-17,0.34898602962493896
1991-09-18,0.3569987118244171
1991-09-19,0.35432738065719604
1991-09-20,0.36055952310562134
1991-09-23,0.35254693031311035
1991-09-24,0.35788899660110474
1991-09-25,0.3596692383289337
1991-09-26,0.35610854625701904
1991-09-27,0.34898602962493896
1991-09-30,0.35254693031311035
1991-10-01,0.3614497780799866
1991-10-02,0.35432738065719604
1991-10-03,0.3400830626487732
1991-10-04,0.3436446487903595
1991-10-07,0.3427545130252838
1991-10-08,0.3436446487903595
1991-10-09,0.3418634831905365
1991-10-10,0.3400830626487732
1991-10-11,0.3454250991344452
1991-10-14,0.3552183210849762
1991-10-15,0.3739134669303894
1991-10-16,0.3810359835624695
1991-10-17,0.3730233609676361
1991-10-18,0.39171865582466125
1991-10-21,0.3899381756782532
1991-10-22,0.38815775513648987
1991-10-23,0.37836459279060364
1991-10-24,0.3712429106235504
1991-10-25,0.3650106191635132
1991-10-28,0.3667910695075989
1991-10-29,0.36857232451438904
1991-10-30,0.35432738065719604
1991-10-31,0.3667910695075989
1991-11-01,0.3632301986217499
1991-11-04,0.35432738065719604
1991-11-05,0.34720566868782043
1991-11-06,0.3418634831905365
1991-11-07,0.35432738065719604
1991-11-08,0.3792547285556793
1991-11-11,0.3828165531158447
1991-11-12,0.38815775513648987
1991-11-13,0.3854871392250061
1991-11-14,0.3899381756782532
1991-11-15,0.35610854625701904
1991-11-18,0.372135728597641
1991-11-19,0.36588844656944275
1991-11-20,0.36053431034088135
1991-11-21,0.3641037046909332
1991-11-22,0.36588844656944275
1991-11-25,0.36588844656944275
1991-11-26,0.3676731288433075
1991-11-27,0.3641037046909332
1991-11-29,0.36231890320777893
1991-12-02,0.3694586455821991
1991-12-03,0.36053431034088135
1991-12-04,0.36053431034088135
1991-12-05,0.3569648563861847
1991-12-06,0.3480406105518341
1991-12-09,0.35071760416030884
1991-12-10,0.35071760416030884
1991-12-11,0.3498251438140869
1991-12-12,0.35250216722488403
1991-12-13,0.35964179039001465
1991-12-16,0.36053431034088135
1991-12-17,0.36053431034088135
1991-12-18,0.3694586455821991
1991-12-19,0.36231890320777893
1991-12-20,0.35874950885772705
1991-12-23,0.3676731288433075
1991-12-24,0.3730282187461853
1991-12-26,0.391768217086792
1991-12-27,0.39266061782836914
1991-12-30,0.4051543176174164
1991-12-31,0.40247729420661926
1992-01-02,0.4247879385948181
1992-01-03,0.4212183356285095
1992-01-06,0.4140787124633789
1992-01-07,0.4221107065677643
1992-01-08,0.431927353143692
1992-01-09,0.44442126154899597
1992-01-10,0.44442126154899597
1992-01-13,0.44263550639152527
1992-01-14,0.460484117269516
1992-01-15,0.45334458351135254
1992-01-16,0.44799062609672546
1992-01-17,0.462269127368927
1992-01-20,0.45691487193107605
1992-01-21,0.43638914823532104
1992-01-22,0.45334458351135254
1992-01-23,0.460484117269516
1992-01-24,0.4613765776157379
1992-01-27,0.460484117269516
1992-01-28,0.4658384919166565
1992-01-29,0.45156002044677734
1992-01-30,0.4551294147968292
1992-01-31,0.462269127368927
1992-02-03,0.46940878033638
1992-02-04,0.46940878033638
1992-02-05,0.47208577394485474
1992-02-06,0.4578072130680084
1992-02-07,0.45691487193107605
1992-02-10,0.45066753029823303
1992-02-11,0.4488831162452698
1992-02-12,0.4658384919166565
1992-02-13,0.4586997628211975
1992-02-14,0.4586635231971741
1992-02-18,0.4488285183906555
1992-02-19,0.44346359372138977
1992-02-20,0.46223950386047363
1992-02-21,0.46492165327072144
1992-02-24,0.47296881675720215
1992-02-25,0.48995599150657654
1992-02-26,0.4997912347316742
1992-02-27,0.48995599150657654
1992-02-28,0.4828040301799774
1992-03-02,0.4810151755809784
1992-03-03,0.4747568964958191
1992-03-04,0.46492165327072144
1992-03-05,0.4541926085948944
1992-03-06,0.45776957273483276
1992-03-09,0.4559805691242218
1992-03-10,0.4559805691242218
1992-03-11,0.4524047374725342
1992-03-12,0.4488285183906555
1992-03-13,0.45151057839393616
1992-03-16,0.4532985985279083
1992-03-17,0.44972267746925354
1992-03-18,0.4559805691242218
1992-03-19,0.45061641931533813
1992-03-20,0.4524047374725342
1992-03-23,0.45061641931533813
1992-03-24,0.46492165327072144
1992-03-25,0.4613456130027771
1992-03-26,0.45776957273483276
1992-03-27,0.4363114535808563
1992-03-30,0.41574719548225403
1992-03-31,0.4166412651538849
1992-04-01,0.42200616002082825
1992-04-02,0.4202180504798889
1992-04-03,0.42200616002082825
1992-04-06,0.4345233142375946
1992-04-07,0.4094891846179962
1992-04-08,0.39965391159057617
1992-04-09,0.4094891846179962
1992-04-10,0.3969719409942627
1992-04-13,0.4041241407394409
1992-04-14,0.4202180504798889
1992-04-15,0.4327353239059448
1992-04-16,0.42200616002082825
1992-04-20,0.4059121310710907
1992-04-21,0.4023362100124359
1992-04-22,0.4121711850166321
1992-04-23,0.40770119428634644
1992-04-24,0.4041241407394409
1992-04-27,0.39875996112823486
1992-04-28,0.3880309462547302
1992-04-29,0.40770119428634644
1992-04-30,0.43005242943763733
1992-05-01,0.42379429936408997
1992-05-04,0.4327353239059448
1992-05-05,0.4327353239059448
1992-05-06,0.44167545437812805
1992-05-07,0.4345233142375946
1992-05-08,0.44346359372138977
1992-05-11,0.4452524185180664
1992-05-12,0.4452524185180664
1992-05-13,0.4488285183906555
1992-05-14,0.43899351358413696
1992-05-15,0.4336293339729309
1992-05-18,0.43184131383895874
1992-05-19,0.4246882200241089
1992-05-20,0.42915841937065125
1992-05-21,0.4229002594947815
1992-05-22,0.4255823791027069
1992-05-26,0.42379429936408997
1992-05-27,0.43094635009765625
1992-05-28,0.4255823791027069
1992-05-29,0.4273703098297119
1992-06-01,0.41210439801216125
1992-06-02,0.4049370586872101
1992-06-03,0.3879157602787018
1992-06-04,0.39060312509536743
1992-06-05,0.39329060912132263
1992-06-08,0.38881149888038635
1992-06-09,0.3870198428630829
1992-06-10,0.38522812724113464
1992-06-11,0.38612404465675354
1992-06-12,0.3914989233016968
1992-06-15,0.3771650195121765
1992-06-16,0.3529762029647827
1992-06-17,0.34043389558792114
1992-06-18,0.324308305978775
1992-06-19,0.3207250237464905
1992-06-22,0.31714093685150146
1992-06-23,0.324308305978775
1992-06-24,0.3296833634376526
1992-06-25,0.3269959092140198
1992-06-26,0.324308305978775
1992-06-29,0.3350590765476227
1992-06-30,0.3440171480178833
1992-07-01,0.3511844277381897
1992-07-02,0.3314748704433441
1992-07-06,0.3314748704433441
1992-07-07,0.31714093685150146
1992-07-08,0.32789161801338196
1992-07-09,0.32878735661506653
1992-07-10,0.32789161801338196
1992-07-13,0.3368506133556366
1992-07-14,0.34043389558792114
1992-07-15,0.3440171480178833
1992-07-16,0.34939292073249817
1992-07-17,0.32251670956611633
1992-07-20,0.3207250237464905
1992-07-21,0.32789161801338196
1992-07-22,0.31714093685150146
1992-07-23,0.3207250237464905
1992-07-24,0.32878735661506653
1992-07-27,0.324308305978775
1992-07-28,0.33326730132102966
1992-07-29,0.3386421799659729
1992-07-30,0.3386421799659729
1992-07-31,0.3350590765476227
1992-08-03,0.32789161801338196
1992-08-04,0.3260999619960785
1992-08-05,0.3207250237464905
1992-08-06,0.3153492510318756
1992-08-07,0.3108702600002289
1992-08-10,0.31624504923820496
1992-08-11,0.3117660582065582
1992-08-12,0.31624504923820496
1992-08-13,0.3207250237464905
1992-08-14,0.3207250237464905
1992-08-17,0.32158708572387695
1992-08-18,0.32158708572387695
1992-08-19,0.31978967785835266
1992-08-20,0.32158708572387695
1992-08-21,0.3206888437271118
1992-08-24,0.31080737709999084
1992-08-25,0.3188914656639099
1992-08-26,0.31799328327178955
1992-08-27,0.31978967785835266
1992-08-28,0.32338348031044006
1992-08-31,0.33056938648223877
1992-09-01,0.3341631293296814
1992-09-02,0.34853553771972656
1992-09-03,0.3431451916694641
1992-09-04,0.33955246210098267
1992-09-08,0.3431451916694641
1992-09-09,0.35212838649749756
1992-09-10,0.3539249300956726
1992-09-11,0.3422471284866333
1992-09-14,0.3557213246822357
1992-09-15,0.3467390835285187
1992-09-16,0.33775588870048523
1992-09-17,0.33056938648223877
1992-09-18,0.3341631293296814
1992-09-21,0.3341631293296814
1992-09-22,0.3287728428840637
1992-09-23,0.34134891629219055
1992-09-24,0.3323657512664795
1992-09-25,0.32697635889053345
1992-09-28,0.32158708572387695
1992-09-29,0.3224852979183197
1992-09-30,0.3242817223072052
1992-10-01,0.31799328327178955
1992-10-02,0.31440040469169617
1992-10-05,0.3126039505004883
1992-10-06,0.32158708572387695
1992-10-07,0.31440040469169617
1992-10-08,0.3126039505004883
1992-10-09,0.31170570850372314
1992-10-12,0.31619685888290405
1992-10-13,0.3260781466960907
1992-10-14,0.33056938648223877
1992-10-15,0.32697635889053345
1992-10-16,0.35212838649749756
1992-10-19,0.35212838649749756
1992-10-20,0.35302671790122986
1992-10-21,0.34853553771972656
1992-10-22,0.35033196210861206
1992-10-23,0.35033196210861206
1992-10-26,0.37009382247924805
1992-10-27,0.37009382247924805
1992-10-28,0.3754841685295105
1992-10-29,0.3826698064804077
1992-10-30,0.37728047370910645
1992-11-02,0.3754841685295105
1992-11-03,0.37368762493133545
1992-11-04,0.37728047370910645
1992-11-05,0.39524585008621216
1992-11-06,0.40063604712486267
1992-11-09,0.3970431983470917
1992-11-10,0.4042290151119232
1992-11-11,0.407821923494339
1992-11-12,0.4087209701538086
1992-11-13,0.4042290151119232
1992-11-16,0.412313848733902
1992-11-17,0.3970431983470917
1992-11-18,0.415008544921875
1992-11-19,0.41860148310661316
1992-11-20,0.41321200132369995
1992-11-23,0.407821923494339
1992-11-24,0.41321200132369995
1992-11-25,0.4060254991054535
1992-11-27,0.4060254991054535
1992-11-30,0.4140912890434265
1992-12-01,0.4194920063018799
1992-12-02,0.4122908413410187
1992-12-03,0.4140912890434265
1992-12-04,0.40959057211875916
1992-12-07,0.41589152812957764
1992-12-08,0.4185919463634491
1992-12-09,0.4149913191795349
1992-12-10,0.4122908413410187
1992-12-11,0.4140912890434265
1992-12-14,0.4122908413410187
1992-12-15,0.4059889614582062
1992-12-16,0.39608681201934814
1992-12-17,0.40959057211875916
1992-12-18,0.4194920063018799
1992-12-21,0.4293942451477051
1992-12-22,0.43659618496894836
1992-12-23,0.43029460310935974
1992-12-24,0.42489364743232727
1992-12-28,0.4284943640232086
1992-12-29,0.4293942451477051
1992-12-30,0.42309337854385376
1992-12-31,0.43029460310935974
1993-01-04,0.4194920063018799
1993-01-05,0.426693856716156
1993-01-06,0.4446975588798523
1993-01-07,0.43929678201675415
1993-01-08,0.4482991397380829
1993-01-11,0.46180176734924316
1993-01-12,0.44289731979370117
1993-01-13,0.45730024576187134
1993-01-14,0.46810290217399597
1993-01-15,0.433895081281662
1993-01-18,0.4284943640232086
1993-01-19,0.43029460310935974
1993-01-20,0.432094931602478
1993-01-21,0.432094931602478
1993-01-22,0.4284943640232086
1993-01-25,0.432094931602478
1993-01-26,0.43749645352363586
1993-01-27,0.433895081281662
1993-01-28,0.4311947524547577
1993-01-29,0.4284943640232086
1993-02-01,0.4410969913005829
1993-02-02,0.433895081281662
1993-02-03,0.432094931602478
1993-02-04,0.4284943640232086
1993-02-05,0.4122908413410187
1993-02-08,0.4068893492221832
1993-02-09,0.40959057211875916
1993-02-10,0.4014883041381836
1993-02-11,0.3969876170158386
1993-02-12,0.38883161544799805
1993-02-16,0.3825159966945648
1993-02-17,0.38883161544799805
1993-02-18,0.3969505727291107
1993-02-19,0.3969505727291107
1993-02-22,0.39785337448120117
1993-02-23,0.3915378749370575
1993-02-24,0.3870275020599365
1993-02-25,0.39514631032943726
1993-02-26,0.3825159966945648
1993-03-01,0.3843202292919159
1993-03-02,0.3915378749370575
1993-03-03,0.3942442536354065
1993-03-04,0.3969505727291107
1993-03-05,0.3969505727291107
1993-03-08,0.4077765941619873
1993-03-09,0.40958067774772644
1993-03-10,0.40958067774772644
1993-03-11,0.4104837477207184
1993-03-12,0.4059724807739258
1993-03-15,0.41138580441474915
1993-03-16,0.4077765941619873
1993-03-17,0.39785337448120117
1993-03-18,0.3933420479297638
1993-03-19,0.38792943954467773
1993-03-22,0.3843202292919159
1993-03-23,0.3807119131088257
1993-03-24,0.38792943954467773
1993-03-25,0.39514631032943726
1993-03-26,0.3843202292919159
1993-03-29,0.36808159947395325
1993-03-30,0.3771035075187683
1993-03-31,0.371690034866333
1993-04-01,0.37349504232406616
1993-04-02,0.36176687479019165
1993-04-05,0.3608647882938385
1993-04-06,0.3518429398536682
1993-04-07,0.3644731938838959
1993-04-08,0.35905975103378296
1993-04-12,0.3608647882938385
1993-04-13,0.35003867745399475
1993-04-14,0.3518429398536682
1993-04-15,0.3410169184207916
1993-04-16,0.34733253717422485
1993-04-19,0.35003867745399475
1993-04-20,0.3608647882938385
1993-04-21,0.35815754532814026
1993-04-22,0.3608647882938385
1993-04-23,0.3554513454437256
1993-04-26,0.3536471724510193
1993-04-27,0.3626690208911896
1993-04-28,0.37078791856765747
1993-04-29,0.3662773668766022
1993-04-30,0.3698859214782715
1993-05-03,0.37439703941345215
1993-05-04,0.3852232098579407
1993-05-05,0.3933420479297638
1993-05-06,0.38792943954467773
1993-05-07,0.39514631032943726
1993-05-10,0.3969505727291107
1993-05-11,0.3933420479297638
1993-05-12,0.3843202292919159
1993-05-13,0.400559663772583
1993-05-14,0.400559663772583
1993-05-17,0.40236395597457886
1993-05-18,0.400559663772583
1993-05-19,0.41318997740745544
1993-05-20,0.42401599884033203
1993-05-21,0.4149942994117737
1993-05-24,0.41589632630348206
1993-05-25,0.40687429904937744
1993-05-26,0.4167984426021576
1993-05-27,0.4149942994117737
1993-05-28,0.40953296422958374
1993-06-01,0.41224583983421326
1993-06-02,0.41224583983421326
1993-06-03,0.4077250063419342
1993-06-04,0.3968763053417206
1993-06-07,0.36704307794570923
1993-06-08,0.3580024838447571
1993-06-09,0.3200323283672333
1993-06-10,0.32184040546417236
1993-06-11,0.31641650199890137
1993-06-14,0.3227451741695404
1993-06-15,0.30375975370407104
1993-06-16,0.30556783080101013
1993-06-17,0.29833585023880005
1993-06-18,0.29652705788612366
1993-06-21,0.28658321499824524
1993-06-22,0.2992398738861084
1993-06-23,0.292911171913147
1993-06-24,0.3019518256187439
1993-06-25,0.28929516673088074
1993-06-28,0.2901992201805115
1993-06-29,0.28206247091293335
1993-06-30,0.2856791019439697
1993-07-01,0.2748304605484009
1993-07-02,0.2784465551376343
1993-07-06,0.27302250266075134
1993-07-07,0.26398175954818726
1993-07-08,0.26398175954818726
1993-07-09,0.26578980684280396
1993-07-12,0.2748304605484009
1993-07-13,0.269405722618103
1993-07-14,0.269405722618103
1993-07-15,0.25855714082717896
1993-07-16,0.1988905966281891
1993-07-19,0.18532998859882355
1993-07-20,0.19436980783939362
1993-07-21,0.1898498833179474
1993-07-22,0.1916578710079193
1993-07-23,0.1898498833179474
1993-07-26,0.19436980783939362
1993-07-27,0.1916578710079193
1993-07-28,0.19436980783939362
1993-07-29,0.19708257913589478
1993-07-30,0.20069853961467743
1993-08-02,0.20612245798110962
1993-08-03,0.2097393274307251
1993-08-04,0.21877920627593994
1993-08-05,0.21335524320602417
1993-08-06,0.21154719591140747
1993-08-09,0.2151632010936737
1993-08-10,0.20612245798110962
1993-08-11,0.1988905966281891
1993-08-12,0.1916578710079193
1993-08-13,0.19798657298088074
1993-08-16,0.19976593554019928
1993-08-17,0.20612172782421112
1993-08-18,0.20702961087226868
1993-08-19,0.19976593554019928
1993-08-20,0.20339778065681458
1993-08-23,0.20612172782421112
1993-08-24,0.20339778065681458
1993-08-25,0.19794996082782745
1993-08-26,0.19522523880004883
1993-08-27,0.19250133633613586
1993-08-30,0.18886950612068176
1993-08-31,0.19250133633613586
1993-09-01,0.1897774487733841
1993-09-02,0.18705356121063232
1993-09-03,0.18705356121063232
1993-09-07,0.1906854212284088
1993-09-08,0.1943172961473465
1993-09-09,0.18886950612068176
1993-09-10,0.1906854212284088
1993-09-13,0.18342088162899017
1993-09-14,0.17615710198879242
1993-09-15,0.17797309160232544
1993-09-16,0.1797890067100525
1993-09-17,0.18342088162899017
1993-09-20,0.1806970238685608
1993-09-21,0.17797309160232544
1993-09-22,0.18523761630058289
1993-09-23,0.1797890067100525
1993-09-24,0.18160489201545715
1993-09-27,0.1797890067100525
1993-09-28,0.1797890067100525
1993-09-29,0.17343322932720184
1993-09-30,0.1698005348443985
1993-10-01,0.1652606874704361
1993-10-04,0.1652606874704361
1993-10-05,0.1707085222005844
1993-10-06,0.1716172844171524
1993-10-07,0.16707667708396912
1993-10-08,0.16435272991657257
1993-10-11,0.17252524197101593
1993-10-12,0.17434120178222656
1993-10-13,0.17434120178222656
1993-10-14,0.17252524197101593
1993-10-15,0.2052137404680252
1993-10-18,0.20612172782421112
1993-10-19,0.20158183574676514
1993-10-20,0.20158183574676514
1993-10-21,0.2197420448064804
1993-10-22,0.2197420448064804
1993-10-25,0.21792611479759216
1993-10-26,0.21611015498638153
1993-10-27,0.23063841462135315
1993-10-28,0.22519062459468842
1993-10-29,0.22337479889392853
1993-11-01,0.2288224995136261
1993-11-02,0.23790308833122253
1993-11-03,0.2297305017709732
1993-11-04,0.23427027463912964
1993-11-05,0.23154641687870026
1993-11-08,0.22337479889392853
1993-11-09,0.2188340276479721
1993-11-10,0.22337479889392853
1993-11-11,0.22791451215744019
1993-11-12,0.23063841462135315
1993-11-15,0.23245437443256378
1993-11-16,0.24698267877101898
1993-11-17,0.2433507740497589
1993-11-18,0.2433507740497589
1993-11-19,0.2405804693698883
1993-11-22,0.23693549633026123
1993-11-23,0.2405804693698883
1993-11-24,0.2405804693698883
1993-11-26,0.23784662783145905
1993-11-29,0.23146718740463257
1993-11-30,0.22964473068714142
1993-12-01,0.22964473068714142
1993-12-02,0.23146718740463257
1993-12-03,0.22964473068714142
1993-12-06,0.23511216044425964
1993-12-07,0.23511216044425964
1993-12-08,0.23237846791744232
1993-12-09,0.21870920062065125
1993-12-10,0.20595115423202515
1993-12-13,0.21506422758102417
1993-12-14,0.2123306393623352
1993-12-15,0.2168867290019989
1993-12-16,0.21415308117866516
1993-12-17,0.21506422758102417
1993-12-20,0.2077736258506775
1993-12-21,0.20048373937606812
1993-12-22,0.204128697514534
1993-12-23,0.19866129755973816
1993-12-27,0.2077736258506775
1993-12-28,0.2123306393623352
1993-12-29,0.2077736258506775
1993-12-30,0.2168867290019989
1993-12-31,0.21324175596237183
1994-01-03,0.21779797971248627
1994-01-04,0.22964473068714142
1994-01-05,0.2460477203130722
1994-01-06,0.23875786364078522
1994-01-07,0.24149154126644135
1994-01-10,0.24513652920722961
1994-01-11,0.23237846791744232
1994-01-12,0.22235408425331116
1994-01-13,0.22326615452766418
1994-01-14,0.2259998619556427
1994-01-17,0.22144287824630737
1994-01-18,0.21415308117866516
1994-01-19,0.21324175596237183
1994-01-20,0.21779797971248627
1994-01-21,0.24331407248973846
1994-01-24,0.2551608979701996
1994-01-25,0.24695900082588196
1994-01-26,0.24422521889209747
1994-01-27,0.24878224730491638
1994-01-28,0.2478703111410141
1994-01-31,0.23875786364078522
1994-02-01,0.2424028217792511
1994-02-02,0.2405804693698883
1994-02-03,0.24422521889209747
1994-02-04,0.24422521889209747
1994-02-07,0.26705268025398254
1994-02-08,0.26156482100486755
1994-02-09,0.26522356271743774
1994-02-10,0.26705268025398254
1994-02-11,0.2707105875015259
1994-02-14,0.2707105875015259
1994-02-15,0.2716251611709595
1994-02-16,0.2688816487789154
1994-02-17,0.2707105875015259
1994-02-18,0.26522356271743774
1994-02-22,0.2725396752357483
1994-02-23,0.2725396752357483
1994-02-24,0.26796725392341614
1994-02-25,0.2633945643901825
1994-02-28,0.26705268025398254
1994-03-01,0.26522356271743774
1994-03-02,0.2606502175331116
1994-03-03,0.26156482100486755
1994-03-04,0.2688816487789154
1994-03-07,0.2771131098270416
1994-03-08,0.2707105875015259
1994-03-09,0.27436864376068115
1994-03-10,0.2725396752357483
1994-03-11,0.2725396752357483
1994-03-14,0.2789420485496521
1994-03-15,0.27528414130210876
1994-03-16,0.2688816487789154
1994-03-17,0.26705268025398254
1994-03-18,0.26613810658454895
1994-03-21,0.2597358226776123
1994-03-22,0.2560778856277466
1994-03-23,0.2569923400878906
1994-03-24,0.25333431363105774
1994-03-25,0.23961590230464935
1994-03-28,0.24327397346496582
1994-03-29,0.23961590230464935
1994-03-30,0.2377869188785553
1994-03-31,0.24327397346496582
1994-04-04,0.24327397346496582
1994-04-05,0.24510294198989868
1994-04-06,0.24510294198989868
1994-04-07,0.24418838322162628
1994-04-08,0.24510294198989868
1994-04-11,0.24510294198989868
1994-04-12,0.23412807285785675
1994-04-13,0.23229901492595673
1994-04-14,0.2304699569940567
1994-04-15,0.22132417559623718
1994-04-18,0.2167515903711319
1994-04-19,0.21217915415763855
1994-04-20,0.20669123530387878
1994-04-21,0.2167515903711319
1994-04-22,0.2176661342382431
1994-04-25,0.226811945438385
1994-04-26,0.2286410629749298
1994-04-28,0.22132417559623718
1994-04-29,0.21949511766433716
1994-05-02,0.226811945438385
1994-05-03,0.22132417559623718
1994-05-04,0.24144507944583893
1994-05-05,0.2405303567647934
1994-05-06,0.2364143580198288
1994-05-09,0.2286410629749298
1994-05-10,0.226811945438385
1994-05-11,0.22132417559623718
1994-05-12,0.2172088325023651
1994-05-13,0.21949511766433716
1994-05-16,0.21583715081214905
1994-05-17,0.21492259204387665
1994-05-18,0.22406849265098572
1994-05-19,0.23504261672496796
1994-05-20,0.22726920247077942
1994-05-23,0.22315309941768646
1994-05-24,0.2249831110239029
1994-05-25,0.2286410629749298
1994-05-26,0.22315309941768646
1994-05-27,0.21990267932415009
1994-05-31,0.21485304832458496
1994-06-01,0.20750731229782104
1994-06-02,0.2010805457830429
1994-06-03,0.20291678607463837
1994-06-06,0.2010805457830429
1994-06-07,0.20199868083000183
1994-06-08,0.19189855456352234
1994-06-09,0.1983252912759781
1994-06-10,0.19465285539627075
1994-06-13,0.1983252912759781
1994-06-14,0.19878441095352173
1994-06-15,0.2042938619852066
1994-06-16,0.19373473525047302
1994-06-17,0.19465285539627075
1994-06-20,0.19924424588680267
1994-06-21,0.1909804493188858
1994-06-22,0.1928166151046753
1994-06-23,0.18455277383327484
1994-06-24,0.18811090290546417
1994-06-27,0.1928166151046753
1994-06-28,0.1964890956878662
1994-06-29,0.19189855456352234
1994-06-30,0.19465285539627075
1994-07-01,0.18914422392845154
1994-07-05,0.19465285539627075
1994-07-06,0.19189855456352234
1994-07-07,0.1969481259584427
1994-07-08,0.19878441095352173
1994-07-11,0.1983252912759781
1994-07-12,0.20842546224594116
1994-07-13,0.21806637942790985
1994-07-14,0.21026162803173065
1994-07-15,0.20750731229782104
1994-07-18,0.20842546224594116
1994-07-19,0.20337580144405365
1994-07-20,0.19557102024555206
1994-07-21,0.2056710571050644
1994-07-22,0.22770744562149048
1994-07-25,0.23275716602802277
1994-07-26,0.23046180605888367
1994-07-27,0.22816653549671173
1994-07-28,0.23413434624671936
1994-07-29,0.24744780361652374
1994-08-01,0.245152547955513
1994-08-02,0.23918478190898895
1994-08-03,0.24331629276275635
1994-08-04,0.24423445761203766
1994-08-05,0.24423445761203766
1994-08-08,0.24790692329406738
1994-08-09,0.2469887137413025
1994-08-10,0.25433453917503357
1994-08-11,0.25203925371170044
1994-08-12,0.2552526295185089
1994-08-15,0.25521546602249146
1994-08-16,0.25613683462142944
1994-08-17,0.25797945261001587
1994-08-18,0.25521546602249146
1994-08-19,0.25705814361572266
1994-08-22,0.25705814361572266
1994-08-23,0.25797945261001587
1994-08-24,0.25705814361572266
1994-08-25,0.2584400177001953
1994-08-26,0.2635071873664856
1994-08-29,0.2607432007789612
1994-08-30,0.2671931982040405
1994-08-31,0.2667325735092163
1994-09-01,0.25797945261001587
1994-09-02,0.2607432007789612
1994-09-06,0.262125164270401
1994-09-07,0.2662717401981354
1994-09-08,0.2662717401981354
1994-09-09,0.2635071873664856
1994-09-12,0.2635071873664856
1994-09-13,0.2639678418636322
1994-09-14,0.2589007616043091
1994-09-15,0.2653505206108093
1994-09-16,0.2681144177913666
1994-09-19,0.2616645395755768
1994-09-20,0.2547548711299896
1994-09-21,0.2515302896499634
1994-09-22,0.24968697130680084
1994-09-23,0.2501474916934967
1994-09-26,0.2501474916934967
1994-09-27,0.24968697130680084
1994-09-28,0.24968697130680084
1994-09-29,0.2515302896499634
1994-09-30,0.24830493330955505
1994-10-03,0.24415913224220276
1994-10-04,0.24876567721366882
1994-10-05,0.2791709005832672
1994-10-06,0.2671931982040405
1994-10-07,0.27272093296051025
1994-10-10,0.2865411341190338
1994-10-11,0.29206976294517517
1994-10-12,0.3104965388774872
1994-10-13,0.30312618613243103
1994-10-14,0.30312618613243103
1994-10-17,0.292991042137146
1994-10-18,0.3040473759174347
1994-10-19,0.3040473759174347
1994-10-20,0.3022041320800781
1994-10-21,0.31418174505233765
1994-10-24,0.311417818069458
1994-10-25,0.31418174505233765
1994-10-26,0.31878897547721863
1994-10-27,0.31510311365127563
1994-10-28,0.3104965388774872
1994-10-31,0.3183283805847168
1994-11-01,0.3178677558898926
1994-11-02,0.30496883392333984
1994-11-03,0.3058900237083435
1994-11-04,0.2975975573062897
1994-11-07,0.30036136507987976
1994-11-08,0.311417818069458
1994-11-09,0.3068113923072815
1994-11-10,0.3045080900192261
1994-11-11,0.30312618613243103
1994-11-14,0.313260555267334
1994-11-15,0.30496883392333984
1994-11-16,0.30174338817596436
1994-11-17,0.2948337197303772
1994-11-18,0.29572051763534546
1994-11-21,0.2818586230278015
1994-11-22,0.2763134837150574
1994-11-23,0.2726171016693115
1994-11-25,0.2790864408016205
1994-11-28,0.2795485556125641
1994-11-29,0.2827826738357544
1994-11-30,0.2753893733024597
1994-12-01,0.26753488183021545
1994-12-02,0.2703070640563965
1994-12-05,0.27492743730545044
1994-12-06,0.2776995599269867
1994-12-07,0.2707691192626953
1994-12-08,0.2652246952056885
1994-12-09,0.26799681782722473
1994-12-12,0.2698449492454529
1994-12-13,0.2689208686351776
1994-12-14,0.2800105810165405
1994-12-15,0.27446529269218445
1994-12-16,0.2753893733024597
1994-12-19,0.28925126791000366
1994-12-20,0.28463080525398254
1994-12-21,0.28370675444602966
1994-12-22,0.285554975271225
1994-12-23,0.2874029874801636
1994-12-27,0.28925126791000366
1994-12-28,0.28925126791000366
1994-12-29,0.2920241951942444
1994-12-30,0.2883271872997284
1995-01-03,0.28370675444602966
1995-01-04,0.2911002039909363
1995-01-05,0.2874029874801636
1995-01-06,0.3105064630508423
1995-01-09,0.3046150207519531
1995-01-10,0.32298219203948975
1995-01-11,0.3456234633922577
1995-01-12,0.3354579210281372
1995-01-13,0.33176159858703613
1995-01-16,0.3289884626865387
1995-01-17,0.3326856195926666
1995-01-18,0.3373059928417206
1995-01-19,0.3391541540622711
1995-01-20,0.3151267170906067
1995-01-23,0.31235450506210327
1995-01-24,0.3077342212200165
1995-01-25,0.3029979169368744
1995-01-26,0.2920241951942444
1995-01-27,0.2947963774204254
1995-01-30,0.2966446876525879
1995-01-31,0.2984926402568817
1995-02-01,0.2966446876525879
1995-02-02,0.3077342212200165
1995-02-03,0.29941675066947937
1995-02-06,0.29941675066947937
1995-02-07,0.30172690749168396
1995-02-08,0.3128165304660797
1995-02-09,0.32252004742622375
1995-02-10,0.3234442472457886
1995-02-13,0.32433342933654785
1995-02-14,0.3183104395866394
1995-02-15,0.31552982330322266
1995-02-16,0.3201637864112854
1995-02-17,0.31506645679473877
1995-02-21,0.3039464056491852
1995-02-22,0.3025563955307007
1995-02-23,0.29792341589927673
1995-02-24,0.2891198694705963
1995-02-27,0.28356021642684937
1995-02-28,0.29282712936401367
1995-03-01,0.2965336740016937
1995-03-02,0.2965336740016937
1995-03-03,0.2983867824077606
1995-03-06,0.2946803867816925
1995-03-07,0.2840234935283661
1995-03-08,0.2932903468608856
1995-03-09,0.2946803867816925
1995-03-10,0.29282712936401367
1995-03-13,0.28263357281684875
1995-03-14,0.2594667077064514
1995-03-15,0.2594667077064514
1995-03-16,0.26131999492645264
1995-03-17,0.2603934407234192
1995-03-20,0.26131999492645264
1995-03-21,0.2687336802482605
1995-03-22,0.28217023611068726
1995-03-23,0.27521994709968567
1995-03-24,0.27985379099845886
1995-03-27,0.2756831645965576
1995-03-28,0.2548336386680603
1995-03-29,0.2548336386680603
1995-03-30,0.26224660873413086
1995-03-31,0.26131999492645264
1995-04-03,0.2631731629371643
1995-04-04,0.25112640857696533
1995-04-05,0.25761353969573975
1995-04-06,0.27244001626968384
1995-04-07,0.27244001626968384
1995-04-10,0.271513432264328
1995-04-11,0.27985379099845886
1995-04-12,0.2891198694705963
1995-04-13,0.28356021642684937
1995-04-17,0.28448668122291565
1995-04-18,0.2779996991157532
1995-04-19,0.2696602940559387
1995-04-20,0.27892714738845825
1995-04-21,0.29004645347595215
1995-04-24,0.2891198694705963
1995-04-25,0.27985379099845886
1995-04-26,0.28356021642684937
1995-04-27,0.2807804346084595
1995-04-28,0.28356021642684937
1995-05-01,0.28356021642684937
1995-05-02,0.28263357281684875
1995-05-03,0.28263357281684875
1995-05-04,0.28541338443756104
1995-05-05,0.2881931960582733
1995-05-08,0.30023983120918274
1995-05-09,0.30580031871795654
1995-05-10,0.3071903884410858
1995-05-11,0.3039464056491852
1995-05-12,0.3234066963195801
1995-05-15,0.3234066963195801
1995-05-16,0.32433342933654785
1995-05-17,0.3261866271495819
1995-05-18,0.32155364751815796
1995-05-19,0.3169196546077728
1995-05-22,0.3271132707595825
1995-05-23,0.3252599835395813
1995-05-24,0.32248008251190186
1995-05-25,0.32155364751815796
1995-05-26,0.31733399629592896
1995-05-30,0.31222349405288696
1995-05-31,0.30897143483161926
1995-06-01,0.3136173188686371
1995-06-02,0.31315261125564575
1995-06-05,0.3233743906021118
1995-06-06,0.32709118723869324
1995-06-07,0.3205869793891907
1995-06-08,0.31919318437576294
1995-06-09,0.3233743906021118
1995-06-12,0.32836925983428955
1995-06-13,0.32709118723869324
1995-06-14,0.32430359721183777
1995-06-15,0.32430359721183777
1995-06-16,0.3261619806289673
1995-06-19,0.32987871766090393
1995-06-20,0.3521806299686432
1995-06-21,0.3670482635498047
1995-06-22,0.36518993973731995
1995-06-23,0.36240246891975403
1995-06-26,0.3577566146850586
1995-06-27,0.3447472155094147
1995-06-28,0.3466055691242218
1995-06-29,0.3512515127658844
1995-06-30,0.34521186351776123
1995-07-03,0.3489284813404083
1995-07-05,0.3456765115261078
1995-07-06,0.3493930399417877
1995-07-07,0.3614732325077057
1995-07-10,0.3614732325077057
1995-07-11,0.3503223657608032
1995-07-12,0.3493930399417877
1995-07-13,0.3540390133857727
1995-07-14,0.36240246891975403
1995-07-17,0.3642606735229492
1995-07-18,0.3577566146850586
1995-07-19,0.33824217319488525
1995-07-20,0.3498578369617462
1995-07-21,0.3252328634262085
1995-07-24,0.3373130261898041
1995-07-25,0.3401005268096924
1995-07-26,0.3373130261898041
1995-07-27,0.3479992747306824
1995-07-28,0.33824217319488525
1995-07-31,0.33452537655830383
1995-08-01,0.3233743906021118
1995-08-02,0.32987871766090393
1995-08-03,0.33452537655830383
1995-08-04,0.3289496898651123
1995-08-07,0.3224453926086426
1995-08-08,0.315940260887146
1995-08-09,0.3205869793891907
1995-08-10,0.31779852509498596
1995-08-11,0.3201223611831665
1995-08-14,0.3224453926086426
1995-08-15,0.32755574584007263
1995-08-16,0.3317108452320099
1995-08-17,0.33264344930648804
1995-08-18,0.33450689911842346
1995-08-21,0.3289158046245575
1995-08-22,0.33357518911361694
1995-08-23,0.33916547894477844
1995-08-24,0.3410288989543915
1995-08-25,0.33357518911361694
1995-08-28,0.3205302655696869
1995-08-29,0.32146209478378296
1995-08-30,0.3233255445957184
1995-08-31,0.3205302655696869
1995-09-01,0.3200644552707672
1995-09-05,0.32425713539123535
1995-09-06,0.3261207044124603
1995-09-07,0.33357518911361694
1995-09-08,0.33357518911361694
1995-09-11,0.3298476040363312
1995-09-12,0.3200644552707672
1995-09-13,0.31587105989456177
1995-09-14,0.2981676459312439
1995-09-15,0.26741936802864075
1995-09-18,0.27347543835639954
1995-09-19,0.273941308259964
1995-09-20,0.2730095684528351
1995-09-21,0.275804728269577
1995-09-22,0.27627062797546387
1995-09-25,0.2796485126018524
1995-09-26,0.27859994769096375
1995-09-27,0.2702144384384155
1995-09-28,0.28139597177505493
1995-09-29,0.2776681184768677
1995-10-02,0.28046414256095886
1995-10-03,0.28046414256095886
1995-10-04,0.2711462378501892
1995-10-05,0.27207788825035095
1995-10-06,0.26602092385292053
1995-10-09,0.2594988942146301
1995-10-10,0.2585671544075012
1995-10-11,0.25996488332748413
1995-10-12,0.26322585344314575
1995-10-13,0.26835110783576965
1995-10-16,0.2692827582359314
1995-10-17,0.2730095684528351
1995-10-18,0.27859994769096375
1995-10-19,0.259033203125
1995-10-20,0.26182833313941956
1995-10-23,0.26182833313941956
1995-10-24,0.26182833313941956
1995-10-25,0.259033203125
1995-10-26,0.25996488332748413
1995-10-27,0.259033203125
1995-10-30,0.26276010274887085
1995-10-31,0.2706802785396576
1995-11-01,0.2730095684528351
1995-11-02,0.2730095684528351
1995-11-03,0.27207788825035095
1995-11-06,0.28419095277786255
1995-11-07,0.29537221789360046
1995-11-08,0.2897813320159912
1995-11-09,0.29350903630256653
1995-11-10,0.2963041365146637
1995-11-13,0.3046894967556
1995-11-14,0.3093488812446594
1995-11-15,0.30562129616737366
1995-11-16,0.2977016568183899
1995-11-17,0.29909926652908325
1995-11-20,0.2879177927970886
1995-11-21,0.28881484270095825
1995-11-22,0.28881484270095825
1995-11-24,0.3004983365535736
1995-11-27,0.294423371553421
1995-11-28,0.2990964353084564
1995-11-29,0.2934878170490265
1995-11-30,0.2850763499736786
1995-12-01,0.2813378870487213
1995-12-04,0.29535797238349915
1995-12-05,0.29535797238349915
1995-12-06,0.2897493839263916
1995-12-07,0.28834739327430725
1995-12-08,0.294423371553421
1995-12-11,0.28881484270095825
1995-12-12,0.2841416001319885
1995-12-13,0.28694549202919006
1995-12-14,0.2860109508037567
1995-12-15,0.2635783851146698
1995-12-18,0.24114593863487244
1995-12-19,0.24488535523414612
1995-12-20,0.24395069479942322
1995-12-21,0.24301613867282867
1995-12-22,0.24114593863487244
1995-12-26,0.23974411189556122
1995-12-27,0.24208150804042816
1995-12-28,0.23927690088748932
1995-12-29,0.23834212124347687
1996-01-02,0.2402113974094391
1996-01-03,0.2402113974094391
1996-01-04,0.23600557446479797
1996-01-05,0.2561015486717224
1996-01-08,0.2589055001735687
1996-01-09,0.24488535523414612
1996-01-10,0.2561015486717224
1996-01-11,0.2617092430591583
1996-01-12,0.25329679250717163
1996-01-15,0.2551669776439667
1996-01-16,0.2584381401538849
1996-01-17,0.2542314827442169
1996-01-18,0.2388094961643219
1996-01-19,0.22338753938674927
1996-01-22,0.2280605584383011
1996-01-23,0.236472949385643
1996-01-24,0.24114593863487244
1996-01-25,0.22619129717350006
1996-01-26,0.22899608314037323
1996-01-29,0.21777978539466858
1996-01-30,0.2042270004749298
1996-01-31,0.2065635770559311
1996-02-01,0.212171271443367
1996-02-02,0.21871435642242432
1996-02-05,0.21871435642242432
1996-02-06,0.22151829302310944
1996-02-07,0.2112366259098053
1996-02-08,0.20843279361724854
1996-02-09,0.20749817788600922
1996-02-12,0.212171271443367
1996-02-13,0.21030211448669434
1996-02-14,0.2065635770559311
1996-02-15,0.20936746895313263
1996-02-16,0.20562896132469177
1996-02-20,0.21684518456459045
1996-02-21,0.22151829302310944
1996-02-22,0.22338753938674927
1996-02-23,0.22338753938674927
1996-02-26,0.2205837070941925
1996-02-27,0.21404047310352325
1996-02-28,0.20749817788600922
1996-02-29,0.20562896132469177
1996-03-01,0.20095504820346832
1996-03-04,0.19628190994262695
1996-03-05,0.1990857720375061
1996-03-06,0.19581462442874908
1996-03-07,0.19301076233386993
1996-03-08,0.1944126933813095
1996-03-11,0.19347812235355377
1996-03-12,0.19301076233386993
1996-03-13,0.19254350662231445
1996-03-14,0.19160881638526917
1996-03-15,0.19347812235355377
1996-03-18,0.1953473836183548
1996-03-19,0.19254350662231445
1996-03-20,0.18880416452884674
1996-03-21,0.18786954879760742
1996-03-22,0.1897396743297577
1996-03-25,0.17945803701877594
1996-03-26,0.17852339148521423
1996-03-27,0.18880416452884674
1996-03-28,0.18085995316505432
1996-03-29,0.18366380035877228
1996-04-01,0.1906743049621582
1996-04-02,0.1869349330663681
1996-04-03,0.18366380035877228
1996-04-04,0.18039263784885406
1996-04-08,0.1822618693113327
1996-04-09,0.1944126933813095
1996-04-10,0.1944126933813095
1996-04-11,0.19254350662231445
1996-04-12,0.1906743049621582
1996-04-15,0.19254350662231445
1996-04-16,0.19347812235355377
1996-04-17,0.18880416452884674
1996-04-18,0.18506568670272827
1996-04-19,0.18740229308605194
1996-04-22,0.18786954879760742
1996-04-23,0.18506568670272827
1996-04-24,0.1813272386789322
1996-04-25,0.18600036203861237
1996-04-26,0.18506568670272827
1996-04-29,0.18506568670272827
1996-04-30,0.1822618693113327
1996-05-01,0.1822618693113327
1996-05-02,0.17758876085281372
1996-05-03,0.17852339148521423
1996-05-06,0.19160881638526917
1996-05-07,0.20095504820346832
1996-05-08,0.20002040266990662
1996-05-09,0.1953473836183548
1996-05-10,0.20375972986221313
1996-05-13,0.20235691964626312
1996-05-14,0.20562896132469177
1996-05-15,0.21310590207576752
1996-05-16,0.212171271443367
1996-05-17,0.2065635770559311
1996-05-20,0.20890012383460999
1996-05-21,0.20282511413097382
1996-05-22,0.19488003849983215
1996-05-23,0.19628190994262695
1996-05-24,0.20002040266990662
1996-05-28,0.19721652567386627
1996-05-29,0.18600036203861237
1996-05-30,0.1906743049621582
1996-05-31,0.1953473836183548
1996-06-03,0.18506568670272827
1996-06-04,0.18085995316505432
1996-06-05,0.18786954879760742
1996-06-06,0.1813272386789322
1996-06-07,0.1822618693113327
1996-06-10,0.18039263784885406
1996-06-11,0.17945803701877594
1996-06-12,0.1813272386789322
1996-06-13,0.18413116037845612
1996-06-14,0.17899075150489807
1996-06-17,0.1766541451215744
1996-06-18,0.1701110154390335
1996-06-19,0.17291486263275146
1996-06-20,0.1701110154390335
1996-06-21,0.16917642951011658
1996-06-24,0.16637255251407623
1996-06-25,0.15422169864177704
1996-06-26,0.14861318469047546
1996-06-27,0.15422169864177704
1996-06-28,0.157025545835495
1996-07-01,0.16076399385929108
1996-07-02,0.157025545835495
1996-07-03,0.1448746919631958
1996-07-05,0.14580930769443512
1996-07-08,0.14300547540187836
1996-07-09,0.14207080006599426
1996-07-10,0.14020158350467682
1996-07-11,0.13365846872329712
1996-07-12,0.1350603997707367
1996-07-15,0.12851813435554504
1996-07-16,0.12618155777454376
1996-07-17,0.12618155777454376
1996-07-18,0.15609097480773926
1996-07-19,0.15515631437301636
1996-07-22,0.1514178216457367
1996-07-23,0.1532871425151825
1996-07-24,0.1556236743927002
1996-07-25,0.157025545835495
1996-07-26,0.16450336575508118
1996-07-29,0.16637255251407623
1996-07-30,0.15982942283153534
1996-07-31,0.16450336575508118
1996-08-01,0.15889482200145721
1996-08-02,0.1616986244916916
1996-08-05,0.157025545835495
1996-08-06,0.16076399385929108
1996-08-07,0.16730719804763794
1996-08-08,0.1654379516839981
1996-08-09,0.17291486263275146
1996-08-12,0.17198023200035095
1996-08-13,0.16824181377887726
1996-08-14,0.1701110154390335
1996-08-15,0.16637255251407623
1996-08-16,0.16824181377887726
1996-08-19,0.1766541451215744
1996-08-20,0.17571866512298584
1996-08-21,0.17198023200035095
1996-08-22,0.17384947836399078
1996-08-23,0.17852339148521423
1996-08-26,0.18039263784885406
1996-08-27,0.18588392436504364
1996-08-28,0.18600036203861237
1996-08-29,0.18319645524024963
1996-08-30,0.1813272386789322
1996-09-03,0.18039263784885406
1996-09-04,0.18039263784885406
1996-09-05,0.17104561626911163
1996-09-06,0.17198023200035095
1996-09-09,0.16450336575508118
1996-09-10,0.16076399385929108
1996-09-11,0.15796016156673431
1996-09-12,0.152352437376976
1996-09-13,0.157025545835495
1996-09-16,0.16730719804763794
1996-09-17,0.17198023200035095
1996-09-18,0.17571866512298584
1996-09-19,0.1747841238975525
1996-09-20,0.17104561626911163
1996-09-23,0.16730719804763794
1996-09-24,0.16824181377887726
1996-09-25,0.16730719804763794
1996-09-26,0.16730719804763794
1996-09-27,0.1668398678302765
1996-09-30,0.16590522229671478
1996-10-01,0.18413116037845612
1996-10-02,0.1766541451215744
1996-10-03,0.16730719804763794
1996-10-04,0.17057836055755615
1996-10-07,0.17291486263275146
1996-10-08,0.17384947836399078
1996-10-09,0.17198023200035095
1996-10-10,0.18085995316505432
1996-10-11,0.1813272386789322
1996-10-14,0.18880416452884674
1996-10-15,0.18880416452884674
1996-10-16,0.19254350662231445
1996-10-17,0.19721652567386627
1996-10-18,0.19861850142478943
1996-10-21,0.19160881638526917
1996-10-22,0.18600036203861237
1996-10-23,0.18506568670272827
1996-10-24,0.18506568670272827
1996-10-25,0.18319645524024963
1996-10-28,0.18319645524024963
1996-10-29,0.17384947836399078
1996-10-30,0.17104561626911163
1996-10-31,0.17198023200035095
1996-11-01,0.1813272386789322
1996-11-04,0.1822618693113327
1996-11-05,0.1906743049621582
1996-11-06,0.1906743049621582
1996-11-07,0.19347812235355377
1996-11-08,0.19628190994262695
1996-11-11,0.1944126933813095
1996-11-12,0.18880416452884674
1996-11-13,0.1911415308713913
1996-11-14,0.19160881638526917
1996-11-15,0.1869349330663681
1996-11-18,0.18506568670272827
1996-11-19,0.18600036203861237
1996-11-20,0.1869349330663681
1996-11-21,0.18319645524024963
1996-11-22,0.18880416452884674
1996-11-25,0.1869349330663681
1996-11-26,0.1813272386789322
1996-11-27,0.18319645524024963
1996-11-29,0.18039263784885406
1996-12-02,0.18786954879760742
1996-12-03,0.18786954879760742
1996-12-04,0.1869349330663681
1996-12-05,0.1869349330663681
1996-12-06,0.18786954879760742
1996-12-09,0.1869349330663681
1996-12-10,0.18319645524024963
1996-12-11,0.17945803701877594
1996-12-12,0.17852339148521423
1996-12-13,0.17384947836399078
1996-12-16,0.16917642951011658
1996-12-17,0.16824181377887726
1996-12-18,0.17291486263275146
1996-12-19,0.16637255251407623
1996-12-20,0.17571866512298584
1996-12-23,0.17384947836399078
1996-12-24,0.17291486263275146
1996-12-26,0.17198023200035095
1996-12-27,0.17291486263275146
1996-12-30,0.1626332551240921
1996-12-31,0.15609097480773926
1997-01-02,0.157025545835495
1997-01-03,0.1626332551240921
1997-01-06,0.13365846872329712
1997-01-07,0.13085462152957916
1997-01-08,0.1317891925573349
1997-01-09,0.13272389769554138
1997-01-10,0.1364622861146927
1997-01-13,0.13552771508693695
1997-01-14,0.13365846872329712
1997-01-15,0.1289854198694229
1997-01-16,0.12524689733982086
1997-01-17,0.12524689733982086
1997-01-20,0.12664881348609924
1997-01-21,0.1289854198694229
1997-01-22,0.12851813435554504
1997-01-23,0.1289854198694229
1997-01-24,0.12618155777454376
1997-01-27,0.12431233376264572
1997-01-28,0.12431233376264572
1997-01-29,0.12431233376264572
1997-01-30,0.12524689733982086
1997-01-31,0.12431233376264572
1997-02-03,0.12197493016719818
1997-02-04,0.1149652972817421
1997-02-05,0.11403071135282516
1997-02-06,0.11963845044374466
1997-02-07,0.1182364746928215
1997-02-10,0.11683456599712372
1997-02-11,0.1173018366098404
1997-02-12,0.11776912212371826
1997-02-13,0.12057296931743622
1997-02-14,0.12197493016719818
1997-02-18,0.13365846872329712
1997-02-19,0.1317891925573349
1997-02-20,0.12711617350578308
1997-02-21,0.12244225293397903
1997-02-24,0.12431233376264572
1997-02-25,0.12618155777454376
1997-02-26,0.1280507743358612
1997-02-27,0.12711617350578308
1997-02-28,0.12150762230157852
1997-03-03,0.12057296931743622
1997-03-04,0.12337689101696014
1997-03-05,0.12711617350578308
1997-03-06,0.12431233376264572
1997-03-07,0.12337689101696014
1997-03-10,0.12431233376264572
1997-03-11,0.12244225293397903
1997-03-12,0.12150762230157852
1997-03-13,0.12244225293397903
1997-03-14,0.1238441988825798
1997-03-17,0.12337689101696014
1997-03-18,0.12150762230157852
1997-03-19,0.12057296931743622
1997-03-20,0.1289854198694229
1997-03-21,0.12431233376264572
1997-03-24,0.12337689101696014
1997-03-25,0.12337689101696014
1997-03-26,0.12524689733982086
1997-03-27,0.1392669975757599
1997-03-31,0.1364622861146927
1997-04-01,0.13085462152957916
1997-04-02,0.1345931738615036
1997-04-03,0.14113621413707733
1997-04-04,0.14394013583660126
1997-04-07,0.14580930769443512
1997-04-08,0.14300547540187836
1997-04-09,0.14207080006599426
1997-04-10,0.14113621413707733
1997-04-11,0.1364622861146927
1997-04-14,0.14020158350467682
1997-04-15,0.1378650963306427
1997-04-16,0.1387997716665268
1997-04-17,0.14207080006599426
1997-04-18,0.13739779591560364
1997-04-21,0.1345931738615036
1997-04-22,0.13833239674568176
1997-04-23,0.13552771508693695
1997-04-24,0.13365846872329712
1997-04-25,0.13085462152957916
1997-04-28,0.1317891925573349
1997-04-29,0.13225653767585754
1997-04-30,0.12711617350578308
1997-05-01,0.12711617350578308
1997-05-02,0.12711617350578308
1997-05-05,0.12711617350578308
1997-05-06,0.12618155777454376
1997-05-07,0.12337689101696014
1997-05-08,0.12711617350578308
1997-05-09,0.12758348882198334
1997-05-12,0.1313219666481018
1997-05-13,0.1313219666481018
1997-05-14,0.13225653767585754
1997-05-15,0.13272389769554138
1997-05-16,0.1289854198694229
1997-05-19,0.12711617350578308
1997-05-20,0.1289854198694229
1997-05-21,0.12618155777454376
1997-05-22,0.12431233376264572
1997-05-23,0.12618155777454376
1997-05-27,0.1289854198694229
1997-05-28,0.12711617350578308
1997-05-29,0.12431233376264572
1997-05-30,0.12431233376264572
1997-06-02,0.12664881348609924
1997-06-03,0.12477969378232956
1997-06-04,0.12431233376264572
1997-06-05,0.12477969378232956
1997-06-06,0.12524689733982086
1997-06-09,0.12431233376264572
1997-06-10,0.12150762230157852
1997-06-11,0.12197493016719818
1997-06-12,0.12010569870471954
1997-06-13,0.1182364746928215
1997-06-16,0.1158999353647232
1997-06-17,0.12220858782529831
1997-06-18,0.11917106062173843
1997-06-19,0.11776912212371826
1997-06-20,0.11636726558208466
1997-06-23,0.1149652972817421
1997-06-24,0.11449804157018661
1997-06-25,0.11309609562158585
1997-06-26,0.10982408374547958
1997-06-27,0.10982408374547958
1997-06-30,0.10655295103788376
1997-07-01,0.09860870987176895
1997-07-02,0.09767322987318039
1997-07-03,0.10234718769788742
1997-07-07,0.10328178852796555
1997-07-08,0.10281448066234589
1997-07-09,0.10234718769788742
1997-07-10,0.09907601773738861
1997-07-11,0.1135634109377861
1997-07-14,0.11683456599712372
1997-07-15,0.11917106062173843
1997-07-16,0.12290956825017929
1997-07-17,0.13085462152957916
1997-07-18,0.1296863704919815
1997-07-21,0.12080669403076172
1997-07-22,0.1238441988825798
1997-07-23,0.12057296931743622
1997-07-24,0.1182364746928215
1997-07-25,0.12150762230157852
1997-07-28,0.12290956825017929
1997-07-29,0.12337689101696014
1997-07-30,0.12992005050182343
1997-07-31,0.13085462152957916
1997-08-01,0.14347274601459503
1997-08-04,0.14767855405807495
1997-08-05,0.14767855405807495
1997-08-06,0.1967492699623108
1997-08-07,0.21824710071086884
1997-08-08,0.20048776268959045
1997-08-11,0.18366380035877228
1997-08-12,0.16497069597244263
1997-08-13,0.1766541451215744
1997-08-14,0.17198023200035095
1997-08-15,0.17384947836399078
1997-08-18,0.1766541451215744
1997-08-19,0.18272918462753296
1997-08-20,0.18413116037845612
1997-08-21,0.17945803701877594
1997-08-22,0.1766541451215744
1997-08-25,0.1724475771188736
1997-08-26,0.16637255251407623
1997-08-27,0.16964367032051086
1997-08-28,0.16450336575508118
1997-08-29,0.1626332551240921
1997-09-02,0.16730719804763794
1997-09-03,0.16824181377887726
1997-09-04,0.16824181377887726
1997-09-05,0.16590522229671478
1997-09-08,0.16076399385929108
1997-09-09,0.16310055553913116
1997-09-10,0.17151296138763428
1997-09-11,0.16730719804763794
1997-09-12,0.16497069597244263
1997-09-15,0.16076399385929108
1997-09-16,0.16403599083423615
1997-09-17,0.16310055553913116
1997-09-18,0.1668398678302765
1997-09-19,0.16403599083423615
1997-09-22,0.17057836055755615
1997-09-23,0.1626332551240921
1997-09-24,0.16076399385929108
1997-09-25,0.15796016156673431
1997-09-26,0.15936210751533508
1997-09-29,0.16497069597244263
1997-09-30,0.16216595470905304
1997-10-01,0.16099762916564941
1997-10-02,0.16403599083423615
1997-10-03,0.1654379516839981
1997-10-06,0.16403599083423615
1997-10-07,0.16310055553913116
1997-10-08,0.16076399385929108
1997-10-09,0.1626332551240921
1997-10-10,0.16964367032051086
1997-10-13,0.16964367032051086
1997-10-14,0.16964367032051086
1997-10-15,0.17805613577365875
1997-10-16,0.16076399385929108
1997-10-17,0.15048326551914215
1997-10-20,0.13973432779312134
1997-10-21,0.1425381749868393
1997-10-22,0.1387997716665268
1997-10-23,0.13272389769554138
1997-10-24,0.1238441988825798
1997-10-27,0.12524689733982086
1997-10-28,0.13552771508693695
1997-10-29,0.13085462152957916
1997-10-30,0.12337689101696014
1997-10-31,0.12734979391098022
1997-11-03,0.12992005050182343
1997-11-04,0.134125754237175
1997-11-05,0.13739779591560364
1997-11-06,0.14207080006599426
1997-11-07,0.14767855405807495
1997-11-10,0.13973432779312134
1997-11-11,0.13739779591560364
1997-11-12,0.1317891925573349
1997-11-13,0.1345931738615036
1997-11-14,0.1378650963306427
1997-11-17,0.13833239674568176
1997-11-18,0.1350603997707367
1997-11-19,0.1364622861146927
1997-11-20,0.13833239674568176
1997-11-21,0.1359950453042984
1997-11-24,0.1317891925573349
1997-11-25,0.12992005050182343
1997-11-26,0.13085462152957916
1997-11-28,0.13272389769554138
1997-12-01,0.13272389769554138
1997-12-02,0.11870377510786057
1997-12-03,0.11776912212371826
1997-12-04,0.11683456599712372
1997-12-05,0.1182364746928215
1997-12-08,0.11636726558208466
1997-12-09,0.11403071135282516
1997-12-10,0.11029140651226044
1997-12-11,0.10888947546482086
1997-12-12,0.10561831295490265
1997-12-15,0.10421639680862427
1997-12-16,0.10702023655176163
1997-12-17,0.10421639680862427
1997-12-18,0.10328178852796555
1997-12-19,0.10234718769788742
1997-12-22,0.09954331070184708
1997-12-23,0.09673862159252167
1997-12-24,0.0981413722038269
1997-12-26,0.09954331070184708
1997-12-29,0.0981413722038269
1997-12-30,0.09860870987176895
1997-12-31,0.0981413722038269
1998-01-02,0.12150762230157852
1998-01-05,0.11870377510786057
1998-01-06,0.14160355925559998
1998-01-07,0.13085462152957916
1998-01-08,0.1359950453042984
1998-01-09,0.1359950453042984
1998-01-12,0.1364622861146927
1998-01-13,0.14580930769443512
1998-01-14,0.14767855405807495
1998-01-15,0.14347274601459503
1998-01-16,0.14066894352436066
1998-01-20,0.1425381749868393
1998-01-21,0.14136990904808044
1998-01-22,0.14394013583660126
1998-01-23,0.14580930769443512
1998-01-26,0.14534197747707367
1998-01-27,0.14300547540187836
1998-01-28,0.14347274601459503
1998-01-29,0.13833239674568176
1998-01-30,0.13692966103553772
1998-02-02,0.13225653767585754
1998-02-03,0.13692966103553772
1998-02-04,0.1364622861146927
1998-02-05,0.13692966103553772
1998-02-06,0.13833239674568176
1998-02-09,0.14347274601459503
1998-02-10,0.14534197747707367
1998-02-11,0.14207080006599426
1998-02-12,0.1448746919631958
1998-02-13,0.14580930769443512
1998-02-17,0.14674390852451324
1998-02-18,0.15375439822673798
1998-02-19,0.15281976759433746
1998-02-20,0.14954784512519836
1998-02-23,0.15889482200145721
1998-02-24,0.15936210751533508
1998-02-25,0.1668398678302765
1998-02-26,0.17571866512298584
1998-02-27,0.1766541451215744
1998-03-02,0.1701110154390335
1998-03-03,0.17291486263275146
1998-03-04,0.18272918462753296
1998-03-05,0.17992529273033142
1998-03-06,0.18272918462753296
1998-03-09,0.1701110154390335
1998-03-10,0.17992529273033142
1998-03-11,0.1953473836183548
1998-03-12,0.20188960433006287
1998-03-13,0.20282511413097382
1998-03-16,0.19955305755138397
1998-03-17,0.19698289036750793
1998-03-18,0.20142234861850739
1998-03-19,0.20002040266990662
1998-03-20,0.19721652567386627
1998-03-23,0.1953473836183548
1998-03-24,0.20936746895313263
1998-03-25,0.20305874943733215
1998-03-26,0.19861850142478943
1998-03-27,0.20142234861850739
1998-03-30,0.20516164600849152
1998-03-31,0.20562896132469177
1998-04-01,0.20562896132469177
1998-04-02,0.2042270004749298
1998-04-03,0.20235691964626312
1998-04-06,0.19628190994262695
1998-04-07,0.1906743049621582
1998-04-08,0.1869349330663681
1998-04-09,0.19160881638526917
1998-04-13,0.1976838856935501
1998-04-14,0.20142234861850739
1998-04-15,0.20516164600849152
1998-04-16,0.21404047310352325
1998-04-17,0.20890012383460999
1998-04-20,0.21684518456459045
1998-04-21,0.21684518456459045
1998-04-22,0.20562896132469177
1998-04-23,0.20703084766864777
1998-04-24,0.20890012383460999
1998-04-27,0.20749817788600922
1998-04-28,0.20142234861850739
1998-04-29,0.20188960433006287
1998-04-30,0.20469437539577484
1998-05-01,0.20936746895313263
1998-05-04,0.2173125147819519
1998-05-05,0.22198553383350372
1998-05-06,0.2266586422920227
1998-05-07,0.2257240265607834
1998-05-08,0.227593332529068
1998-05-11,0.23133252561092377
1998-05-12,0.2252568006515503
1998-05-13,0.227593332529068
1998-05-14,0.22478942573070526
1998-05-15,0.22105096280574799
1998-05-18,0.21310590207576752
1998-05-19,0.21964898705482483
1998-05-20,0.22105096280574799
1998-05-21,0.21591056883335114
1998-05-22,0.20843279361724854
1998-05-26,0.19955305755138397
1998-05-27,0.20002040266990662
1998-05-28,0.20516164600849152
1998-05-29,0.1990857720375061
1998-06-01,0.19628190994262695
1998-06-02,0.20095504820346832
1998-06-03,0.1967492699623108
1998-06-04,0.20048776268959045
1998-06-05,0.20095504820346832
1998-06-08,0.20375972986221313
1998-06-09,0.2112366259098053
1998-06-10,0.20983466506004333
1998-06-11,0.20796550810337067
1998-06-12,0.21030211448669434
1998-06-15,0.20562896132469177
1998-06-16,0.20936746895313263
1998-06-17,0.21030211448669434
1998-06-18,0.2042270004749298
1998-06-19,0.20235691964626312
1998-06-22,0.20469437539577484
1998-06-23,0.20796550810337067
1998-06-24,0.2112366259098053
1998-06-25,0.213573157787323
1998-06-26,0.21076934039592743
1998-06-29,0.2145078033208847
1998-06-30,0.2145078033208847
1998-07-01,0.22385476529598236
1998-07-02,0.21684518456459045
1998-07-06,0.22712589800357819
1998-07-07,0.2280605584383011
1998-07-08,0.24348348379135132
1998-07-09,0.23694023489952087
1998-07-10,0.23974411189556122
1998-07-13,0.25376421213150024
1998-07-14,0.25002577900886536
1998-07-15,0.2575034499168396
1998-07-16,0.28040242195129395
1998-07-17,0.27572929859161377
1998-07-20,0.27105632424354553
1998-07-21,0.2663823366165161
1998-07-22,0.2617092430591583
1998-07-23,0.2612418234348297
1998-07-24,0.259372740983963
1998-07-27,0.2575034499168396
1998-07-28,0.25142768025398254
1998-07-29,0.2626439332962036
1998-07-30,0.272925466299057
1998-07-31,0.2589055001735687
1998-08-03,0.2626439332962036
1998-08-04,0.25563427805900574
1998-08-05,0.2691870331764221
1998-08-06,0.27572929859161377
1998-08-07,0.272925466299057
1998-08-10,0.2836744785308838
1998-08-11,0.29161861538887024
1998-08-12,0.2995637357234955
1998-08-13,0.29489073157310486
1998-08-14,0.30283477902412415
1998-08-17,0.3135839104652405
1998-08-18,0.31825685501098633
1998-08-19,0.30657336115837097
1998-08-20,0.30376946926116943
1998-08-21,0.3215288817882538
1998-08-24,0.30797597765922546
1998-08-25,0.30517131090164185
1998-08-26,0.30190032720565796
1998-08-27,0.28040242195129395
1998-08-28,0.25563427805900574
1998-08-31,0.2332017719745636
1998-09-01,0.2551669776439667
1998-09-02,0.26591500639915466
1998-09-03,0.2589055001735687
1998-09-04,0.2626439332962036
1998-09-08,0.2860109508037567
1998-09-09,0.27946779131889343
1998-09-10,0.2850763499736786
1998-09-11,0.2813378870487213
1998-09-14,0.2780659794807434
1998-09-15,0.2855435907840729
1998-09-16,0.2790006101131439
1998-09-17,0.2691870331764221
1998-09-18,0.27479469776153564
1998-09-21,0.27619659900665283
1998-09-22,0.27666404843330383
1998-09-23,0.2864781618118286
1998-09-24,0.2878802716732025
1998-09-25,0.2897493839263916
1998-09-28,0.2920858860015869
1998-09-29,0.29535797238349915
1998-09-30,0.2850763499736786
1998-10-01,0.26684966683387756
1998-10-02,0.2621764838695526
1998-10-05,0.24067868292331696
1998-10-06,0.24348348379135132
1998-10-07,0.2388094961643219
1998-10-08,0.2303980141878128
1998-10-09,0.2626439332962036
1998-10-12,0.27993518114089966
1998-10-13,0.2897493839263916
1998-10-14,0.27946779131889343
1998-10-15,0.2738601863384247
1998-10-16,0.2743273675441742
1998-10-19,0.28040242195129395
1998-10-20,0.2696543037891388
1998-10-21,0.27759867906570435
1998-10-22,0.27479469776153564
1998-10-23,0.26544779539108276
1998-10-26,0.27993518114089966
1998-10-27,0.2635783851146698
1998-10-28,0.27526193857192993
1998-10-29,0.27245816588401794
1998-10-30,0.27759867906570435
1998-11-02,0.2813378870487213
1998-11-03,0.2827398180961609
1998-11-04,0.2892822027206421
1998-11-05,0.2855435907840729
1998-11-06,0.2846090793609619
1998-11-09,0.2738601863384247
1998-11-10,0.2626439332962036
1998-11-11,0.2509603202342987
1998-11-12,0.2542314827442169
1998-11-13,0.26684966683387756
1998-11-16,0.2691870331764221
1998-11-17,0.26030728220939636
1998-11-18,0.2649804353713989
1998-11-19,0.26731693744659424
1998-11-20,0.2640458643436432
1998-11-23,0.27105632424354553
1998-11-24,0.2687196731567383
1998-11-25,0.2626439332962036
1998-11-27,0.2621764838695526
1998-11-30,0.2388094961643219
1998-12-01,0.2551669776439667
1998-12-02,0.2691870331764221
1998-12-03,0.2518947720527649
1998-12-04,0.24488535523414612
1998-12-07,0.2523622214794159
1998-12-08,0.23974411189556122
1998-12-09,0.23927690088748932
1998-12-10,0.23927690088748932
1998-12-11,0.2523622214794159
1998-12-14,0.24301613867282867
1998-12-15,0.2509603202342987
1998-12-16,0.245352640748024
1998-12-17,0.25002577900886536
1998-12-18,0.2631111741065979
1998-12-21,0.2621764838695526
1998-12-22,0.2841416001319885
1998-12-23,0.2976945638656616
1998-12-24,0.2934878170490265
1998-12-28,0.30563873052597046
1998-12-29,0.30517131090164185
1998-12-30,0.2995637357234955
1998-12-31,0.30610600113868713
1999-01-04,0.3084433972835541
1999-01-05,0.3238653242588043
1999-01-06,0.3121819496154785
1999-01-07,0.3364836275577545
1999-01-08,0.3364836275577545
1999-01-11,0.34302592277526855
1999-01-12,0.3448951542377472
1999-01-13,0.3476998805999756
1999-01-14,0.309378057718277
1999-01-15,0.3089108467102051
1999-01-19,0.30563873052597046
1999-01-20,0.30330216884613037
1999-01-21,0.2902168333530426
1999-01-22,0.2897493839263916
1999-01-25,0.294423371553421
1999-01-26,0.30283477902412415
1999-01-27,0.30003103613853455
1999-01-28,0.30563873052597046
1999-01-29,0.30797597765922546
1999-02-01,0.30610600113868713
1999-02-02,0.293020635843277
1999-02-03,0.3004983365535736
1999-02-04,0.28320711851119995
1999-02-05,0.2715235948562622
1999-02-08,0.28227242827415466
1999-02-09,0.2780659794807434
1999-02-10,0.2864781618118286
1999-02-11,0.2962925434112549
1999-02-12,0.28180527687072754
1999-02-16,0.2864781618118286
1999-02-17,0.27666404843330383
1999-02-18,0.2691870331764221
1999-02-19,0.2780659794807434
1999-02-22,0.2874129116535187
1999-02-23,0.2874129116535187
1999-02-24,0.27993518114089966
1999-02-25,0.27619659900665283
1999-02-26,0.26030728220939636
1999-03-01,0.2523622214794159
1999-03-02,0.2589055001735687
1999-03-03,0.25563427805900574
1999-03-04,0.25002577900886536
1999-03-05,0.24815651774406433
1999-03-08,0.2570362687110901
1999-03-09,0.2551669776439667
1999-03-10,0.24348348379135132
1999-03-11,0.24067868292331696
1999-03-12,0.24815651774406433
1999-03-15,0.25469881296157837
1999-03-16,0.26544779539108276
1999-03-17,0.25469881296157837
1999-03-18,0.26544779539108276
1999-03-19,0.2504929304122925
1999-03-22,0.2621764838695526
1999-03-23,0.24675460159778595
1999-03-24,0.2518947720527649
1999-03-25,0.2528296113014221
1999-03-26,0.24862374365329742
1999-03-29,0.2645130753517151
1999-03-30,0.2682524025440216
1999-03-31,0.2687196731567383
1999-04-01,0.2696543037891388
1999-04-05,0.27713119983673096
1999-04-06,0.2841416001319885
1999-04-07,0.27759867906570435
1999-04-08,0.27572929859161377
1999-04-09,0.27479469776153564
1999-04-12,0.27105632424354553
1999-04-13,0.2589055001735687
1999-04-14,0.2656814157962799
1999-04-15,0.26731693744659424
1999-04-16,0.2649804353713989
1999-04-19,0.25329679250717163
1999-04-20,0.25469881296157837
1999-04-21,0.2570362687110901
1999-04-22,0.27199089527130127
1999-04-23,0.293020635843277
1999-04-26,0.30610600113868713
1999-04-27,0.34209123253822327
1999-04-28,0.3294731378555298
1999-04-29,0.3215288817882538
1999-04-30,0.3439604640007019
1999-05-03,0.37059882283210754
1999-05-04,0.3476998805999756
1999-05-05,0.3514382243156433
1999-05-06,0.33274421095848083
1999-05-07,0.34302592277526855
1999-05-10,0.33835285902023315
1999-05-11,0.3346143960952759
1999-05-12,0.3476998805999756
1999-05-13,0.34536248445510864
1999-05-14,0.3318096101284027
1999-05-17,0.3318096101284027
1999-05-18,0.33835285902023315
1999-05-19,0.3378853499889374
1999-05-20,0.31778964400291443
1999-05-21,0.3285386562347412
1999-05-24,0.3135839104652405
1999-05-25,0.3103126287460327
1999-05-26,0.3294731378555298
1999-05-27,0.32526737451553345
1999-05-28,0.3294731378555298
1999-06-01,0.3350816071033478
1999-06-02,0.34816718101501465
1999-06-03,0.35470956563949585
1999-06-04,0.35985058546066284
1999-06-07,0.36592569947242737
1999-06-08,0.35657867789268494
1999-06-09,0.3621872365474701
1999-06-10,0.35985058546066284
1999-06-11,0.3472325801849365
1999-06-14,0.33975473046302795
1999-06-15,0.3444277346134186
1999-06-16,0.35844796895980835
1999-06-17,0.34676527976989746
1999-06-18,0.35237300395965576
1999-06-21,0.3476998805999756
1999-06-22,0.33928734064102173
1999-06-23,0.32666918635368347
1999-06-24,0.31638771295547485
1999-06-25,0.31545302271842957
1999-06-28,0.31825685501098633
1999-06-29,0.33928734064102173
1999-06-30,0.3462969958782196
1999-07-01,0.33882012963294983
1999-07-02,0.3462969958782196
1999-07-06,0.3542420566082001
1999-07-07,0.3729361295700073
1999-07-08,0.40751853585243225
1999-07-09,0.41593101620674133
1999-07-12,0.40751853585243225
1999-07-13,0.40144360065460205
1999-07-14,0.41826745867729187
1999-07-15,0.3981715440750122
1999-07-16,0.39676961302757263
1999-07-19,0.40705132484436035
1999-07-20,0.3953677713871002
1999-07-21,0.40424737334251404
1999-07-22,0.39162924885749817
1999-07-23,0.39863884449005127
1999-07-26,0.38088035583496094
1999-07-27,0.40144360065460205
1999-07-28,0.40658414363861084
1999-07-29,0.4028455317020416
1999-07-30,0.41639822721481323
1999-08-02,0.41686558723449707
1999-08-03,0.4131271541118622
1999-08-04,0.4023781716823578
1999-08-05,0.4093877673149109
1999-08-06,0.4047147035598755
1999-08-09,0.40705132484436035
1999-08-10,0.41406169533729553
1999-08-11,0.44630783796310425
1999-08-12,0.44864407181739807
1999-08-13,0.4491117298603058
1999-08-16,0.45238348841667175
1999-08-17,0.45098069310188293
1999-08-18,0.4495788514614105
1999-08-19,0.43929797410964966
1999-08-20,0.4425692856311798
1999-08-23,0.4542527198791504
1999-08-24,0.451448917388916
1999-08-25,0.4589257538318634
1999-08-26,0.4645344913005829
1999-08-27,0.48416227102279663
1999-08-30,0.46406620740890503
1999-08-31,0.48790061473846436
1999-09-01,0.5131369829177856
1999-09-02,0.527624249458313
1999-09-03,0.5495893955230713
1999-09-07,0.5710871815681458
1999-09-08,0.5570672154426575
1999-09-09,0.5650114417076111
1999-09-10,0.5790315866470337
1999-09-13,0.5608054995536804
1999-09-14,0.5818352699279785
1999-09-15,0.5636096596717834
1999-09-16,0.5743585824966431
1999-09-17,0.5752930641174316
1999-09-20,0.5911822319030762
1999-09-21,0.5178110003471375
1999-09-22,0.5257551074028015
1999-09-23,0.47341325879096985
1999-09-24,0.4855639934539795
1999-09-27,0.45845863223075867
1999-09-28,0.44584017992019653
1999-09-29,0.4416346251964569
1999-09-30,0.47341325879096985
1999-10-01,0.4614960551261902
1999-10-04,0.48276033997535706
1999-10-05,0.5079964995384216
1999-10-06,0.5023880004882812
1999-10-07,0.49631303548812866
1999-10-08,0.49023714661598206
1999-10-11,0.4986495077610016
1999-10-12,0.5061273574829102
1999-10-13,0.47878819704055786
1999-10-14,0.547252893447876
1999-10-15,0.557534396648407
1999-10-18,0.5477203726768494
1999-10-19,0.5122023224830627
1999-10-20,0.5617402791976929
1999-10-21,0.5692181587219238
1999-10-22,0.5528603792190552
1999-10-25,0.5570672154426575
1999-10-26,0.5612727999687195
1999-10-27,0.5710871815681458
1999-10-28,0.5823033452033997
1999-10-29,0.599127471446991
1999-11-01,0.5804336667060852
1999-11-02,0.6000620722770691
1999-11-03,0.609408974647522
1999-11-04,0.6252984404563904
1999-11-05,0.6603481769561768
1999-11-08,0.7206351161003113
1999-11-09,0.6701623201370239
1999-11-10,0.6837151050567627
1999-11-11,0.6897910237312317
1999-11-12,0.6776402592658997
1999-11-15,0.6687605381011963
1999-11-16,0.681846022605896
1999-11-17,0.674836277961731
1999-11-18,0.6701623201370239
1999-11-19,0.6911929249763489
1999-11-22,0.6776402592658997
1999-11-23,0.6939967274665833
1999-11-24,0.708017110824585
1999-11-26,0.7108208537101746
1999-11-29,0.7070824503898621
1999-11-30,0.7318513989448547
1999-12-01,0.7706404328346252
1999-12-02,0.8239168524742126
1999-12-03,0.8599022626876831
1999-12-06,0.8673789501190186
1999-12-07,0.8809314966201782
1999-12-08,0.8229823112487793
1999-12-09,0.7869970798492432
1999-12-10,0.7701732516288757
1999-12-13,0.7402636408805847
1999-12-14,0.7094191312789917
1999-12-15,0.7253081202507019
1999-12-16,0.7351223230361938
1999-12-17,0.7477405667304993
1999-12-20,0.7327858209609985
1999-12-21,0.7664344310760498
1999-12-22,0.7472732067108154
1999-12-23,0.7739115953445435
1999-12-27,0.7426002621650696
1999-12-28,0.734187662601471
1999-12-29,0.7528817653656006
1999-12-30,0.7500771284103394
1999-12-31,0.7687711119651794
2000-01-03,0.8370020985603333
2000-01-04,0.7664344310760498
2000-01-05,0.7776498198509216
2000-01-06,0.7103534936904907
2000-01-07,0.7440023422241211
2000-01-10,0.7309167385101318
2000-01-11,0.6935295462608337
2000-01-12,0.6519366502761841
2000-01-13,0.7234390377998352
2000-01-14,0.751011848449707
2000-01-18,0.7771825790405273
2000-01-19,0.7968112826347351
2000-01-20,0.8486859798431396
2000-01-21,0.8323290348052979
2000-01-24,0.7944748401641846
2000-01-25,0.8393386602401733
2000-01-26,0.8239168524742126
2000-01-27,0.8225149512290955
2000-01-28,0.7598915100097656
2000-01-31,0.7757807374000549
2000-02-01,0.7496097683906555
2000-02-02,0.7388608455657959
2000-02-03,0.7725095748901367
2000-02-04,0.8075602054595947
2000-02-07,0.8528916239738464
2000-02-08,0.8589675426483154
2000-02-09,0.842142641544342
2000-02-10,0.8486859798431396
2000-02-11,0.8131682872772217
2000-02-14,0.8659770488739014
2000-02-15,0.8898115754127502
2000-02-16,0.8533589839935303
2000-02-17,0.8589675426483154
2000-02-18,0.8318620324134827
2000-02-22,0.8510225415229797
2000-02-23,0.8692481517791748
2000-02-24,0.8614203929901123
2000-02-25,0.8253186941146851
2000-02-28,0.8468167185783386
2000-02-29,0.8570981025695801
2000-03-01,0.9743994474411011
2000-03-02,0.9122439026832581
2000-03-03,0.9571083188056946
2000-03-06,0.9398170113563538
2000-03-07,0.9187864661216736
2000-03-08,0.9122439026832581
2000-03-09,0.9141131043434143
2000-03-10,0.9402841925621033
2000-03-13,0.907102644443512
2000-03-14,0.8542933464050293
2000-03-15,0.8692481517791748
2000-03-16,0.9089717864990234
2000-03-17,0.9346756339073181
2000-03-20,0.9197205305099487
2000-03-21,1.0089828968048096
2000-03-22,1.0781482458114624
2000-03-23,1.0566518306732178
2000-03-24,1.0370228290557861
2000-03-27,1.0435659885406494
2000-03-28,1.0402944087982178
2000-03-29,1.0164604187011719
2000-03-30,0.9402841925621033
2000-03-31,1.0155258178710938
2000-04-03,0.9968321323394775
2000-04-04,0.9519675970077515
2000-04-05,0.9748676419258118
2000-04-06,0.9360785484313965
2000-04-07,0.9851483702659607
2000-04-10,0.9346756339073181
2000-04-11,0.8930826783180237
2000-04-12,0.8169063925743103
2000-04-13,0.8510225415229797
2000-04-14,0.8365349173545837
2000-04-17,0.9262639284133911
2000-04-18,0.9486966133117676
2000-04-19,0.9057010412216187
2000-04-20,0.8888766765594482
2000-04-24,0.9010279178619385
2000-04-25,0.9594444632530212
2000-04-26,0.907102644443512
2000-04-27,0.9477609395980835
2000-04-28,0.9276660084724426
2000-05-01,0.9295358061790466
2000-05-02,0.8813990354537964
2000-05-03,0.8603693246841431
2000-05-04,0.8276553750038147
2000-05-05,0.8458821773529053
2000-05-08,0.8234496712684631
2000-05-09,0.7883990406990051
2000-05-10,0.7426002621650696
2000-05-11,0.7687711119651794
2000-05-12,0.8047563433647156
2000-05-15,0.7552182078361511
2000-05-16,0.7902683615684509
2000-05-17,0.7580220699310303
2000-05-18,0.7533491253852844
2000-05-19,0.7028764486312866
2000-05-22,0.6724991798400879
2000-05-23,0.6416551470756531
2000-05-24,0.655674934387207
2000-05-25,0.6525204181671143
2000-05-26,0.6458608508110046
2000-05-30,0.6547403335571289
2000-05-31,0.62810218334198
2000-06-01,0.666424036026001
2000-06-02,0.6921278834342957
2000-06-05,0.6827806830406189
2000-06-06,0.6944642066955566
2000-06-07,0.7220370173454285
2000-06-08,0.7089516520500183
2000-06-09,0.7159621715545654
2000-06-12,0.681846022605896
2000-06-13,0.7066150903701782
2000-06-14,0.676238477230072
2000-06-15,0.6907259821891785
2000-06-16,0.681846022605896
2000-06-19,0.722504198551178
2000-06-20,0.7570877075195312
2000-06-21,0.8318620324134827
2000-06-22,0.8038210272789001
2000-06-23,0.7729768753051758
2000-06-26,0.809429407119751
2000-06-27,0.7739115953445435
2000-06-28,0.8141026496887207
2000-06-29,0.7664344310760498
2000-06-30,0.7832584977149963
2000-07-03,0.7972787022590637
2000-07-05,0.7720421552658081
2000-07-06,0.7748461365699768
2000-07-07,0.8141026496887207
2000-07-10,0.8542933464050293
2000-07-11,0.8514899611473083
2000-07-12,0.8804646134376526
2000-07-13,0.8449473977088928
2000-07-14,0.8627058267593384
2000-07-17,0.8720529079437256
2000-07-18,0.8561626672744751
2000-07-19,0.7879315614700317
2000-07-20,0.8243842124938965
2000-07-21,0.8010170459747314
2000-07-24,0.7281128764152527
2000-07-25,0.7486752271652222
2000-07-26,0.7486752271652222
2000-07-27,0.7776498198509216
2000-07-28,0.722504198551178
2000-07-31,0.7598915100097656
2000-08-01,0.7374590635299683
2000-08-02,0.7066150903701782
2000-08-03,0.7178312540054321
2000-08-04,0.7084841132164001
2000-08-07,0.7168965935707092
2000-08-08,0.699137270450592
2000-08-09,0.7103534936904907
2000-08-10,0.7112879753112793
2000-08-11,0.7131580710411072
2000-08-14,0.7038111686706543
2000-08-15,0.6982026100158691
2000-08-16,0.7253081202507019
2000-08-17,0.7692385315895081
2000-08-18,0.7477405667304993
2000-08-21,0.7552182078361511
2000-08-22,0.7729768753051758
2000-08-23,0.8122331500053406
2000-08-24,0.8391050696372986
2000-08-25,0.8496203422546387
2000-08-28,0.8683135509490967
2000-08-29,0.8851385712623596
2000-08-30,0.8898115754127502
2000-08-31,0.9113093018531799
2000-09-01,0.9486966133117676
2000-09-05,0.9337408542633057
2000-09-06,0.8739222884178162
2000-09-07,0.927198588848114
2000-09-08,0.8804646134376526
2000-09-11,0.8739222884178162
2000-09-12,0.8636404871940613
2000-09-13,0.8673789501190186
2000-09-14,0.8503214120864868
2000-09-15,0.8260197639465332
2000-09-18,0.907102644443512
2000-09-19,0.896354615688324
2000-09-20,0.9129452109336853
2000-09-21,0.8477510809898376
2000-09-22,0.7804544568061829
2000-09-25,0.8000824451446533
2000-09-26,0.7692385315895081
2000-09-27,0.7318513989448547
2000-09-28,0.8000824451446533
2000-09-29,0.3850862383842468
2000-10-02,0.3626544773578644
2000-10-03,0.333679735660553
2000-10-04,0.3533075451850891
2000-10-05,0.32994043827056885
2000-10-06,0.3318096101284027
2000-10-09,0.32526737451553345
2000-10-10,0.3121819496154785
2000-10-11,0.2934878170490265
2000-10-12,0.2990964353084564
2000-10-13,0.32994043827056885
2000-10-16,0.3215288817882538
2000-10-17,0.30096566677093506
2000-10-18,0.30096566677093506
2000-10-19,0.28320711851119995
2000-10-20,0.29161861538887024
2000-10-23,0.30470404028892517
2000-10-24,0.28227242827415466
2000-10-25,0.27666404843330383
2000-10-26,0.27666404843330383
2000-10-27,0.27759867906570435
2000-10-30,0.28881484270095825
2000-10-31,0.2925533056259155
2000-11-01,0.30657336115837097
2000-11-02,0.333679735660553
2000-11-03,0.33274421095848083
2000-11-06,0.32059425115585327
2000-11-07,0.31872421503067017
2000-11-08,0.30003103613853455
2000-11-09,0.30190032720565796
2000-11-10,0.2850763499736786
2000-11-13,0.2897493839263916
2000-11-14,0.30283477902412415
2000-11-15,0.2972271740436554
2000-11-16,0.2841416001319885
2000-11-17,0.27666404843330383
2000-11-20,0.28320711851119995
2000-11-21,0.2813378870487213
2000-11-22,0.27666404843330383
2000-11-24,0.28881484270095825
2000-11-27,0.27946779131889343
2000-11-28,0.2696543037891388
2000-11-29,0.2626439332962036
2000-11-30,0.24675460159778595
2000-12-01,0.2551669776439667
2000-12-04,0.2495584338903427
2000-12-05,0.2542314827442169
2000-12-06,0.21404047310352325
2000-12-07,0.21404047310352325
2000-12-08,0.2252568006515503
2000-12-11,0.22712589800357819
2000-12-12,0.2299305945634842
2000-12-13,0.22432203590869904
2000-12-14,0.21591056883335114
2000-12-15,0.21030211448669434
2000-12-18,0.21310590207576752
2000-12-19,0.20936746895313263
2000-12-20,0.21497507393360138
2000-12-21,0.21030211448669434
2000-12-22,0.22432203590869904
2000-12-26,0.21964898705482483
2000-12-27,0.22151829302310944
2000-12-28,0.22151829302310944
2000-12-29,0.22245289385318756
2001-01-02,0.22245289385318756
2001-01-03,0.24488535523414612
2001-01-04,0.2551669776439667
2001-01-05,0.24488535523414612
2001-01-08,0.2476891428232193
2001-01-09,0.2570362687110901
2001-01-10,0.2476891428232193
2001-01-11,0.2691870331764221
2001-01-12,0.2570362687110901
2001-01-16,0.2561015486717224
2001-01-17,0.25142768025398254
2001-01-18,0.27946779131889343
2001-01-19,0.29161861538887024
2001-01-22,0.2878802716732025
2001-01-23,0.30657336115837097
2001-01-24,0.30657336115837097
2001-01-25,0.2981617748737335
2001-01-26,0.2925533056259155
2001-01-29,0.3243328332901001
2001-01-30,0.32526737451553345
2001-01-31,0.3233981132507324
2001-02-01,0.31592032313346863
2001-02-02,0.3084433972835541
2001-02-05,0.30190032720565796
2001-02-06,0.31592032313346863
2001-02-07,0.3103126287460327
2001-02-08,0.3103126287460327
2001-02-09,0.2860109508037567
2001-02-12,0.294423371553421
2001-02-13,0.2860109508037567
2001-02-14,0.29161861538887024
2001-02-15,0.30003103613853455
2001-02-16,0.2841416001319885
2001-02-20,0.2738601863384247
2001-02-21,0.28227242827415466
2001-02-22,0.2813378870487213
2001-02-23,0.2813378870487213
2001-02-26,0.29161861538887024
2001-02-27,0.2897493839263916
2001-02-28,0.272925466299057
2001-03-01,0.28040242195129395
2001-03-02,0.2878802716732025
2001-03-05,0.30470404028892517
2001-03-06,0.3215288817882538
2001-03-07,0.31778964400291443
2001-03-08,0.3112473487854004
2001-03-09,0.30283477902412415
2001-03-12,0.27853313088417053
2001-03-13,0.2925533056259155
2001-03-14,0.30563873052597046
2001-03-15,0.294423371553421
2001-03-16,0.2934878170490265
2001-03-19,0.30750879645347595
2001-03-20,0.294423371553421
2001-03-21,0.30096566677093506
2001-03-22,0.3233981132507324
2001-03-23,0.3439604640007019
2001-03-26,0.3257162868976593
2001-03-27,0.34201687574386597
2001-03-28,0.33154845237731934
2001-03-29,0.33693161606788635
2001-03-30,0.33005279302597046
2001-04-02,0.32287463545799255
2001-04-03,0.30268576741218567
2001-04-04,0.29161861538887024
2001-04-05,0.3121073842048645
2001-04-06,0.3079198896884918
2001-04-09,0.30717214941978455
2001-04-10,0.32960376143455505
2001-04-11,0.32601532340049744
2001-04-12,0.3352868854999542
2001-04-16,0.3206311762332916
2001-04-17,0.305078387260437
2001-04-18,0.3408200144767761
2001-04-19,0.38463813066482544
2001-04-20,0.37446877360343933
2001-04-23,0.3626544773578644
2001-04-24,0.3593641221523285
2001-04-25,0.36968326568603516
2001-04-26,0.369234561920166
2001-04-27,0.39181604981422424
2001-04-30,0.38119858503341675
2001-05-01,0.3877786099910736
2001-05-02,0.39764824509620667
2001-05-03,0.3732720613479614
2001-05-04,0.3850862383842468
2001-05-07,0.3732720613479614
2001-05-08,0.3674398362636566
2001-05-09,0.3586162328720093
2001-05-10,0.3439604640007019
2001-05-11,0.34171783924102783
2001-05-14,0.34829771518707275
2001-05-15,0.3466529846191406
2001-05-16,0.3604108393192291
2001-05-17,0.3521861732006073
2001-05-18,0.35188719630241394
2001-05-21,0.3523351550102234
2001-05-22,0.3514382243156433
2001-05-23,0.347400039434433
2001-05-24,0.34695199131965637
2001-05-25,0.3403719961643219
2001-05-29,0.3210800886154175
2001-05-30,0.2958059310913086
2001-05-31,0.2983485758304596
2001-06-01,0.31240639090538025
2001-06-04,0.3089666962623596
2001-06-05,0.3131541907787323
2001-06-06,0.31001365184783936
2001-06-07,0.3239215016365051
2001-06-08,0.3188364803791046
2001-06-11,0.29969432950019836
2001-06-12,0.30373263359069824
2001-06-13,0.30612537264823914
2001-06-14,0.297301709651947
2001-06-15,0.3056764602661133
2001-06-18,0.3040315806865692
2001-06-19,0.30193793773651123
2001-06-20,0.32407069206237793
2001-06-21,0.3363337218761444
2001-06-22,0.3328942060470581
2001-06-25,0.3587661683559418
2001-06-26,0.35517674684524536
2001-06-27,0.34904566407203674
2001-06-28,0.3520362675189972
2001-06-29,0.3476998805999756
2001-07-02,0.3574204444885254
2001-07-03,0.3565225303173065
2001-07-05,0.3468020558357239
2001-07-06,0.3294547200202942
2001-07-09,0.3394741714000702
2001-07-10,0.31614476442337036
2001-07-11,0.3370814919471741
2001-07-12,0.3642992675304413
2001-07-13,0.37162724137306213
2001-07-16,0.35831719636917114
2001-07-17,0.3753657341003418
2001-07-18,0.31091058254241943
2001-07-19,0.2984985411167145
2001-07-20,0.2987973988056183
2001-07-23,0.2922174632549286
2001-07-24,0.28548747301101685
2001-07-25,0.2762150764465332
2001-07-26,0.278009831905365
2001-07-27,0.2835429906845093
2001-07-30,0.2830948233604431
2001-07-31,0.2810012102127075
2001-08-01,0.28503865003585815
2001-08-02,0.29640474915504456
2001-08-03,0.29161861538887024
2001-08-06,0.28608548641204834
2001-08-07,0.2878802716732025
2001-08-08,0.2826460897922516
2001-08-09,0.2848895490169525
2001-08-10,0.28444063663482666
2001-08-13,0.28548747301101685
2001-08-14,0.28010350465774536
2001-08-15,0.2757670283317566
2001-08-16,0.2789074778556824
2001-08-17,0.27023401856422424
2001-08-20,0.2709808647632599
2001-08-21,0.2679902911186218
2001-08-22,0.2723275423049927
2001-08-23,0.2663455009460449
2001-08-24,0.27771082520484924
2001-08-27,0.28294506669044495
2001-08-28,0.2751682698726654
2001-08-29,0.26664450764656067
2001-08-30,0.26664450764656067
2001-08-31,0.27741190791130066
2001-09-04,0.272925466299057
2001-09-05,0.27741190791130066
2001-09-06,0.26499974727630615
2001-09-07,0.25841888785362244
2001-09-10,0.2597655951976776
2001-09-17,0.25408241152763367
2001-09-18,0.2434641569852829
2001-09-19,0.2545313835144043
2001-09-20,0.23449143767356873
2001-09-21,0.23523929715156555
2001-09-24,0.24600674211978912
2001-09-25,0.23239780962467194
2001-09-26,0.2265656739473343
2001-09-27,0.23194901645183563
2001-09-28,0.23194901645183563
2001-10-01,0.23239780962467194
2001-10-02,0.22506999969482422
2001-10-03,0.22402316331863403
2001-10-04,0.23748211562633514
2001-10-05,0.24137049913406372
2001-10-08,0.2422681599855423
2001-10-09,0.23927690088748932
2001-10-10,0.25153982639312744
2001-10-11,0.2652985751628876
2001-10-12,0.26933613419532776
2001-10-15,0.269037127494812
2001-10-16,0.26933613419532776
2001-10-17,0.25408241152763367
2001-10-18,0.2691870331764221
2001-10-19,0.27367332577705383
2001-10-22,0.28444063663482666
2001-10-23,0.27128076553344727
2001-10-24,0.28339388966560364
2001-10-25,0.2869831919670105
2001-10-26,0.2792065739631653
2001-10-29,0.263653039932251
2001-10-30,0.2632049322128296
2001-10-31,0.26260611414909363
2001-11-01,0.278009831905365
2001-11-02,0.27771082520484924
2001-11-05,0.28518858551979065
2001-11-06,0.29266557097435
2001-11-07,0.292964369058609
2001-11-08,0.2798044681549072
2001-11-09,0.2798044681549072
2001-11-12,0.28040242195129395
2001-11-13,0.2896748483181
2001-11-14,0.293264240026474
2001-11-15,0.29087069630622864
2001-11-16,0.283692866563797
2001-11-19,0.2990964353084564
2001-11-20,0.2920675277709961
2001-11-21,0.2943110466003418
2001-11-23,0.2967037856578827
2001-11-26,0.31958433985710144
2001-11-27,0.31405109167099
2001-11-28,0.3070223033428192
2001-11-29,0.30537745356559753
2001-11-30,0.3185374140739441
2001-12-03,0.31479907035827637
2001-12-04,0.3349878787994385
2001-12-05,0.35532668232917786
2001-12-06,0.34067097306251526
2001-12-07,0.3370814919471741
2001-12-10,0.3370814919471741
2001-12-11,0.3257162868976593
2001-12-12,0.3213788866996765
2001-12-13,0.31405109167099
2001-12-14,0.30492857098579407
2001-12-17,0.30836808681488037
2001-12-18,0.31420108675956726
2001-12-19,0.3233228921890259
2001-12-20,0.3091159164905548
2001-12-21,0.31405109167099
2001-12-24,0.31943508982658386
2001-12-26,0.3213788866996765
2001-12-27,0.33005279302597046
2001-12-28,0.33543679118156433
2001-12-31,0.3275099992752075
2002-01-02,0.3484469950199127
2002-01-03,0.35263416171073914
2002-01-04,0.3542797565460205
2002-01-07,0.34246569871902466
2002-01-08,0.33812829852104187
2002-01-09,0.32377153635025024
2002-01-10,0.31749066710472107
2002-01-11,0.31479907035827637
2002-01-14,0.31629469990730286
2002-01-15,0.32451963424682617
2002-01-16,0.3107607364654541
2002-01-17,0.3361845016479492
2002-01-18,0.33154845237731934
2002-01-22,0.32631421089172363
2002-01-23,0.34425944089889526
2002-01-24,0.34710100293159485
2002-01-25,0.3476998805999756
2002-01-28,0.3479987680912018
2002-01-29,0.34500735998153687
2002-01-30,0.36026185750961304
2002-01-31,0.36968326568603516
2002-02-01,0.3650471568107605
2002-02-04,0.3791048526763916
2002-02-05,0.3805997371673584
2002-02-06,0.36893558502197266
2002-02-07,0.363402396440506
2002-02-08,0.3593641221523285
2002-02-11,0.37357091903686523
2002-02-12,0.3695334792137146
2002-02-13,0.3740198016166687
2002-02-14,0.3678886890411377
2002-02-15,0.3574204444885254
2002-02-19,0.3382781744003296
2002-02-20,0.3459051549434662
2002-02-21,0.3215288817882538
2002-02-22,0.3400721549987793
2002-02-25,0.3560745120048523
2002-02-26,0.3539808392524719
2002-02-27,0.32840779423713684
2002-02-28,0.32451963424682617
2002-03-01,0.35069042444229126
2002-03-04,0.3632524609565735
2002-03-05,0.35188719630241394
2002-03-06,0.35996198654174805
2002-03-07,0.36459821462631226
2002-03-08,0.3687855899333954
2002-03-11,0.3747677803039551
2002-03-12,0.36968326568603516
2002-03-13,0.3662430942058563
2002-03-14,0.36534613370895386
2002-03-15,0.37312281131744385
2002-03-18,0.3699822723865509
2002-03-19,0.37162724137306213
2002-03-20,0.37267404794692993
2002-03-21,0.36295342445373535
2002-03-22,0.36026185750961304
2002-03-25,0.3491946756839752
2002-03-26,0.3508404493331909
2002-03-27,0.3509894013404846
2002-03-28,0.3539808392524719
2002-04-01,0.3657950758934021
2002-04-02,0.35996198654174805
2002-04-03,0.35517674684524536
2002-04-04,0.3723749816417694
2002-04-05,0.3699822723865509
2002-04-08,0.3672899007797241
2002-04-09,0.3604108393192291
2002-04-10,0.3687855899333954
2002-04-11,0.3717770576477051
2002-04-12,0.3747677803039551
2002-04-15,0.37387070059776306
2002-04-16,0.384937047958374
2002-04-17,0.3904702961444855
2002-04-18,0.38000181317329407
2002-04-19,0.37357091903686523
2002-04-22,0.3668418824672699
2002-04-23,0.3626544773578644
2002-04-24,0.35547566413879395
2002-04-25,0.36070987582206726
2002-04-26,0.3441104292869568
2002-04-29,0.35831719636917114
2002-04-30,0.36295342445373535
2002-05-01,0.3586162328720093
2002-05-02,0.3542797565460205
2002-05-03,0.35158735513687134
2002-05-06,0.3387262523174286
2002-05-07,0.3360346853733063
2002-05-08,0.3644492030143738
2002-05-09,0.36175674200057983
2002-05-10,0.3487466275691986
2002-05-13,0.35801827907562256
2002-05-14,0.3829925060272217
2002-05-15,0.3780580163002014
2002-05-16,0.37701117992401123
2002-05-17,0.3740198016166687
2002-05-20,0.3699822723865509
2002-05-21,0.3508404493331909
2002-05-22,0.36370140314102173
2002-05-23,0.37656235694885254
2002-05-24,0.3611588180065155
2002-05-28,0.3586162328720093
2002-05-29,0.3586162328720093
2002-05-30,0.3619065582752228
2002-05-31,0.3484469950199127
2002-06-03,0.34261471033096313
2002-06-04,0.34067097306251526
2002-06-05,0.33977314829826355
2002-06-06,0.33139848709106445
2002-06-07,0.32003310322761536
2002-06-10,0.3212290406227112
2002-06-11,0.30597543716430664
2002-06-12,0.30044233798980713
2002-06-13,0.2922174632549286
2002-06-14,0.3005921542644501
2002-06-17,0.30717214941978455
2002-06-18,0.3013390898704529
2002-06-19,0.2560262084007263
2002-06-20,0.2558771073818207
2002-06-21,0.25198882818222046
2002-06-24,0.2582697570323944
2002-06-25,0.25632503628730774
2002-06-26,0.24750250577926636
2002-06-27,0.2551293671131134
2002-06-28,0.26499974727630615
2002-07-01,0.2551293671131134
2002-07-02,0.253334641456604
2002-07-03,0.2624571621417999
2002-07-05,0.28025323152542114
2002-07-08,0.26933613419532776
2002-07-09,0.2621581256389618
2002-07-10,0.25901758670806885
2002-07-11,0.27367332577705383
2002-07-12,0.2618591785430908
2002-07-15,0.27262651920318604
2002-07-16,0.267093300819397
2002-07-17,0.23374368250370026
2002-07-18,0.22417297959327698
2002-07-19,0.22372420132160187
2002-07-22,0.22312623262405396
2002-07-23,0.21639631688594818
2002-07-24,0.2273135483264923
2002-07-25,0.21475152671337128
2002-07-26,0.21445174515247345
2002-07-29,0.22462105751037598
2002-07-30,0.23075294494628906
2002-07-31,0.22821050882339478
2002-08-01,0.22133153676986694
2002-08-02,0.21609732508659363
2002-08-05,0.20921747386455536
2002-08-06,0.22043374180793762
2002-08-07,0.22477108240127563
2002-08-08,0.22880850732326508
2002-08-09,0.22432203590869904
2002-08-12,0.22417297959327698
2002-08-13,0.2181909829378128
2002-08-14,0.22686465084552765
2002-08-15,0.23344463109970093
2002-08-16,0.23643524944782257
2002-08-19,0.2389778047800064
2002-08-20,0.2379309982061386
2002-08-21,0.24107152223587036
2002-08-22,0.23882879316806793
2002-08-23,0.23523929715156555
2002-08-26,0.23224793374538422
2002-08-27,0.22207944095134735
2002-08-28,0.2198357880115509
2002-08-29,0.2198357880115509
2002-08-30,0.2205837070941925
2002-09-03,0.21011528372764587
2002-09-04,0.21654535830020905
2002-09-05,0.21205909550189972
2002-09-06,0.21505051851272583
2002-09-09,0.21490059792995453
2002-09-10,0.21430259943008423
2002-09-11,0.21370460093021393
2002-09-12,0.21146109700202942
2002-09-13,0.2119099646806717
2002-09-16,0.21684518456459045
2002-09-17,0.22133153676986694
2002-09-18,0.22462105751037598
2002-09-19,0.2180410474538803
2002-09-20,0.22237829864025116
2002-09-23,0.22207944095134735
2002-09-24,0.21893882751464844
2002-09-25,0.22327539324760437
2002-09-26,0.2198357880115509
2002-09-27,0.22013475000858307
2002-09-30,0.21684518456459045
2002-10-01,0.2169942408800125
2002-10-02,0.2119099646806717
2002-10-03,0.21385377645492554
2002-10-04,0.20981627702713013
2002-10-07,0.20592789351940155
2002-10-08,0.20458215475082397
2002-10-09,0.20323623716831207
2002-10-10,0.21101221442222595
2002-10-11,0.2169942408800125
2002-10-14,0.2208825647830963
2002-10-15,0.22671471536159515
2002-10-16,0.21774210035800934
2002-10-17,0.21101221442222595
2002-10-18,0.21445174515247345
2002-10-21,0.21774210035800934
2002-10-22,0.2198357880115509
2002-10-23,0.2225273996591568
2002-10-24,0.219685897231102
2002-10-25,0.2306031435728073
2002-10-28,0.23344463109970093
2002-10-29,0.23090212047100067
2002-10-30,0.2389778047800064
2002-10-31,0.24032364785671234
2002-11-01,0.24466094374656677
2002-11-04,0.2525867223739624
2002-11-05,0.2527366280555725
2002-11-06,0.2575218081474304
2002-11-07,0.23927690088748932
2002-11-08,0.23688414692878723
2002-11-11,0.22671471536159515
2002-11-12,0.23389354348182678
2002-11-13,0.23314569890499115
2002-11-14,0.24376319348812103
2002-11-15,0.23852898180484772
2002-11-18,0.234042689204216
2002-11-19,0.2283603549003601
2002-11-20,0.23224793374538422
2002-11-21,0.24451103806495667
2002-11-22,0.23942671716213226
2002-11-25,0.23882879316806793
2002-11-26,0.23045410215854645
2002-11-27,0.23508933186531067
2002-11-29,0.2317998707294464
2002-12-02,0.22701382637023926
2002-12-03,0.22671471536159515
2002-12-04,0.22387325763702393
2002-12-05,0.21878893673419952
2002-12-06,0.2235741764307022
2002-12-09,0.2205837070941925
2002-12-10,0.22850941121578217
2002-12-11,0.23165005445480347
2002-12-12,0.22716361284255981
2002-12-13,0.22118160128593445
2002-12-16,0.22207944095134735
2002-12-17,0.22551880776882172
2002-12-18,0.21789193153381348
2002-12-19,0.2123580127954483
2002-12-20,0.21146109700202942
2002-12-23,0.21669526398181915
2002-12-24,0.21475152671337128
2002-12-26,0.21534943580627441
2002-12-27,0.21026434004306793
2002-12-30,0.21041423082351685
2002-12-31,0.21430259943008423
2003-01-02,0.22133153676986694
2003-01-03,0.22282637655735016
2003-01-06,0.22282637655735016
2003-01-07,0.22207944095134735
2003-01-08,0.21759219467639923
2003-01-09,0.21953675150871277
2003-01-10,0.22013475000858307
2003-01-13,0.21878893673419952
2003-01-14,0.21848994493484497
2003-01-15,0.21579831838607788
2003-01-16,0.2186390608549118
2003-01-17,0.21086308360099792
2003-01-21,0.2096664160490036
2003-01-22,0.2075727880001068
2003-01-23,0.2119099646806717
2003-01-24,0.2063767910003662
2003-01-27,0.2113111913204193
2003-01-28,0.2180410474538803
2003-01-29,0.22327539324760437
2003-01-30,0.21415269374847412
2003-01-31,0.21475152671337128
2003-02-03,0.21923784911632538
2003-02-04,0.21834006905555725
2003-02-05,0.21609732508659363
2003-02-06,0.21579831838607788
2003-02-07,0.21161103248596191
2003-02-10,0.21460159122943878
2003-02-11,0.21460159122943878
2003-02-12,0.2151995599269867
2003-02-13,0.21744310855865479
2003-02-14,0.21938693523406982
2003-02-18,0.2283603549003601
2003-02-19,0.22207944095134735
2003-02-20,0.2208825647830963
2003-02-21,0.22432203590869904
2003-02-24,0.22043374180793762
2003-02-25,0.22462105751037598
2003-02-26,0.21684518456459045
2003-02-27,0.22222837805747986
2003-02-28,0.22447200119495392
2003-03-03,0.2190878689289093
2003-03-04,0.21774210035800934
2003-03-05,0.2186390608549118
2003-03-06,0.21774210035800934
2003-03-07,0.21729324758052826
2003-03-10,0.21490059792995453
2003-03-11,0.21280696988105774
2003-03-12,0.21265782415866852
2003-03-13,0.22013475000858307
2003-03-14,0.22103257477283478
2003-03-17,0.22447200119495392
2003-03-18,0.22432203590869904
2003-03-19,0.2235741764307022
2003-03-20,0.22297629714012146
2003-03-21,0.22432203590869904
2003-03-24,0.21490059792995453
2003-03-25,0.21759219467639923
2003-03-26,0.21549856662750244
2003-03-27,0.21669526398181915
2003-03-28,0.21789193153381348
2003-03-31,0.21146109700202942
2003-04-01,0.21176007390022278
2003-04-02,0.21834006905555725
2003-04-03,0.2162463217973709
2003-04-04,0.21549856662750244
2003-04-07,0.21669526398181915
2003-04-08,0.21609732508659363
2003-04-09,0.21220898628234863
2003-04-10,0.21490059792995453
2003-04-11,0.19740332663059235
2003-04-14,0.20308642089366913
2003-04-15,0.20024488866329193
2003-04-16,0.19800211489200592
2003-04-17,0.19620740413665771
2003-04-21,0.19650636613368988
2003-04-22,0.20203952491283417
2003-04-23,0.20308642089366913
2003-04-24,0.2009926736354828
2003-04-25,0.19964687526226044
2003-04-28,0.2072737067937851
2003-04-29,0.21026434004306793
2003-04-30,0.21265782415866852
2003-05-01,0.21475152671337128
2003-05-02,0.21609732508659363
2003-05-05,0.2406226396560669
2003-05-06,0.2617092430591583
2003-05-07,0.26395291090011597
2003-05-08,0.2691870331764221
2003-05-09,0.27367332577705383
2003-05-12,0.2775616943836212
2003-05-13,0.2792065739631653
2003-05-14,0.27741190791130066
2003-05-15,0.28010350465774536
2003-05-16,0.2811502516269684
2003-05-19,0.27068188786506653
2003-05-20,0.2660464942455292
2003-05-21,0.2669433355331421
2003-05-22,0.2727755010128021
2003-05-23,0.2739723026752472
2003-05-27,0.28234708309173584
2003-05-28,0.27337440848350525
2003-05-29,0.27068188786506653
2003-05-30,0.2684391438961029
2003-06-02,0.2609613835811615
2003-06-03,0.25886765122413635
2003-06-04,0.2632049322128296
2003-06-05,0.2638029158115387
2003-06-06,0.256475031375885
2003-06-09,0.2510908544063568
2003-06-10,0.25692394375801086
2003-06-11,0.2609613835811615
2003-06-12,0.26574668288230896
2003-06-13,0.2605125904083252
2003-06-16,0.27322447299957275
2003-06-17,0.2720277011394501
2003-06-18,0.2859364151954651
2003-06-19,0.28623539209365845
2003-06-20,0.28713229298591614
2003-06-23,0.28503865003585815
2003-06-24,0.280851274728775
2003-06-25,0.28548747301101685
2003-06-26,0.28847819566726685
2003-06-27,0.28010350465774536
2003-06-30,0.28503865003585815
2003-07-01,0.28548747301101685
2003-07-02,0.2881791293621063
2003-07-03,0.28608548641204834
2003-07-07,0.29715195298194885
2003-07-08,0.305078387260437
2003-07-09,0.2974517047405243
2003-07-10,0.2928154170513153
2003-07-11,0.29685282707214355
2003-07-14,0.29760071635246277
2003-07-15,0.293264240026474
2003-07-16,0.29715195298194885
2003-07-17,0.3125554919242859
2003-07-18,0.31195738911628723
2003-07-21,0.30821895599365234
2003-07-22,0.3110605478286743
2003-07-23,0.31091058254241943
2003-07-24,0.30672335624694824
2003-07-25,0.3221268653869629
2003-07-28,0.31390121579170227
2003-07-29,0.3098638355731964
2003-07-30,0.3032839000225067
2003-07-31,0.31524786353111267
2003-08-01,0.31001365184783936
2003-08-04,0.31719157099723816
2003-08-05,0.3047795295715332
2003-08-06,0.29356324672698975
2003-08-07,0.2980496883392334
2003-08-08,0.2937123477458954
2003-08-11,0.2940113842487335
2003-08-12,0.29461002349853516
2003-08-13,0.30178794264793396
2003-08-14,0.29864752292633057
2003-08-15,0.2947591543197632
2003-08-18,0.3041806221008301
2003-08-19,0.30388176441192627
2003-08-20,0.31420108675956726
2003-08-21,0.32422059774398804
2003-08-22,0.3122565448284149
2003-08-25,0.31195738911628723
2003-08-26,0.31479907035827637
2003-08-27,0.3212290406227112
2003-08-28,0.3318473994731903
2003-08-29,0.33812829852104187
2003-09-02,0.34171783924102783
2003-09-03,0.3432124853134155
2003-09-04,0.3414187729358673
2003-09-05,0.3364836275577545
2003-09-08,0.3400721549987793
2003-09-09,0.3345389664173126
2003-09-10,0.3316974341869354
2003-09-11,0.3373805582523346
2003-09-12,0.3454562723636627
2003-09-15,0.3321463465690613
2003-09-16,0.3343898355960846
2003-09-17,0.3308005630970001
2003-09-18,0.34216582775115967
2003-09-19,0.33767950534820557
2003-09-22,0.33020251989364624
2003-09-23,0.33543679118156433
2003-09-24,0.3188364803791046
2003-09-25,0.30552658438682556
2003-09-26,0.309414803981781
2003-09-29,0.3185374140739441
2003-09-30,0.3098638355731964
2003-10-01,0.31091058254241943
2003-10-02,0.30762025713920593
2003-10-03,0.32436951994895935
2003-10-06,0.3333430290222168
2003-10-07,0.34725087881088257
2003-10-08,0.34485816955566406
2003-10-09,0.35069042444229126
2003-10-10,0.3541298508644104
2003-10-13,0.36414945125579834
2003-10-14,0.36714091897010803
2003-10-15,0.3711782395839691
2003-10-16,0.3476998805999756
2003-10-17,0.340222030878067
2003-10-20,0.34725087881088257
2003-10-21,0.3466529846191406
2003-10-22,0.3403719961643219
2003-10-23,0.34381142258644104
2003-10-24,0.33797839283943176
2003-10-27,0.33797839283943176
2003-10-28,0.3547278046607971
2003-10-29,0.3542797565460205
2003-10-30,0.3453063368797302
2003-10-31,0.3423157036304474
2003-11-03,0.3462040424346924
2003-11-04,0.34261471033096313
2003-11-05,0.34440934658050537
2003-11-06,0.34575533866882324
2003-11-07,0.3364836275577545
2003-11-10,0.3275099992752075
2003-11-11,0.3221268653869629
2003-11-12,0.3339410722255707
2003-11-13,0.3352868854999542
2003-11-14,0.320930153131485
2003-11-17,0.31599488854408264
2003-11-18,0.30522748827934265
2003-11-19,0.30537745356559753
2003-11-20,0.3047795295715332
2003-11-21,0.3032839000225067
2003-11-24,0.31629469990730286
2003-11-25,0.3092658221721649
2003-11-26,0.3098638355731964
2003-11-28,0.3127053380012512
2003-12-01,0.3246694505214691
2003-12-02,0.3221268653869629
2003-12-03,0.31449997425079346
2003-12-04,0.31629469990730286
2003-12-05,0.3118075430393219
2003-12-08,0.31479907035827637
2003-12-09,0.3058263957500458
2003-12-10,0.3047795295715332
2003-12-11,0.31719157099723816
2003-12-12,0.31240639090538025
2003-12-15,0.30163902044296265
2003-12-16,0.3008911609649658
2003-12-17,0.297301709651947
2003-12-18,0.29969432950019836
2003-12-19,0.29461002349853516
2003-12-22,0.29685282707214355
2003-12-23,0.296254962682724
2003-12-24,0.30522748827934265
2003-12-26,0.3107607364654541
2003-12-29,0.31629469990730286
2003-12-30,0.31823843717575073
2003-12-31,0.31958433985710144
2004-01-02,0.31823843717575073
2004-01-05,0.33154845237731934
2004-01-06,0.33035168051719666
2004-01-07,0.33782947063446045
2004-01-08,0.3493446707725525
2004-01-09,0.3439604640007019
2004-01-12,0.3548777997493744
2004-01-13,0.36070987582206726
2004-01-14,0.3619065582752228
2004-01-15,0.34171783924102783
2004-01-16,0.33977314829826355
2004-01-20,0.3399229347705841
2004-01-21,0.33812829852104187
2004-01-22,0.3316974341869354
2004-01-23,0.3373805582523346
2004-01-26,0.3441104292869568
2004-01-27,0.34500735998153687
2004-01-28,0.33678263425827026
2004-01-29,0.3391752243041992
2004-01-30,0.3373805582523346
2004-02-02,0.3337911367416382
2004-02-03,0.3328942060470581
2004-02-04,0.3258652687072754
2004-02-05,0.3352868854999542
2004-02-06,0.3396240472793579
2004-02-09,0.3390253186225891
2004-02-10,0.34366148710250854
2004-02-11,0.3559246361255646
2004-02-12,0.3548777997493744
2004-02-13,0.3439604640007019
2004-02-17,0.3463532328605652
2004-02-18,0.34784892201423645
2004-02-19,0.3360346853733063
2004-02-20,0.3349878787994385
2004-02-23,0.3318473994731903
2004-02-24,0.3343898355960846
2004-02-25,0.3411189019680023
2004-02-26,0.34455934166908264
2004-02-27,0.3577193021774292
2004-03-01,0.3592148721218109
2004-03-02,0.3560745120048523
2004-03-03,0.3577193021774292
2004-03-04,0.37626343965530396
2004-03-05,0.3998916745185852
2004-03-08,0.388825386762619
2004-03-09,0.40527594089508057
2004-03-10,0.41394948959350586
2004-03-11,0.40602293610572815
2004-03-12,0.4121549427509308
2004-03-15,0.39555445313453674
2004-03-16,0.3861330449581146
2004-03-17,0.3916670083999634
2004-03-18,0.3838902413845062
2004-03-19,0.3867318332195282
2004-03-22,0.3867318332195282
2004-03-23,0.37820711731910706
2004-03-24,0.3813477158546448
2004-03-25,0.4018355906009674
2004-03-26,0.40437808632850647
2004-03-29,0.4173890948295593
2004-03-30,0.4175380766391754
2004-03-31,0.40437808632850647
2004-04-01,0.40542492270469666
2004-04-02,0.41125696897506714
2004-04-05,0.42352014780044556
2004-04-06,0.4161922335624695
2004-04-07,0.4084164500236511
2004-04-08,0.4117059111595154
2004-04-12,0.4193328320980072
2004-04-13,0.40273332595825195
2004-04-14,0.3983961343765259
2004-04-15,0.4381757378578186
2004-04-16,0.43638116121292114
2004-04-19,0.4239690899848938
2004-04-20,0.4146973490715027
2004-04-21,0.4146973490715027
2004-04-22,0.41544434428215027
2004-04-23,0.41424837708473206
2004-04-26,0.4057239294052124
2004-04-27,0.40288230776786804
2004-04-28,0.39555445313453674
2004-04-29,0.40034064650535583
2004-04-30,0.38553500175476074
2004-05-03,0.389872282743454
2004-05-04,0.39091920852661133
2004-05-05,0.39854589104652405
2004-05-06,0.3974990248680115
2004-05-07,0.3988449275493622
2004-05-10,0.39301273226737976
2004-05-11,0.4058738350868225
2004-05-12,0.40826645493507385
2004-05-13,0.40662163496017456
2004-05-14,0.40467706322669983
2004-05-17,0.3983961343765259
2004-05-18,0.40467706322669983
2004-05-19,0.39585429430007935
2004-05-20,0.3994428813457489
2004-05-21,0.40542492270469666
2004-05-24,0.4088643789291382
2004-05-25,0.42486605048179626
2004-05-26,0.4263615608215332
2004-05-27,0.42127731442451477
2004-05-28,0.419631689786911
2004-06-01,0.419631689786911
2004-06-02,0.43249350786209106
2004-06-03,0.42471688985824585
2004-06-04,0.4303998351097107
2004-06-07,0.44580259919166565
2004-06-08,0.45387840270996094
2004-06-09,0.4516356885433197
2004-06-10,0.4597114026546478
2004-06-14,0.45043882727622986
2004-06-15,0.4589635729789734
2004-06-16,0.4896209239959717
2004-06-17,0.49066734313964844
2004-06-18,0.49216315150260925
2004-06-21,0.48348870873451233
2004-06-22,0.4935092031955719
2004-06-23,0.5039776563644409
2004-06-24,0.4962007701396942
2004-06-25,0.5039776563644409
2004-06-28,0.4858822822570801
2004-06-29,0.48603135347366333
2004-06-30,0.4866292178630829
2004-07-01,0.48304060101509094
2004-07-02,0.46479561924934387
2004-07-06,0.4628519117832184
2004-07-07,0.4544774293899536
2004-07-08,0.45073795318603516
2004-07-09,0.449093222618103
2004-07-12,0.4357830882072449
2004-07-13,0.43697988986968994
2004-07-14,0.4423632025718689
2004-07-15,0.4924623370170593
2004-07-16,0.48154518008232117
2004-07-19,0.478105366230011
2004-07-20,0.48154518008232117
2004-07-21,0.47287142276763916
2004-07-22,0.47376829385757446
2004-07-23,0.45911258459091187
2004-07-26,0.4674873650074005
2004-07-27,0.48498454689979553
2004-07-28,0.48259207606315613
2004-07-29,0.4881250858306885
2004-07-30,0.4836386442184448
2004-08-02,0.4722733199596405
2004-08-03,0.46793606877326965
2004-08-04,0.4754139184951782
2004-08-05,0.4694317877292633
2004-08-06,0.445354700088501
2004-08-09,0.45313048362731934
2004-08-10,0.471375435590744
2004-08-11,0.46374884247779846
2004-08-12,0.4541773796081543
2004-08-13,0.4612062871456146
2004-08-16,0.4603092670440674
2004-08-17,0.4616550803184509
2004-08-18,0.47466596961021423
2004-08-19,0.45926254987716675
2004-08-20,0.4606083035469055
2004-08-23,0.46479561924934387
2004-08-24,0.47780653834342957
2004-08-25,0.4942570924758911
2004-08-26,0.5183343291282654
2004-08-27,0.5136979222297668
2004-08-30,0.5102587342262268
2004-08-31,0.515791654586792
2004-09-01,0.5362797379493713
2004-09-02,0.5332890152931213
2004-09-03,0.5268580913543701
2004-09-07,0.5347837805747986
2004-09-08,0.5436073541641235
2004-09-09,0.5338866710662842
2004-09-10,0.5364296436309814
2004-09-13,0.5322421193122864
2004-09-14,0.530746340751648
2004-09-15,0.5264090299606323
2004-09-16,0.5436073541641235
2004-09-17,0.5554216504096985
2004-09-20,0.5639464855194092
2004-09-21,0.5684325695037842
2004-09-22,0.5521320700645447
2004-09-23,0.557366132736206
2004-09-24,0.5576652884483337
2004-09-27,0.5612545609474182
2004-09-28,0.5688812732696533
2004-09-29,0.5784521102905273
2004-09-30,0.5794987678527832
2004-10-01,0.578302800655365
2004-10-04,0.5800973773002625
2004-10-05,0.5887713432312012
2004-10-06,0.6077635288238525
2004-10-07,0.592509925365448
2004-10-08,0.5841350555419922
2004-10-11,0.5771062970161438
2004-10-12,0.5726199150085449
2004-10-13,0.5944535732269287
2004-10-14,0.6726674437522888
2004-10-15,0.680444061756134
2004-10-18,0.7140927910804749
2004-10-19,0.7091576457023621
2004-10-20,0.7099055647850037
2004-10-21,0.71693354845047
2004-10-22,0.7090077996253967
2004-10-25,0.7111014723777771
2004-10-26,0.7173824310302734
2004-10-27,0.7522270083427429
2004-10-28,0.7804914712905884
2004-10-29,0.7836320996284485
2004-11-01,0.7843801379203796
2004-11-02,0.8000824451446533
2004-11-03,0.827151358127594
2004-11-04,0.8142892718315125
2004-11-05,0.8183276653289795
2004-11-08,0.8132423758506775
2004-11-09,0.8083081841468811
2004-11-10,0.818776547908783
2004-11-11,0.8270013332366943
2004-11-12,0.8299918174743652
2004-11-15,0.8261044025421143
2004-11-16,0.8216173052787781
2004-11-17,0.8210191130638123
2004-11-18,0.8283472061157227
2004-11-19,0.8250574469566345
2004-11-22,0.9174779057502747
2004-11-23,0.9162813425064087
2004-11-24,0.9578561186790466
2004-11-26,0.9653335213661194
2004-11-29,1.0235075950622559
2004-11-30,1.0027201175689697
2004-12-01,1.013787031173706
2004-12-02,0.9752030372619629
2004-12-03,0.9373676776885986
2004-12-06,0.9837278127670288
2004-12-07,0.9405083656311035
2004-12-08,0.9463407397270203
2004-12-09,0.956959068775177
2004-12-10,0.9743065237998962
2004-12-13,0.9707170128822327
2004-12-14,0.9764001369476318
2004-12-15,0.9759513139724731
2004-12-16,0.9959911704063416
2004-12-17,0.9719136357307434
2004-12-20,0.9379657506942749
2004-12-21,0.9524717926979065
2004-12-22,0.9533694982528687
2004-12-23,0.9572576284408569
2004-12-27,0.9445461630821228
2004-12-28,0.959799587726593
2004-12-29,0.9636877775192261
2004-12-30,0.9690718650817871
2004-12-31,0.9630903601646423
2005-01-03,0.9464907050132751
2005-01-04,0.956210732460022
2005-01-05,0.9645856022834778
2005-01-06,0.9653335213661194
2005-01-07,1.0356210470199585
2005-01-10,1.0312843322753906
2005-01-11,0.9654828310012817
2005-01-12,0.978942334651947
2005-01-13,1.0438464879989624
2005-01-14,1.0498278141021729
2005-01-18,1.0565578937530518
2005-01-19,1.0450422763824463
2005-01-20,1.0537161827087402
2005-01-21,1.0541646480560303
2005-01-24,1.0582023859024048
2005-01-25,1.0774943828582764
2005-01-26,1.0804858207702637
2005-01-27,1.0863176584243774
2005-01-28,1.1063568592071533
2005-01-31,1.1500248908996582
2005-02-01,1.159446358680725
2005-02-02,1.1908516883850098
2005-02-03,1.1636340618133545
2005-02-04,1.1790375709533691
2005-02-07,1.1805332899093628
2005-02-08,1.209844946861267
2005-02-09,1.1775418519973755
2005-02-10,1.1718591451644897
2005-02-11,1.2144813537597656
2005-02-14,1.2656259536743164
2005-02-15,1.3221551179885864
2005-02-16,1.3478773832321167
2005-02-17,1.3131827116012573
2005-02-18,1.298228144645691
2005-02-22,1.2754961252212524
2005-02-23,1.3194634914398193
2005-02-24,1.329931616783142
2005-02-25,1.3308292627334595
2005-02-28,1.34174644947052
2005-03-01,1.330978512763977
2005-03-02,1.3196125030517578
2005-03-03,1.2499233484268188
2005-03-04,1.2804317474365234
2005-03-07,1.2786369323730469
2005-03-08,1.21223783493042
2005-03-09,1.1769434213638306
2005-03-10,1.191300630569458
2005-03-11,1.2044605016708374
2005-03-14,1.2059563398361206
2005-03-15,1.2250981330871582
2005-03-16,1.2316780090332031
2005-03-17,1.2636821269989014
2005-03-18,1.2849175930023193
2005-03-21,1.3070504665374756
2005-03-22,1.2810299396514893
2005-03-23,1.2726550102233887
2005-03-24,1.2711595296859741
2005-03-28,1.2720569372177124
2005-03-29,1.2487269639968872
2005-03-30,1.2801316976547241
2005-03-31,1.246334195137024
2005-04-01,1.2230042219161987
2005-04-04,1.2289865016937256
2005-04-05,1.2529139518737793
2005-04-06,1.2660750150680542
2005-04-07,1.302863359451294
2005-04-08,1.3082475662231445
2005-04-11,1.253812313079834
2005-04-12,1.2759449481964111
2005-04-13,1.227491021156311
2005-04-14,1.114432692527771
2005-04-15,1.0573053359985352
2005-04-18,1.0653810501098633
2005-04-19,1.109348177909851
2005-04-20,1.0620908737182617
2005-04-21,1.1120400428771973
2005-04-22,1.0617921352386475
2005-04-25,1.1060574054718018
2005-04-26,1.0824295282363892
2005-04-27,1.0752519369125366
2005-04-28,1.0629884004592896
2005-04-29,1.0785412788391113
2005-05-02,1.0896075963974
2005-05-03,1.0830274820327759
2005-05-04,1.1111431121826172
2005-05-05,1.0970851182937622
2005-05-06,1.1138352155685425
2005-05-09,1.1057593822479248
2005-05-10,1.089308261871338
2005-05-11,1.0650821924209595
2005-05-12,1.0208160877227783
2005-05-13,1.0399583578109741
2005-05-16,1.0632874965667725
2005-05-17,1.0576045513153076
2005-05-18,1.0719611644744873
2005-05-19,1.1231064796447754
2005-05-20,1.1231064796447754
2005-05-23,1.189206838607788
2005-05-24,1.1874123811721802
2005-05-25,1.189805030822754
2005-05-26,1.2185183763504028
2005-05-27,1.213134527206421
2005-05-31,1.189206838607788
2005-06-01,1.2053580284118652
2005-06-02,1.1975815296173096
2005-06-03,1.1437441110610962
2005-06-06,1.1341736316680908
2005-06-07,1.092897891998291
2005-06-08,1.104263186454773
2005-06-09,1.1260972023010254
2005-06-10,1.0710641145706177
2005-06-13,1.0737557411193848
2005-06-14,1.076746940612793
2005-06-15,1.1105438470840454
2005-06-16,1.1359679698944092
2005-06-17,1.145837664604187
2005-06-20,1.124901294708252
2005-06-21,1.1323785781860352
2005-06-22,1.1530163288116455
2005-06-23,1.163185954093933
2005-06-24,1.129387378692627
2005-06-27,1.1096476316452026
2005-06-28,1.115928292274475
2005-06-29,1.0878139734268188
2005-06-30,1.1009738445281982
2005-07-01,1.0917010307312012
2005-07-05,1.1359679698944092
2005-07-06,1.1183208227157593
2005-07-07,1.1255000829696655
2005-07-08,1.14404296875
2005-07-11,1.1395567655563354
2005-07-12,1.1437441110610962
2005-07-13,1.1470346450805664
2005-07-14,1.2188169956207275
2005-07-15,1.2427457571029663
2005-07-18,1.2409508228302002
2005-07-19,1.2917969226837158
2005-07-20,1.3049571514129639
2005-07-21,1.2947876453399658
2005-07-22,1.3160241842269897
2005-07-25,1.3103411197662354
2005-07-26,1.3049571514129639
2005-07-27,1.3157238960266113
2005-07-28,1.310041904449463
2005-07-29,1.2756459712982178
2005-08-01,1.2786369323730469
2005-08-02,1.2917969226837158
2005-08-03,1.292693853378296
2005-08-04,1.2774404287338257
2005-08-05,1.2858152389526367
2005-08-08,1.2756459712982178
2005-08-09,1.3106402158737183
2005-08-10,1.2974798679351807
2005-08-11,1.3160241842269897
2005-08-12,1.3788343667984009
2005-08-15,1.426090955734253
2005-08-16,1.3833208084106445
2005-08-17,1.4102396965026855
2005-08-18,1.3848154544830322
2005-08-19,1.3707584142684937
2005-08-22,1.371954321861267
2005-08-23,1.3680669069290161
2005-08-24,1.3689643144607544
2005-08-25,1.3776373863220215
2005-08-26,1.3680669069290161
2005-08-29,1.3710578680038452
2005-08-30,1.39289128780365
2005-08-31,1.4024626016616821
2005-09-01,1.383619785308838
2005-09-02,1.3824230432510376
2005-09-06,1.459589958190918
2005-09-07,1.4560004472732544
2005-09-08,1.488900899887085
2005-09-09,1.5346627235412598
2005-09-12,1.5373543500900269
2005-09-13,1.5200072526931763
2005-09-14,1.4838173389434814
2005-09-15,1.491592526435852
2005-09-16,1.5316725969314575
2005-09-19,1.5744428634643555
2005-09-20,1.5908931493759155
2005-09-21,1.5585907697677612
2005-09-22,1.5523093938827515
2005-09-23,1.5911921262741089
2005-09-26,1.6103347539901733
2005-09-27,1.5983703136444092
2005-09-28,1.5277841091156006
2005-09-29,1.5654704570770264
2005-09-30,1.6034553050994873
2005-10-03,1.628280520439148
2005-10-04,1.6076427698135376
2005-10-05,1.5786303281784058
2005-10-06,1.546328067779541
2005-10-07,1.5343642234802246
2005-10-10,1.5065487623214722
2005-10-11,1.5430376529693604
2005-10-12,1.4730501174926758
2005-10-13,1.607344150543213
2005-10-14,1.615119457244873
2005-10-17,1.5983703136444092
2005-10-18,1.5615819692611694
2005-10-19,1.6432353258132935
2005-10-20,1.6791267395019531
2005-10-21,1.6647696495056152
2005-10-24,1.698567509651184
2005-10-25,1.6779299974441528
2005-10-26,1.7057462930679321
2005-10-27,1.6572932004928589
2005-10-28,1.629177212715149
2005-10-31,1.722495675086975
2005-11-01,1.7198035717010498
2005-11-02,1.7930819988250732
2005-11-03,1.8499113321304321
2005-11-04,1.8289741277694702
2005-11-07,1.8014572858810425
2005-11-08,1.7915878295898438
2005-11-09,1.7978676557540894
2005-11-10,1.8298708200454712
2005-11-11,1.8406379222869873
2005-11-14,1.8379470109939575
2005-11-15,1.862771987915039
2005-11-16,1.942630648612976
2005-11-17,1.9297692775726318
2005-11-18,1.9309656620025635
2005-11-21,1.9429293870925903
2005-11-22,1.9895881414413452
2005-11-23,2.0072367191314697
2005-11-25,2.073934316635132
2005-11-28,2.0835046768188477
2005-11-29,2.0368459224700928
2005-11-30,2.028470754623413
2005-12-01,2.1415297985076904
2005-12-02,2.172337055206299
2005-12-05,2.148108959197998
2005-12-06,2.214808225631714
2005-12-07,2.2118167877197266
2005-12-08,2.215705633163452
2005-12-09,2.22318172454834
2005-12-12,2.240530252456665
2005-12-13,2.242624044418335
2005-12-14,2.1537928581237793
2005-12-15,2.1588776111602783
2005-12-16,2.1268749237060547
2005-12-19,2.1349503993988037
2005-12-20,2.156782865524292
2005-12-21,2.198357582092285
2005-12-22,2.213909864425659
2005-12-23,2.1938717365264893
2005-12-27,2.2201919555664062
2005-12-28,2.2004528045654297
2005-12-29,2.1370437145233154
2005-12-30,2.1502044200897217
2006-01-03,2.2357449531555176
2006-01-04,2.2423248291015625
2006-01-05,2.2246785163879395
2006-01-06,2.2821052074432373
2006-01-09,2.274627447128296
2006-01-10,2.418492317199707
2006-01-11,2.5094175338745117
2006-01-12,2.5210821628570557
2006-01-13,2.5599658489227295
2006-01-17,2.5336437225341797
2006-01-18,2.46724534034729
2006-01-19,2.3640573024749756
2006-01-20,2.2758238315582275
2006-01-23,2.3230807781219482
2006-01-24,2.2743277549743652
2006-01-25,2.2192952632904053
2006-01-26,2.1633639335632324
2006-01-27,2.154391050338745
2006-01-30,2.2432212829589844
2006-01-31,2.2584762573242188
2006-02-01,2.2557849884033203
2006-02-02,2.156484842300415
2006-02-03,2.1490063667297363
2006-02-06,2.0129172801971436
2006-02-07,2.0218918323516846
2006-02-08,2.05808162689209
2006-02-09,1.942630648612976
2006-02-10,2.0132176876068115
2006-02-13,1.9354512691497803
2006-02-14,2.0230870246887207
2006-02-15,2.0703444480895996
2006-02-16,2.110722780227661
2006-02-17,2.1023476123809814
2006-02-21,2.066157579421997
2006-02-22,2.133155107498169
2006-02-23,2.146015167236328
2006-02-24,2.1373424530029297
2006-02-27,2.1232845783233643
2006-02-28,2.0485095977783203
2006-03-01,2.066755533218384
2006-03-02,2.0820086002349854
2006-03-03,2.025479316711426
2006-03-06,1.9584827423095703
2006-03-07,1.9833073616027832
2006-03-08,1.9638655185699463
2006-03-09,1.9121226072311401
2006-03-10,1.8899898529052734
2006-03-13,1.9644638299942017
2006-03-14,2.013516664505005
2006-03-15,1.9809150695800781
2006-03-16,1.923488974571228
2006-03-17,1.9339567422866821
2006-03-20,1.9139176607131958
2006-03-21,1.8487143516540527
2006-03-22,1.8445273637771606
2006-03-23,1.7993628978729248
2006-03-24,1.793382167816162
2006-03-27,1.779921531677246
2006-03-28,1.7559946775436401
2006-03-29,1.8642663955688477
2006-03-30,1.876828670501709
2006-03-31,1.8759315013885498
2006-04-03,1.8738380670547485
2006-04-04,1.8295730352401733
2006-04-05,2.0102264881134033
2006-04-06,2.1307621002197266
2006-04-07,2.087393045425415
2006-04-10,2.0538947582244873
2006-04-11,2.033555269241333
2006-04-12,1.9952713251113892
2006-04-13,1.988093614578247
2006-04-17,1.9384437799453735
2006-04-18,1.9806157350540161
2006-04-19,1.9635677337646484
2006-04-20,2.0227880477905273
2006-04-21,2.0051422119140625
2006-04-24,1.9665582180023193
2006-04-25,1.9791200160980225
2006-04-26,2.0383412837982178
2006-04-27,2.074531316757202
2006-04-28,2.105339288711548
2006-05-01,2.081709384918213
2006-05-02,2.142127513885498
2006-05-03,2.1277716159820557
2006-05-04,2.1274726390838623
2006-05-05,2.1502044200897217
2006-05-08,2.1502044200897217
2006-05-09,2.124481678009033
2006-05-10,2.1116206645965576
2006-05-11,2.0383412837982178
2006-05-12,2.0248818397521973
2006-05-15,2.027573347091675
2006-05-16,1.9435272216796875
2006-05-17,1.9519026279449463
2006-05-18,1.8896900415420532
2006-05-19,1.9294708967208862
2006-05-22,1.8956722021102905
2006-05-23,1.8887929916381836
2006-05-24,1.8944758176803589
2006-05-25,1.924086093902588
2006-05-26,1.9007561206817627
2006-05-30,1.8310680389404297
2006-05-31,1.7876989841461182
2006-06-01,1.8594820499420166
2006-06-02,1.8442281484603882
2006-06-05,1.7945772409439087
2006-06-06,1.7862039804458618
2006-06-07,1.7515079975128174
2006-06-08,1.8173089027404785
2006-06-09,1.7718459367752075
2006-06-12,1.704848051071167
2006-06-13,1.7446281909942627
2006-06-14,1.7230937480926514
2006-06-15,1.7760339975357056
2006-06-16,1.7215980291366577
2006-06-19,1.7108309268951416
2006-06-20,1.7189064025878906
2006-06-21,1.7305716276168823
2006-06-22,1.7820154428482056
2006-06-23,1.7595832347869873
2006-06-26,1.7643702030181885
2006-06-27,1.7177095413208008
2006-06-28,1.6755377054214478
2006-06-29,1.7637709379196167
2006-06-30,1.7129244804382324
2006-07-03,1.7332632541656494
2006-07-05,1.704848051071167
2006-07-06,1.668060541152954
2006-07-07,1.6569929122924805
2006-07-10,1.645029902458191
2006-07-11,1.664470911026001
2006-07-12,1.5840141773223877
2006-07-13,1.562778115272522
2006-07-14,1.5155210494995117
2006-07-17,1.5663669109344482
2006-07-18,1.5822197198867798
2006-07-19,1.618111491203308
2006-07-20,1.8095321655273438
2006-07-21,1.816112995147705
2006-07-24,1.8370492458343506
2006-07-25,1.8523036241531372
2006-07-26,1.9103279113769531
2006-07-27,1.896270990371704
2006-07-28,1.9617729187011719
2006-07-31,2.032658576965332
2006-08-01,2.0093297958374023
2006-08-02,2.0386412143707275
2006-08-03,2.081411838531494
2006-08-04,2.042827844619751
2006-08-07,2.0102264881134033
2006-08-08,1.9375466108322144
2006-08-09,1.9019529819488525
2006-08-10,1.9163100719451904
2006-08-11,1.9037480354309082
2006-08-14,1.9124205112457275
2006-08-15,1.9874955415725708
2006-08-16,2.0332560539245605
2006-08-17,2.0215916633605957
2006-08-18,2.031163454055786
2006-08-21,1.9907859563827515
2006-08-22,2.022489547729492
2006-08-23,2.0132176876068115
2006-08-24,2.0281732082366943
2006-08-25,2.0562875270843506
2006-08-28,2.003347158432007
2006-08-29,1.9883924722671509
2006-08-30,2.002748489379883
2006-08-31,2.0293686389923096
2006-09-01,2.0452208518981934
2006-09-05,2.1379406452178955
2006-09-06,2.0945699214935303
2006-09-07,2.177419900894165
2006-09-08,2.169046401977539
2006-09-11,2.1684489250183105
2006-09-12,2.172337055206299
2006-09-13,2.2192952632904053
2006-09-14,2.218398094177246
2006-09-15,2.216303586959839
2006-09-18,2.2100236415863037
2006-09-19,2.206433057785034
2006-09-20,2.2509989738464355
2006-09-21,2.2327535152435303
2006-09-22,2.1834027767181396
2006-09-25,2.2656543254852295
2006-09-26,2.3212859630584717
2006-09-27,2.285395860671997
2006-09-28,2.303339958190918
2006-09-29,2.3024423122406006
2006-10-02,2.239034414291382
2006-10-03,2.215705633163452
2006-10-04,2.254589080810547
2006-10-05,2.238137722015381
2006-10-06,2.2198917865753174
2006-10-09,2.2321557998657227
2006-10-10,2.207629442214966
2006-10-11,2.1902825832366943
2006-10-12,2.2509989738464355
2006-10-13,2.2438206672668457
2006-10-16,2.255185842514038
2006-10-17,2.2219860553741455
2006-10-18,2.2291653156280518
2006-10-19,2.3625612258911133
2006-10-20,2.391275405883789
2006-10-23,2.4364383220672607
2006-10-24,2.42417573928833
2006-10-25,2.443018674850464
2006-10-26,2.4582724571228027
2006-10-27,2.405033588409424
2006-10-30,2.4053330421447754
2006-10-31,2.4250731468200684
2006-11-01,2.3676464557647705
2006-11-02,2.362262487411499
2006-11-03,2.3416249752044678
2006-11-06,2.38409686088562
2006-11-07,2.4080235958099365
2006-11-08,2.4660491943359375
2006-11-09,2.4926693439483643
2006-11-10,2.486088275909424
2006-11-13,2.5228774547576904
2006-11-14,2.5423190593719482
2006-11-15,2.5139050483703613
2006-11-16,2.5605628490448
2006-11-17,2.5677413940429688
2006-11-20,2.586285352706909
2006-11-21,2.649993658065796
2006-11-22,2.701138734817505
2006-11-24,2.740619421005249
2006-11-27,2.678107500076294
2006-11-28,2.7460036277770996
2006-11-29,2.745702028274536
2006-11-30,2.741515874862671
2006-12-01,2.7313480377197266
2006-12-04,2.7253661155700684
2006-12-05,2.7298526763916016
2006-12-06,2.686781883239746
2006-12-07,2.603334665298462
2006-12-08,2.639824628829956
2006-12-11,2.6544792652130127
2006-12-12,2.576415538787842
2006-12-13,2.663451671600342
2006-12-14,2.6484975814819336
2006-12-15,2.6236724853515625
2006-12-18,2.5563762187957764
2006-12-19,2.5815000534057617
2006-12-20,2.5351402759552
2006-12-21,2.479508638381958
2006-12-22,2.458571434020996
2006-12-26,2.4379336833953857
2006-12-27,2.4382336139678955
2006-12-28,2.4187912940979004
2006-12-29,2.5375325679779053
2007-01-03,2.5064265727996826
2007-01-04,2.5620598793029785
2007-01-05,2.5438132286071777
2007-01-08,2.5563762187957764
2007-01-09,2.7687344551086426
2007-01-10,2.9012341499328613
2007-01-11,2.8653430938720703
2007-01-12,2.830049991607666
2007-01-16,2.9042258262634277
2007-01-17,2.839918375015259
2007-01-18,2.6640498638153076
2007-01-19,2.6470024585723877
2007-01-22,2.5958573818206787
2007-01-23,2.563255548477173
2007-01-24,2.593165636062622
2007-01-25,2.5797059535980225
2007-01-26,2.5536844730377197
2007-01-29,2.570434093475342
2007-01-30,2.5587685108184814
2007-01-31,2.5641534328460693
2007-02-01,2.5345427989959717
2007-02-02,2.534841775894165
2007-02-05,2.5106136798858643
2007-02-06,2.5168962478637695
2007-02-07,2.5767152309417725
2007-02-08,2.5776114463806152
2007-02-09,2.4905741214752197
2007-02-12,2.5387299060821533
2007-02-13,2.5333454608917236
2007-02-14,2.5512921810150146
2007-02-15,2.5485992431640625
2007-02-16,2.537234306335449
2007-02-20,2.569236993789673
2007-02-21,2.667938470840454
2007-02-22,2.6772115230560303
2007-02-23,2.6640498638153076
2007-02-26,2.647301435470581
2007-02-27,2.5103156566619873
2007-02-28,2.530653715133667
2007-03-01,2.6039323806762695
2007-03-02,2.554582118988037
2007-03-05,2.581799268722534
2007-03-06,2.637730836868286
2007-03-07,2.6236724853515625
2007-03-08,2.632047414779663
2007-03-09,2.631150245666504
2007-03-12,2.687978982925415
2007-03-13,2.6440114974975586
2007-03-14,2.6918678283691406
2007-03-15,2.679006814956665
2007-03-16,2.6796045303344727
2007-03-19,2.7256646156311035
2007-03-20,2.7361342906951904
2007-03-21,2.8076164722442627
2007-03-22,2.8103089332580566
2007-03-23,2.7971482276916504
2007-03-26,2.866837501525879
2007-03-27,2.8551740646362305
2007-03-28,2.788773536682129
2007-03-29,2.8040273189544678
2007-03-30,2.7789032459259033
2007-04-02,2.8010365962982178
2007-04-03,2.826460361480713
2007-04-04,2.8195812702178955
2007-04-05,2.831843852996826
2007-04-09,2.8010365962982178
2007-04-10,2.8189830780029297
2007-04-11,2.7693333625793457
2007-04-12,2.7573680877685547
2007-04-13,2.699045181274414
2007-04-16,2.7346372604370117
2007-04-17,2.702335834503174
2007-04-18,2.703829526901245
2007-04-19,2.6999428272247314
2007-04-20,2.720879316329956
2007-04-23,2.796849012374878
2007-04-24,2.788773536682129
2007-04-25,2.8518826961517334
2007-04-26,2.956267833709717
2007-04-27,2.988569498062134
2007-04-30,2.984980583190918
2007-05-01,2.9751107692718506
2007-05-02,3.002627372741699
2007-05-03,3.0029280185699463
2007-05-04,3.0151898860931396
2007-05-07,3.1082088947296143
2007-05-08,3.1423051357269287
2007-05-09,3.1967411041259766
2007-05-10,3.210498809814453
2007-05-11,3.2523725032806396
2007-05-14,3.27091646194458
2007-05-15,3.2158827781677246
2007-05-16,3.210498809814453
2007-05-17,3.2733097076416016
2007-05-18,3.2906582355499268
2007-05-21,3.349280595779419
2007-05-22,3.3959391117095947
2007-05-23,3.3764984607696533
2007-05-24,3.3106963634490967
2007-05-25,3.398332118988037
2007-05-29,3.4201676845550537
2007-05-30,3.5523672103881836
2007-05-31,3.624748706817627
2007-06-01,3.541300058364868
2007-06-04,3.6289355754852295
2007-06-05,3.669013500213623
2007-06-06,3.698026180267334
2007-06-07,3.7108869552612305
2007-06-08,3.723449468612671
2007-06-11,3.5948376655578613
2007-06-12,3.6005213260650635
2007-06-13,3.514380931854248
2007-06-14,3.5517680644989014
2007-06-15,3.6041111946105957
2007-06-18,3.7413949966430664
2007-06-19,3.698625326156616
2007-06-20,3.635514497756958
2007-06-21,3.705803871154785
2007-06-22,3.6788830757141113
2007-06-25,3.6591460704803467
2007-06-26,3.578686237335205
2007-06-27,3.6456854343414307
2007-06-28,3.605905055999756
2007-06-29,3.65017032623291
2007-07-02,3.626840829849243
2007-07-03,3.803607225418091
2007-07-05,3.970503330230713
2007-07-06,3.957043170928955
2007-07-09,3.898123264312744
2007-07-10,3.9585397243499756
2007-07-11,3.9597363471984863
2007-07-12,4.009984016418457
2007-07-13,4.119454860687256
2007-07-16,4.130519390106201
2007-07-17,4.154747009277344
2007-07-18,4.1311187744140625
2007-07-19,4.187347888946533
2007-07-20,4.299509525299072
2007-07-23,4.298013687133789
2007-07-24,4.034510612487793
2007-07-25,4.105397701263428
2007-07-26,4.366805553436279
2007-07-27,4.302498817443848
2007-07-30,4.230118274688721
2007-07-31,3.9408934116363525
2007-08-01,4.03779935836792
2007-08-02,4.082364082336426
2007-08-03,3.94358491897583
2007-08-06,4.045278072357178
2007-08-07,4.038697719573975
2007-08-08,4.008187770843506
2007-08-09,3.780278444290161
2007-08-10,3.738704204559326
2007-08-13,3.8221511840820312
2007-08-14,3.7096915245056152
2007-08-15,3.586164951324463
2007-08-16,3.5009217262268066
2007-08-17,3.650770425796509
2007-08-20,3.65555477142334
2007-08-21,3.8155713081359863
2007-08-22,3.963324785232544
2007-08-23,3.9202544689178467
2007-08-24,4.046773910522461
2007-08-27,3.9555490016937256
2007-08-28,3.793140172958374
2007-08-29,4.010283470153809
2007-08-30,4.075187683105469
2007-08-31,4.1418843269348145
2007-09-04,4.311771869659424
2007-09-05,4.090441703796387
2007-09-06,4.038098335266113
2007-09-07,3.941190719604492
2007-09-10,4.088946342468262
2007-09-11,4.052454948425293
2007-09-12,4.093132495880127
2007-09-13,4.10360050201416
2007-09-14,4.1517558097839355
2007-09-17,4.139791965484619
2007-09-18,4.214865684509277
2007-09-19,4.210378170013428
2007-09-20,4.196620941162109
2007-09-21,4.311473846435547
2007-09-24,4.434999465942383
2007-09-25,4.581557273864746
2007-09-26,4.569293022155762
2007-09-27,4.621037483215332
2007-09-28,4.590230941772461
2007-10-01,4.676070690155029
2007-10-02,4.739181995391846
2007-10-03,4.72332763671875
2007-10-04,4.6730804443359375
2007-10-05,4.828909873962402
2007-10-08,5.022127151489258
2007-10-09,5.020631313323975
2007-10-10,4.9886274337768555
2007-10-11,4.85223913192749
2007-10-12,5.002386093139648
2007-10-15,4.994307994842529
2007-10-16,5.072075843811035
2007-10-17,5.166889190673828
2007-10-18,5.189321994781494
2007-10-19,5.097198963165283
2007-10-22,5.215043067932129
2007-10-23,5.567975997924805
2007-10-24,5.561096668243408
2007-10-25,5.466882228851318
2007-10-26,5.524309158325195
2007-10-29,5.535972595214844
2007-10-30,5.5931010246276855
2007-10-31,5.68133544921875
2007-11-01,5.606260776519775
2007-11-02,5.61912202835083
2007-11-05,5.568575382232666
2007-11-06,5.7363667488098145
2007-11-07,5.572164535522461
2007-11-08,5.248242378234863
2007-11-09,4.946155548095703
2007-11-12,4.59890604019165
2007-11-13,5.083442211151123
2007-11-14,4.968289375305176
2007-11-15,4.914151191711426
2007-11-16,4.976663112640381
2007-11-19,4.903685569763184
2007-11-20,5.050241470336914
2007-11-21,5.038576126098633
2007-11-23,5.130699157714844
2007-11-26,5.160606861114502
2007-11-27,5.2285027503967285
2007-11-28,5.390314102172852
2007-11-29,5.5120463371276855
2007-11-30,5.450130939483643
2007-12-03,5.349635601043701
2007-12-04,5.378050804138184
2007-12-05,5.54823637008667
2007-12-06,5.68133544921875
2007-12-07,5.811440944671631
2007-12-10,5.808750629425049
2007-12-11,5.639161586761475
2007-12-12,5.708553791046143
2007-12-13,5.73756217956543
2007-12-14,5.69449520111084
2007-12-17,5.515335559844971
2007-12-18,5.472864151000977
2007-12-19,5.477051258087158
2007-12-20,5.599381446838379
2007-12-21,5.79977560043335
2007-12-24,5.946035861968994
2007-12-26,5.950521469116211
2007-12-27,5.9391560554504395
2007-12-28,5.976840019226074
2007-12-31,5.924498558044434
2008-01-02,5.827592372894287
2008-01-03,5.830283164978027
2008-01-04,5.385228633880615
2008-01-07,5.313147068023682
2008-01-08,5.122025489807129
2008-01-09,5.365787982940674
2008-01-10,5.324512481689453
2008-01-11,5.16509485244751
2008-01-14,5.3472442626953125
2008-01-15,5.055924892425537
2008-01-16,4.774773120880127
2008-01-17,4.812161445617676
2008-01-18,4.826219081878662
2008-01-22,4.655135631561279
2008-01-23,4.159531593322754
2008-01-24,4.055746078491211
2008-01-25,3.8885505199432373
2008-01-28,3.8885505199432373
2008-01-29,3.9343135356903076
2008-01-30,3.95345401763916
2008-01-31,4.048569679260254
2008-02-01,4.0004143714904785
2008-02-04,3.937603712081909
2008-02-05,3.8691091537475586
2008-02-06,3.648974895477295
2008-02-07,3.626244306564331
2008-02-08,3.7530622482299805
2008-02-11,3.871800661087036
2008-02-12,3.734517812728882
2008-02-13,3.870305299758911
2008-02-14,3.8122823238372803
2008-02-15,3.7276368141174316
2008-02-19,3.6543586254119873
2008-02-20,3.703411102294922
2008-02-21,3.635216236114502
2008-02-22,3.5730035305023193
2008-02-25,3.5813801288604736
2008-02-26,3.563732624053955
2008-02-27,3.6776890754699707
2008-02-28,3.8855597972869873
2008-02-29,3.7393009662628174
2008-03-03,3.640897035598755
2008-03-04,3.727337598800659
2008-03-05,3.723449468612671
2008-03-06,3.616973638534546
2008-03-07,3.65645170211792
2008-03-10,3.579883575439453
2008-03-11,3.8089916706085205
2008-03-12,3.76951003074646
2008-03-13,3.8266377449035645
2008-03-14,3.786858320236206
2008-03-17,3.7904481887817383
2008-03-18,3.9725964069366455
2008-03-19,3.8783822059631348
2008-03-20,3.986055850982666
2008-03-24,4.17329216003418
2008-03-25,4.216658592224121
2008-03-26,4.338690280914307
2008-03-27,4.194824695587158
2008-03-28,4.277376651763916
2008-03-31,4.292030334472656
2008-04-01,4.472384452819824
2008-04-02,4.41137170791626
2008-04-03,4.5345988273620605
2008-04-04,4.578566551208496
2008-04-07,4.662611961364746
2008-04-08,4.571387767791748
2008-04-09,4.529512882232666
2008-04-10,4.622533321380615
2008-04-11,4.400905609130859
2008-04-14,4.420046329498291
2008-04-15,4.437990188598633
2008-04-16,4.597111701965332
2008-04-17,4.620738983154297
2008-04-18,4.816648960113525
2008-04-21,5.02960205078125
2008-04-22,4.791522026062012
2008-04-23,4.871980667114258
2008-04-24,5.052932262420654
2008-04-25,5.076563358306885
2008-04-28,5.151635646820068
2008-04-29,5.235681533813477
2008-04-30,5.2027812004089355
2008-05-01,5.383734703063965
2008-05-02,5.4118499755859375
2008-05-05,5.525206089019775
2008-05-06,5.582932472229004
2008-05-07,5.461197853088379
2008-05-08,5.535077095031738
2008-05-09,5.486921787261963
2008-05-12,5.627796173095703
2008-05-13,5.681632041931152
2008-05-14,5.570967674255371
2008-05-15,5.674753665924072
2008-05-16,5.611645221710205
2008-05-19,5.491405487060547
2008-05-20,5.56019926071167
2008-05-21,5.329596519470215
2008-05-22,5.295499324798584
2008-05-23,5.41873025894165
2008-05-27,5.576052188873291
2008-05-28,5.593401908874512
2008-05-29,5.583829879760742
2008-05-30,5.645442962646484
2008-06-02,5.566181659698486
2008-06-03,5.544347286224365
2008-06-04,5.538965225219727
2008-06-05,5.6657819747924805
2008-06-06,5.552423477172852
2008-06-09,5.431886672973633
2008-06-10,5.552423477172852
2008-06-11,5.407959938049316
2008-06-12,5.18214225769043
2008-06-13,5.155523300170898
2008-06-16,5.289219856262207
2008-06-17,5.4265031814575195
2008-06-18,5.346348285675049
2008-06-19,5.410652160644531
2008-06-20,5.24226188659668
2008-06-23,5.179152488708496
2008-06-24,5.181842803955078
2008-06-25,5.305668830871582
2008-06-26,5.032593727111816
2008-06-27,5.087329864501953
2008-06-30,5.008068561553955
2008-07-01,5.224612712860107
2008-07-02,5.030200958251953
2008-07-03,5.088225841522217
2008-07-07,5.2389702796936035
2008-07-08,5.370273113250732
2008-07-09,5.211751937866211
2008-07-10,5.282937049865723
2008-07-11,5.16180419921875
2008-07-14,5.200686454772949
2008-07-15,5.073869705200195
2008-07-16,5.168683052062988
2008-07-17,5.138772487640381
2008-07-18,4.939573764801025
2008-07-21,4.9736714363098145
2008-07-22,4.8459577560424805
2008-07-23,4.972775459289551
2008-07-24,4.756529808044434
2008-07-25,4.84895133972168
2008-07-28,4.618048191070557
2008-07-29,4.69820499420166
2008-07-30,4.781952857971191
2008-07-31,4.7541351318359375
2008-08-01,4.685644626617432
2008-08-04,4.58305025100708
2008-08-05,4.804683208465576
2008-08-06,4.910862922668457
2008-08-07,4.892319202423096
2008-08-08,5.071177959442139
2008-08-11,5.191115856170654
2008-08-12,5.2859296798706055
2008-08-13,5.362795829772949
2008-08-14,5.363395690917969
2008-08-15,5.256319999694824
2008-08-18,5.245851516723633
2008-08-19,5.190217018127441
2008-08-20,5.259307861328125
2008-08-21,5.212949275970459
2008-08-22,5.287723541259766
2008-08-25,5.160905838012695
2008-08-26,5.193508625030518
2008-08-27,5.224316120147705
2008-08-28,5.196497440338135
2008-08-29,5.070581912994385
2008-09-02,4.970681667327881
2008-09-03,4.993712425231934
2008-09-04,4.822031021118164
2008-09-05,4.790923118591309
2008-09-08,4.72332763671875
2008-09-09,4.536693572998047
2008-09-10,4.5345988273620605
2008-09-11,4.565704822540283
2008-09-12,4.454740524291992
2008-09-15,4.198114395141602
2008-09-16,4.18375825881958
2008-09-17,3.8233485221862793
2008-09-18,4.010580062866211
2008-09-19,4.214566707611084
2008-09-22,3.9196572303771973
2008-09-23,3.7937374114990234
2008-09-24,3.849668264389038
2008-09-25,3.945977210998535
2008-09-26,3.8356099128723145
2008-09-29,3.1482880115509033
2008-09-30,3.399528980255127
2008-10-01,3.2637383937835693
2008-10-02,2.993954658508301
2008-10-03,2.9033281803131104
2008-10-06,2.935330867767334
2008-10-07,2.6667425632476807
2008-10-08,2.685586452484131
2008-10-09,2.6541810035705566
2008-10-10,2.895251750946045
2008-10-13,3.297835111618042
2008-10-14,3.11299467086792
2008-10-15,2.9296486377716064
2008-10-16,3.0474929809570312
2008-10-17,2.9131979942321777
2008-10-20,2.944303512573242
2008-10-21,2.7364320755004883
2008-10-22,2.897346019744873
2008-10-23,2.938023567199707
2008-10-24,2.882690906524658
2008-10-27,2.754378318786621
2008-10-28,2.9882707595825195
2008-10-29,3.1270525455474854
2008-10-30,3.3211660385131836
2008-10-31,3.21797776222229
2008-11-03,3.1991333961486816
2008-11-04,3.3196699619293213
2008-11-05,3.089665174484253
2008-11-06,2.9640440940856934
2008-11-07,2.938321352005005
2008-11-10,2.8677356243133545
2008-11-11,2.834536075592041
2008-11-12,2.6954545974731445
2008-11-13,2.8844845294952393
2008-11-14,2.699045181274414
2008-11-17,2.636234760284424
2008-11-18,2.6891748905181885
2008-11-19,2.580902338027954
2008-11-20,2.407426357269287
2008-11-21,2.469937562942505
2008-11-24,2.780099630355835
2008-11-25,2.715794324874878
2008-11-26,2.8414149284362793
2008-11-28,2.7717254161834717
2008-12-01,2.6598622798919678
2008-12-02,2.7657434940338135
2008-12-03,2.868332862854004
2008-12-04,2.734039783477783
2008-12-05,2.811504602432251
2008-12-08,2.982588768005371
2008-12-09,2.9927568435668945
2008-12-10,2.9374239444732666
2008-12-11,2.8414149284362793
2008-12-12,2.9392199516296387
2008-12-15,2.833937406539917
2008-12-16,2.854276418685913
2008-12-17,2.6667425632476807
2008-12-18,2.674818277359009
2008-12-19,2.6918678283691406
2008-12-22,2.564452648162842
2008-12-23,2.5835938453674316
2008-12-24,2.5435149669647217
2008-12-26,2.566545248031616
2008-12-29,2.590473175048828
2008-12-30,2.580902338027954
2008-12-31,2.5527868270874023
2009-01-02,2.7142977714538574
2009-01-05,2.8288533687591553
2009-01-06,2.7821946144104004
2009-01-07,2.7220757007598877
2009-01-08,2.772622585296631
2009-01-09,2.709214210510254
2009-01-12,2.6517879962921143
2009-01-13,2.62337327003479
2009-01-14,2.5521888732910156
2009-01-15,2.4938647747039795
2009-01-16,2.4624595642089844
2009-01-20,2.338932752609253
2009-01-21,2.477414846420288
2009-01-22,2.642815351486206
2009-01-23,2.642815351486206
2009-01-26,2.6810998916625977
2009-01-27,2.713700532913208
2009-01-28,2.8174872398376465
2009-01-29,2.7815961837768555
2009-01-30,2.69575572013855
2009-02-02,2.737029552459717
2009-02-03,2.7809970378875732
2009-02-04,2.7980451583862305
2009-02-05,2.8850831985473633
2009-02-06,2.982588768005371
2009-02-09,3.066035747528076
2009-02-10,2.9260597229003906
2009-02-11,2.89585018157959
2009-02-12,2.9691293239593506
2009-02-13,2.965839385986328
2009-02-17,2.827357769012451
2009-02-18,2.82257080078125
2009-02-19,2.7110097408294678
2009-02-20,2.7277591228485107
2009-02-23,2.6006414890289307
2009-02-24,2.699343681335449
2009-02-25,2.7265617847442627
2009-02-26,2.667640209197998
2009-02-27,2.671229362487793
2009-03-02,2.630253314971924
2009-03-03,2.643113613128662
2009-03-04,2.726860284805298
2009-03-05,2.6571714878082275
2009-03-06,2.5512921810150146
2009-03-09,2.4857892990112305
2009-03-10,2.650890350341797
2009-03-11,2.7720253467559814
2009-03-12,2.8817923069000244
2009-03-13,2.8692309856414795
2009-03-16,2.8539764881134033
2009-03-17,2.9807937145233154
2009-03-18,3.0364248752593994
2009-03-19,3.0394175052642822
2009-03-20,3.0385191440582275
2009-03-23,3.2200706005096436
2009-03-24,3.1853747367858887
2009-03-25,3.1850762367248535
2009-03-26,3.2861721515655518
2009-03-27,3.195843458175659
2009-03-30,3.125257730484009
2009-03-31,3.1441001892089844
2009-04-01,3.2508785724639893
2009-04-02,3.371114730834961
2009-04-03,3.469217538833618
2009-04-06,3.5427963733673096
2009-04-07,3.439608097076416
2009-04-08,3.4790878295898438
2009-04-09,3.576293468475342
2009-04-13,3.5957345962524414
2009-04-14,3.5386085510253906
2009-04-15,3.5185706615448
2009-04-16,3.6325249671936035
2009-04-17,3.691446304321289
2009-04-20,3.6041111946105957
2009-04-21,3.6417970657348633
2009-04-22,3.6343202590942383
2009-04-23,3.7506675720214844
2009-04-24,3.705803871154785
2009-04-27,3.730626344680786
2009-04-28,3.705803871154785
2009-04-29,3.742889881134033
2009-04-30,3.7635297775268555
2009-05-01,3.8057010173797607
2009-05-04,3.950164318084717
2009-05-05,3.9693052768707275
2009-05-06,3.9630258083343506
2009-05-07,3.8601367473602295
2009-05-08,3.8640236854553223
2009-05-11,3.875391721725464
2009-05-12,3.7213551998138428
2009-05-13,3.5739004611968994
2009-05-14,3.6773884296417236
2009-05-15,3.6615374088287354
2009-05-18,3.788053274154663
2009-05-19,3.811983585357666
2009-05-20,3.7647249698638916
2009-05-21,3.7141764163970947
2009-05-22,3.663930654525757
2009-05-26,3.9115805625915527
2009-05-27,3.979475498199463
2009-05-28,4.039894104003906
2009-05-29,4.062026500701904
2009-06-01,4.167906761169434
2009-06-02,4.172093868255615
2009-06-03,4.215762138366699
2009-06-04,4.299208641052246
2009-06-05,4.327027797698975
2009-06-08,4.302498817443848
2009-06-09,4.268702030181885
2009-06-10,4.194824695587158
2009-06-11,4.18585205078125
2009-06-12,4.09672212600708
2009-06-15,4.070399284362793
2009-06-16,4.078178882598877
2009-06-17,4.055147171020508
2009-06-18,4.064122200012207
2009-06-19,4.171795845031738
2009-06-22,4.108686923980713
2009-06-23,4.008187770843506
2009-06-24,4.0742902755737305
2009-06-25,4.183159351348877
2009-06-26,4.2603278160095215
2009-06-29,4.246269226074219
2009-06-30,4.260029315948486
2009-07-01,4.271991729736328
2009-07-02,4.187945365905762
2009-07-06,4.145773887634277
2009-07-07,4.0497636795043945
2009-07-08,4.104198932647705
2009-07-09,4.078477382659912
2009-07-10,4.143083095550537
2009-07-13,4.257338047027588
2009-07-14,4.255242347717285
2009-07-15,4.393127918243408
2009-07-16,4.412269115447998
2009-07-17,4.538786888122559
2009-07-20,4.573481559753418
2009-07-21,4.531607627868652
2009-07-22,4.6880364418029785
2009-07-23,4.720337867736816
2009-07-24,4.785243034362793
2009-07-27,4.7885308265686035
2009-07-28,4.78554105758667
2009-07-29,4.786437034606934
2009-07-30,4.868988513946533
2009-07-31,4.886935710906982
2009-08-03,4.977861404418945
2009-08-04,4.951539993286133
2009-08-05,4.938380718231201
2009-08-06,4.902487277984619
2009-08-07,4.950342178344727
2009-08-10,4.926712989807129
2009-08-11,4.870185375213623
2009-08-12,4.944362163543701
2009-08-13,5.037380695343018
2009-08-14,4.988328456878662
2009-08-17,4.773278713226318
2009-08-18,4.905179977416992
2009-08-19,4.923123359680176
2009-08-20,4.974868297576904
2009-08-21,5.061306476593018
2009-08-24,5.056521415710449
2009-08-25,5.066690921783447
2009-08-26,5.0071702003479
2009-08-27,5.068187236785889
2009-08-28,5.0861334800720215
2009-08-31,5.031099319458008
2009-09-01,4.944061279296875
2009-09-02,4.940474033355713
2009-09-03,4.981448650360107
2009-09-04,5.093910217285156
2009-09-08,5.172272205352783
2009-09-09,5.1187334060668945
2009-09-10,5.1612043380737305
2009-09-11,5.149242401123047
2009-09-14,5.195902347564697
2009-09-15,5.2389702796936035
2009-09-16,5.439665794372559
2009-09-17,5.519822120666504
2009-09-18,5.53387975692749
2009-09-21,5.503968715667725
2009-09-22,5.517727375030518
2009-09-23,5.54823637008667
2009-09-24,5.497988700866699
2009-09-25,5.454620361328125
2009-09-28,5.567677974700928
2009-09-29,5.544646263122559
2009-09-30,5.5437493324279785
2009-10-01,5.409454822540283
2009-10-02,5.530290126800537
2009-10-05,5.563787937164307
2009-10-06,5.683127403259277
2009-10-07,5.690306186676025
2009-10-08,5.660994529724121
2009-10-09,5.69688606262207
2009-10-12,5.707056522369385
2009-10-13,5.6834282875061035
2009-10-14,5.721414566040039
2009-10-15,5.699580192565918
2009-10-16,5.624503135681152
2009-10-19,5.678643226623535
2009-10-20,5.944836139678955
2009-10-21,6.129081726074219
2009-10-22,6.137455940246582
2009-10-23,6.099770545959473
2009-10-26,6.0561017990112305
2009-10-27,5.903262615203857
2009-10-28,5.754613399505615
2009-10-29,5.872756004333496
2009-10-30,5.637967109680176
2009-11-02,5.6621904373168945
2009-11-03,5.645442962646484
2009-11-04,5.707056522369385
2009-11-05,5.803366184234619
2009-11-06,5.812636375427246
2009-11-09,6.025594711303711
2009-11-10,6.071057319641113
2009-11-11,6.079132556915283
2009-11-12,6.041447639465332
2009-11-13,6.115025043487549
2009-11-16,6.180226802825928
2009-11-17,6.191293716430664
2009-11-18,6.160187244415283
2009-11-19,5.997179985046387
2009-11-20,5.979533672332764
2009-11-23,6.157793045043945
2009-11-24,6.114725112915039
2009-11-25,6.107248783111572
2009-11-27,5.99957275390625
2009-11-30,5.9792351722717285
2009-12-01,5.891301155090332
2009-12-02,5.869166851043701
2009-12-03,5.876643657684326
2009-12-04,5.782129287719727
2009-12-07,5.651423454284668
2009-12-08,5.678940773010254
2009-12-09,5.9161248207092285
2009-12-10,5.875147819519043
2009-12-11,5.822508811950684
2009-12-14,5.891598701477051
2009-12-15,5.807553291320801
2009-12-16,5.8332743644714355
2009-12-17,5.738462924957275
2009-12-18,5.845239162445068
2009-12-21,5.928986549377441
2009-12-22,5.99269437789917
2009-12-23,6.044735431671143
2009-12-24,6.252307891845703
2009-12-28,6.329177379608154
2009-12-29,6.254104137420654
2009-12-30,6.330073833465576
2009-12-31,6.302857875823975
2010-01-04,6.40095853805542
2010-01-05,6.412026882171631
2010-01-06,6.310035228729248
2010-01-07,6.298369407653809
2010-01-08,6.3402419090271
2010-01-11,6.2843122482299805
2010-01-12,6.212828636169434
2010-01-13,6.300461769104004
2010-01-14,6.263974666595459
2010-01-15,6.15928840637207
2010-01-19,6.431765556335449
2010-01-20,6.332767486572266
2010-01-21,6.223294734954834
2010-01-22,5.914629936218262
2010-01-25,6.0737481117248535
2010-01-26,6.1595892906188965
2010-01-27,6.217615127563477
2010-01-28,5.960691452026367
2010-01-29,5.744444370269775
2010-02-01,5.824301719665527
2010-02-02,5.858099460601807
2010-02-03,5.958895683288574
2010-02-04,5.744146823883057
2010-02-05,5.846136093139648
2010-02-08,5.806056976318359
2010-02-09,5.867969512939453
2010-02-10,5.835967063903809
2010-02-11,5.9421467781066895
2010-02-12,5.993293762207031
2010-02-16,6.083619117736816
2010-02-17,6.058197498321533
2010-02-18,6.069561958312988
2010-02-19,6.031874179840088
2010-02-22,5.994487285614014
2010-02-23,5.893990516662598
2010-02-24,6.001664161682129
2010-02-25,6.041743755340576
2010-02-26,6.120107650756836
2010-03-01,6.250813961029053
2010-03-02,6.246626377105713
2010-03-03,6.260981559753418
2010-03-04,6.302258014678955
2010-03-05,6.548713207244873
2010-03-08,6.552600383758545
2010-03-09,6.670446872711182
2010-03-10,6.724881649017334
2010-03-11,6.744621276855469
2010-03-12,6.777520656585693
2010-03-15,6.694971084594727
2010-03-16,6.713215351104736
2010-03-17,6.703348159790039
2010-03-18,6.719198226928711
2010-03-19,6.647414207458496
2010-03-22,6.722189903259277
2010-03-23,6.830162525177002
2010-03-24,6.860372543334961
2010-03-25,6.779017925262451
2010-03-26,6.906135082244873
2010-03-29,6.950698375701904
2010-03-30,7.0541839599609375
2010-03-31,7.02876091003418
2010-04-01,7.057775974273682
2010-04-05,7.133147716522217
2010-04-06,7.16455078125
2010-04-07,7.196260452270508
2010-04-08,7.176816940307617
2010-04-09,7.2318501472473145
2010-04-12,7.2468061447143555
2010-04-13,7.250992298126221
2010-04-14,7.348496437072754
2010-04-15,7.445104598999023
2010-04-16,7.399643421173096
2010-04-19,7.389772415161133
2010-04-20,7.3155999183654785
2010-04-21,7.753174781799316
2010-04-22,7.970017910003662
2010-04-23,8.100425720214844
2010-04-26,8.060640335083008
2010-04-27,7.83751916885376
2010-04-28,7.824358940124512
2010-04-29,8.034918785095215
2010-04-30,7.809108257293701
2010-05-03,7.966429233551025
2010-05-04,7.737021446228027
2010-05-05,7.656565189361572
2010-05-06,7.365250110626221
2010-05-07,7.054483413696289
2010-05-10,7.5967488288879395
2010-05-11,7.672418117523193
2010-05-12,7.839016437530518
2010-05-13,7.72745418548584
2010-05-14,7.5916619300842285
2010-05-17,7.603627681732178
2010-05-18,7.547995090484619
2010-05-19,7.427755355834961
2010-05-20,7.1113128662109375
2010-05-21,7.247701644897461
2010-05-24,7.3805012702941895
2010-05-25,7.334439754486084
2010-05-26,7.301239013671875
2010-05-27,7.577603816986084
2010-05-28,7.683186054229736
2010-06-01,7.801331520080566
2010-06-02,7.894650459289551
2010-06-03,7.869821548461914
2010-06-04,7.6556715965271
2010-06-07,7.505524158477783
2010-06-08,7.457366466522217
2010-06-09,7.274022579193115
2010-06-10,7.492663860321045
2010-06-11,7.582391738891602
2010-06-14,7.605421543121338
2010-06-15,7.767233371734619
2010-06-16,7.993346691131592
2010-06-17,8.1315336227417
2010-06-18,8.197331428527832
2010-06-21,8.080683708190918
2010-06-22,8.190752983093262
2010-06-23,8.10461139678955
2010-06-24,8.04569149017334
2010-06-25,7.976895332336426
2010-06-28,8.024754524230957
2010-06-29,7.661948204040527
2010-06-30,7.523166179656982
2010-07-01,7.431944847106934
2010-07-02,7.3858866691589355
2010-07-06,7.436431884765625
2010-07-07,7.736722946166992
2010-07-08,7.719376564025879
2010-07-09,7.765139579772949
2010-07-12,7.695446491241455
2010-07-13,7.531245708465576
2010-07-14,7.559059143066406
2010-07-15,7.5207743644714355
2010-07-16,7.4744157791137695
2010-07-19,7.3452067375183105
2010-07-20,7.533934593200684
2010-07-21,7.604226589202881
2010-07-22,7.747193813323975
2010-07-23,7.774709224700928
2010-07-26,7.754971027374268
2010-07-27,7.898533821105957
2010-07-28,7.805217266082764
2010-07-29,7.719974040985107
2010-07-30,7.694252967834473
2010-08-02,7.8318400382995605
2010-08-03,7.834229469299316
2010-08-04,7.865636348724365
2010-08-05,7.827351093292236
2010-08-06,7.779196739196777
2010-08-09,7.828843593597412
2010-08-10,7.758854866027832
2010-08-11,7.483089447021484
2010-08-12,7.530947685241699
2010-08-13,7.450486660003662
2010-08-16,7.406822204589844
2010-08-17,7.5363287925720215
2010-08-18,7.569228649139404
2010-08-19,7.473816871643066
2010-08-20,7.466642379760742
2010-08-23,7.351787090301514
2010-08-24,7.176216125488281
2010-08-25,7.264753341674805
2010-08-26,7.1866888999938965
2010-08-27,7.226766109466553
2010-08-30,7.253086090087891
2010-08-31,7.271029949188232
2010-09-01,7.487276077270508
2010-09-02,7.542311191558838
2010-09-03,7.739711761474609
2010-09-07,7.71100378036499
2010-09-08,7.863841533660889
2010-09-09,7.868326663970947
2010-09-10,7.878495216369629
2010-09-13,7.987070560455322
2010-09-14,8.017577171325684
2010-09-15,8.08217716217041
2010-09-16,8.272107124328613
2010-09-17,8.236215591430664
2010-09-20,8.471305847167969
2010-09-21,8.487454414367676
2010-09-22,8.606500625610352
2010-09-23,8.641491889953613
2010-09-24,8.743183135986328
2010-09-27,8.708489418029785
2010-09-28,8.579877853393555
2010-09-29,8.595133781433105
2010-09-30,8.486859321594238
2010-10-01,8.450071334838867
2010-10-04,8.334019660949707
2010-10-05,8.64209270477295
2010-10-06,8.649565696716309
2010-10-07,8.650463104248047
2010-10-08,8.795524597167969
2010-10-11,8.834108352661133
2010-10-12,8.929220199584961
2010-10-13,8.97707748413086
2010-10-14,9.041976928710938
2010-10-15,9.413756370544434
2010-10-18,9.51126480102539
2010-10-19,9.256733894348145
2010-10-20,9.287836074829102
2010-10-21,9.257628440856934
2010-10-22,9.196310997009277
2010-10-25,9.237290382385254
2010-10-26,9.213659286499023
2010-10-27,9.20708179473877
2010-10-28,9.129616737365723
2010-10-29,9.00220012664795
2010-11-01,9.09791374206543
2010-11-02,9.252840995788574
2010-11-03,9.355731964111328
2010-11-04,9.519338607788086
2010-11-05,9.48523998260498
2010-11-08,9.529805183410645
2010-11-09,9.453836441040039
2010-11-10,9.51215934753418
2010-11-11,9.470885276794434
2010-11-12,9.213061332702637
2010-11-15,9.183452606201172
2010-11-16,9.02044677734375
2010-11-17,8.98784351348877
2010-11-18,9.225030899047852
2010-11-19,9.174178123474121
2010-11-22,9.372481346130371
2010-11-23,9.233997344970703
2010-11-24,9.415548324584961
2010-11-26,9.42153549194336
2010-11-29,9.47746467590332
2010-11-30,9.30638313293457
2010-12-01,9.463410377502441
2010-12-02,9.515748977661133
2010-12-03,9.494513511657715
2010-12-06,9.575566291809082
2010-12-07,9.517545700073242
2010-12-08,9.601290702819824
2010-12-09,9.563905715942383
2010-12-10,9.58782958984375
2010-12-13,9.6210298538208
2010-12-14,9.579755783081055
2010-12-15,9.581847190856934
2010-12-16,9.608469009399414
2010-12-17,9.589329719543457
2010-12-20,9.63718318939209
2010-12-21,9.696702003479004
2010-12-22,9.725411415100098
2010-12-23,9.67875862121582
2010-12-27,9.711061477661133
2010-12-28,9.734687805175781
2010-12-29,9.729305267333984
2010-12-30,9.680551528930664
2010-12-31,9.647650718688965
2011-01-03,9.857316970825195
2011-01-04,9.908761024475098
2011-01-05,9.98981761932373
2011-01-06,9.981740951538086
2011-01-07,10.05322551727295
2011-01-10,10.242551803588867
2011-01-11,10.218329429626465
2011-01-12,10.301475524902344
2011-01-13,10.339157104492188
2011-01-14,10.422908782958984
2011-01-18,10.188712120056152
2011-01-19,10.134575843811035
2011-01-20,9.950334548950195
2011-01-21,9.772073745727539
2011-01-24,10.093005180358887
2011-01-25,10.21114730834961
2011-01-26,10.28442668914795
2011-01-27,10.265283584594727
2011-01-28,10.052627563476562
2011-01-31,10.14893627166748
2011-02-01,10.319724082946777
2011-02-02,10.298484802246094
2011-02-03,10.272162437438965
2011-02-04,10.363685607910156
2011-02-07,10.5246000289917
2011-02-08,10.623897552490234
2011-02-09,10.712430953979492
2011-02-10,10.60416030883789
2011-02-11,10.67325210571289
2011-02-14,10.742942810058594
2011-02-15,10.764472007751465
2011-02-16,10.861083984375
2011-02-17,10.716619491577148
2011-02-18,10.485121726989746
2011-02-22,10.12769889831543
2011-02-23,10.247639656066895
2011-02-24,10.255414009094238
2011-02-25,10.41334056854248
2011-02-28,10.56437873840332
2011-03-01,10.447732925415039
2011-03-02,10.531777381896973
2011-03-03,10.754308700561523
2011-03-04,10.767470359802246
2011-03-07,10.62868595123291
2011-03-08,10.640649795532227
2011-03-09,10.542251586914062
2011-03-10,10.368769645690918
2011-03-11,10.527887344360352
2011-03-14,10.574849128723145
2011-03-15,10.331685066223145
2011-03-16,9.870473861694336
2011-03-17,10.008960723876953
2011-03-18,9.890217781066895
2011-03-21,10.148337364196777
2011-03-22,10.205168724060059
2011-03-23,10.145047187805176
2011-03-24,10.317925453186035
2011-03-25,10.514430046081543
2011-03-28,10.48153018951416
2011-03-29,10.49708080291748
2011-03-30,10.42739486694336
2011-03-31,10.423803329467773
2011-04-01,10.305660247802734
2011-04-04,10.204864501953125
2011-04-05,10.136075019836426
2011-04-06,10.110651969909668
2011-04-07,10.111849784851074
2011-04-08,10.021520614624023
2011-04-11,9.894109725952148
2011-04-12,9.941963195800781
2011-04-13,10.053524017333984
2011-04-14,9.942558288574219
2011-04-15,9.794211387634277
2011-04-18,9.925508499145508
2011-04-19,10.105271339416504
2011-04-20,10.24135684967041
2011-04-21,10.489311218261719
2011-04-25,10.558396339416504
2011-04-26,10.480935096740723
2011-04-27,10.472854614257812
2011-04-28,10.371164321899414
2011-04-29,10.472257614135742
2011-05-02,10.357107162475586
2011-05-03,10.414531707763672
2011-05-04,10.455510139465332
2011-05-05,10.371164321899414
2011-05-06,10.3684720993042
2011-05-09,10.396592140197754
2011-05-10,10.451920509338379
2011-05-11,10.38552188873291
2011-05-12,10.365778923034668
2011-05-13,10.184226989746094
2011-05-16,9.968877792358398
2011-05-17,10.053821563720703
2011-05-18,10.165388107299805
2011-05-19,10.185129165649414
2011-05-20,10.0263032913208
2011-05-23,10.001782417297363
2011-05-24,9.935686111450195
2011-05-25,10.072964668273926
2011-05-26,10.019725799560547
2011-05-27,10.091808319091797
2011-05-31,10.40346622467041
2011-06-01,10.334075927734375
2011-06-02,10.351722717285156
2011-06-03,10.272162437438965
2011-06-06,10.110651969909668
2011-06-07,9.931194305419922
2011-06-08,9.937177658081055
2011-06-09,9.914742469787598
2011-06-10,9.74754810333252
2011-06-13,9.768486976623535
2011-06-14,9.943158149719238
2011-06-15,9.772974014282227
2011-06-16,9.725411415100098
2011-06-17,9.578861236572266
2011-06-20,9.431098937988281
2011-06-21,9.729599952697754
2011-06-22,9.649144172668457
2011-06-23,9.906966209411621
2011-06-24,9.761012077331543
2011-06-27,9.931194305419922
2011-06-28,10.027501106262207
2011-06-29,9.991012573242188
2011-06-30,10.039762496948242
2011-07-01,10.266779899597168
2011-07-05,10.451324462890625
2011-07-06,10.521014213562012
2011-07-07,10.683721542358398
2011-07-08,10.758792877197266
2011-07-11,10.588010787963867
2011-07-12,10.580533981323242
2011-07-13,10.708246231079102
2011-07-14,10.70077133178711
2011-07-15,10.914618492126465
2011-07-18,11.180220603942871
2011-07-19,11.271445274353027
2011-07-20,11.572038650512695
2011-07-21,11.583700180053711
2011-07-22,11.763457298278809
2011-07-25,11.918990135192871
2011-07-26,12.065845489501953
2011-07-27,11.742220878601074
2011-07-28,11.719191551208496
2011-07-29,11.679109573364258
2011-08-01,11.866646766662598
2011-08-02,11.632153511047363
2011-08-03,11.741621017456055
2011-08-04,11.286998748779297
2011-08-05,11.174834251403809
2011-08-08,10.56437873840332
2011-08-09,11.186501502990723
2011-08-10,10.87783432006836
2011-08-11,11.177227973937988
2011-08-12,11.275630950927734
2011-08-15,11.467650413513184
2011-08-16,11.380014419555664
2011-08-17,11.378819465637207
2011-08-18,10.948423385620117
2011-08-19,10.648724555969238
2011-08-22,10.66098690032959
2011-08-23,11.174239158630371
2011-08-24,11.2514066696167
2011-08-25,11.17782974243164
2011-08-26,11.472733497619629
2011-08-29,11.663860321044922
2011-08-30,11.664459228515625
2011-08-31,11.510128021240234
2011-09-01,11.396466255187988
2011-09-02,11.187699317932129
2011-09-06,11.357882499694824
2011-09-07,11.483203887939453
2011-09-08,11.489482879638672
2011-09-09,11.290284156799316
2011-09-12,11.363865852355957
2011-09-13,11.503841400146484
2011-09-14,11.643819808959961
2011-09-15,11.753287315368652
2011-09-16,11.978805541992188
2011-09-19,12.311702728271484
2011-09-20,12.366135597229004
2011-09-21,12.32695484161377
2011-09-22,12.018285751342773
2011-09-23,12.092463493347168
2011-09-26,12.058662414550781
2011-09-27,11.941717147827148
2011-09-28,11.874425888061523
2011-09-29,11.681803703308105
2011-09-30,11.405139923095703
2011-10-03,11.204144477844238
2011-10-04,11.141337394714355
2011-10-05,11.313319206237793
2011-10-06,11.286998748779297
2011-10-07,11.06058120727539
2011-10-10,11.629165649414062
2011-10-11,11.972525596618652
2011-10-12,12.0293550491333
2011-10-13,12.21599006652832
2011-10-14,12.621862411499023
2011-10-17,12.561749458312988
2011-10-18,12.629042625427246
2011-10-19,11.922574996948242
2011-10-20,11.823575019836426
2011-10-21,11.750600814819336
2011-10-24,12.136430740356445
2011-10-25,11.897151947021484
2011-10-26,11.981793403625488
2011-10-27,12.104127883911133
2011-10-28,12.11190414428711
2011-10-31,12.106820106506348
2011-11-01,11.859468460083008
2011-11-02,11.886385917663574
2011-11-03,12.05567455291748
2011-11-04,11.971029281616211
2011-11-07,11.955774307250977
2011-11-08,12.150187492370605
2011-11-09,11.82268238067627
2011-11-10,11.521790504455566
2011-11-11,11.503841400146484
2011-11-14,11.343526840209961
2011-11-15,11.629762649536133
2011-11-16,11.508328437805176
2011-11-17,11.288196563720703
2011-11-18,11.214314460754395
2011-11-21,11.03695297241211
2011-11-22,11.261276245117188
2011-11-23,10.976534843444824
2011-11-25,10.874244689941406
2011-11-28,11.24960708618164
2011-11-29,11.162271499633789
2011-11-30,11.4314603805542
2011-12-01,11.6028413772583
2011-12-02,11.655782699584961
2011-12-05,11.754782676696777
2011-12-06,11.693169593811035
2011-12-07,11.63753890991211
2011-12-08,11.684496879577637
2011-12-09,11.773028373718262
2011-12-12,11.719788551330566
2011-12-13,11.629165649414062
2011-12-14,11.37134075164795
2011-12-15,11.333956718444824
2011-12-16,11.396170616149902
2011-12-19,11.43175983428955
2011-12-20,11.842720985412598
2011-12-21,11.857674598693848
2011-12-22,11.920485496520996
2011-12-23,12.063451766967773
2011-12-27,12.159158706665039
2011-12-28,12.042813301086426
2011-12-29,12.116988182067871
2011-12-30,12.113401412963867
2012-01-03,12.299736022949219
2012-01-04,12.365839004516602
2012-01-05,12.503122329711914
2012-01-06,12.633828163146973
2012-01-09,12.613785743713379
2012-01-10,12.658951759338379
2012-01-11,12.638314247131348
2012-01-12,12.603619575500488
2012-01-13,12.55636215209961
2012-01-17,12.702616691589355
2012-01-18,12.834524154663086
2012-01-19,12.793845176696777
2012-01-20,12.571020126342773
2012-01-23,12.783672332763672
2012-01-24,12.574311256408691
2012-01-25,13.3594388961792
2012-01-26,13.29871940612793
2012-01-27,13.37798023223877
2012-01-30,13.549361228942871
2012-01-31,13.653142929077148
2012-02-01,13.644472122192383
2012-02-02,13.612469673156738
2012-02-03,13.748858451843262
2012-02-06,13.877169609069824
2012-02-07,14.022533416748047
2012-02-08,14.25732421875
2012-02-09,14.750534057617188
2012-02-10,14.758013725280762
2012-02-13,15.032577514648438
2012-02-14,15.23775863647461
2012-02-15,14.88512897491455
2012-02-16,15.020914077758789
2012-02-17,15.018223762512207
2012-02-21,15.39897346496582
2012-02-22,15.344836235046387
2012-02-23,15.445036888122559
2012-02-24,15.625090599060059
2012-02-27,15.725282669067383
2012-02-28,16.0139217376709
2012-02-29,16.22417640686035
2012-03-01,16.284893035888672
2012-03-02,16.306123733520508
2012-03-05,15.94662094116211
2012-03-06,15.85987663269043
2012-03-07,15.872742652893066
2012-03-08,16.210721969604492
2012-03-09,16.305831909179688
2012-03-12,16.510122299194336
2012-03-13,16.991666793823242
2012-03-14,17.634119033813477
2012-03-15,17.51388168334961
2012-03-16,17.514183044433594
2012-03-19,17.978683471679688
2012-03-20,18.124038696289062
2012-03-21,18.020559310913086
2012-03-22,17.926040649414062
2012-03-23,17.82763671875
2012-03-26,18.15454864501953
2012-03-27,18.37887191772461
2012-03-28,18.472787857055664
2012-03-29,18.240684509277344
2012-03-30,17.932321548461914
2012-04-02,18.502994537353516
2012-04-03,18.82272720336914
2012-04-04,18.67288589477539
2012-04-05,18.953134536743164
2012-04-09,19.029409408569336
2012-04-10,18.796409606933594
2012-04-11,18.72941780090332
2012-04-12,18.626819610595703
2012-04-13,18.10220718383789
2012-04-16,17.351472854614258
2012-04-17,18.235902786254883
2012-04-18,18.195222854614258
2012-04-19,17.570117950439453
2012-04-20,17.137617111206055
2012-04-23,17.099336624145508
2012-04-24,16.757770538330078
2012-04-25,18.244874954223633
2012-04-26,18.17607879638672
2012-04-27,18.035511016845703
2012-04-30,17.46662712097168
2012-05-01,17.411291122436523
2012-05-02,17.526447296142578
2012-05-03,17.402023315429688
2012-05-04,16.90642547607422
2012-05-07,17.032934188842773
2012-05-08,16.994054794311523
2012-05-09,17.023963928222656
2012-05-10,17.06403923034668
2012-05-11,16.950088500976562
2012-05-14,16.696151733398438
2012-05-15,16.54511070251465
2012-05-16,16.333049774169922
2012-05-17,15.855696678161621
2012-05-18,15.863470077514648
2012-05-21,16.787675857543945
2012-05-22,16.658771514892578
2012-05-23,17.06524085998535
2012-05-24,16.908510208129883
2012-05-25,16.817888259887695
2012-05-29,17.116392135620117
2012-05-30,17.322757720947266
2012-05-31,17.279687881469727
2012-06-01,16.779001235961914
2012-06-04,16.877708435058594
2012-06-05,16.83403968811035
2012-06-06,17.0921573638916
2012-06-07,17.099931716918945
2012-06-08,17.357147216796875
2012-06-11,17.08348274230957
2012-06-12,17.232736587524414
2012-06-13,17.11309242248535
2012-06-14,17.094249725341797
2012-06-15,17.17201805114746
2012-06-18,17.520456314086914
2012-06-19,17.56922149658203
2012-06-20,17.519268035888672
2012-06-21,17.277902603149414
2012-06-22,17.410398483276367
2012-06-25,17.07151985168457
2012-06-26,17.109203338623047
2012-06-27,17.183086395263672
2012-06-28,17.020078659057617
2012-06-29,17.467222213745117
2012-07-02,17.72205924987793
2012-07-03,17.928131103515625
2012-07-05,18.24308204650879
2012-07-06,18.121646881103516
2012-07-09,18.361221313476562
2012-07-10,18.19133758544922
2012-07-11,18.078275680541992
2012-07-12,17.912883758544922
2012-07-13,18.09443473815918
2012-07-16,18.152450561523438
2012-07-17,18.15335464477539
2012-07-18,18.13301658630371
2012-07-19,18.37408447265625
2012-07-20,18.074386596679688
2012-07-23,18.060333251953125
2012-07-24,17.973289489746094
2012-07-25,17.197134017944336
2012-07-26,17.19445037841797
2012-07-27,17.501916885375977
2012-07-30,17.797128677368164
2012-07-31,18.26760482788086
2012-08-01,18.149463653564453
2012-08-02,18.17877197265625
2012-08-03,18.415359497070312
2012-08-06,18.6202449798584
2012-08-07,18.57118797302246
2012-08-08,18.539783477783203
2012-08-09,18.645523071289062
2012-08-10,18.674659729003906
2012-08-13,18.923973083496094
2012-08-14,18.974735260009766
2012-08-15,18.948904037475586
2012-08-16,19.114418029785156
2012-08-17,19.46795654296875
2012-08-20,19.97981071472168
2012-08-21,19.70676612854004
2012-08-22,20.091550827026367
2012-08-23,19.904109954833984
2012-08-24,19.92184066772461
2012-08-27,20.296106338500977
2012-08-28,20.269676208496094
2012-08-29,20.22972297668457
2012-08-30,19.94135856628418
2012-08-31,19.98251724243164
2012-09-04,20.2747859954834
2012-09-05,20.132400512695312
2012-09-06,20.313825607299805
2012-09-07,20.439088821411133
2012-09-10,19.907421112060547
2012-09-11,19.842832565307617
2012-09-12,20.119186401367188
2012-09-13,20.51538848876953
2012-09-14,20.76470184326172
2012-09-17,21.02001953125
2012-09-18,21.08400535583496
2012-09-19,21.0897159576416
2012-09-20,20.987585067749023
2012-09-21,21.029335021972656
2012-09-24,20.749982833862305
2012-09-25,20.231828689575195
2012-09-26,19.980714797973633
2012-09-27,20.465526580810547
2012-09-28,20.03838348388672
2012-10-01,19.806785583496094
2012-10-02,19.86446189880371
2012-10-03,20.16904640197754
2012-10-04,20.029369354248047
2012-10-05,19.602527618408203
2012-10-08,19.169382095336914
2012-10-09,19.099689483642578
2012-10-10,19.251680374145508
2012-10-11,18.866897583007812
2012-10-12,18.91525650024414
2012-10-15,19.06695556640625
2012-10-16,19.51842498779297
2012-10-17,19.362817764282227
2012-10-18,19.00327491760254
2012-10-19,18.318403244018555
2012-10-22,19.04502296447754
2012-10-23,18.424123764038086
2012-10-24,18.528369903564453
2012-10-25,18.30939292907715
2012-10-26,18.14297866821289
2012-10-31,17.882253646850586
2012-11-01,17.91889190673828
2012-11-02,17.325950622558594
2012-11-05,17.560848236083984
2012-11-06,17.507680892944336
2012-11-07,16.83778190612793
2012-11-08,16.22673797607422
2012-11-09,16.507673263549805
2012-11-12,16.38002586364746
2012-11-13,16.38213348388672
2012-11-14,16.200489044189453
2012-11-15,15.860710144042969
2012-11-16,15.922873497009277
2012-11-19,17.0710391998291
2012-11-20,16.925600051879883
2012-11-21,16.94943618774414
2012-11-23,17.245155334472656
2012-11-26,17.789209365844727
2012-11-27,17.645885467529297
2012-11-28,17.590349197387695
2012-11-29,17.784080505371094
2012-11-30,17.660959243774414
2012-12-03,17.688425064086914
2012-12-04,17.37641143798828
2012-12-05,16.258121490478516
2012-12-06,16.513103485107422
2012-12-07,16.090951919555664
2012-12-10,15.987446784973145
2012-12-11,16.33657455444336
2012-12-12,16.264453887939453
2012-12-13,15.983524322509766
2012-12-14,15.383034706115723
2012-12-17,15.655824661254883
2012-12-18,16.110565185546875
2012-12-19,15.881532669067383
2012-12-20,15.743334770202637
2012-12-21,15.67091178894043
2012-12-24,15.696249961853027
2012-12-26,15.479898452758789
2012-12-27,15.542062759399414
2012-12-28,15.377002716064453
2012-12-31,16.058364868164062
2013-01-02,16.567115783691406
2013-01-03,16.357995986938477
2013-01-04,15.902362823486328
2013-01-07,15.808810234069824
2013-01-08,15.851362228393555
2013-01-09,15.603619575500488
2013-01-10,15.797046661376953
2013-01-11,15.700181007385254
2013-01-14,15.14043140411377
2013-01-15,14.662752151489258
2013-01-16,15.271392822265625
2013-01-17,15.168489456176758
2013-01-18,15.087625503540039
2013-01-22,15.23155689239502
2013-01-23,15.5103759765625
2013-01-24,13.593951225280762
2013-01-25,13.273486137390137
2013-01-28,13.573725700378418
2013-01-29,13.828413009643555
2013-01-30,13.784960746765137
2013-01-31,13.744523048400879
2013-02-01,13.68809700012207
2013-02-04,13.347118377685547
2013-02-05,13.815436363220215
2013-02-06,13.800647735595703
2013-02-07,14.2109956741333
2013-02-08,14.416167259216309
2013-02-11,14.566404342651367
2013-02-12,14.201277732849121
2013-02-13,14.174267768859863
2013-02-14,14.161520004272461
2013-02-15,13.9663667678833
2013-02-19,13.961206436157227
2013-02-20,13.623092651367188
2013-02-21,13.538413047790527
2013-02-22,13.682579040527344
2013-02-25,13.439468383789062
2013-02-26,13.626737594604492
2013-02-27,13.493188858032227
2013-02-28,13.396978378295898
2013-03-01,13.065239906311035
2013-03-04,12.748982429504395
2013-03-05,13.085577011108398
2013-03-06,12.919254302978516
2013-03-07,13.068578720092773
2013-03-08,13.103182792663574
2013-03-11,13.289837837219238
2013-03-12,13.003323554992676
2013-03-13,13.000895500183105
2013-03-14,13.126853942871094
2013-03-15,13.465574264526367
2013-03-18,13.831608772277832
2013-03-19,13.794275283813477
2013-03-20,13.7211275100708
2013-03-21,13.74085807800293
2013-03-22,14.019478797912598
2013-03-25,14.07016372680664
2013-03-26,13.996109008789062
2013-03-27,13.7211275100708
2013-03-28,13.435223579406738
2013-04-01,13.01789665222168
2013-04-02,13.04460334777832
2013-04-03,13.111374855041504
2013-04-04,12.981775283813477
2013-04-05,12.844589233398438
2013-04-08,12.935945510864258
2013-04-09,12.95931625366211
2013-04-10,13.223673820495605
2013-04-11,13.182398796081543
2013-04-12,13.044906616210938
2013-04-15,12.74290943145752
2013-04-16,12.936859130859375
2013-04-17,12.225424766540527
2013-04-18,11.899154663085938
2013-04-19,11.853017807006836
2013-04-22,12.100077629089355
2013-04-23,12.326495170593262
2013-04-24,12.306159019470215
2013-04-25,12.394786834716797
2013-04-26,12.662480354309082
2013-04-29,13.054616928100586
2013-04-30,13.43886661529541
2013-05-01,13.332940101623535
2013-05-02,13.522027015686035
2013-05-03,13.657391548156738
2013-05-06,13.983059883117676
2013-05-07,13.920836448669434
2013-05-08,14.078059196472168
2013-05-09,13.955239295959473
2013-05-10,13.839140892028809
2013-05-13,13.893220901489258
2013-05-14,13.56081485748291
2013-05-15,13.102227210998535
2013-05-16,13.277289390563965
2013-05-17,13.23696231842041
2013-05-20,13.532398223876953
2013-05-21,13.43249225616455
2013-05-22,13.484129905700684
2013-05-23,13.508264541625977
2013-05-24,13.600223541259766
2013-05-28,13.48687744140625
2013-05-29,13.594112396240234
2013-05-30,13.796674728393555
2013-05-31,13.740154266357422
2013-06-03,13.770395278930664
2013-06-04,13.727320671081543
2013-06-05,13.59900188446045
2013-06-06,13.395832061767578
2013-06-07,13.498183250427246
2013-06-10,13.408965110778809
2013-06-11,13.369558334350586
2013-06-12,13.204272270202637
2013-06-13,13.319450378417969
2013-06-14,13.138891220092773
2013-06-17,13.198465347290039
2013-06-18,13.191434860229492
2013-06-19,12.923498153686523
2013-06-20,12.735298156738281
2013-06-21,12.63325309753418
2013-06-24,12.298405647277832
2013-06-25,12.301153182983398
2013-06-26,12.161834716796875
2013-06-27,12.030766487121582
2013-06-28,12.114787101745605
2013-07-01,12.50249195098877
2013-07-02,12.785706520080566
2013-07-03,12.856279373168945
2013-07-05,12.753015518188477
2013-07-08,12.680611610412598
2013-07-09,12.903639793395996
2013-07-10,12.854144096374512
2013-07-11,13.054563522338867
2013-07-12,13.030733108520508
2013-07-15,13.059147834777832
2013-07-16,13.143475532531738
2013-07-17,13.146832466125488
2013-07-18,13.19113540649414
2013-07-19,12.983076095581055
2013-07-22,13.02462387084961
2013-07-23,12.800985336303711
2013-07-24,13.458466529846191
2013-07-25,13.397055625915527
2013-07-26,13.473126411437988
2013-07-29,13.680882453918457
2013-07-30,13.849833488464355
2013-07-31,13.82569694519043
2013-08-01,13.95249080657959
2013-08-02,14.131522178649902
2013-08-05,14.34264087677002
2013-08-06,14.21431827545166
2013-08-07,14.206069946289062
2013-08-08,14.177778244018555
2013-08-09,13.976033210754395
2013-08-12,14.373065948486328
2013-08-13,15.056103706359863
2013-08-14,15.330734252929688
2013-08-15,15.312589645385742
2013-08-16,15.448522567749023
2013-08-19,15.614904403686523
2013-08-20,15.409771919250488
2013-08-21,15.449442863464355
2013-08-22,15.4678955078125
2013-08-23,15.408234596252441
2013-08-26,15.46820068359375
2013-08-27,15.025968551635742
2013-08-28,15.097003936767578
2013-08-29,15.121613502502441
2013-08-30,14.983833312988281
2013-09-03,15.025652885437012
2013-09-04,15.33657169342041
2013-09-05,15.231399536132812
2013-09-06,15.322127342224121
2013-09-09,15.566617965698242
2013-09-10,15.212027549743652
2013-09-11,14.383829116821289
2013-09-12,14.536977767944336
2013-09-13,14.297406196594238
2013-09-16,13.842869758605957
2013-09-17,14.002785682678223
2013-09-18,14.290643692016602
2013-09-19,14.524989128112793
2013-09-20,14.374601364135742
2013-09-23,15.089009284973145
2013-09-24,15.04164981842041
2013-09-25,14.808844566345215
2013-09-26,14.953082084655762
2013-09-27,14.84636402130127
2013-09-30,14.661839485168457
2013-10-01,15.006591796875
2013-10-02,15.055797576904297
2013-10-03,14.86666488647461
2013-10-04,14.854971885681152
2013-10-07,15.000137329101562
2013-10-08,14.79069995880127
2013-10-09,14.964460372924805
2013-10-10,15.058258056640625
2013-10-11,15.15574836730957
2013-10-14,15.25507926940918
2013-10-15,15.336270332336426
2013-10-16,15.41099739074707
2013-10-17,15.515254020690918
2013-10-18,15.650259017944336
2013-10-21,16.03377342224121
2013-10-22,15.987947463989258
2013-10-23,16.144468307495117
2013-10-24,16.358219146728516
2013-10-25,16.175230026245117
2013-10-28,16.295787811279297
2013-10-29,15.889833450317383
2013-10-30,16.14263916015625
2013-10-31,16.074968338012695
2013-11-01,15.992859840393066
2013-11-04,16.199522018432617
2013-11-05,16.159547805786133
2013-11-06,16.113765716552734
2013-11-07,15.853002548217773
2013-11-08,16.102630615234375
2013-11-11,16.055923461914062
2013-11-12,16.08561897277832
2013-11-13,16.10479736328125
2013-11-14,16.33772087097168
2013-11-15,16.239662170410156
2013-11-18,16.042926788330078
2013-11-19,16.071388244628906
2013-11-20,15.930639266967773
2013-11-21,16.12057876586914
2013-11-22,16.079120635986328
2013-11-25,16.201004028320312
2013-11-26,16.49981689453125
2013-11-27,16.888334274291992
2013-11-29,17.20107650756836
2013-12-02,17.051355361938477
2013-12-03,17.51814079284668
2013-12-04,17.477306365966797
2013-12-05,17.567014694213867
2013-12-06,17.323259353637695
2013-12-09,17.521543502807617
2013-12-10,17.49431037902832
2013-12-11,17.364709854125977
2013-12-12,17.33934211730957
2013-12-13,17.150341033935547
2013-12-16,17.245311737060547
2013-12-17,17.167667388916016
2013-12-18,17.037124633789062
2013-12-19,16.841930389404297
2013-12-20,16.98299217224121
2013-12-23,17.63475799560547
2013-12-24,17.559904098510742
2013-12-26,17.443286895751953
2013-12-27,17.325420379638672
2013-12-30,17.153120040893555
2013-12-31,17.35419273376465
2014-01-02,17.110136032104492
2014-01-03,16.73428726196289
2014-01-06,16.825542449951172
2014-01-07,16.70521354675293
2014-01-08,16.811002731323242
2014-01-09,16.596324920654297
2014-01-10,16.485591888427734
2014-01-13,16.57189178466797
2014-01-14,16.901643753051758
2014-01-15,17.24097442626953
2014-01-16,17.144773483276367
2014-01-17,16.724708557128906
2014-01-21,16.984539031982422
2014-01-22,17.06002426147461
2014-01-23,17.204477310180664
2014-01-24,16.89173698425293
2014-01-27,17.02877426147461
2014-01-28,15.667708396911621
2014-01-29,15.489837646484375
2014-01-30,15.459839820861816
2014-01-31,15.485204696655273
2014-02-03,15.513973236083984
2014-02-04,15.738544464111328
2014-02-05,15.856091499328613
2014-02-06,15.948513984680176
2014-02-07,16.171634674072266
2014-02-10,16.46134376525879
2014-02-11,16.678245544433594
2014-02-12,16.6769962310791
2014-02-13,16.94182014465332
2014-02-14,16.928123474121094
2014-02-18,16.990358352661133
2014-02-19,16.72212028503418
2014-02-20,16.528560638427734
2014-02-21,16.344961166381836
2014-02-24,16.416536331176758
2014-02-25,16.24569320678711
2014-02-26,16.099130630493164
2014-02-27,16.420269012451172
2014-02-28,16.37577247619629
2014-03-03,16.42307472229004
2014-03-04,16.531368255615234
2014-03-05,16.566221237182617
2014-03-06,16.516117095947266
2014-03-07,16.5064754486084
2014-03-10,16.521406173706055
2014-03-11,16.68229103088379
2014-03-12,16.698476791381836
2014-03-13,16.513010025024414
2014-03-14,16.32754135131836
2014-03-17,16.391332626342773
2014-03-18,16.53633689880371
2014-03-19,16.531978607177734
2014-03-20,16.45231819152832
2014-03-21,16.582088470458984
2014-03-24,16.778759002685547
2014-03-25,16.959247589111328
2014-03-26,16.797119140625
2014-03-27,16.724918365478516
2014-03-28,16.706256866455078
2014-03-31,16.70252227783203
2014-04-01,16.855304718017578
2014-04-02,16.883310317993164
2014-04-03,16.76630401611328
2014-04-04,16.549409866333008
2014-04-07,16.28957176208496
2014-04-08,16.288644790649414
2014-04-09,16.50274085998535
2014-04-10,16.28989028930664
2014-04-11,16.16946029663086
2014-04-14,16.23387336730957
2014-04-15,16.11811065673828
2014-04-16,16.15078353881836
2014-04-17,16.335317611694336
2014-04-21,16.52918815612793
2014-04-22,16.54567527770996
2014-04-23,16.329404830932617
2014-04-24,17.668119430541992
2014-04-25,17.797883987426758
2014-04-28,18.48715591430664
2014-04-29,18.43238639831543
2014-04-30,18.3626766204834
2014-05-01,18.40593719482422
2014-05-02,18.44017219543457
2014-05-05,18.70094108581543
2014-05-06,18.497114181518555
2014-05-07,18.43238639831543
2014-05-08,18.399534225463867
2014-05-09,18.322864532470703
2014-05-12,18.550996780395508
2014-05-13,18.580087661743164
2014-05-14,18.583528518676758
2014-05-15,18.42550277709961
2014-05-16,18.69743537902832
2014-05-19,18.91898536682129
2014-05-20,18.92273712158203
2014-05-21,18.97279930114746
2014-05-22,19.002849578857422
2014-05-23,19.217519760131836
2014-05-27,19.577377319335938
2014-05-28,19.526676177978516
2014-05-29,19.882471084594727
2014-05-30,19.80799674987793
2014-06-02,19.67188262939453
2014-06-03,19.950061798095703
2014-06-04,20.177873611450195
2014-06-05,20.257034301757812
2014-06-06,20.201339721679688
2014-06-09,20.524581909179688
2014-06-10,20.645063400268555
2014-06-11,20.559640884399414
2014-06-12,20.215734481811523
2014-06-13,19.994497299194336
2014-06-16,20.196025848388672
2014-06-17,20.16973114013672
2014-06-18,20.191638946533203
2014-06-19,20.121543884277344
2014-06-20,19.9134578704834
2014-06-23,19.895931243896484
2014-06-24,19.775453567504883
2014-06-25,19.792985916137695
2014-06-26,19.911258697509766
2014-06-27,20.14783477783203
2014-06-30,20.35593032836914
2014-07-01,20.485164642333984
2014-07-02,20.476394653320312
2014-07-03,20.59687614440918
2014-07-07,21.021821975708008
2014-07-08,20.886009216308594
2014-07-09,20.894777297973633
2014-07-10,20.818113327026367
2014-07-11,20.857542037963867
2014-07-14,21.126962661743164
2014-07-15,20.879444122314453
2014-07-16,20.761159896850586
2014-07-17,20.390968322753906
2014-07-18,20.684490203857422
2014-07-21,20.577159881591797
2014-07-22,20.748018264770508
2014-07-23,21.289064407348633
2014-07-24,21.25401496887207
2014-07-25,21.394201278686523
2014-07-28,21.68990707397461
2014-07-29,21.549726486206055
2014-07-30,21.49934196472168
2014-07-31,20.94076919555664
2014-08-01,21.05687713623047
2014-08-04,20.938587188720703
2014-08-05,20.835634231567383
2014-08-06,20.80058479309082
2014-08-07,20.79838752746582
2014-08-08,20.855623245239258
2014-08-11,21.13078498840332
2014-08-12,21.126380920410156
2014-08-13,21.405961990356445
2014-08-14,21.463197708129883
2014-08-15,21.568857192993164
2014-08-18,21.82861328125
2014-08-19,22.130203247070312
2014-08-20,22.13901138305664
2014-08-21,22.14121437072754
2014-08-22,22.304107666015625
2014-08-25,22.352550506591797
2014-08-26,22.209457397460938
2014-08-27,22.482423782348633
2014-08-28,22.50883674621582
2014-08-29,22.56387710571289
2014-09-02,22.73997688293457
2014-09-03,21.780183792114258
2014-09-04,21.59967613220215
2014-09-05,21.78679084777832
2014-09-08,21.652517318725586
2014-09-09,21.57106590270996
2014-09-10,22.233659744262695
2014-09-11,22.328327178955078
2014-09-12,22.37895965576172
2014-09-15,22.372356414794922
2014-09-16,22.202850341796875
2014-09-17,22.361351013183594
2014-09-18,22.407577514648438
2014-09-19,22.2248592376709
2014-09-22,22.246875762939453
2014-09-23,22.594688415527344
2014-09-24,22.398778915405273
2014-09-25,21.544641494750977
2014-09-26,22.178632736206055
2014-09-29,22.037748336791992
2014-09-30,22.178632736206055
2014-10-01,21.833019256591797
2014-10-02,21.99152183532715
2014-10-03,21.929885864257812
2014-10-06,21.929885864257812
2014-10-07,21.738359451293945
2014-10-08,22.18964385986328
2014-10-09,22.23806381225586
2014-10-10,22.174230575561523
2014-10-13,21.971710205078125
2014-10-14,21.738359451293945
2014-10-15,21.47199821472168
2014-10-16,21.190223693847656
2014-10-17,21.500619888305664
2014-10-20,21.960702896118164
2014-10-21,22.55727195739746
2014-10-22,22.671741485595703
2014-10-23,23.076784133911133
2014-10-24,23.162639617919922
2014-10-27,23.138425827026367
2014-10-28,23.497249603271484
2014-10-29,23.629322052001953
2014-10-30,23.55008316040039
2014-10-31,23.774614334106445
2014-11-03,24.082801818847656
2014-11-04,23.90670394897461
2014-11-05,23.96393585205078
2014-11-06,24.0324649810791
2014-11-07,24.10100746154785
2014-11-10,24.061208724975586
2014-11-11,24.25356101989746
2014-11-12,24.59625244140625
2014-11-13,24.943361282348633
2014-11-14,25.244043350219727
2014-11-17,25.202035903930664
2014-11-18,25.529251098632812
2014-11-19,25.35238265991211
2014-11-20,25.714967727661133
2014-11-21,25.750337600708008
2014-11-24,26.22789192199707
2014-11-25,26.00017547607422
2014-11-26,26.3096923828125
2014-11-28,26.29422378540039
2014-12-01,25.44081687927246
2014-12-02,25.343536376953125
2014-12-03,25.63094711303711
2014-12-04,25.533662796020508
2014-12-05,25.425336837768555
2014-12-08,24.850505828857422
2014-12-09,25.230777740478516
2014-12-10,24.751007080078125
2014-12-11,24.678054809570312
2014-12-12,24.260194778442383
2014-12-15,23.928558349609375
2014-12-16,23.601346969604492
2014-12-17,24.18944549560547
2014-12-18,24.90577507019043
2014-12-19,24.713424682617188
2014-12-22,24.96988868713379
2014-12-23,24.881450653076172
2014-12-24,24.764280319213867
2014-12-26,25.202035903930664
2014-12-29,25.18435287475586
2014-12-30,24.877033233642578
2014-12-31,24.40390396118164
2015-01-02,24.171756744384766
2015-01-05,23.490800857543945
2015-01-06,23.493011474609375
2015-01-07,23.822431564331055
2015-01-08,24.73774528503418
2015-01-09,24.764280319213867
2015-01-12,24.154071807861328
2015-01-13,24.368520736694336
2015-01-14,24.27567481994629
2015-01-15,23.616823196411133
2015-01-16,23.433311462402344
2015-01-20,24.036895751953125
2015-01-21,24.220396041870117
2015-01-22,24.850505828857422
2015-01-23,24.978734970092773
2015-01-26,25.005260467529297
2015-01-27,24.129749298095703
2015-01-28,25.493871688842773
2015-01-29,26.287586212158203
2015-01-30,25.902889251708984
2015-02-02,26.22789192199707
2015-02-03,26.232311248779297
2015-02-04,26.433504104614258
2015-02-05,26.622173309326172
2015-02-06,26.397994995117188
2015-02-09,26.57334327697754
2015-02-10,27.083858489990234
2015-02-11,27.718666076660156
2015-02-12,28.069368362426758
2015-02-13,28.206989288330078
2015-02-17,28.373455047607422
2015-02-18,28.57101058959961
2015-02-19,28.511072158813477
2015-02-20,28.744136810302734
2015-02-23,29.521013259887695
2015-02-24,29.336780548095703
2015-02-25,28.58654022216797
2015-02-26,28.948347091674805
2015-02-27,28.5132999420166
2015-03-02,28.65312957763672
2015-03-03,28.713064193725586
2015-03-04,28.531055450439453
2015-03-05,28.058273315429688
2015-03-06,28.10044288635254
2015-03-09,28.220308303833008
2015-03-10,27.636539459228516
2015-03-11,27.1326904296875
2015-03-12,27.623226165771484
2015-03-13,27.43233299255371
2015-03-16,27.73420524597168
2015-03-17,28.198108673095703
2015-03-18,28.51551628112793
2015-03-19,28.300214767456055
2015-03-20,27.9450626373291
2015-03-23,28.235836029052734
2015-03-24,28.120426177978516
2015-03-25,27.385723114013672
2015-03-26,27.57661247253418
2015-03-27,27.356868743896484
2015-03-30,28.04939842224121
2015-03-31,27.618783950805664
2015-04-01,27.57883644104004
2015-04-02,27.816335678100586
2015-04-06,28.266910552978516
2015-04-07,27.969491958618164
2015-04-08,27.87847900390625
2015-04-09,28.091569900512695
2015-04-10,28.2114200592041
2015-04-13,28.155933380126953
2015-04-14,28.03385353088379
2015-04-15,28.140396118164062
2015-04-16,28.005001068115234
2015-04-17,27.689817428588867
2015-04-20,28.32240867614746
2015-04-21,28.16925048828125
2015-04-22,28.548805236816406
2015-04-23,28.781871795654297
2015-04-24,28.91726303100586
2015-04-27,29.44331169128418
2015-04-28,28.979413986206055
2015-04-29,28.553245544433594
2015-04-30,27.778596878051758
2015-05-01,28.622051239013672
2015-05-04,28.566564559936523
2015-05-05,27.922876358032227
2015-05-06,27.747526168823242
2015-05-07,27.919153213500977
2015-05-08,28.44516944885254
2015-05-11,28.155412673950195
2015-05-12,28.05511474609375
2015-05-13,28.086315155029297
2015-05-14,28.74161148071289
2015-05-15,28.70149040222168
2015-05-18,29.017993927001953
2015-05-19,28.99124526977539
2015-05-20,28.98902702331543
2015-05-21,29.28545379638672
2015-05-22,29.541776657104492
2015-05-26,28.890949249267578
2015-05-27,29.43033790588379
2015-05-28,29.37238883972168
2015-05-29,29.038053512573242
2015-06-01,29.096010208129883
2015-06-02,28.96674156188965
2015-06-03,29.00239372253418
2015-06-04,28.8330020904541
2015-06-05,28.674741744995117
2015-06-08,28.485288619995117
2015-06-09,28.40059471130371
2015-06-10,28.726011276245117
2015-06-11,28.6613712310791
2015-06-12,28.344873428344727
2015-06-15,28.289148330688477
2015-06-16,28.440710067749023
2015-06-17,28.37384605407715
2015-06-18,28.50312042236328
2015-06-19,28.217823028564453
2015-06-22,28.44293975830078
2015-06-23,28.313663482666016
2015-06-24,28.554384231567383
2015-06-25,28.418420791625977
2015-06-26,28.25125503540039
2015-06-29,27.756441116333008
2015-06-30,27.957048416137695
2015-07-01,28.217823028564453
2015-07-02,28.182167053222656
2015-07-06,28.084089279174805
2015-07-07,28.014995574951172
2015-07-08,27.319578170776367
2015-07-09,26.762357711791992
2015-07-10,27.477828979492188
2015-07-13,28.00830841064453
2015-07-14,27.99715232849121
2015-07-15,28.266855239868164
2015-07-16,28.643545150756836
2015-07-17,28.890949249267578
2015-07-20,29.43703269958496
2015-07-21,29.142812728881836
2015-07-22,27.910232543945312
2015-07-23,27.896860122680664
2015-07-24,27.749759674072266
2015-07-27,27.364154815673828
2015-07-28,27.500110626220703
2015-07-29,27.413188934326172
2015-07-30,27.27499771118164
2015-07-31,27.036508560180664
2015-08-03,26.399044036865234
2015-08-04,25.55206298828125
2015-08-05,25.721460342407227
2015-08-06,25.777427673339844
2015-08-07,25.864749908447266
2015-08-10,26.80512809753418
2015-08-11,25.41023826599121
2015-08-12,25.80206298828125
2015-08-13,25.781909942626953
2015-08-14,25.963266372680664
2015-08-17,26.231948852539062
2015-08-18,26.084171295166016
2015-08-19,25.750564575195312
2015-08-20,25.222164154052734
2015-08-21,23.67950439453125
2015-08-24,23.088415145874023
2015-08-25,23.227224349975586
2015-08-26,24.559429168701172
2015-08-27,25.282617568969727
2015-08-28,25.365455627441406
2015-08-31,25.246795654296875
2015-09-01,24.118345260620117
2015-09-02,25.15275001525879
2015-09-03,24.711673736572266
2015-09-04,24.465391159057617
2015-09-08,25.146034240722656
2015-09-09,24.662418365478516
2015-09-10,25.204252243041992
2015-09-11,25.57144546508789
2015-09-14,25.817731857299805
2015-09-15,26.034912109375
2015-09-16,26.064023971557617
2015-09-17,25.506519317626953
2015-09-18,25.401277542114258
2015-09-21,25.79534339904785
2015-09-22,25.390085220336914
2015-09-23,25.5960750579834
2015-09-24,25.748327255249023
2015-09-25,25.68339729309082
2015-09-28,25.175142288208008
2015-09-29,24.418371200561523
2015-09-30,24.696002960205078
2015-10-01,24.534799575805664
2015-10-02,24.71391487121582
2015-10-05,24.803478240966797
2015-10-06,24.922143936157227
2015-10-07,24.803478240966797
2015-10-08,24.516889572143555
2015-10-09,25.10350227355957
2015-10-12,24.987071990966797
2015-10-13,25.02960968017578
2015-10-14,24.67585563659668
2015-10-15,25.0452823638916
2015-10-16,24.861690521240234
2015-10-19,25.01618003845215
2015-10-20,25.472932815551758
2015-10-21,25.470691680908203
2015-10-22,25.860275268554688
2015-10-23,26.661828994750977
2015-10-26,25.811017990112305
2015-10-27,25.64756965637207
2015-10-28,26.704370498657227
2015-10-29,26.986486434936523
2015-10-30,26.755870819091797
2015-11-02,27.132015228271484
2015-11-03,27.4432430267334
2015-11-04,27.31561279296875
2015-11-05,27.189695358276367
2015-11-06,27.221174240112305
2015-11-09,27.111000061035156
2015-11-10,26.256534576416016
2015-11-11,26.10813331604004
2015-11-12,26.020427703857422
2015-11-13,25.26041603088379
2015-11-16,25.674161911010742
2015-11-17,25.563974380493164
2015-11-18,26.373470306396484
2015-11-19,26.70849609375
2015-11-20,26.82542610168457
2015-11-23,26.476896286010742
2015-11-24,26.73097801208496
2015-11-25,26.53985595703125
2015-11-27,26.490388870239258
2015-11-30,26.60057258605957
2015-12-01,26.38471221923828
2015-12-02,26.14635467529297
2015-12-03,25.903512954711914
2015-12-04,26.764711380004883
2015-12-07,26.5960693359375
2015-12-08,26.584829330444336
2015-12-09,25.997955322265625
2015-12-10,26.12162971496582
2015-12-11,25.449304580688477
2015-12-14,25.29190444946289
2015-12-15,24.844438552856445
2015-12-16,25.035564422607422
2015-12-17,24.504905700683594
2015-12-18,23.841577529907227
2015-12-21,24.133892059326172
2015-12-22,24.111406326293945
2015-12-23,24.42170524597168
2015-12-24,24.29128646850586
2015-12-28,24.019214630126953
2015-12-29,24.450937271118164
2015-12-30,24.131635665893555
2015-12-31,23.668441772460938
2016-01-04,23.68867301940918
2016-01-05,23.095056533813477
2016-01-06,22.643081665039062
2016-01-07,21.68744468688965
2016-01-08,21.802125930786133
2016-01-11,22.1551456451416
2016-01-12,22.476688385009766
2016-01-13,21.8988094329834
2016-01-14,22.377756118774414
2016-01-15,21.840347290039062
2016-01-19,21.73466682434082
2016-01-20,21.76389503479004
2016-01-21,21.653717041015625
2016-01-22,22.804983139038086
2016-01-25,22.359769821166992
2016-01-26,22.483442306518555
2016-01-27,21.006132125854492
2016-01-28,21.156780242919922
2016-01-29,21.887561798095703
2016-02-01,21.682952880859375
2016-02-02,21.244476318359375
2016-02-03,21.664968490600586
2016-02-04,21.839038848876953
2016-02-05,21.255756378173828
2016-02-08,21.479583740234375
2016-02-09,21.475053787231445
2016-02-10,21.31227684020996
2016-02-11,21.183414459228516
2016-02-12,21.248977661132812
2016-02-16,21.848079681396484
2016-02-17,22.182682037353516
2016-02-18,21.76217269897461
2016-02-19,21.712440490722656
2016-02-22,21.9023380279541
2016-02-23,21.407236099243164
2016-02-24,21.72600746154785
2016-02-25,21.875207901000977
2016-02-26,21.90912628173828
2016-02-29,21.859386444091797
2016-03-01,22.727521896362305
2016-03-02,22.77725601196289
2016-03-03,22.946815490722656
2016-03-04,23.28819465637207
2016-03-07,23.030467987060547
2016-03-08,22.84056282043457
2016-03-09,22.860910415649414
2016-03-10,22.872211456298828
2016-03-11,23.118637084960938
2016-03-14,23.177417755126953
2016-03-15,23.64313507080078
2016-03-16,23.95738410949707
2016-03-17,23.918947219848633
2016-03-18,23.946081161499023
2016-03-21,23.943809509277344
2016-03-22,24.126937866210938
2016-03-23,23.99355125427246
2016-03-24,23.88955307006836
2016-03-28,23.781042098999023
2016-03-29,24.343971252441406
2016-03-30,24.768999099731445
2016-03-31,24.640134811401367
2016-04-01,24.866214752197266
2016-04-04,25.12168312072754
2016-04-05,24.825519561767578
2016-04-06,25.085506439208984
2016-04-07,24.538400650024414
2016-04-08,24.56553077697754
2016-04-11,24.64691734313965
2016-04-12,24.967947006225586
2016-04-13,25.329669952392578
2016-04-14,25.343236923217773
2016-04-15,24.834556579589844
2016-04-18,24.298763275146484
2016-04-19,24.169891357421875
2016-04-20,24.21962547302246
2016-04-21,23.95738410949707
2016-04-22,23.891813278198242
2016-04-25,23.756174087524414
2016-04-26,23.591136932373047
2016-04-27,22.11485481262207
2016-04-28,21.438880920410156
2016-04-29,21.192459106445312
2016-05-02,21.169845581054688
2016-05-03,21.51800537109375
2016-05-04,21.294191360473633
2016-05-05,21.207765579223633
2016-05-06,21.089487075805664
2016-05-09,21.105409622192383
2016-05-10,21.248706817626953
2016-05-11,21.041719436645508
2016-05-12,20.54814910888672
2016-05-13,20.58909034729004
2016-05-16,21.353328704833984
2016-05-17,21.264619827270508
2016-05-18,21.508005142211914
2016-05-19,21.42612075805664
2016-05-20,21.658123016357422
2016-05-23,21.93334197998047
2016-05-24,22.2676944732666
2016-05-25,22.658912658691406
2016-05-26,22.83860969543457
2016-05-27,22.82495880126953
2016-05-31,22.713499069213867
2016-06-01,22.39507484436035
2016-06-02,22.226749420166016
2016-06-03,22.272245407104492
2016-06-06,22.433738708496094
2016-06-07,22.524717330932617
2016-06-08,22.504243850708008
2016-06-09,22.66573715209961
2016-06-10,22.47922134399414
2016-06-13,22.140317916870117
2016-06-14,22.167621612548828
2016-06-15,22.094825744628906
2016-06-16,22.18808364868164
2016-06-17,21.68314552307129
2016-06-20,21.630826950073242
2016-06-21,21.815061569213867
2016-06-22,21.733177185058594
2016-06-23,21.858278274536133
2016-06-24,21.24416160583496
2016-06-27,20.934816360473633
2016-06-28,21.287370681762695
2016-06-29,21.471607208251953
2016-06-30,21.744556427001953
2016-07-01,21.810514450073242
2016-07-05,21.60580825805664
2016-07-06,21.728635787963867
2016-07-07,21.821884155273438
2016-07-08,21.990198135375977
2016-07-11,22.058435440063477
2016-07-12,22.158512115478516
2016-07-13,22.033416748046875
2016-07-14,22.470130920410156
2016-07-15,22.467851638793945
2016-07-18,22.70667839050293
2016-07-19,22.715778350830078
2016-07-20,22.736255645751953
2016-07-21,22.615699768066406
2016-07-22,22.440561294555664
2016-07-25,22.140317916870117
2016-07-26,21.987926483154297
2016-07-27,23.416336059570312
2016-07-28,23.732492446899414
2016-07-29,23.702926635742188
2016-08-01,24.121440887451172
2016-08-02,23.76433753967285
2016-08-03,24.062299728393555
2016-08-04,24.21095085144043
2016-08-05,24.579137802124023
2016-08-08,24.782663345336914
2016-08-09,24.883289337158203
2016-08-10,24.698047637939453
2016-08-11,24.682044982910156
2016-08-12,24.73921012878418
2016-08-15,25.036508560180664
2016-08-16,25.01363754272461
2016-08-17,24.9770450592041
2016-08-18,24.94502830505371
2016-08-19,25.00905990600586
2016-08-22,24.81467628479004
2016-08-23,24.892431259155273
2016-08-24,24.70491600036621
2016-08-25,24.599720001220703
2016-08-26,24.455642700195312
2016-08-29,24.42820167541504
2016-08-30,24.240671157836914
2016-08-31,24.263545989990234
2016-09-01,24.40761947631836
2016-09-02,24.636306762695312
2016-09-06,24.629444122314453
2016-09-07,24.780378341674805
2016-09-08,24.130910873413086
2016-09-09,23.584348678588867
2016-09-12,24.112619400024414
2016-09-13,24.686613082885742
2016-09-14,25.560197830200195
2016-09-15,26.429197311401367
2016-09-16,26.280555725097656
2016-09-19,25.974117279052734
2016-09-20,25.971830368041992
2016-09-21,25.967254638671875
2016-09-22,26.21194839477539
2016-09-23,25.77515411376953
2016-09-26,25.814035415649414
2016-09-27,25.862062454223633
2016-09-28,26.058731079101562
2016-09-29,25.65395736694336
2016-09-30,25.852907180786133
2016-10-03,25.73171043395996
2016-10-04,25.841472625732422
2016-10-05,25.852907180786133
2016-10-06,26.045007705688477
2016-10-07,26.083881378173828
2016-10-10,26.53896713256836
2016-10-11,26.596139907836914
2016-10-12,26.833974838256836
2016-10-13,26.75164031982422
2016-10-14,26.90029525756836
2016-10-17,26.881996154785156
2016-10-18,26.86370849609375
2016-10-19,26.78366470336914
2016-10-20,26.769943237304688
2016-10-21,26.66474723815918
2016-10-24,26.904870986938477
2016-10-25,27.042072296142578
2016-10-26,26.433773040771484
2016-10-27,26.1799373626709
2016-10-28,26.006135940551758
2016-10-31,25.9649715423584
2016-11-01,25.496158599853516
2016-11-02,25.51902961730957
2016-11-03,25.245492935180664
2016-11-04,25.0179386138916
2016-11-07,25.378820419311523
2016-11-08,25.52821922302246
2016-11-09,25.486848831176758
2016-11-10,24.776580810546875
2016-11-11,24.92369270324707
2016-11-14,24.29847526550293
2016-11-15,24.620281219482422
2016-11-16,25.282276153564453
2016-11-17,25.2730770111084
2016-11-18,25.298362731933594
2016-11-21,25.682235717773438
2016-11-22,25.69832420349121
2016-11-23,25.567304611206055
2016-11-25,25.69602394104004
2016-11-28,25.64545440673828
2016-11-29,25.620174407958984
2016-11-30,25.404098510742188
2016-12-01,25.167343139648438
2016-12-02,25.261594772338867
2016-12-05,25.07999610900879
2016-12-06,25.2730770111084
2016-12-07,25.521331787109375
2016-12-08,25.771875381469727
2016-12-09,26.192520141601562
2016-12-12,26.04311752319336
2016-12-13,26.47755241394043
2016-12-14,26.47755241394043
2016-12-15,26.622356414794922
2016-12-16,26.656837463378906
2016-12-19,26.810842514038086
2016-12-20,26.882099151611328
2016-12-21,26.907384872436523
2016-12-22,26.730392456054688
2016-12-23,26.78325843811035
2016-12-27,26.95334815979004
2016-12-28,26.83842658996582
2016-12-29,26.83153533935547
2016-12-30,26.622356414794922
2017-01-03,26.698211669921875
2017-01-04,26.668336868286133
2017-01-05,26.80394172668457
2017-01-06,27.102760314941406
2017-01-09,27.351016998291016
2017-01-10,27.378591537475586
2017-01-11,27.525705337524414
2017-01-12,27.4107723236084
2017-01-13,27.362506866455078
2017-01-17,27.583168029785156
2017-01-18,27.580869674682617
2017-01-19,27.532604217529297
2017-01-20,27.583168029785156
2017-01-23,27.601566314697266
2017-01-24,27.576274871826172
2017-01-25,28.015304565429688
2017-01-26,28.029102325439453
2017-01-27,28.031394958496094
2017-01-30,27.95785140991211
2017-01-31,27.893484115600586
2017-02-01,29.594444274902344
2017-02-02,29.543872833251953
2017-02-03,29.670299530029297
2017-02-06,29.948423385620117
2017-02-07,30.23345375061035
2017-02-08,30.350679397583008
2017-02-09,30.56999969482422
2017-02-10,30.500730514526367
2017-02-13,30.770835876464844
2017-02-14,31.170225143432617
2017-02-15,31.283336639404297
2017-02-16,31.24640464782715
2017-02-17,31.33182144165039
2017-02-21,31.558059692382812
2017-02-22,31.652711868286133
2017-02-23,31.518817901611328
2017-02-24,31.5488338470459
2017-02-27,31.611164093017578
2017-02-28,31.6250057220459
2017-03-01,32.27141571044922
2017-03-02,32.079811096191406
2017-03-03,32.26910400390625
2017-03-06,32.16752243041992
2017-03-07,32.209083557128906
2017-03-08,32.08903503417969
2017-03-09,32.01515579223633
2017-03-10,32.12135314941406
2017-03-13,32.13520050048828
2017-03-14,32.08672332763672
2017-03-15,32.426082611083984
2017-03-16,32.47917556762695
2017-03-17,32.31757736206055
2017-03-20,32.65694046020508
2017-03-21,32.282936096191406
2017-03-22,32.647701263427734
2017-03-23,32.53227233886719
2017-03-24,32.46762466430664
2017-03-27,32.523040771484375
2017-03-28,33.197147369384766
2017-03-29,33.27101516723633
2017-03-30,33.2271614074707
2017-03-31,33.16483688354492
2017-04-03,33.17405700683594
2017-04-04,33.42108154296875
2017-04-05,33.247920989990234
2017-04-06,33.16483688354492
2017-04-07,33.090946197509766
2017-04-10,33.05169677734375
2017-04-11,32.69618606567383
2017-04-12,32.735416412353516
2017-04-13,32.56229019165039
2017-04-17,32.74235153198242
2017-04-18,32.596920013427734
2017-04-19,32.47685623168945
2017-04-20,32.88316345214844
2017-04-21,32.843936920166016
2017-04-24,33.160194396972656
2017-04-25,33.36566162109375
2017-04-26,33.1694450378418
2017-04-27,33.1948356628418
2017-04-28,33.162513732910156
2017-05-01,33.83892822265625
2017-05-02,34.053611755371094
2017-05-03,33.94972229003906
2017-05-04,33.82737731933594
2017-05-05,34.388362884521484
2017-05-08,35.32331848144531
2017-05-09,35.549564361572266
2017-05-10,35.38103103637695
2017-05-11,35.68703079223633
2017-05-12,36.18541717529297
2017-05-15,36.09270095825195
2017-05-16,36.03938674926758
2017-05-17,34.82932662963867
2017-05-18,35.36017990112305
2017-05-19,35.48072052001953
2017-05-22,35.6963005065918
2017-05-23,35.652259826660156
2017-05-24,35.54561996459961
2017-05-25,35.66849136352539
2017-05-26,35.608211517333984
2017-05-30,35.622135162353516
2017-05-31,35.411170959472656
2017-06-01,35.50853729248047
2017-06-02,36.03474044799805
2017-06-05,35.68239212036133
2017-06-06,35.80292510986328
2017-06-07,36.01619338989258
2017-06-08,35.92810821533203
2017-06-09,34.53492736816406
2017-06-12,33.709686279296875
2017-06-13,33.98091125488281
2017-06-14,33.64942169189453
2017-06-15,33.44775390625
2017-06-16,32.97948455810547
2017-06-19,33.9229621887207
2017-06-20,33.614662170410156
2017-06-21,33.81401443481445
2017-06-22,33.75837326049805
2017-06-23,33.909053802490234
2017-06-26,33.80242156982422
2017-06-27,33.317935943603516
2017-06-28,33.80473327636719
2017-06-29,33.30634689331055
2017-06-30,33.385162353515625
2017-07-03,33.26462173461914
2017-07-05,33.40138626098633
2017-07-06,33.08613967895508
2017-07-07,33.42226028442383
2017-07-10,33.62624740600586
2017-07-11,33.735191345214844
2017-07-12,33.783878326416016
2017-07-13,34.254459381103516
2017-07-14,34.54884719848633
2017-07-17,34.66938018798828
2017-07-18,34.7899169921875
2017-07-19,35.0078239440918
2017-07-20,34.850189208984375
2017-07-21,34.83396530151367
2017-07-24,35.2558708190918
2017-07-25,35.40654373168945
2017-07-26,35.57344436645508
2017-07-27,34.901187896728516
2017-07-28,34.65548324584961
2017-07-31,34.476993560791016
2017-08-01,34.78296661376953
2017-08-02,36.42650604248047
2017-08-03,36.06256866455078
2017-08-04,36.25264358520508
2017-08-07,36.81361770629883
2017-08-08,37.10801696777344
2017-08-09,37.33518981933594
2017-08-10,36.145992279052734
2017-08-11,36.64867401123047
2017-08-14,37.20021438598633
2017-08-15,37.607479095458984
2017-08-16,37.45619583129883
2017-08-17,36.73710632324219
2017-08-18,36.65332794189453
2017-08-21,36.58584213256836
2017-08-22,37.18391036987305
2017-08-23,37.230472564697266
2017-08-24,37.065223693847656
2017-08-25,37.202545166015625
2017-08-28,37.57722473144531
2017-08-29,37.912330627441406
2017-08-30,38.014739990234375
2017-08-31,38.16599655151367
2017-09-01,38.17765808105469
2017-09-05,37.71917724609375
2017-09-06,37.67961120605469
2017-09-07,37.52834701538086
2017-09-08,36.916297912597656
2017-09-11,37.58421325683594
2017-09-12,37.43526840209961
2017-09-13,37.15367126464844
2017-09-14,36.834842681884766
2017-09-15,37.20720672607422
2017-09-18,36.92559814453125
2017-09-19,36.93958282470703
2017-09-20,36.32053756713867
2017-09-21,35.69684982299805
2017-09-22,35.347774505615234
2017-09-25,35.03593063354492
2017-09-26,35.638671875
2017-09-27,35.89232635498047
2017-09-28,35.67124938964844
2017-09-29,35.866729736328125
2017-10-02,35.79458999633789
2017-10-03,35.95051956176758
2017-10-04,35.71779251098633
2017-10-05,36.16230392456055
2017-10-06,36.141353607177734
2017-10-09,36.26701354980469
2017-10-10,36.28097152709961
2017-10-11,36.43224334716797
2017-10-12,36.30424118041992
2017-10-13,36.534637451171875
2017-10-16,37.20720672607422
2017-10-17,37.34450912475586
2017-10-18,37.17927551269531
2017-10-19,36.29959487915039
2017-10-20,36.362422943115234
2017-10-23,36.343807220458984
2017-10-24,36.560245513916016
2017-10-25,36.39967346191406
2017-10-26,36.632381439208984
2017-10-27,37.944908142089844
2017-10-30,38.79899978637695
2017-10-31,39.338897705078125
2017-11-01,38.83856201171875
2017-11-02,39.12247848510742
2017-11-03,40.144126892089844
2017-11-06,40.55137252807617
2017-11-07,40.68170166015625
2017-11-08,41.01448440551758
2017-11-09,40.930728912353516
2017-11-10,40.79524612426758
2017-11-13,40.63175964355469
2017-11-14,40.01750946044922
2017-11-15,39.489662170410156
2017-11-16,39.961456298828125
2017-11-17,39.739585876464844
2017-11-20,39.69987106323242
2017-11-21,40.43791198730469
2017-11-22,40.86297607421875
2017-11-24,40.865318298339844
2017-11-27,40.65978240966797
2017-11-28,40.42156982421875
2017-11-29,39.58307647705078
2017-11-30,40.13663101196289
2017-12-01,39.94977569580078
2017-12-04,39.65782928466797
2017-12-05,39.62047576904297
2017-12-06,39.473323822021484
2017-12-07,39.54572677612305
2017-12-08,39.55739212036133
2017-12-11,40.3281364440918
2017-12-12,40.10159683227539
2017-12-13,40.23471450805664
2017-12-14,40.22303771972656
2017-12-15,40.63175964355469
2017-12-18,41.20397186279297
2017-12-19,40.76487731933594
2017-12-20,40.72050857543945
2017-12-21,40.87465286254883
2017-12-22,40.87465286254883
2017-12-26,39.837677001953125
2017-12-27,39.84467315673828
2017-12-28,39.956787109375
2017-12-29,39.52469253540039
2018-01-02,40.23237609863281
2018-01-03,40.22537612915039
2018-01-04,40.41221618652344
2018-01-05,40.87232208251953
2018-01-08,40.72050857543945
2018-01-09,40.7158317565918
2018-01-10,40.70650100708008
2018-01-11,40.93770980834961
2018-01-12,41.36044692993164
2018-01-16,41.15025329589844
2018-01-17,41.82990264892578
2018-01-18,41.86727523803711
2018-01-19,41.68042755126953
2018-01-22,41.33943176269531
2018-01-23,41.34877014160156
2018-01-24,40.69013595581055
2018-01-25,39.96379089355469
2018-01-26,40.057193756103516
2018-01-29,39.22808837890625
2018-01-30,38.996864318847656
2018-01-31,39.10430145263672
2018-02-01,39.18605041503906
2018-02-02,37.48575210571289
2018-02-05,36.5492057800293
2018-02-06,38.07664489746094
2018-02-07,37.26154708862305
2018-02-08,36.236236572265625
2018-02-09,36.67945098876953
2018-02-12,38.15686798095703
2018-02-13,38.539100646972656
2018-02-14,39.249656677246094
2018-02-15,40.5676155090332
2018-02-16,40.4362678527832
2018-02-20,40.30026626586914
2018-02-21,40.117347717285156
2018-02-22,40.45268630981445
2018-02-23,41.156227111816406
2018-02-26,41.9699592590332
2018-02-27,41.833953857421875
2018-02-28,41.7706298828125
2018-03-01,41.03895950317383
2018-03-02,41.32271957397461
2018-03-05,41.46576690673828
2018-03-06,41.43059158325195
2018-03-07,41.04599380493164
2018-03-08,41.49391174316406
2018-03-09,42.20682144165039
2018-03-12,42.61486053466797
2018-03-13,42.2044792175293
2018-03-14,41.84568405151367
2018-03-15,41.89491271972656
2018-03-16,41.74717712402344
2018-03-19,41.10931396484375
2018-03-20,41.095245361328125
2018-03-21,40.16425323486328
2018-03-22,39.59674072265625
2018-03-23,38.679813385009766
2018-03-26,40.51601028442383
2018-03-27,39.477134704589844
2018-03-28,39.040958404541016
2018-03-29,39.34581756591797
2018-04-02,39.08785629272461
2018-04-03,39.48887252807617
2018-04-04,40.24397277832031
2018-04-05,40.52305603027344
2018-04-06,39.48653030395508
2018-04-09,39.878143310546875
2018-04-10,40.62856674194336
2018-04-11,40.43861770629883
2018-04-12,40.83728790283203
2018-04-13,40.97563552856445
2018-04-16,41.231266021728516
2018-04-17,41.79877471923828
2018-04-18,41.704952239990234
2018-04-19,40.52305603027344
2018-04-20,38.86272430419922
2018-04-23,38.75016403198242
2018-04-24,38.21079635620117
2018-04-25,38.37730026245117
2018-04-26,38.51096725463867
2018-04-27,38.065391540527344
2018-04-30,38.754844665527344
2018-05-01,39.655364990234375
2018-05-02,41.40714645385742
2018-05-03,41.482177734375
2018-05-04,43.109676361083984
2018-05-07,43.42156982421875
2018-05-08,43.63027572631836
2018-05-09,43.93749237060547
2018-05-10,44.56597900390625
2018-05-11,44.39647674560547
2018-05-14,44.29289245605469
2018-05-15,43.890342712402344
2018-05-16,44.29995346069336
2018-05-17,44.01980972290039
2018-05-18,43.85973358154297
2018-05-21,44.170475006103516
2018-05-22,44.05983352661133
2018-05-23,44.34231948852539
2018-05-24,44.29289245605469
2018-05-25,44.39412307739258
2018-05-29,44.23404312133789
2018-05-30,44.13987731933594
2018-05-31,43.99155044555664
2018-06-01,44.78490447998047
2018-06-04,45.15921401977539
2018-06-05,45.50760269165039
2018-06-06,45.665340423583984
2018-06-07,45.542930603027344
2018-06-08,45.12858581542969
2018-06-11,45.01796340942383
2018-06-12,45.26513671875
2018-06-13,44.8931884765625
2018-06-14,44.9167366027832
2018-06-15,44.455318450927734
2018-06-18,44.43177795410156
2018-06-19,43.713775634765625
2018-06-20,43.90446853637695
2018-06-21,43.659629821777344
2018-06-22,43.53249740600586
2018-06-25,42.88511657714844
2018-06-26,43.41715621948242
2018-06-27,43.35359191894531
2018-06-28,43.66905212402344
2018-06-29,43.57722854614258
2018-07-02,44.06454086303711
2018-07-03,43.29709243774414
2018-07-05,43.64550018310547
2018-07-06,44.250511169433594
2018-07-09,44.86493682861328
2018-07-10,44.81079864501953
2018-07-11,44.22932815551758
2018-07-12,44.97087860107422
2018-07-13,45.041500091552734
2018-07-16,44.942630767822266
2018-07-17,45.06974411010742
2018-07-18,44.82257843017578
2018-07-19,45.17097854614258
2018-07-20,45.067405700683594
2018-07-23,45.107421875
2018-07-24,45.43464279174805
2018-07-25,45.86308670043945
2018-07-26,45.71949005126953
2018-07-27,44.959110260009766
2018-07-30,44.707218170166016
2018-07-31,44.79666519165039
2018-08-01,47.43564987182617
2018-08-02,48.822227478027344
2018-08-03,48.963478088378906
2018-08-06,49.21772384643555
2018-08-07,48.756324768066406
2018-08-08,48.78926086425781
2018-08-09,49.1729850769043
2018-08-10,49.026527404785156
2018-08-13,49.34307861328125
2018-08-14,49.55097961425781
2018-08-15,49.66672897338867
2018-08-16,50.394351959228516
2018-08-17,51.400733947753906
2018-08-20,50.89990234375
2018-08-21,50.800682067871094
2018-08-22,50.80303955078125
2018-08-23,50.90699005126953
2018-08-24,51.06526565551758
2018-08-27,51.485774993896484
2018-08-28,51.90154266357422
2018-08-29,52.67641067504883
2018-08-30,53.16069793701172
2018-08-31,53.7749137878418
2018-09-04,53.94737243652344
2018-09-05,53.59538269042969
2018-09-06,52.70476531982422
2018-09-07,52.279537200927734
2018-09-10,51.57789993286133
2018-09-11,52.88193893432617
2018-09-12,52.22520065307617
2018-09-13,53.48670196533203
2018-09-14,52.879573822021484
2018-09-17,51.47159957885742
2018-09-18,51.556644439697266
2018-09-19,51.587345123291016
2018-09-20,51.979515075683594
2018-09-21,51.41963195800781
2018-09-24,52.15903854370117
2018-09-25,52.489784240722656
2018-09-26,52.07164001464844
2018-09-27,53.14179992675781
2018-09-28,53.32841873168945
2018-10-01,53.687503814697266
2018-10-02,54.16471481323242
2018-10-03,54.823822021484375
2018-10-04,53.859962463378906
2018-10-05,52.98588180541992
2018-10-08,52.86302947998047
2018-10-09,53.59538269042969
2018-10-10,51.112510681152344
2018-10-11,50.66128921508789
2018-10-12,52.47088623046875
2018-10-15,51.34873580932617
2018-10-16,52.480323791503906
2018-10-17,52.253543853759766
2018-10-18,51.03218460083008
2018-10-19,51.809410095214844
2018-10-22,52.1259651184082
2018-10-23,52.61734390258789
2018-10-24,50.81249237060547
2018-10-25,51.925174713134766
2018-10-26,51.09834289550781
2018-10-29,50.13921356201172
2018-10-30,50.38962173461914
2018-10-31,51.70309829711914
2018-11-01,52.496864318847656
2018-11-02,49.01472091674805
2018-11-05,47.62328338623047
2018-11-06,48.138275146484375
2018-11-07,49.59822082519531
2018-11-08,49.4251708984375
2018-11-09,48.47216796875
2018-11-12,46.03042984008789
2018-11-13,45.570526123046875
2018-11-14,44.28329086303711
2018-11-15,45.37614059448242
2018-11-16,45.87870788574219
2018-11-19,44.060447692871094
2018-11-20,41.955322265625
2018-11-21,41.90790939331055
2018-11-23,40.843502044677734
2018-11-26,41.3958625793457
2018-11-27,41.305782318115234
2018-11-28,42.89409637451172
2018-11-29,42.564579010009766
2018-11-30,42.33464050292969
2018-12-03,43.813907623291016
2018-12-04,41.88658142089844
2018-12-06,41.41956329345703
2018-12-07,39.942665100097656
2018-12-10,40.205810546875
2018-12-11,39.97585678100586
2018-12-12,40.087276458740234
2018-12-13,40.525848388671875
2018-12-14,39.22910690307617
2018-12-17,38.86402893066406
2018-12-18,39.36898422241211
2018-12-19,38.140987396240234
2018-12-20,37.17851257324219
2018-12-21,35.732425689697266
2018-12-24,34.80789566040039
2018-12-26,37.259124755859375
2018-12-27,37.017311096191406
2018-12-28,37.036285400390625
2018-12-31,37.39423370361328
2019-01-02,37.436920166015625
2019-01-03,33.70792770385742
2019-01-04,35.14689254760742
2019-01-07,35.068660736083984
2019-01-08,35.73716354370117
2019-01-09,36.344058990478516
2019-01-10,36.46022415161133
2019-01-11,36.10225296020508
2019-01-14,35.55937576293945
2019-01-15,36.28717041015625
2019-01-16,36.730472564697266
2019-01-17,36.94856643676758
2019-01-18,37.176151275634766
2019-01-22,36.3416862487793
2019-01-23,36.48866653442383
2019-01-24,36.1994514465332
2019-01-25,37.39897918701172
2019-01-28,37.05287170410156
2019-01-29,36.668819427490234
2019-01-30,39.17459487915039
2019-01-31,39.45669174194336
2019-02-01,39.47565841674805
2019-02-04,40.59696960449219
2019-02-05,41.29155349731445
2019-02-06,41.305782318115234
2019-02-07,40.52347183227539
2019-02-08,40.571075439453125
2019-02-11,40.33777618408203
2019-02-12,40.68536376953125
2019-02-13,40.516326904296875
2019-02-14,40.663936614990234
2019-02-15,40.57345962524414
2019-02-19,40.69489288330078
2019-02-20,40.95676803588867
2019-02-21,40.72584533691406
2019-02-22,41.18055725097656
2019-02-25,41.48054122924805
2019-02-26,41.504364013671875
2019-02-27,41.63291549682617
2019-02-28,41.22343063354492
2019-03-01,41.65672302246094
2019-03-04,41.86623764038086
2019-03-05,41.79004669189453
2019-03-06,41.54960632324219
2019-03-07,41.06867599487305
2019-03-08,41.1662712097168
2019-03-11,42.59238052368164
2019-03-12,43.07093811035156
2019-03-13,43.26139450073242
2019-03-14,43.742305755615234
2019-03-15,44.311317443847656
2019-03-18,44.7636604309082
2019-03-19,44.408912658691406
2019-03-20,44.7969970703125
2019-03-21,46.44688034057617
2019-03-22,45.48503494262695
2019-03-25,44.93507385253906
2019-03-26,44.470829010009766
2019-03-27,44.87079620361328
2019-03-28,44.93031311035156
2019-03-29,45.223148345947266
2019-04-01,45.530277252197266
2019-04-02,46.19214630126953
2019-04-03,46.50878143310547
2019-04-04,46.5897331237793
2019-04-05,46.901611328125
2019-04-08,47.63965606689453
2019-04-09,47.4968147277832
2019-04-10,47.76346206665039
2019-04-11,47.365867614746094
2019-04-12,47.346832275390625
2019-04-15,47.432533264160156
2019-04-16,47.437286376953125
2019-04-17,48.36104202270508
2019-04-18,48.53484344482422
2019-04-22,48.69435119628906
2019-04-23,49.39668655395508
2019-04-24,49.32050323486328
2019-04-25,48.87290573120117
2019-04-26,48.639591217041016
2019-04-29,48.7133903503418
2019-04-30,47.77537155151367
2019-05-01,50.12044906616211
2019-05-02,49.794281005859375
2019-05-03,50.413291931152344
2019-05-06,49.6347770690918
2019-05-07,48.2967643737793
2019-05-08,48.30628204345703
2019-05-09,47.78726577758789
2019-05-10,47.125247955322266
2019-05-13,44.386356353759766
2019-05-14,45.089012145996094
2019-05-15,45.62913131713867
2019-05-16,45.42838668823242
2019-05-17,45.170265197753906
2019-05-20,43.757789611816406
2019-05-21,44.596656799316406
2019-05-22,43.68372344970703
2019-05-23,42.93803787231445
2019-05-24,42.773128509521484
2019-05-28,42.59626388549805
2019-05-29,42.393123626708984
2019-05-30,42.61300277709961
2019-05-31,41.84104537963867
2019-06-03,41.41802978515625
2019-06-04,42.933258056640625
2019-06-05,43.626346588134766
2019-06-06,44.26685333251953
2019-06-07,45.445106506347656
2019-06-10,46.0258674621582
2019-06-11,46.55882263183594
2019-06-12,46.410648345947266
2019-06-13,46.401092529296875
2019-06-14,46.06410598754883
2019-06-17,46.338966369628906
2019-06-18,47.42878341674805
2019-06-19,47.290157318115234
2019-06-20,47.670162200927734
2019-06-21,47.50764083862305
2019-06-24,47.4598388671875
2019-06-25,46.74046325683594
2019-06-26,47.75142288208008
2019-06-27,47.737083435058594
2019-06-28,47.30210876464844
2019-07-01,48.16965866088867
2019-07-02,48.45166778564453
2019-07-03,48.85318374633789
2019-07-05,48.810176849365234
2019-07-08,47.80399703979492
2019-07-09,48.0955810546875
2019-07-10,48.57117462158203
2019-07-11,48.21746063232422
2019-07-12,48.5879020690918
2019-07-15,49.04439926147461
2019-07-16,48.87471008300781
2019-07-17,48.59986877441406
2019-07-18,49.15194320678711
2019-07-19,48.418216705322266
2019-07-22,49.52477264404297
2019-07-23,49.91195297241211
2019-07-24,49.87131118774414
2019-07-25,49.47697067260742
2019-07-26,49.649051666259766
2019-07-29,50.112701416015625
2019-07-30,49.89760208129883
2019-07-31,50.91572189331055
2019-08-01,49.8139533996582
2019-08-02,48.759979248046875
2019-08-05,46.20751190185547
2019-08-06,47.08222198486328
2019-08-07,47.56978988647461
2019-08-08,48.61897277832031
2019-08-09,48.21833801269531
2019-08-12,48.09598922729492
2019-08-13,50.13276290893555
2019-08-14,48.640560150146484
2019-08-15,48.398258209228516
2019-08-16,49.54020690917969
2019-08-19,50.46384048461914
2019-08-20,50.46623229980469
2019-08-21,51.01321792602539
2019-08-22,50.97004699707031
2019-08-23,48.61417007446289
2019-08-26,49.53780746459961
2019-08-27,48.97883224487305
2019-08-28,49.3074951171875
2019-08-29,50.142372131347656
2019-08-30,50.07759475708008
2019-09-03,49.348289489746094
2019-09-04,50.185550689697266
2019-09-05,51.166751861572266
2019-09-06,51.16195297241211
2019-09-09,51.380271911621094
2019-09-10,51.98723220825195
2019-09-11,53.640159606933594
2019-09-12,53.52021408081055
2019-09-13,52.47903823852539
2019-09-16,52.75492477416992
2019-09-17,52.94684600830078
2019-09-18,53.443458557128906
2019-09-19,53.00922393798828
2019-09-20,52.23433303833008
2019-09-23,52.47182846069336
2019-09-24,52.22233200073242
2019-09-25,53.02601623535156
2019-09-26,52.752525329589844
2019-09-27,52.49583053588867
2019-09-30,53.731327056884766
2019-10-01,53.88007736206055
2019-10-02,52.529422760009766
2019-10-03,52.97563934326172
2019-10-04,54.460636138916016
2019-10-07,54.47264099121094
2019-10-08,53.8344841003418
2019-10-09,54.46543884277344
2019-10-10,55.199546813964844
2019-10-11,56.66776657104492
2019-10-14,56.5861930847168
2019-10-15,56.45423889160156
2019-10-16,56.226341247558594
2019-10-17,56.44464874267578
2019-10-18,56.71574020385742
2019-10-21,57.69935607910156
2019-10-22,57.567405700683594
2019-10-23,58.33989334106445
2019-10-24,58.435848236083984
2019-10-25,59.15556716918945
2019-10-28,59.74813461303711
2019-10-29,58.366275787353516
2019-10-30,58.35908126831055
2019-10-31,59.67855453491211
2019-11-01,61.37228775024414
2019-11-04,61.77531814575195
2019-11-05,61.68655014038086
2019-11-06,61.71294021606445
2019-11-07,62.42518615722656
2019-11-08,62.59605026245117
2019-11-11,63.09172439575195
2019-11-12,63.03397750854492
2019-11-13,63.637939453125
2019-11-14,63.19759750366211
2019-11-15,63.948360443115234
2019-11-18,64.27078247070312
2019-11-19,64.07588195800781
2019-11-20,63.32994079589844
2019-11-21,63.04601287841797
2019-11-22,62.99066162109375
2019-11-25,64.0951156616211
2019-11-26,63.5946044921875
2019-11-27,64.4488525390625
2019-11-29,64.3068618774414
2019-12-02,63.563350677490234
2019-12-03,62.429996490478516
2019-12-04,62.98103332519531
2019-12-05,63.9050407409668
2019-12-06,65.13944244384766
2019-12-09,64.22747802734375
2019-12-10,64.60285186767578
2019-12-11,65.15386199951172
2019-12-12,65.31990051269531
2019-12-13,66.20780181884766
2019-12-16,67.3411636352539
2019-12-17,67.4734878540039
2019-12-18,67.31226348876953
2019-12-19,67.379638671875
2019-12-20,67.2400894165039
2019-12-23,68.33734893798828
2019-12-24,68.40229034423828
2019-12-26,69.75942993164062
2019-12-27,69.73296356201172
2019-12-30,70.1468276977539
2019-12-31,70.65936279296875
2020-01-02,72.27153778076172
2020-01-03,71.56890869140625
2020-01-06,72.13919067382812
2020-01-07,71.79991149902344
2020-01-08,72.95491790771484
2020-01-09,74.50454711914062
2020-01-10,74.67296600341797
2020-01-13,76.268310546875
2020-01-14,75.23841857910156
2020-01-15,74.91600799560547
2020-01-16,75.85442352294922
2020-01-17,76.6942367553711
2020-01-21,76.17447662353516
2020-01-22,76.44636535644531
2020-01-23,76.81453704833984
2020-01-24,76.59314727783203
2020-01-27,74.34090423583984
2020-01-28,76.44396209716797
2020-01-29,78.04413604736328
2020-01-30,77.93103790283203
2020-01-31,74.47566223144531
2020-02-03,74.27116394042969
2020-02-04,76.72310638427734
2020-02-05,77.34873962402344
2020-02-06,78.25347137451172
2020-02-07,77.18978881835938
2020-02-10,77.556396484375
2020-02-11,77.08849334716797
2020-02-12,78.9191665649414
2020-02-13,78.35716247558594
2020-02-14,78.37647247314453
2020-02-18,76.94134521484375
2020-02-19,78.05567932128906
2020-02-20,77.25489807128906
2020-02-21,75.50623321533203
2020-02-24,71.91967010498047
2020-02-25,69.48358917236328
2020-02-26,70.58587646484375
2020-02-27,65.9717788696289
2020-02-28,65.93319702148438
2020-03-02,72.07162475585938
2020-03-03,69.78268432617188
2020-03-04,73.0195083618164
2020-03-05,70.6510009765625
2020-03-06,69.71271514892578
2020-03-09,64.19902038574219
2020-03-10,68.8227310180664
2020-03-11,66.43245697021484
2020-03-12,59.87195587158203
2020-03-13,67.04508972167969
2020-03-16,58.419952392578125
2020-03-17,60.98869323730469
2020-03-18,59.49568557739258
2020-03-19,59.039833068847656
2020-03-20,55.291656494140625
2020-03-23,54.117034912109375
2020-03-24,59.54634475708008
2020-03-25,59.218318939208984
2020-03-26,62.33456039428711
2020-03-27,59.75377655029297
2020-03-30,61.459022521972656
2020-03-31,61.33359146118164
2020-04-01,58.10640335083008
2020-04-02,59.076011657714844
2020-04-03,58.226993560791016
2020-04-06,63.30656814575195
2020-04-07,62.573341369628906
2020-04-08,64.17487335205078
2020-04-09,64.63797760009766
2020-04-13,65.90667724609375
2020-04-14,69.23514556884766
2020-04-15,68.60321807861328
2020-04-16,69.14834594726562
2020-04-17,68.21009826660156
2020-04-20,66.79426574707031
2020-04-21,64.72962951660156
2020-04-22,66.59406280517578
2020-04-23,66.33600616455078
2020-04-24,68.25108337402344
2020-04-27,68.29934692382812
2020-04-28,67.19225311279297
2020-04-29,69.39917755126953
2020-04-30,70.86323547363281
2020-05-01,69.7223892211914
2020-05-04,70.70886993408203
2020-05-05,71.77012634277344
2020-05-06,72.51061248779297
2020-05-07,73.26072692871094
2020-05-08,75.00444793701172
2020-05-11,76.18466186523438
2020-05-12,75.31400299072266
2020-05-13,74.40464782714844
2020-05-14,74.86174774169922
2020-05-15,74.41915893554688
2020-05-18,76.17256927490234
2020-05-19,75.73241424560547
2020-05-20,77.20526123046875
2020-05-21,76.6296615600586
2020-05-22,77.12303161621094
2020-05-26,76.60063171386719
2020-05-27,76.93438720703125
2020-05-28,76.96824645996094
2020-05-29,76.89327239990234
2020-06-01,77.83889770507812
2020-06-02,78.19927215576172
2020-06-03,78.62974548339844
2020-06-04,77.95256805419922
2020-06-05,80.1727523803711
2020-06-08,80.64676666259766
2020-06-09,83.19344329833984
2020-06-10,85.33378601074219
2020-06-11,81.23686218261719
2020-06-12,81.93822479248047
2020-06-15,82.95156860351562
2020-06-16,85.14999389648438
2020-06-17,85.0314712524414
2020-06-18,85.0653305053711
2020-06-19,84.5792236328125
2020-06-22,86.79212188720703
2020-06-23,88.6446762084961
2020-06-24,87.07994842529297
2020-06-25,88.23596954345703
2020-06-26,85.52485656738281
2020-06-29,87.49591064453125
2020-06-30,88.22626495361328
2020-07-01,88.05941009521484
2020-07-02,88.05941009521484
2020-07-06,90.41502380371094
2020-07-07,90.13447570800781
2020-07-08,92.23371887207031
2020-07-09,92.63035583496094
2020-07-10,92.79236602783203
2020-07-13,92.36432647705078
2020-07-14,93.89280700683594
2020-07-15,94.53852844238281
2020-07-16,93.3752212524414
2020-07-17,93.18661499023438
2020-07-20,95.15042877197266
2020-07-21,93.83719635009766
2020-07-22,94.10078430175781
2020-07-23,89.81767272949219
2020-07-24,89.59516906738281
2020-07-27,91.71858978271484
2020-07-28,90.21186065673828
2020-07-29,91.94107818603516
2020-07-30,93.05360412597656
2020-07-31,102.79524993896484
2020-08-03,105.38543701171875
2020-08-04,106.0892105102539
2020-08-05,106.4737548828125
2020-08-06,110.18852996826172
2020-08-07,107.68334197998047
2020-08-10,109.24846649169922
2020-08-11,105.99945068359375
2020-08-12,109.52225494384766
2020-08-13,111.46055603027344
2020-08-14,111.3612060546875
2020-08-17,111.07048034667969
2020-08-18,111.99598693847656
2020-08-19,112.13652038574219
2020-08-20,114.62478637695312
2020-08-21,120.53166961669922
2020-08-24,121.9732666015625
2020-08-25,120.9726333618164
2020-08-26,122.61772155761719
2020-08-27,121.15189361572266
2020-08-28,120.95568084716797
2020-08-31,125.05751037597656
2020-09-01,130.03890991210938
2020-09-02,127.34471130371094
2020-09-03,117.14939880371094
2020-09-04,117.22689819335938
2020-09-08,109.33812713623047
2020-09-09,113.69924926757812
2020-09-10,109.98744201660156
2020-09-11,108.5434341430664
2020-09-14,111.79974365234375
2020-09-15,111.97416687011719
2020-09-16,108.66942596435547
2020-09-17,106.93465423583984
2020-09-18,103.54268646240234
2020-09-21,106.68269348144531
2020-09-22,108.35929870605469
2020-09-23,103.81404113769531
2020-09-24,104.88011169433594
2020-09-25,108.81478881835938
2020-09-28,111.41207885742188
2020-09-29,110.5689468383789
2020-09-30,112.23584747314453
2020-10-01,113.18559265136719
2020-10-02,109.53194427490234
2020-10-05,112.9045639038086
2020-10-06,109.66764068603516
2020-10-07,111.52839660644531
2020-10-08,111.42176818847656
2020-10-09,113.36005401611328
2020-10-12,120.56074523925781
2020-10-13,117.3625717163086
2020-10-14,117.44979858398438
2020-10-15,116.984619140625
2020-10-16,115.3467788696289
2020-10-19,112.40058898925781
2020-10-20,113.88338470458984
2020-10-21,113.26313781738281
2020-10-22,112.17769622802734
2020-10-23,111.48961639404297
2020-10-26,111.49930572509766
2020-10-27,113.00147247314453
2020-10-28,107.76811981201172
2020-10-29,111.76099395751953
2020-10-30,105.5003433227539
2020-11-02,105.41311645507812
2020-11-03,107.03157806396484
2020-11-04,111.40238952636719
2020-11-05,115.35647583007812
2020-11-06,115.22541809082031
2020-11-09,112.92459869384766
2020-11-10,112.58483123779297
2020-11-11,116.00206756591797
2020-11-12,115.73023223876953
2020-11-13,115.7787857055664
2020-11-16,116.78841400146484
2020-11-17,115.90499114990234
2020-11-18,114.58467864990234
2020-11-19,115.17686462402344
2020-11-20,113.91482543945312
2020-11-23,110.52670288085938
2020-11-24,111.80815124511719
2020-11-25,112.64303588867188
2020-11-27,113.18670654296875
2020-11-30,115.57492065429688
2020-12-01,119.13780212402344
2020-12-02,119.4872817993164
2020-12-03,119.35134887695312
2020-12-04,118.6814956665039
2020-12-07,120.13770294189453
2020-12-08,120.74932098388672
2020-12-09,118.2252426147461
2020-12-10,119.64259338378906
2020-12-11,118.83682250976562
2020-12-14,118.2252426147461
2020-12-15,124.14713287353516
2020-12-16,124.07920837402344
2020-12-17,124.94322204589844
2020-12-18,122.96276092529297
2020-12-21,124.48692321777344
2020-12-22,128.0303955078125
2020-12-23,127.13726043701172
2020-12-24,128.11773681640625
2020-12-28,132.69998168945312
2020-12-29,130.93312072753906
2020-12-30,129.81666564941406
2020-12-31,128.81675720214844
2021-01-04,125.63250732421875
2021-01-05,127.1857681274414
2021-01-06,122.90453338623047
2021-01-07,127.09843444824219
2021-01-08,128.1954345703125
2021-01-11,125.21504974365234
2021-01-12,125.04029846191406
2021-01-13,127.06924438476562
2021-01-14,125.14710235595703
2021-01-15,123.42877197265625
2021-01-19,124.09860229492188
2021-01-20,128.17601013183594
2021-01-21,132.874755859375
2021-01-22,135.01051330566406
2021-01-25,138.7481231689453
2021-01-26,138.9811553955078
2021-01-27,137.91323852539062
2021-01-28,133.0883026123047
2021-01-29,128.10806274414062
2021-02-01,130.22445678710938
2021-02-02,131.0496368408203
2021-02-03,130.03025817871094
2021-02-04,133.3795623779297
2021-02-05,132.9663543701172
2021-02-08,133.11221313476562
2021-02-09,132.23712158203125
2021-02-10,131.63438415527344
2021-02-11,131.3815460205078
2021-02-12,131.61489868164062
2021-02-16,129.49534606933594
2021-02-17,127.2105484008789
2021-02-18,126.1119384765625
2021-02-19,126.26747131347656
2021-02-22,122.50482177734375
2021-02-23,122.36869812011719
2021-02-24,121.87285614013672
2021-02-25,117.63380432128906
2021-02-26,117.89632415771484
2021-03-01,124.24517059326172
2021-03-02,121.64925384521484
2021-03-03,118.67413330078125
2021-03-04,116.79766845703125
2021-03-05,118.05187225341797
2021-03-08,113.13224029541016
2021-03-09,117.73101806640625
2021-03-10,116.65181732177734
2021-03-11,118.5768814086914
2021-03-12,117.67269897460938
2021-03-15,120.55057525634766
2021-03-16,122.08675384521484
2021-03-17,121.29922485351562
2021-03-18,117.1865463256836
2021-03-19,116.66154479980469
2021-03-22,119.96722412109375
2021-03-23,119.14080047607422
2021-03-24,116.75875091552734
2021-03-25,117.2448959350586
2021-03-26,117.84769439697266
2021-03-29,118.022705078125
2021-03-30,116.57403564453125
2021-03-31,118.76163482666016
2021-04-01,119.58802032470703
2021-04-05,122.40760040283203
2021-04-06,122.70899200439453
2021-04-07,124.35211181640625
2021-04-08,126.74390411376953
2021-04-09,129.31063842773438
2021-04-12,127.59949493408203
2021-04-13,130.70098876953125
2021-04-14,128.36753845214844
2021-04-15,130.76901245117188
2021-04-16,130.43850708007812
2021-04-19,131.09957885742188
2021-04-20,129.41758728027344
2021-04-21,129.7967529296875
2021-04-22,128.280029296875
2021-04-23,130.5940399169922
2021-04-26,130.98291015625
2021-04-27,130.66209411621094
2021-04-28,129.8745574951172
2021-04-29,129.77734375
2021-04-30,127.81338500976562
2021-05-03,128.86341857910156
2021-05-04,124.30349731445312
2021-05-05,124.54658508300781
2021-05-06,126.14106750488281
2021-05-07,126.81307983398438
2021-05-10,123.54072570800781
2021-05-11,122.62525939941406
2021-05-12,119.56718444824219
2021-05-13,121.70977020263672
2021-05-14,124.12508392333984
2021-05-17,122.97584533691406
2021-05-18,121.59293365478516
2021-05-19,121.43709564208984
2021-05-20,123.98870849609375
2021-05-21,122.15779876708984
2021-05-24,123.78421020507812
2021-05-25,123.58942413330078
2021-05-26,123.54072570800781
2021-05-27,122.01170349121094
2021-05-28,121.35917663574219
2021-06-01,121.03777313232422
2021-06-02,121.79741668701172
2021-06-03,120.31708526611328
2021-06-04,122.60577392578125
2021-06-07,122.61552429199219
2021-06-08,123.43362426757812
2021-06-09,123.81342315673828
2021-06-10,122.82003021240234
2021-06-11,124.02767944335938
2021-06-14,127.0760498046875
2021-06-15,126.25792694091797
2021-06-16,126.75464630126953
2021-06-17,128.35183715820312
2021-06-18,127.05657958984375
2021-06-21,128.8485565185547
2021-06-22,130.4846954345703
2021-06-23,130.21202087402344
2021-06-24,129.92958068847656
2021-06-25,129.63742065429688
2021-06-28,131.26385498046875
2021-06-29,132.77342224121094
2021-06-30,133.38702392578125
2021-07-01,133.6888885498047
2021-07-02,136.3087615966797
2021-07-06,138.31495666503906
2021-07-07,140.79847717285156
2021-07-08,139.50318908691406
2021-07-09,141.32435607910156
2021-07-12,140.7302703857422
2021-07-13,141.84056091308594
2021-07-14,145.2589569091797
2021-07-15,144.6064453125
2021-07-16,142.5709228515625
2021-07-19,138.7337646484375
2021-07-20,142.3372344970703
2021-07-21,141.60679626464844
2021-07-22,142.9702606201172
2021-07-23,144.684326171875
2021-07-26,145.10316467285156
2021-07-27,142.94107055664062
2021-07-28,141.19776916503906
2021-07-29,141.84056091308594
2021-07-30,142.05482482910156
2021-08-02,141.72366333007812
2021-08-03,143.5156707763672
2021-08-04,143.11636352539062
2021-08-05,143.22348022460938
2021-08-06,142.5407257080078
2021-08-09,142.49197387695312
2021-08-10,142.01402282714844
2021-08-11,142.26766967773438
2021-08-12,145.22299194335938
2021-08-13,145.4278564453125
2021-08-16,147.39808654785156
2021-08-17,146.49098205566406
2021-08-18,142.7553253173828
2021-08-19,143.0869598388672
2021-08-20,144.54029846191406
2021-08-23,146.02281188964844
2021-08-24,145.93504333496094
2021-08-25,144.7060546875
2021-08-26,143.90625
2021-08-27,144.94015502929688
2021-08-30,149.34881591796875
2021-08-31,148.09060668945312
2021-09-01,148.7538604736328
2021-09-02,149.86573791503906
2021-09-03,150.499755859375
2021-09-07,152.83090209960938
2021-09-08,151.28982543945312
2021-09-09,150.2754669189453
2021-09-10,145.30104064941406
2021-09-13,145.86676025390625
2021-09-14,144.4720001220703
2021-09-15,145.3595733642578
2021-09-16,145.12547302246094
2021-09-17,142.4627227783203
2021-09-20,139.4195556640625
2021-09-21,139.89749145507812
2021-09-22,142.2578887939453
2021-09-23,143.2137451171875
2021-09-24,143.30149841308594
2021-09-27,141.7897186279297
2021-09-28,138.41493225097656
2021-09-29,139.31224060058594
2021-09-30,138.0150146484375
2021-10-01,139.1366729736328
2021-10-04,135.71315002441406
2021-10-05,137.63461303710938
2021-10-06,138.5027313232422
2021-10-07,139.76089477539062
2021-10-08,139.38050842285156
2021-10-11,139.292724609375
2021-10-12,138.02476501464844
2021-10-13,137.4395294189453
2021-10-14,140.21934509277344
2021-10-15,141.27272033691406
2021-10-18,142.94065856933594
2021-10-19,145.09620666503906
2021-10-20,145.58389282226562
2021-10-21,145.79849243164062
2021-10-22,145.02793884277344
2021-10-25,144.97914123535156
2021-10-26,145.64244079589844
2021-10-27,145.18397521972656
2021-10-28,148.81239318847656
2021-10-29,146.11056518554688
2021-11-01,145.29129028320312
2021-11-02,146.32521057128906
2021-11-03,147.75897216796875
2021-11-04,147.24200439453125
2021-11-05,147.76950073242188
2021-11-08,146.948974609375
2021-11-09,147.31040954589844
2021-11-10,144.48745727539062
2021-11-11,144.43861389160156
2021-11-12,146.5094451904297
2021-11-15,146.51918029785156
2021-11-16,147.4960174560547
2021-11-17,149.92820739746094
2021-11-18,154.2065887451172
2021-11-19,156.82437133789062
2021-11-22,157.28346252441406
2021-11-23,157.6644744873047
2021-11-24,158.18209838867188
2021-11-26,153.17115783691406
2021-11-29,156.52159118652344
2021-11-30,161.46414184570312
2021-12-01,160.9464874267578
2021-12-02,159.9598846435547
2021-12-03,158.08445739746094
2021-12-06,161.48367309570312
2021-12-07,167.2077178955078
2021-12-08,171.01722717285156
2021-12-09,170.50927734375
2021-12-10,175.28579711914062
2021-12-13,171.661865234375
2021-12-14,170.2846221923828
2021-12-15,175.13925170898438
2021-12-16,168.26263427734375
2021-12-17,167.1686553955078
2021-12-20,165.81089782714844
2021-12-21,168.97572326660156
2021-12-22,171.564208984375
2021-12-23,172.1893768310547
2021-12-27,176.14540100097656
2021-12-28,175.12948608398438
2021-12-29,175.21743774414062
2021-12-30,174.06480407714844
2021-12-31,173.44944763183594
2022-01-03,177.78639221191406
2022-01-04,175.5299530029297
2022-01-05,170.86094665527344
2022-01-06,168.0086669921875
2022-01-07,168.17474365234375
2022-01-10,168.19427490234375
2022-01-11,171.01722717285156
2022-01-12,171.45680236816406
2022-01-13,168.19427490234375
2022-01-14,169.05389404296875
2022-01-18,165.8597412109375
2022-01-19,162.37255859375
2022-01-20,160.6924591064453
2022-01-21,158.6412353515625
2022-01-24,157.8695526123047
2022-01-25,156.0722198486328
2022-01-26,155.984375
2022-01-27,155.5252227783203
2022-01-28,166.37742614746094
2022-01-31,170.7241668701172
2022-02-01,170.55809020996094
2022-02-02,171.7595672607422
2022-02-03,168.88780212402344
2022-02-04,168.60414123535156
2022-02-07,167.8902130126953
2022-02-08,170.99061584472656
2022-02-09,172.40875244140625
2022-02-10,168.34007263183594
2022-02-11,164.93653869628906
2022-02-14,165.1712646484375
2022-02-15,168.99534606933594
2022-02-16,168.7606658935547
2022-02-17,165.1712646484375
2022-02-18,163.62594604492188
2022-02-22,160.7113800048828
2022-02-23,156.55470275878906
2022-02-24,159.1660919189453
2022-02-25,161.2297821044922
2022-02-28,161.49378967285156
2022-03-01,159.61598205566406
2022-03-02,162.9021759033203
2022-03-03,162.5794219970703
2022-03-04,159.586669921875
2022-03-07,155.80165100097656
2022-03-08,153.98248291015625
2022-03-09,159.37147521972656
2022-03-10,155.0387725830078
2022-03-11,151.33197021484375
2022-03-14,147.312255859375
2022-03-15,151.68406677246094
2022-03-16,156.08529663085938
2022-03-17,157.09266662597656
2022-03-18,160.37884521484375
2022-03-21,161.7481231689453
2022-03-22,165.11257934570312
2022-03-23,166.4720458984375
2022-03-24,170.24728393554688
2022-03-25,170.88299560546875
2022-03-28,171.7436981201172
2022-03-29,175.02989196777344
2022-03-30,173.86598205566406
2022-03-31,170.775390625
2022-04-01,170.48202514648438
2022-04-04,174.52133178710938
2022-04-05,171.2155303955078
2022-04-06,168.05650329589844
2022-04-07,168.35964965820312
2022-04-08,166.3546600341797
2022-04-11,162.11000061035156
2022-04-12,163.97805786132812
2022-04-13,166.65786743164062
2022-04-14,161.66009521484375
2022-04-18,161.44493103027344
2022-04-19,163.72373962402344
2022-04-20,163.55747985839844
2022-04-21,162.7653045654297
2022-04-22,158.23690795898438
2022-04-25,159.3030242919922
2022-04-26,153.35653686523438
2022-04-27,153.13160705566406
2022-04-28,160.04632568359375
2022-04-29,154.18788146972656
2022-05-02,154.49105834960938
2022-05-03,155.97767639160156
2022-05-04,162.3740997314453
2022-05-05,153.32720947265625
2022-05-06,154.052001953125
2022-05-09,148.9391326904297
2022-05-10,151.33885192871094
2022-05-11,143.49327087402344
2022-05-12,139.63409423828125
2022-05-13,144.09075927734375
2022-05-16,142.55294799804688
2022-05-17,146.17701721191406
2022-05-18,137.9298553466797
2022-05-19,134.53106689453125
2022-05-20,134.76609802246094
2022-05-23,140.1728973388672
2022-05-24,137.47926330566406
2022-05-25,137.63601684570312
2022-05-26,140.82908630371094
2022-05-27,146.56881713867188
2022-05-31,145.78521728515625
2022-06-01,145.65792846679688
2022-06-02,148.10658264160156
2022-06-03,142.39627075195312
2022-06-06,143.140625
2022-06-07,145.65792846679688
2022-06-08,144.92330932617188
2022-06-09,139.71249389648438
2022-06-10,134.31553649902344
2022-06-13,129.17332458496094
2022-06-14,130.03524780273438
2022-06-15,132.65045166015625
2022-06-16,127.39064025878906
2022-06-17,128.85989379882812
2022-06-21,133.08140563964844
2022-06-22,132.5720977783203
2022-06-23,135.43215942382812
2022-06-24,138.75257873535156
2022-06-27,138.75257873535156
2022-06-28,134.6191864013672
2022-06-29,136.3724365234375
2022-06-30,133.91397094726562
2022-07-01,136.07861328125
2022-07-05,138.6546630859375
2022-07-06,139.98670959472656
2022-07-07,143.34634399414062
2022-07-08,144.02220153808594
2022-07-11,141.89671325683594
2022-07-12,142.86642456054688
2022-07-13,142.5039825439453
2022-07-14,145.42283630371094
2022-07-15,147.0879364013672
2022-07-18,144.0515594482422
2022-07-19,147.90090942382812
2022-07-20,149.8990478515625
2022-07-21,152.16162109375
2022-07-22,150.927490234375
2022-07-25,149.81088256835938
2022-07-26,148.48858642578125
2022-07-27,153.5720672607422
2022-07-28,154.1205596923828
2022-07-29,159.17465209960938
2022-08-01,158.1951904296875
2022-08-02,156.72598266601562
2022-08-03,162.72039794921875
2022-08-04,162.40696716308594
2022-08-05,162.1813507080078
2022-08-08,161.7105255126953
2022-08-09,161.75958251953125
2022-08-10,165.996826171875
2022-08-11,165.2611846923828
2022-08-12,168.80201721191406
2022-08-15,169.87110900878906
2022-08-16,169.7141571044922
2022-08-17,171.2050323486328
2022-08-18,170.8126678466797
2022-08-19,168.23309326171875
2022-08-22,164.35879516601562
2022-08-23,164.0253143310547
2022-08-24,164.319580078125
2022-08-25,166.7716522216797
2022-08-26,160.4844970703125
2022-08-29,158.2874298095703
2022-08-30,155.86474609375
2022-08-31,154.20712280273438
2022-09-01,154.9329833984375
2022-09-02,152.82418823242188
2022-09-06,151.56871032714844
2022-09-07,152.97125244140625
2022-09-08,151.50003051757812
2022-09-09,154.354248046875
2022-09-12,160.2981414794922
2022-09-13,150.89190673828125
2022-09-14,152.33370971679688
2022-09-15,149.45008850097656
2022-09-16,147.81207275390625
2022-09-19,151.51966857910156
2022-09-20,153.89329528808594
2022-09-21,150.7742156982422
2022-09-22,149.81300354003906
2022-09-23,147.54725646972656
2022-09-26,147.88075256347656
2022-09-27,148.851806640625
2022-09-28,146.96856689453125
2022-09-29,139.7495880126953
2022-09-30,135.55160522460938
2022-10-03,139.7201690673828
2022-10-04,143.30023193359375
2022-10-05,143.59451293945312
2022-10-06,142.64309692382812
2022-10-07,137.40541076660156
2022-10-10,137.7290802001953
2022-10-11,136.31666564941406
2022-10-12,135.68893432617188
2022-10-13,140.24986267089844
2022-10-14,135.72821044921875
2022-10-17,139.6809844970703
2022-10-18,140.99530029296875
2022-10-19,141.10317993164062
2022-10-20,140.64215087890625
2022-10-21,144.4478302001953
2022-10-24,146.58602905273438
2022-10-25,149.42063903808594
2022-10-26,146.48793029785156
2022-10-27,142.025146484375
2022-10-28,152.75552368164062
2022-10-31,150.4014892578125
2022-11-01,147.76304626464844
2022-11-02,142.25071716308594
2022-11-03,136.2186279296875
2022-11-04,135.95335388183594
2022-11-07,136.48387145996094
2022-11-08,137.0537109375
2022-11-09,132.50489807128906
2022-11-10,144.29444885253906
2022-11-11,147.0748291015625
2022-11-14,145.67971801757812
2022-11-15,147.40884399414062
2022-11-16,146.1807861328125
2022-11-17,148.0769500732422
2022-11-18,148.6369171142578
2022-11-21,145.4144287109375
2022-11-22,147.54641723632812
2022-11-23,148.42080688476562
2022-11-25,145.5126953125
2022-11-28,141.69090270996094
2022-11-29,138.69439697265625
2022-11-30,145.43409729003906
2022-12-01,145.70921325683594
2022-12-02,145.21795654296875
2022-12-05,144.0586700439453
2022-12-06,140.40390014648438
2022-12-07,138.4684600830078
2022-12-08,140.14846801757812
2022-12-09,139.6670379638672
2022-12-12,141.95616149902344
2022-12-13,142.9189910888672
2022-12-14,140.6986541748047
2022-12-15,134.1062774658203
2022-12-16,132.1511993408203
2022-12-19,130.0487060546875
2022-12-20,129.97996520996094
2022-12-21,133.07470703125
2022-12-22,129.9111785888672
2022-12-23,129.5476837158203
2022-12-27,127.749755859375
2022-12-28,123.82972717285156
2022-12-29,127.33712768554688
2022-12-30,127.6515121459961
2023-01-03,122.87675476074219
2023-01-04,124.14411163330078
2023-01-05,122.82760620117188
2023-01-06,127.34693145751953
2023-01-09,127.86767578125
2023-01-10,128.43746948242188
2023-01-11,131.1491241455078
2023-01-12,131.07049560546875
2023-01-13,132.39678955078125
2023-01-17,133.55612182617188
2023-01-18,132.83892822265625
2023-01-19,132.89785766601562
2023-01-20,135.4522705078125
2023-01-23,138.63548278808594
2023-01-24,140.030517578125
2023-01-25,139.37228393554688
2023-01-26,141.43551635742188
2023-01-27,143.37091064453125
2023-01-30,140.49232482910156
2023-01-31,141.75970458984375
2023-02-01,142.87969970703125
2023-02-02,148.17518615722656
2023-02-03,151.79063415527344
2023-02-06,149.06927490234375
2023-02-07,151.93800354003906
2023-02-08,149.25588989257812
2023-02-09,148.2243194580078
2023-02-10,148.58837890625
2023-02-13,151.38282775878906
2023-02-14,150.74325561523438
2023-02-15,152.83912658691406
2023-02-16,151.24505615234375
2023-02-17,150.1036834716797
2023-02-21,146.0989227294922
2023-02-22,146.52203369140625
2023-02-23,147.00418090820312
2023-02-24,144.35733032226562
2023-02-27,145.54794311523438
2023-02-28,145.04612731933594
2023-03-01,142.97975158691406
2023-03-02,143.5701904296875
2023-03-03,148.60804748535156
2023-03-06,151.3631591796875
2023-03-07,149.16893005371094
2023-03-08,150.41856384277344
2023-03-09,148.17514038085938
2023-03-10,146.11863708496094
2023-03-13,148.05703735351562
2023-03-14,150.14303588867188
2023-03-15,150.53663635253906
2023-03-16,153.3507537841797
2023-03-17,152.51437377929688
2023-03-20,154.87586975097656
2023-03-21,156.7257537841797
2023-03-22,155.2990264892578
2023-03-23,156.38134765625
2023-03-24,157.68020629882812
2023-03-27,155.7418212890625
2023-03-28,155.1219024658203
2023-03-29,158.19186401367188
2023-03-30,159.75636291503906
2023-03-31,162.255615234375
2023-04-03,163.5052490234375
2023-04-04,162.9739227294922
2023-04-05,161.1338653564453
2023-04-06,162.0194854736328
2023-04-10,159.43165588378906
2023-04-11,158.22137451171875
2023-04-12,157.53260803222656
2023-04-13,162.90505981445312
2023-04-14,162.56068420410156
2023-04-17,162.580322265625
2023-04-18,163.80047607421875
2023-04-19,164.94183349609375
2023-04-20,163.97755432128906
2023-04-21,162.3737335205078
2023-04-24,162.67877197265625
2023-04-25,161.14376831054688
2023-04-26,161.1338653564453
2023-04-27,165.7093505859375
2023-04-28,166.95899963378906
2023-05-01,166.8704071044922
2023-05-02,165.8372344970703
2023-05-03,164.7647247314453
2023-05-04,163.13133239746094
2023-05-05,170.78660583496094
2023-05-08,170.7177276611328
2023-05-09,169.01547241210938
2023-05-10,170.77679443359375
2023-05-11,170.9636993408203
2023-05-12,170.03749084472656
2023-05-15,169.5448455810547
2023-05-16,169.5448455810547
2023-05-17,170.15577697753906
2023-05-18,172.48109436035156
2023-05-19,172.58950805664062
2023-05-22,171.64358520507812
2023-05-23,169.04234313964844
2023-05-24,169.31820678710938
2023-05-25,170.45135498046875
2023-05-26,172.8555145263672
2023-05-30,174.6980743408203
2023-05-31,174.64883422851562
2023-06-01,177.4471435546875
2023-06-02,178.29452514648438
2023-06-05,176.9446258544922
2023-06-06,176.580078125
2023-06-07,175.21047973632812
2023-06-08,177.9201202392578
2023-06-09,178.30438232421875
2023-06-12,181.09286499023438
2023-06-13,180.619873046875
2023-06-14,181.25050354003906
2023-06-15,183.28024291992188
2023-06-16,182.2062530517578
2023-06-20,182.2949676513672
2023-06-21,181.26036071777344
2023-06-22,184.25572204589844
2023-06-23,183.94041442871094
2023-06-26,182.5511016845703
2023-06-27,185.3001708984375
2023-06-28,186.47271728515625
2023-06-29,186.80772399902344
2023-06-30,191.1234588623047
2023-07-03,189.6356201171875
2023-07-05,188.52220153808594
2023-07-06,188.99514770507812
2023-07-07,187.8817138671875
2023-07-10,185.84210205078125
2023-07-11,185.31988525390625
2023-07-12,186.985107421875
2023-07-13,187.74378967285156
2023-07-14,187.89158630371094
2023-07-17,191.14315795898438
2023-07-18,190.886962890625
2023-07-19,192.2368621826172
2023-07-20,190.2958221435547
2023-07-21,189.12326049804688
2023-07-24,189.92135620117188
2023-07-25,190.77859497070312
2023-07-26,191.64564514160156
2023-07-27,190.3844757080078
2023-07-28,192.9561767578125
2023-07-31,193.5670623779297
2023-08-01,192.73939514160156
2023-08-02,189.75387573242188
2023-08-03,188.36451721191406
2023-08-04,179.31924438476562
2023-08-07,176.22535705566406
2023-08-08,177.16140747070312
2023-08-09,175.5750274658203
2023-08-10,175.35826110839844
2023-08-11,175.41746520996094
2023-08-14,177.065185546875
2023-08-15,175.08201599121094
2023-08-16,174.2137451171875
2023-08-17,171.67803955078125
2023-08-18,172.16151428222656
2023-08-21,173.4934844970703
2023-08-22,174.86492919921875
2023-08-23,178.70301818847656
2023-08-24,174.02627563476562
2023-08-25,176.22650146484375
2023-08-28,177.78543090820312
2023-08-29,181.6629638671875
2023-08-30,185.1458740234375
2023-08-31,185.36294555664062
2023-09-01,186.93174743652344
2023-09-05,187.16851806640625
2023-09-06,180.46913146972656
2023-09-07,175.1905059814453
2023-09-08,175.80226135253906
2023-09-11,176.96649169921875
2023-09-12,173.94732666015625
2023-09-13,171.88525390625
2023-09-14,173.39483642578125
2023-09-15,172.67454528808594
2023-09-18,175.59506225585938
2023-09-19,176.68040466308594
2023-09-20,173.1481475830078
2023-09-21,171.6089630126953
2023-09-22,172.4574737548828
2023-09-25,173.7302703857422
2023-09-26,169.665283203125
2023-09-27,168.1556854248047
2023-09-28,168.4121856689453
2023-09-29,168.92526245117188
2023-10-02,171.43138122558594
2023-10-03,170.099365234375
2023-10-04,171.34254455566406
2023-10-05,172.57589721679688
2023-10-06,175.12144470214844
2023-10-09,176.6014862060547
2023-10-10,176.0094451904297
2023-10-11,177.400634765625
2023-10-12,178.2985076904297
2023-10-13,176.4633331298828
2023-10-16,176.33505249023438
2023-10-17,174.78598022460938
2023-10-18,173.4934844970703
2023-10-19,173.1185760498047
2023-10-20,170.572998046875
2023-10-23,170.6913604736328
2023-10-24,171.12550354003906
2023-10-25,168.81674194335938
2023-10-26,164.66290283203125
2023-10-27,165.9751739501953
2023-10-30,168.0175323486328
2023-10-31,168.49114990234375
2023-11-01,171.6484375
2023-11-02,175.2003936767578
2023-11-03,174.2926788330078
2023-11-06,176.83822631835938
2023-11-07,179.39370727539062
2023-11-08,180.4494171142578
2023-11-09,179.9757843017578
2023-11-10,184.1548614501953
2023-11-13,182.5741424560547
2023-11-14,185.18234252929688
2023-11-15,185.74546813964844
2023-11-16,187.42495727539062
2023-11-17,187.40524291992188
2023-11-20,189.14402770996094
2023-11-21,188.34376525878906
2023-11-22,189.00572204589844
2023-11-24,187.68185424804688
2023-11-27,187.5040283203125
2023-11-28,188.10667419433594
2023-11-29,187.08908081054688
2023-11-30,187.66212463378906
2023-12-01,188.9365692138672
2023-12-04,187.1483612060547
2023-12-05,191.09030151367188
2023-12-06,190.0035858154297
2023-12-07,191.9300994873047
2023-12-08,193.3527374267578
2023-12-11,190.8531951904297
2023-12-12,192.36474609375
2023-12-13,195.57562255859375
2023-12-14,195.72381591796875
2023-12-15,195.1903076171875
2023-12-18,193.5305633544922
2023-12-19,194.56790161132812
2023-12-20,192.48329162597656
2023-12-21,192.33511352539062
2023-12-22,191.26812744140625
2023-12-26,190.7247772216797
2023-12-27,190.82354736328125
2023-12-28,191.24839782714844
2023-12-29,190.21102905273438
2024-01-02,183.40402221679688
2024-01-03,182.03077697753906
2024-01-04,179.71896362304688
2024-01-05,178.9977264404297
2024-01-08,183.32496643066406
2024-01-09,182.91006469726562
2024-01-10,183.9473876953125
2024-01-11,183.35458374023438
2024-01-12,183.68063354492188
2024-01-16,181.41822814941406
2024-01-17,180.47964477539062
2024-01-18,186.35800170898438
2024-01-19,189.25271606445312
2024-01-22,191.55462646484375
2024-01-23,192.82907104492188
2024-01-24,192.1572723388672
2024-01-25,191.8312530517578
2024-01-26,190.1023406982422
2024-01-29,189.420654296875
2024-01-30,185.7750701904297
2024-01-31,182.17892456054688
2024-02-01,184.60931396484375
2024-02-02,183.61146545410156
2024-02-05,185.41943359375
2024-02-06,187.01992797851562
2024-02-07,187.12860107421875
2024-02-08,186.05177307128906
2024-02-09,186.8134307861328
2024-02-12,185.13174438476562
2024-02-13,183.04452514648438
2024-02-14,182.16409301757812
2024-02-15,181.87725830078125
2024-02-16,180.34396362304688
2024-02-20,179.60203552246094
2024-02-21,180.35385131835938
2024-02-22,182.38172912597656
2024-02-23,180.5516815185547
2024-02-26,179.20635986328125
2024-02-27,180.66050720214844
2024-02-28,179.46356201171875
2024-02-29,178.80076599121094
2024-03-01,177.7225341796875
2024-03-04,173.2117156982422
2024-03-05,168.28538513183594
2024-03-06,167.29617309570312
2024-03-07,167.177490234375
2024-03-08,168.88880920410156
2024-03-11,170.88705444335938
2024-03-12,171.3618621826172
2024-03-13,169.2845001220703
2024-03-14,171.1343536376953
2024-03-15,170.75845336914062
2024-03-18,171.84661865234375
2024-03-19,174.1811065673828
2024-03-20,176.7432403564453
2024-03-21,169.52191162109375
2024-03-22,170.42214965820312
2024-03-25,169.00753784179688
2024-03-26,167.87982177734375
2024-03-27,171.44100952148438
2024-03-28,169.63072204589844
2024-04-01,168.1963653564453
2024-04-02,167.01919555664062
2024-04-03,167.8204803466797
2024-04-04,166.9994354248047
2024-04-05,167.75123596191406
2024-04-08,166.6334228515625
2024-04-09,167.8402862548828
2024-04-10,165.97067260742188
2024-04-11,173.15232849121094
2024-04-12,174.6460723876953
2024-04-15,170.82769775390625
2024-04-16,167.55340576171875
2024-04-17,166.18826293945312
2024-04-18,165.2386474609375
2024-04-19,163.22061157226562
2024-04-22,164.05157470703125
2024-04-23,165.10012817382812
2024-04-24,167.19728088378906
2024-04-25,168.0579071044922
2024-04-26,167.47425842285156
2024-04-29,171.6289520263672
2024-04-30,168.49314880371094
2024-05-01,167.47425842285156
2024-05-02,171.1640167236328
2024-05-03,181.4024200439453
2024-05-06,179.7504425048828
2024-05-07,180.43299865722656
2024-05-08,180.76931762695312
2024-05-09,182.57958984375
2024-05-10,181.32159423828125
2024-05-13,184.5210723876953
2024-05-14,185.6602325439453
2024-05-15,187.92861938476562
2024-05-16,188.04745483398438
2024-05-17,188.0771484375
2024-05-20,189.2361297607422
2024-05-21,190.53375244140625
2024-05-22,189.09744262695312
2024-05-23,185.1154022216797
2024-05-24,188.18612670898438
2024-05-28,188.196044921875
2024-05-29,188.4932098388672
2024-05-30,189.48377990722656
2024-05-31,190.4346923828125
2024-06-03,192.19789123535156
2024-06-04,192.51487731933594
2024-06-05,194.02052307128906
2024-06-06,192.64364624023438
2024-06-07,195.0308837890625
2024-06-10,191.29649353027344
2024-06-11,205.1940155029297
2024-06-12,211.05810546875
2024-06-13,212.2170867919922
2024-06-14,210.4835968017578
2024-06-17,214.6241455078125
2024-06-18,212.26658630371094
2024-06-20,207.70008850097656
2024-06-21,205.5308074951172
2024-06-24,206.1746826171875
2024-06-25,207.09591674804688
2024-06-26,211.2364044189453
2024-06-27,212.07839965820312
2024-06-28,208.63124084472656
2024-07-01,214.70335388183594
2024-07-02,218.1901092529297
2024-07-03,219.45803833007812
2024-07-05,224.2028045654297
2024-07-08,225.66885375976562
2024-07-09,226.5207061767578
2024-07-10,230.78012084960938
2024-07-11,225.4212188720703
2024-07-12,228.36314392089844
2024-07-15,232.18670654296875
2024-07-16,232.60276794433594
2024-07-17,226.71884155273438
2024-07-18,222.06320190429688
2024-07-19,222.19198608398438
2024-07-22,221.84530639648438
2024-07-23,222.88534545898438
2024-07-24,216.47647094726562
2024-07-25,215.43641662597656
2024-07-26,215.90196228027344
2024-07-29,216.17930603027344
2024-07-30,216.7340087890625
2024-07-31,219.9830322265625
2024-08-01,216.2981719970703
2024-08-02,217.78399658203125
2024-08-05,207.29400634765625
2024-08-06,205.27325439453125
2024-08-07,207.83880615234375
2024-08-08,211.2958526611328
2024-08-09,214.1981964111328
2024-08-12,215.7254180908203
2024-08-13,219.4344024658203
2024-08-14,219.88064575195312
2024-08-15,222.85577392578125
2024-08-16,224.17474365234375
2024-08-19,224.0160675048828
2024-08-20,224.63092041015625
2024-08-21,224.52182006835938
2024-08-22,222.6673583984375
2024-08-23,224.9581756591797
2024-08-26,225.2953643798828
2024-08-27,226.13829040527344
2024-08-28,224.611083984375
2024-08-29,227.88369750976562
2024-08-30,227.1002655029297
2024-09-03,220.9219207763672
2024-09-04,219.0178680419922
2024-09-05,220.53517150878906
2024-09-06,218.98814392089844
2024-09-09,219.07737731933594
2024-09-10,218.2840118408203
2024-09-11,220.8128662109375
2024-09-12,220.9219207763672
2024-09-13,220.65419006347656
2024-09-16,214.5254669189453
2024-09-17,214.99156188964844
2024-09-18,218.8591766357422
2024-09-19,226.97129821777344
2024-09-20,226.30690002441406
2024-09-23,224.5912322998047
2024-09-24,225.48377990722656
2024-09-25,224.4920654296875
2024-09-26,225.63253784179688
2024-09-27,225.90029907226562
2024-09-30,231.0670928955078
2024-10-01,224.3334197998047
2024-10-02,224.898681640625
2024-10-03,223.79788208007812
2024-10-04,224.91851806640625
2024-10-07,219.85089111328125
2024-10-08,223.8970489501953
2024-10-09,227.63577270507812
2024-10-10,227.13992309570312
2024-10-11,225.66229248046875
2024-10-14,229.38119506835938
2024-10-15,231.91004943847656
2024-10-16,229.857177734375
2024-10-17,230.22412109375
2024-10-18,233.05047607421875
2024-10-21,234.51821899414062
2024-10-22,233.9033660888672
2024-10-23,228.8456573486328
2024-10-24,228.65725708007812
2024-10-25,229.4902801513672
2024-10-28,231.46377563476562
2024-10-29,231.7315216064453
2024-10-30,228.19114685058594
2024-10-31,224.035888671875
2024-11-01,221.060791015625
2024-11-04,220.16824340820312
2024-11-05,221.59628295898438
2024-11-06,220.8723602294922
2024-11-07,225.5928497314453
2024-11-08,225.32479858398438
2024-11-11,222.61447143554688
2024-11-12,222.61447143554688
2024-11-13,223.49807739257812
2024-11-14,226.57574462890625
2024-11-15,223.37893676757812
2024-11-18,226.37718200683594
2024-11-19,226.6352996826172
2024-11-20,227.35011291503906
2024-11-21,226.8735809326172
2024-11-22,228.2138214111328
2024-11-25,231.19219970703125
2024-11-26,233.36647033691406
2024-11-27,233.2373809814453
2024-11-29,235.62010192871094
2024-12-02,237.8638153076172
2024-12-03,240.90176391601562
2024-12-04,241.25918579101562
2024-12-05,241.28897094726562
2024-12-06,241.0904083251953
2024-12-09,244.9722137451172
2024-12-10,245.98486328125
2024-12-11,244.71412658691406
2024-12-12,246.17352294921875
2024-12-13,246.34230041503906
2024-12-16,249.23129272460938
2024-12-17,251.6537322998047
2024-12-18,246.2628631591797
2024-12-19,247.99032592773438
2024-12-20,252.65647888183594
2024-12-23,253.43084716796875
2024-12-24,256.33978271484375
2024-12-26,257.1537780761719
2024-12-27,253.74855041503906
2024-12-30,250.3829345703125
2024-12-31,248.6157989501953
2025-01-02,242.09312438964844
2025-01-03,241.6066436767578
2025-01-06,243.23484802246094
2025-01-07,240.46493530273438
2025-01-08,240.95140075683594
2025-01-10,235.14356994628906
2025-01-13,232.71119689941406
2025-01-14,231.59927368164062
2025-01-15,236.15621948242188
2025-01-16,226.6154327392578
2025-01-17,228.3230438232422
2025-01-21,221.0359344482422
2025-01-22,222.2173614501953
2025-01-23,222.048583984375
2025-01-24,221.17494201660156
2025-01-27,228.20391845703125
2025-01-28,236.54339599609375
2025-01-29,237.63548278808594
2025-01-30,235.8782196044922
2025-01-31,234.29966735839844
2025-02-03,226.36724853515625
2025-02-04,231.1227569580078
2025-02-05,230.7951202392578
2025-02-06,231.53970336914062
2025-02-07,225.99000549316406
2025-02-10,226.2583465576172
2025-02-11,231.19793701171875
2025-02-12,235.4219512939453
2025-02-13,240.05348205566406
2025-02-14,243.10470581054688
2025-02-18,242.9755096435547
2025-02-19,243.37306213378906
2025-02-20,244.32720947265625
2025-02-21,244.0489044189453
2025-02-24,245.58941650390625
2025-02-25,245.52981567382812
2025-02-26,238.89064025878906
2025-02-27,235.84933471679688
2025-02-28,240.36158752441406
2025-03-03,236.57489013671875
2025-03-04,234.4877166748047
2025-03-05,234.2989044189453
2025-03-06,233.89141845703125
2025-03-07,237.60853576660156
2025-03-10,226.08937072753906
2025-03-11,219.48995971679688
2025-03-12,215.65357971191406
2025-03-13,208.39817810058594
2025-03-14,212.18490600585938
2025-03-17,212.6917724609375
2025-03-18,211.38978576660156
2025-03-19,213.9241943359375
2025-03-20,212.7911834716797
2025-03-21,216.9356689453125
2025-03-24,219.38064575195312
2025-03-25,222.38217163085938
2025-03-26,220.17575073242188
2025-03-27,222.48158264160156
2025-03-28,216.5679473876953
2025-03-31,220.77207946777344
2025-04-01,221.82562255859375
2025-04-02,222.52133178710938
2025-04-03,201.94786071777344
2025-04-04,187.22842407226562
2025-04-07,180.3507080078125
2025-04-08,171.365966796875
2025-04-09,197.63441467285156
2025-04-10,189.2559356689453
2025-04-11,196.93865966796875
2025-04-14,201.281982421875
2025-04-15,200.90426635742188
2025-04-16,193.0823974609375
2025-04-17,195.7758331298828
2025-04-21,191.9791717529297
2025-04-22,198.51895141601562
2025-04-23,203.34925842285156
2025-04-24,207.09622192382812
2025-04-25,208.00064086914062
2025-04-28,208.85536193847656
2025-04-29,209.91885375976562
2025-04-30,211.20095825195312
2025-05-01,212.0159454345703
2025-05-02,204.09466552734375
2025-05-05,197.6741485595703
2025-05-06,197.29647827148438
2025-05-07,195.05029296875
2025-05-08,196.28269958496094
2025-05-09,197.3163604736328
2025-05-12,209.77613830566406
2025-05-13,211.90582275390625
2025-05-14,211.3087158203125
2025-05-15,210.43296813964844
2025-05-16,210.24388122558594
2025-05-19,207.7758026123047
2025-05-20,205.8650360107422
2025-05-21,201.11798095703125
2025-05-22,200.3914794921875
2025-05-23,194.33078002929688
2025-05-27,199.24703979492188
2025-05-28,199.4560089111328
2025-05-29,198.98828125
2025-05-30,199.8839569091797
2025-06-02,200.7298583984375
2025-06-03,202.2923126220703
2025-06-04,201.844482421875
2025-06-05,199.66500854492188
2025-06-06,202.93917846679688
2025-06-09,200.48106384277344
2025-06-10,201.69517517089844
2025-06-11,197.8238983154297
2025-06-12,198.24188232421875
2025-06-13,195.50509643554688
2025-06-16,197.4656219482422
2025-06-17,194.69900512695312
2025-06-18,195.63449096679688
2025-06-20,200.03321838378906
2025-06-23,200.5308074951172
2025-06-24,199.33657836914062
2025-06-25,200.5905303955078
2025-06-26,200.03321838378906
2025-06-27,200.1128387451172
2025-06-30,204.18313598632812
2025-07-01,206.82041931152344
2025-07-02,211.41819763183594
2025-07-03,212.5228729248047
2025-07-07,208.94017028808594
2025-07-08,208.99989318847656
2025-07-09,210.12445068359375
2025-07-10,211.38832092285156
2025-07-11,210.1443634033203
2025-07-14,207.61656188964844
2025-07-15,208.10421752929688
2025-07-16,209.149169921875
2025-07-17,209.0098419189453
2025-07-18,210.1642608642578
2025-07-21,211.45799255371094
2025-07-22,213.3687744140625
2025-07-23,213.11996459960938
2025-07-24,212.73184204101562
2025-07-25,212.8512725830078
2025-07-28,213.0204620361328
2025-07-29,210.2538299560547
2025-07-30,208.0445098876953
2025-07-31,206.57162475585938
2025-08-01,201.40660095214844
2025-08-04,202.37193298339844
2025-08-05,201.94398498535156
2025-08-06,212.22430419921875
2025-08-07,218.97169494628906
2025-08-08,228.2468719482422
2025-08-11,226.34388732910156
2025-08-12,228.80479431152344
2025-08-13,232.47125244140625
2025-08-14,231.9232940673828
2025-08-15,230.73765563964844
2025-08-18,230.04022216796875
2025-08-19,229.71145629882812
2025-08-20,225.17819213867188
2025-08-21,224.07228088378906
2025-08-22,226.9217529296875
2025-08-25,226.323974609375
2025-08-26,228.46603393554688
2025-08-27,229.64170837402344
2025-08-28,231.70408630371094
2025-08-29,231.28564453125
2025-09-02,228.87454223632812
2025-09-03,237.59234619140625
2025-09-04,238.89752197265625
2025-09-05,238.80784606933594
2025-09-08,237.0045166015625
2025-09-09,233.4875030517578
2025-09-10,225.95533752441406
2025-09-11,229.18341064453125
2025-09-12,233.20855712890625
2025-09-15,235.82884216308594
2025-09-16,237.2735137939453
2025-09-17,238.1104278564453
2025-09-18,237.0045166015625
2025-09-19,244.59645080566406
2025-09-22,255.13751220703125
2025-09-23,253.49359130859375
2025-09-24,251.38140869140625
2025-09-25,255.9246063232422
2025-09-26,254.51980590820312
2025-09-29,253.49359130859375
2025-09-30,253.69287109375
2025-10-01,254.50985717773438
2025-10-02,256.18365478515625
2025-10-03,257.07037353515625
2025-10-06,255.7452850341797
2025-10-07,255.53607177734375
2025-10-08,257.1102294921875
2025-10-09,253.1050262451172
2025-10-10,244.3673095703125
2025-10-13,246.74851989746094
2025-10-14,246.85812377929688
2025-10-15,248.4223175048828
2025-10-16,246.53929138183594
2025-10-17,251.36146545410156
2025-10-20,261.27484130859375
2025-10-21,261.8028869628906
2025-10-22,257.4988098144531
2025-10-23,258.6246032714844
2025-10-24,261.8527526855469
2025-10-27,267.8207092285156
2025-10-28,268.010009765625
2025-10-29,268.7074279785156
2025-10-30,270.4011535644531
2025-10-31,269.37493896484375
2025-11-03,268.05975341796875
2025-11-04,269.0461730957031
2025-11-05,269.14581298828125
2025-11-06,268.7771301269531
2025-11-07,267.48193359375
2025-11-10,268.6986083984375
2025-11-11,274.5028076171875
2025-11-12,272.7276306152344
2025-11-13,272.2090759277344
2025-11-14,271.6705017089844
2025-11-17,266.73394775390625
2025-11-18,266.71405029296875
2025-11-19,267.8309631347656
2025-11-20,265.5272521972656
2025-11-21,270.75299072265625
2025-11-24,275.1710205078125
2025-11-25,276.2181701660156
2025-11-26,276.79656982421875
2025-11-28,278.0930480957031
2025-12-01,282.3315124511719
2025-12-02,285.4131164550781
2025-12-03,283.378662109375
2025-12-04,279.9380187988281
2025-12-05,278.02325439453125
2025-12-08,277.1356506347656
2025-12-09,276.4275817871094
2025-12-10,278.02325439453125
2025-12-11,277.2752685546875
2025-12-12,277.5246276855469
2025-12-15,273.3658752441406
2025-12-16,273.8645324707031
2025-12-17,271.10205078125
2025-12-18,271.4511413574219
2025-12-19,272.9271240234375
2025-12-22,270.23443603515625
2025-12-23,271.62066650390625
2025-12-24,273.06671142578125
2025-12-26,272.6578063964844
2025-12-29,273.0168762207031
2025-12-30,272.33868408203125
2025-12-31,271.12200927734375
2026-01-02,270.2743225097656
2026-01-05,266.5345153808594
2026-01-06,261.6477966308594
2026-01-07,259.623291015625
2026-01-08,258.3368225097656
2026-01-09,258.6659240722656
2026-01-12,259.54351806640625
2026-01-13,260.3413391113281
2026-01-14,259.25433349609375
2026-01-15,257.5090637207031
2026-01-16,254.8363494873047
2026-01-20,246.0303192138672
2026-01-21,246.97775268554688
2026-01-22,247.67584228515625
2026-01-23,247.36668395996094
2026-01-26,254.7166748046875
2026-01-27,257.5688781738281
2026-01-28,255.743896484375
2026-01-29,257.5788879394531
2026-01-30,258.775634765625
2026-02-02,269.2770690917969
2026-02-03,268.7485046386719
2026-02-04,275.7394104003906
2026-02-05,275.1610412597656
2026-02-06,277.364990234375
2026-02-09,274.13079833984375
2026-02-10,273.19244384765625
2026-02-11,275.00921630859375
2026-02-12,261.2637634277344
2026-02-13,255.32435607910156
2026-02-17,263.4099426269531
2026-02-18,263.8791198730469
2026-02-19,260.11578369140625
2026-02-20,264.1086730957031
2026-02-23,265.705810546875
2026-02-24,271.6552429199219
2026-02-25,273.74151611328125
2026-02-26,272.4637756347656
2026-02-27,263.70941162109375
2026-03-02,264.2484130859375
2026-03-03,263.2801818847656
2026-03-04,262.0523376464844
2026-03-05,259.8263244628906
2026-03-06,257.0013427734375
2026-03-09,259.41705322265625
2026-03-10,260.3653564453125
2026-03-11,260.34539794921875
2026-03-12,255.3043975830078
2026-03-13,249.6744384765625
2026-03-16,252.36964416503906
2026-03-17,253.77711486816406
2026-03-18,249.49476623535156
2026-03-19,248.5165252685547
2026-03-20,247.54823303222656
2026-03-23,251.04200744628906
2026-03-24,251.1917266845703
2026-03-25,252.16998291015625
2026-03-26,252.43951416015625
2026-03-27,248.35679626464844
2026-03-30,246.19065856933594
2026-03-31,253.33790588378906
2026-04-01,255.1746368408203
2026-04-02,255.464111328125
2026-04-06,258.39886474609375
2026-04-07,253.0484161376953
2026-04-08,258.4388122558594
2026-04-09,260.0259704589844
2026-04-10,260.0159912109375
2026-04-13,258.73828125
2026-04-14,258.3689270019531
2026-04-15,265.95538330078125
2026-04-16,262.9307861328125
2026-04-17,269.7486267089844
2026-04-20,272.5635681152344
2026-04-21,265.69586181640625
2026-04-22,272.68341064453125
2026-04-23,272.9429016113281
2026-04-24,270.5771179199219
2026-04-27,267.1332702636719
2026-04-28,270.2277526855469
2026-04-29,269.688720703125
2026-04-30,270.86663818359375
2026-05-01,279.6409912109375
2026-05-04,276.3368225097656
2026-05-05,283.67376708984375
2026-05-06,286.99786376953125
2026-05-07,286.927978515625
2026-05-08,292.7974853515625
2026-05-11,292.42779541015625
2026-05-12,294.54595947265625
2026-05-13,298.6124572753906
2026-05-14,297.9530334472656
2026-05-15,299.9713134765625
2026-05-18,297.5833435058594
2026-05-19,298.7123718261719
2026-05-20,301.98956298828125
2026-05-21,304.7271728515625
2026-05-22,308.55389404296875
2026-05-26,308.0643005371094
2026-05-27,310.5821533203125
2026-05-28,312.24072265625
2026-05-29,311.7911071777344
2026-06-01,306.0460510253906
2026-06-02,314.92840576171875
2026-06-03,309.9926452636719
2026-06-04,310.9618225097656
2026-06-05,307.0751647949219
2026-06-08,301.2801818847656
2026-06-09,290.29962158203125
2026-06-10,291.3287353515625
2026-06-11,295.375244140625
2026-06-12,290.879150390625
2026-06-15,296.1645812988281
2026-06-16,298.9821472167969
2026-06-17,295.6949768066406
2026-06-18,297.7532043457031
2026-06-22,296.75408935546875
2026-06-23,294.04638671875
2026-06-24,292.8274230957031
2026-06-25,274.91290283203125
2026-06-26,283.53546142578125
2026-06-29,281.4972229003906
2026-06-30,289.11065673828125
2026-07-01,294.1263427734375
2026-07-02,308.3640441894531
2026-07-06,312.3905944824219
2026-07-07,310.3923034667969
2026-07-08,313.1199645996094
2026-07-09,315.947509765625
2026-07-10,315.0483093261719
2026-07-13,317.03656005859375
2026-07-14,314.58868408203125
2026-07-15,327.2178039550781
2026-07-16,332.97283935546875
2026-07-17,333.452392578125
2026-07-20,326.3085632324219
2026-07-21,327.45758056640625
2026-07-22,325.60919189453125
2026-07-23,321.3828430175781
2026-07-24,332.7330322265625
2026-07-27,336.61968994140625
2026-07-28,339.78692626953125
2026-07-29,337.8985900878906
2026-07-30,333.1426696777344
2026-07-31,308.6438293457031
2026-08-03,303.1585693359375
2026-08-04,309.1134033203125
2026-08-05,310.7320251464844
2026-08-06,312.14080810546875
2026-08-07,313.05999755859375
2026-08-10,308.260009765625
2026-08-11,304.9100036621094
2026-08-12,302.25
2026-08-13,305.260009765625
2026-08-14,305.92999267578125
2026-08-17,305.5899963378906
2026-08-18,310.0299987792969
2026-08-19,316.8299865722656
2026-08-20,311.29998779296875
2026-08-21,309.3500061035156
2026-08-24,310.3399963378906
2026-08-25,309.8999938964844
2026-08-26,313.45001220703125
2026-08-27,314.5799865722656
2026-08-28,319.70001220703125
2026-08-31,316.8500061035156
2026-09-01,325.1300048828125
2026-09-02,324.9599914550781
2026-09-03,328.2099914550781
2026-09-04,319.9700012207031
2026-09-08,316.2200012207031
2026-09-09,315.3399963378906
2026-09-10,326.57000732421875
2026-09-11,332.2699890136719
