Date,close
1986-08-13,0.19805710017681122
1986-08-14,0.20905956625938416
1986-08-15,0.20539207756519318
1986-08-18,0.19805710017681122
1986-08-19,0.20172466337680817
1986-08-20,0.20172466337680817
1986-08-21,0.20905956625938416
1986-08-22,0.20905956625938416
1986-08-25,0.20172466337680817
1986-08-26,0.20172466337680817
1986-08-27,0.20172466337680817
1986-08-28,0.1943887621164322
1986-08-29,0.1943887621164322
1986-09-02,0.20905956625938416
1986-09-03,0.20905956625938416
1986-09-04,0.23473380506038666
1986-09-05,0.23106640577316284
1986-09-08,0.2273988574743271
1986-09-09,0.23473380506038666
1986-09-10,0.24573713541030884
1986-09-11,0.21639548242092133
1986-09-12,0.2200629860162735
1986-09-15,0.24206975102424622
1986-09-16,0.2530720829963684
1986-09-17,0.27141156792640686
1986-09-18,0.27141156792640686
1986-09-19,0.27141156792640686
1986-09-22,0.2604081928730011
1986-09-23,0.2530720829963684
1986-09-24,0.256740540266037
1986-09-25,0.24940454959869385
1986-09-26,0.24940454959869385
1986-09-29,0.2530720829963684
1986-09-30,0.2530720829963684
1986-10-01,0.2530720829963684
1986-10-02,0.2530720829963684
1986-10-03,0.2530720829963684
1986-10-06,0.256740540266037
1986-10-07,0.256740540266037
1986-10-08,0.256740540266037
1986-10-09,0.256740540266037
1986-10-10,0.256740540266037
1986-10-13,0.2604081928730011
1986-10-14,0.2604081928730011
1986-10-15,0.2604081928730011
1986-10-16,0.2604081928730011
1986-10-17,0.2604081928730011
1986-10-20,0.2604081928730011
1986-10-21,0.26774299144744873
1986-10-22,0.27141156792640686
1986-10-23,0.2750789523124695
1986-10-24,0.297084778547287
1986-10-27,0.3007531762123108
1986-10-28,0.3007531762123108
1986-10-29,0.33009493350982666
1986-10-30,0.34843313694000244
1986-10-31,0.34293121099472046
1986-11-03,0.33009493350982666
1986-11-04,0.3227590322494507
1986-11-05,0.31909143924713135
1986-11-06,0.3264264762401581
1986-11-07,0.33009493350982666
1986-11-10,0.337429940700531
1986-11-11,0.337429940700531
1986-11-12,0.337429940700531
1986-11-13,0.3337623178958893
1986-11-14,0.337429940700531
1986-11-17,0.3337623178958893
1986-11-18,0.3264264762401581
1986-11-19,0.3264264762401581
1986-11-20,0.3264264762401581
1986-11-21,0.3264264762401581
1986-11-24,0.3264264762401581
1986-11-25,0.3264264762401581
1986-11-26,0.34659942984580994
1986-11-28,0.3594367206096649
1986-12-01,0.35760191082954407
1986-12-02,0.3631041347980499
1986-12-03,0.3594367206096649
1986-12-04,0.3631041347980499
1986-12-05,0.3704390823841095
1986-12-08,0.3887783885002136
1986-12-09,0.3741074800491333
1986-12-10,0.3741074800491333
1986-12-11,0.34843313694000244
1986-12-12,0.3521006107330322
1986-12-15,0.34843313694000244
1986-12-16,0.34476569294929504
1986-12-17,0.341097354888916
1986-12-18,0.34476569294929504
1986-12-19,0.34476569294929504
1986-12-22,0.34476569294929504
1986-12-23,0.3594367206096649
1986-12-24,0.3704390823841095
1986-12-26,0.3741074800491333
1986-12-29,0.3631041347980499
1986-12-30,0.3667715787887573
1986-12-31,0.3741074800491333
1987-01-02,0.3814425468444824
1987-01-05,0.39244571328163147
1987-01-06,0.39611324667930603
1987-01-07,0.3997807800769806
1987-01-08,0.41445156931877136
1987-01-09,0.41445156931877136
1987-01-12,0.43279096484184265
1987-01-13,0.440125972032547
1987-01-14,0.4511292278766632
1987-01-15,0.45479679107666016
1987-01-16,0.45846426486968994
1987-01-19,0.4768034517765045
1987-01-20,0.5098125338554382
1987-01-21,0.5061450600624084
1987-01-22,0.4988090991973877
1987-01-23,0.5354869365692139
1987-01-26,0.5208163857460022
1987-01-27,0.5281510949134827
1987-01-28,0.5281510949134827
1987-01-29,0.5061450600624084
1987-01-30,0.4988090991973877
1987-02-02,0.5061450600624084
1987-02-03,0.5208163857460022
1987-02-04,0.5281510949134827
1987-02-05,0.5428221225738525
1987-02-06,0.5428221225738525
1987-02-09,0.5428221225738525
1987-02-10,0.550157904624939
1987-02-11,0.5941705107688904
1987-02-12,0.6271795034408569
1987-02-13,0.6565216183662415
1987-02-17,0.6675246357917786
1987-02-18,0.674859881401062
1987-02-19,0.6491857767105103
1987-02-20,0.5905019044876099
1987-02-23,0.608841061592102
1987-02-24,0.6455180644989014
1987-02-25,0.6528538465499878
1987-02-26,0.6528538465499878
1987-02-27,0.6675246357917786
1987-03-02,0.6711922287940979
1987-03-03,0.7482139468193054
1987-03-04,0.8068976998329163
1987-03-05,0.8142335414886475
1987-03-06,0.8068976998329163
1987-03-09,0.8289040327072144
1987-03-10,0.8362391591072083
1987-03-11,0.8692482709884644
1987-03-12,0.9022584557533264
1987-03-13,0.982947587966919
1987-03-16,1.0269602537155151
1987-03-17,0.982947587966919
1987-03-18,0.9426027536392212
1987-03-19,0.9536059498786926
1987-03-20,0.9169294238090515
1987-03-23,0.8362391591072083
1987-03-24,0.8655809164047241
1987-03-25,0.880251944065094
1987-03-26,0.9389352202415466
1987-03-27,0.9682770371437073
1987-03-30,0.9242646098136902
1987-03-31,1.01228928565979
1987-04-01,1.0563021898269653
1987-04-02,1.1736690998077393
1987-04-03,1.1589980125427246
1987-04-06,1.2250173091888428
1987-04-07,1.2396882772445679
1987-04-08,1.2396882772445679
1987-04-09,1.1810047626495361
1987-04-10,1.1589980125427246
1987-04-13,1.144327998161316
1987-04-14,1.0563021898269653
1987-04-15,1.085644245147705
1987-04-16,1.1883400678634644
1987-04-20,1.129656434059143
1987-04-21,1.1883400678634644
1987-04-22,1.2323522567749023
1987-04-23,1.2176811695098877
1987-04-24,1.2176811695098877
1987-04-27,1.2176811695098877
1987-04-28,1.3423844575881958
1987-04-29,1.4230742454528809
1987-04-30,1.4230742454528809
1987-05-01,1.430409550666809
1987-05-04,1.4194060564041138
1987-05-05,1.5844529867172241
1987-05-06,1.5624470710754395
1987-05-07,1.5844529867172241
1987-05-08,1.5844529867172241
1987-05-11,1.547776222229004
1987-05-12,1.5110993385314941
1987-05-13,1.5404407978057861
1987-05-14,1.5551117658615112
1987-05-15,1.4964278936386108
1987-05-18,1.4964278936386108
1987-05-19,1.3790611028671265
1987-05-20,1.3863966464996338
1987-05-21,1.4249069690704346
1987-05-22,1.4230742454528809
1987-05-26,1.4157390594482422
1987-05-27,1.4157390594482422
1987-05-28,1.4157390594482422
1987-05-29,1.408402442932129
1987-06-01,1.3937315940856934
1987-06-02,1.3937315940856934
1987-06-03,1.3057067394256592
1987-06-04,1.2470232248306274
1987-06-05,1.1736690998077393
1987-06-08,1.01228928565979
1987-06-09,1.1223211288452148
1987-06-10,1.0709729194641113
1987-06-11,0.9682770371437073
1987-06-12,0.9902838468551636
1987-06-15,0.9242646098136902
1987-06-16,1.0709729194641113
1987-06-17,1.1149855852127075
1987-06-18,1.100314974784851
1987-06-19,1.085644245147705
1987-06-22,1.085644245147705
1987-06-23,1.085644245147705
1987-06-24,1.0709729194641113
1987-06-25,0.9939507246017456
1987-06-26,1.0563021898269653
1987-06-29,1.0269602537155151
1987-06-30,1.0196250677108765
1987-07-01,1.0269602537155151
1987-07-02,1.041631817817688
1987-07-06,0.982947587966919
1987-07-07,0.88758784532547
1987-07-08,0.982947587966919
1987-07-09,1.01228928565979
1987-07-10,0.975612461566925
1987-07-13,0.9536059498786926
1987-07-14,1.0563021898269653
1987-07-15,1.01228928565979
1987-07-16,0.982947587966919
1987-07-17,0.982947587966919
1987-07-20,0.9682770371437073
1987-07-21,0.975612461566925
1987-07-22,0.9536059498786926
1987-07-23,0.9316002726554871
1987-07-24,0.9462713003158569
1987-07-27,1.0196250677108765
1987-07-28,0.979280412197113
1987-07-29,0.9389352202415466
1987-07-30,0.9609422087669373
1987-07-31,0.9682770371437073
1987-08-03,0.9389352202415466
1987-08-04,0.9316002726554871
1987-08-05,0.9536059498786926
1987-08-06,0.9976181983947754
1987-08-07,1.0709729194641113
1987-08-10,1.085644245147705
1987-08-11,1.1369919776916504
1987-08-12,1.085644245147705
1987-08-13,1.085644245147705
1987-08-14,1.0636383295059204
1987-08-17,1.085644245147705
1987-08-18,1.0269602537155151
1987-08-19,1.0342962741851807
1987-08-20,1.085644245147705
1987-08-21,1.0489671230316162
1987-08-24,1.0342962741851807
1987-08-25,1.0893114805221558
1987-08-26,1.041631817817688
1987-08-27,1.041631817817688
1987-08-28,0.9902838468551636
1987-08-31,0.9462713003158569
1987-09-01,0.982947587966919
1987-09-02,0.975612461566925
1987-09-03,0.982947587966919
1987-09-04,0.9902838468551636
1987-09-08,0.9536059498786926
1987-09-09,0.9847810864448547
1987-09-10,1.0709729194641113
1987-09-11,1.0563021898269653
1987-09-14,1.0342962741851807
1987-09-15,1.00495445728302
1987-09-16,1.0196250677108765
1987-09-17,1.100314974784851
1987-09-18,1.1149855852127075
1987-09-21,1.0709729194641113
1987-09-22,1.0929796695709229
1987-09-23,1.0929796695709229
1987-09-24,1.085644245147705
1987-09-25,1.1149855852127075
1987-09-28,1.1516633033752441
1987-09-29,1.1663341522216797
1987-09-30,1.129656434059143
1987-10-01,1.1883400678634644
1987-10-02,1.3057067394256592
1987-10-05,1.3203778266906738
1987-10-06,1.2543590068817139
1987-10-07,1.2030107975006104
1987-10-08,1.144327998161316
1987-10-09,1.144327998161316
1987-10-12,1.1223211288452148
1987-10-13,1.1223211288452148
1987-10-14,1.144327998161316
1987-10-15,1.1589980125427246
1987-10-16,1.1149855852127075
1987-10-19,0.880251944065094
1987-10-20,0.7775558829307556
1987-10-21,0.8289040327072144
1987-10-22,0.7335431575775146
1987-10-23,0.6308469772338867
1987-10-26,0.48413851857185364
1987-10-27,0.43279096484184265
1987-10-28,0.43279096484184265
1987-10-29,0.572163999080658
1987-10-30,0.6601889133453369
1987-11-02,0.7335431575775146
1987-11-03,0.6895305514335632
1987-11-04,0.6895305514335632
1987-11-05,0.7042012214660645
1987-11-06,0.6528538465499878
1987-11-09,0.674859881401062
1987-11-10,0.6601889133453369
1987-11-11,0.674859881401062
1987-11-12,0.7335431575775146
1987-11-13,0.6895305514335632
1987-11-16,0.6895305514335632
1987-11-17,0.674859881401062
1987-11-18,0.6895305514335632
1987-11-19,0.6528538465499878
1987-11-20,0.6455180644989014
1987-11-23,0.6821956038475037
1987-11-24,0.7188724279403687
1987-11-25,0.7775558829307556
1987-11-27,0.7628850936889648
1987-11-30,0.7115375399589539
1987-12-01,0.7115375399589539
1987-12-02,0.7335431575775146
1987-12-03,0.7115375399589539
1987-12-04,0.7042012214660645
1987-12-07,0.6895305514335632
1987-12-08,0.7188724279403687
1987-12-09,0.7775558829307556
1987-12-10,0.7995624542236328
1987-12-11,0.8068976998329163
1987-12-14,0.8655809164047241
1987-12-15,0.8655809164047241
1987-12-16,0.8655809164047241
1987-12-17,0.8289040327072144
1987-12-18,0.8362391591072083
1987-12-21,0.8435748219490051
1987-12-22,0.8215683102607727
1987-12-23,0.7995624542236328
1987-12-24,0.7922264933586121
1987-12-28,0.7922264933586121
1987-12-29,0.8142335414886475
1987-12-30,0.850909948348999
1987-12-31,0.8655809164047241
1988-01-04,0.8729168772697449
1988-01-05,0.9059261083602905
1988-01-06,0.850909948348999
1988-01-07,0.850909948348999
1988-01-08,0.7848914265632629
1988-01-11,0.7628850936889648
1988-01-12,0.8435748219490051
1988-01-13,0.8435748219490051
1988-01-14,0.8289040327072144
1988-01-15,0.8655809164047241
1988-01-18,0.8380729556083679
1988-01-19,0.8289040327072144
1988-01-20,0.7298755645751953
1988-01-21,0.7335431575775146
1988-01-22,0.7482139468193054
1988-01-25,0.7775558829307556
1988-01-26,0.7555501461029053
1988-01-27,0.7555501461029053
1988-01-28,0.7702208757400513
1988-01-29,0.7775558829307556
1988-02-01,0.7702208757400513
1988-02-02,0.7628850936889648
1988-02-03,0.7188724279403687
1988-02-04,0.7042012214660645
1988-02-05,0.7152047753334045
1988-02-08,0.7042012214660645
1988-02-09,0.7555501461029053
1988-02-10,0.7775558829307556
1988-02-11,0.7482139468193054
1988-02-12,0.7628850936889648
1988-02-16,0.7628850936889648
1988-02-17,0.7555501461029053
1988-02-18,0.7922264933586121
1988-02-19,0.8362391591072083
1988-02-22,0.8582457304000854
1988-02-23,0.8729168772697449
1988-02-24,0.880251944065094
1988-02-25,0.88758784532547
1988-02-26,0.8435748219490051
1988-02-29,0.850909948348999
1988-03-01,0.880251944065094
1988-03-02,0.9095935821533203
1988-03-03,0.9462713003158569
1988-03-04,0.9389352202415466
1988-03-07,0.9389352202415466
1988-03-08,0.9609422087669373
1988-03-09,0.9682770371437073
1988-03-10,0.9095935821533203
1988-03-11,0.9022584557533264
1988-03-14,0.9389352202415466
1988-03-15,0.9389352202415466
1988-03-16,0.9132612347602844
1988-03-17,0.8729168772697449
1988-03-18,0.880251944065094
1988-03-21,0.9536059498786926
1988-03-22,0.975612461566925
1988-03-23,0.9536059498786926
1988-03-24,0.9609422087669373
1988-03-25,0.9242646098136902
1988-03-28,0.9242646098136902
1988-03-29,0.9389352202415466
1988-03-30,0.9169294238090515
1988-03-31,0.9095935821533203
1988-04-04,0.8729168772697449
1988-04-05,0.880251944065094
1988-04-06,0.9316002726554871
1988-04-07,0.9316002726554871
1988-04-08,0.982947587966919
1988-04-11,1.00495445728302
1988-04-12,1.00495445728302
1988-04-13,0.975612461566925
1988-04-14,0.9316002726554871
1988-04-15,0.9682770371437073
1988-04-18,0.9902838468551636
1988-04-19,0.9939507246017456
1988-04-20,0.982947587966919
1988-04-21,0.982947587966919
1988-04-22,0.9976181983947754
1988-04-25,1.00495445728302
1988-04-26,1.0269602537155151
1988-04-27,1.041631817817688
1988-04-28,1.0489671230316162
1988-04-29,1.0269602537155151
1988-05-02,1.0636383295059204
1988-05-03,1.0709729194641113
1988-05-04,1.0783084630966187
1988-05-05,1.0636383295059204
1988-05-06,1.0636383295059204
1988-05-09,1.0269602537155151
1988-05-10,1.0342962741851807
1988-05-11,1.0269602537155151
1988-05-12,1.01228928565979
1988-05-13,0.9902838468551636
1988-05-16,1.0196250677108765
1988-05-17,1.00495445728302
1988-05-18,0.982947587966919
1988-05-19,0.9536059498786926
1988-05-20,0.9462713003158569
1988-05-23,0.9426027536392212
1988-05-24,0.975612461566925
1988-05-25,0.9609422087669373
1988-05-26,0.9976181983947754
1988-05-27,0.9902838468551636
1988-05-31,1.0342962741851807
1988-06-01,1.0709729194641113
1988-06-02,1.0746405124664307
1988-06-03,1.1149855852127075
1988-06-06,1.1186524629592896
1988-06-07,1.1223211288452148
1988-06-08,1.1663341522216797
1988-06-09,1.144327998161316
1988-06-10,1.1516633033752441
1988-06-13,1.1516633033752441
1988-06-14,1.144327998161316
1988-06-15,1.1076507568359375
1988-06-16,1.1149855852127075
1988-06-17,1.1076507568359375
1988-06-20,1.144327998161316
1988-06-21,1.1516633033752441
1988-06-22,1.1589980125427246
1988-06-23,1.1663341522216797
1988-06-24,1.1663341522216797
1988-06-27,1.144327998161316
1988-06-28,1.1589980125427246
1988-06-29,1.1663341522216797
1988-06-30,1.1810047626495361
1988-07-01,1.1956757307052612
1988-07-05,1.1810047626495361
1988-07-06,1.1956757307052612
1988-07-07,1.276364803314209
1988-07-08,1.2690303325653076
1988-07-11,1.272697925567627
1988-07-12,1.2250173091888428
1988-07-13,1.2470232248306274
1988-07-14,1.283700942993164
1988-07-15,1.283700942993164
1988-07-18,1.276364803314209
1988-07-19,1.2616939544677734
1988-07-20,1.2103465795516968
1988-07-21,1.1956757307052612
1988-07-22,1.2103465795516968
1988-07-25,1.2616939544677734
1988-07-26,1.2616939544677734
1988-07-27,1.2176811695098877
1988-07-28,1.2176811695098877
1988-07-29,1.2176811695098877
1988-08-01,1.2250173091888428
1988-08-02,1.2176811695098877
1988-08-03,1.228684902191162
1988-08-04,1.2103465795516968
1988-08-05,1.1883400678634644
1988-08-08,1.1956757307052612
1988-08-09,1.1589980125427246
1988-08-10,1.1149855852127075
1988-08-11,1.1223211288452148
1988-08-12,1.1149855852127075
1988-08-15,1.0929796695709229
1988-08-16,1.1149855852127075
1988-08-17,1.100314974784851
1988-08-18,1.0563021898269653
1988-08-19,1.0269602537155151
1988-08-22,1.0306278467178345
1988-08-23,1.041631817817688
1988-08-24,1.0636383295059204
1988-08-25,1.085644245147705
1988-08-26,1.100314974784851
1988-08-29,1.144327998161316
1988-08-30,1.1553306579589844
1988-08-31,1.144327998161316
1988-09-01,1.1039823293685913
1988-09-02,1.1223211288452148
1988-09-06,1.1369919776916504
1988-09-07,1.0929796695709229
1988-09-08,1.1076507568359375
1988-09-09,1.1626653671264648
1988-09-12,1.1663341522216797
1988-09-13,1.1516633033752441
1988-09-14,1.1883400678634644
1988-09-15,1.1810047626495361
1988-09-16,1.1883400678634644
1988-09-19,1.1810047626495361
1988-09-20,1.2470232248306274
1988-09-21,1.283700942993164
1988-09-22,1.276364803314209
1988-09-23,1.2543590068817139
1988-09-26,1.2323522567749023
1988-09-27,1.2323522567749023
1988-09-28,1.2176811695098877
1988-09-29,1.2690303325653076
1988-09-30,1.276364803314209
1988-10-03,1.283700942993164
1988-10-04,1.3203778266906738
1988-10-05,1.313043236732483
1988-10-06,1.3350484371185303
1988-10-07,1.298372507095337
1988-10-10,1.2910361289978027
1988-10-11,1.3057067394256592
1988-10-12,1.2910361289978027
1988-10-13,1.294703483581543
1988-10-14,1.3423844575881958
1988-10-17,1.3423844575881958
1988-10-18,1.349719762802124
1988-10-19,1.3863966464996338
1988-10-20,1.4450805187225342
1988-10-21,1.4377448558807373
1988-10-24,1.430409550666809
1988-10-25,1.3717265129089355
1988-10-26,1.3423844575881958
1988-10-27,1.2910361289978027
1988-10-28,1.276364803314209
1988-10-31,1.2580265998840332
1988-11-01,1.313043236732483
1988-11-02,1.2690303325653076
1988-11-03,1.276364803314209
1988-11-04,1.283700942993164
1988-11-07,1.2616939544677734
1988-11-08,1.298372507095337
1988-11-09,1.298372507095337
1988-11-10,1.327713966369629
1988-11-11,1.2910361289978027
1988-11-14,1.2616939544677734
1988-11-15,1.276364803314209
1988-11-16,1.2396882772445679
1988-11-17,1.2470232248306274
1988-11-18,1.2690303325653076
1988-11-21,1.2616939544677734
1988-11-22,1.276364803314209
1988-11-23,1.3057067394256592
1988-11-25,1.3057067394256592
1988-11-28,1.2616939544677734
1988-11-29,1.2616939544677734
1988-11-30,1.3057067394256592
1988-12-01,1.3350484371185303
1988-12-02,1.3937315940856934
1988-12-05,1.4230742454528809
1988-12-06,1.408402442932129
1988-12-07,1.408402442932129
1988-12-08,1.3203778266906738
1988-12-09,1.276364803314209
1988-12-12,1.2470232248306274
1988-12-13,1.2470232248306274
1988-12-14,1.276364803314209
1988-12-15,1.2910361289978027
1988-12-16,1.2910361289978027
1988-12-19,1.3937315940856934
1988-12-20,1.4230742454528809
1988-12-21,1.3863966464996338
1988-12-22,1.364390254020691
1988-12-23,1.3937315940856934
1988-12-27,1.4450805187225342
1988-12-28,1.4964278936386108
1988-12-29,1.4524155855178833
1988-12-30,1.4377448558807373
1989-01-03,1.4377448558807373
1989-01-04,1.4964278936386108
1989-01-05,1.4670863151550293
1989-01-06,1.4377448558807373
1989-01-09,1.4377448558807373
1989-01-10,1.4157390594482422
1989-01-11,1.4230742454528809
1989-01-12,1.3937315940856934
1989-01-13,1.3717265129089355
1989-01-16,1.3863966464996338
1989-01-17,1.3057067394256592
1989-01-18,1.3203778266906738
1989-01-19,1.3203778266906738
1989-01-20,1.2910361289978027
1989-01-23,1.2910361289978027
1989-01-24,1.3350484371185303
1989-01-25,1.4670863151550293
1989-01-26,1.4817572832107544
1989-01-27,1.3937315940856934
1989-01-30,1.3570550680160522
1989-01-31,1.3570550680160522
1989-02-01,1.349719762802124
1989-02-02,1.408402442932129
1989-02-03,1.4377448558807373
1989-02-06,1.4377448558807373
1989-02-07,1.3937315940856934
1989-02-08,1.2910361289978027
1989-02-09,1.3350484371185303
1989-02-10,1.3057067394256592
1989-02-13,1.3350484371185303
1989-02-14,1.2616939544677734
1989-02-15,1.298372507095337
1989-02-16,1.3423844575881958
1989-02-17,1.276364803314209
1989-02-21,1.2176811695098877
1989-02-22,1.1736690998077393
1989-02-23,1.2176811695098877
1989-02-24,1.1810047626495361
1989-02-27,1.1736690998077393
1989-02-28,1.1883400678634644
1989-03-01,1.2030107975006104
1989-03-02,1.2030107975006104
1989-03-03,1.1883400678634644
1989-03-06,1.2616939544677734
1989-03-07,1.2030107975006104
1989-03-08,1.1516633033752441
1989-03-09,1.1149855852127075
1989-03-10,1.1589980125427246
1989-03-13,1.144327998161316
1989-03-14,1.2323522567749023
1989-03-15,1.2616939544677734
1989-03-16,1.276364803314209
1989-03-17,1.2470232248306274
1989-03-20,1.2323522567749023
1989-03-21,1.2616939544677734
1989-03-22,1.2176811695098877
1989-03-23,1.2323522567749023
1989-03-27,1.2323522567749023
1989-03-28,1.2543590068817139
1989-03-29,1.2616939544677734
1989-03-30,1.276364803314209
1989-03-31,1.2616939544677734
1989-04-03,1.3057067394256592
1989-04-04,1.2910361289978027
1989-04-05,1.283700942993164
1989-04-06,1.2616939544677734
1989-04-07,1.3203778266906738
1989-04-10,1.3057067394256592
1989-04-11,1.3790611028671265
1989-04-12,1.3937315940856934
1989-04-13,1.3570550680160522
1989-04-14,1.4010677337646484
1989-04-17,1.3790611028671265
1989-04-18,1.3937315940856934
1989-04-19,1.3790611028671265
1989-04-20,1.3790611028671265
1989-04-21,1.3790611028671265
1989-04-24,1.364390254020691
1989-04-25,1.3790611028671265
1989-04-26,1.3937315940856934
1989-04-27,1.4450805187225342
1989-04-28,1.5697818994522095
1989-05-01,1.5257701873779297
1989-05-02,1.4670863151550293
1989-05-03,1.4964278936386108
1989-05-04,1.5110993385314941
1989-05-05,1.4670863151550293
1989-05-08,1.4744224548339844
1989-05-09,1.5257701873779297
1989-05-10,1.5110993385314941
1989-05-11,1.5184346437454224
1989-05-12,1.5697818994522095
1989-05-15,1.5991240739822388
1989-05-16,1.5844529867172241
1989-05-17,1.6137953996658325
1989-05-18,1.628466248512268
1989-05-19,1.6871486902236938
1989-05-22,1.701819896697998
1989-05-23,1.679814338684082
1989-05-24,1.6724783182144165
1989-05-25,1.701819896697998
1989-05-26,1.6871486902236938
1989-05-30,1.6578072309494019
1989-05-31,1.6578072309494019
1989-06-01,1.6724783182144165
1989-06-02,1.7164907455444336
1989-06-05,1.628466248512268
1989-06-06,1.5991240739822388
1989-06-07,1.6137953996658325
1989-06-08,1.6431366205215454
1989-06-09,1.6431366205215454
1989-06-12,1.7311618328094482
1989-06-13,1.7164907455444336
1989-06-14,1.7164907455444336
1989-06-15,1.650472640991211
1989-06-16,1.5991240739822388
1989-06-19,1.5697818994522095
1989-06-20,1.5697818994522095
1989-06-21,1.5551117658615112
1989-06-22,1.5697818994522095
1989-06-23,1.6431366205215454
1989-06-26,1.628466248512268
1989-06-27,1.628466248512268
1989-06-28,1.6137953996658325
1989-06-29,1.5551117658615112
1989-06-30,1.5551117658615112
1989-07-03,1.5551117658615112
1989-07-05,1.5624470710754395
1989-07-06,1.4377448558807373
1989-07-07,1.4377448558807373
1989-07-10,1.4670863151550293
1989-07-11,1.4524155855178833
1989-07-12,1.408402442932129
1989-07-13,1.4230742454528809
1989-07-14,1.4524155855178833
1989-07-17,1.4524155855178833
1989-07-18,1.3937315940856934
1989-07-19,1.4230742454528809
1989-07-20,1.4377448558807373
1989-07-21,1.4230742454528809
1989-07-24,1.4377448558807373
1989-07-25,1.4010677337646484
1989-07-26,1.3790611028671265
1989-07-27,1.3937315940856934
1989-07-28,1.3790611028671265
1989-07-31,1.3350484371185303
1989-08-01,1.349719762802124
1989-08-02,1.3350484371185303
1989-08-03,1.3203778266906738
1989-08-04,1.4377448558807373
1989-08-07,1.5257701873779297
1989-08-08,1.5110993385314941
1989-08-09,1.4817572832107544
1989-08-10,1.4670863151550293
1989-08-11,1.3937315940856934
1989-08-14,1.3863966464996338
1989-08-15,1.3717265129089355
1989-08-16,1.364390254020691
1989-08-17,1.3350484371185303
1989-08-18,1.349719762802124
1989-08-21,1.3203778266906738
1989-08-22,1.3790611028671265
1989-08-23,1.4377448558807373
1989-08-24,1.4964278936386108
1989-08-25,1.5257701873779297
1989-08-28,1.5110993385314941
1989-08-29,1.4817572832107544
1989-08-30,1.4964278936386108
1989-08-31,1.4817572832107544
1989-09-01,1.4670863151550293
1989-09-05,1.4524155855178833
1989-09-06,1.4377448558807373
1989-09-07,1.3937315940856934
1989-09-08,1.3570550680160522
1989-09-11,1.349719762802124
1989-09-12,1.3057067394256592
1989-09-13,1.2910361289978027
1989-09-14,1.2176811695098877
1989-09-15,1.2030107975006104
1989-09-18,1.2030107975006104
1989-09-19,1.1810047626495361
1989-09-20,1.1589980125427246
1989-09-21,0.9169294238090515
1989-09-22,0.9682770371437073
1989-09-25,0.9902838468551636
1989-09-26,1.01228928565979
1989-09-27,1.01228928565979
1989-09-28,1.085644245147705
1989-09-29,1.041631817817688
1989-10-02,1.041631817817688
1989-10-03,0.9389352202415466
1989-10-04,0.9462713003158569
1989-10-05,0.9242646098136902
1989-10-06,0.9095935821533203
1989-10-09,1.01228928565979
1989-10-10,0.9976181983947754
1989-10-11,0.982947587966919
1989-10-12,1.0269602537155151
1989-10-13,0.9389352202415466
1989-10-16,0.9389352202415466
1989-10-17,0.9242646098136902
1989-10-18,0.9389352202415466
1989-10-19,0.982947587966919
1989-10-20,0.982947587966919
1989-10-23,0.9976181983947754
1989-10-24,0.9976181983947754
1989-10-25,0.982947587966919
1989-10-26,0.982947587966919
1989-10-27,0.9536059498786926
1989-10-30,0.9536059498786926
1989-10-31,0.982947587966919
1989-11-01,0.9682770371437073
1989-11-02,0.9536059498786926
1989-11-03,0.9389352202415466
1989-11-06,0.9389352202415466
1989-11-07,0.9389352202415466
1989-11-08,0.9682770371437073
1989-11-09,0.9976181983947754
1989-11-10,1.0342962741851807
1989-11-13,1.0709729194641113
1989-11-14,1.041631817817688
1989-11-15,1.100314974784851
1989-11-16,1.1149855852127075
1989-11-17,1.1076507568359375
1989-11-20,1.1149855852127075
1989-11-21,1.100314974784851
1989-11-22,1.1149855852127075
1989-11-24,1.129656434059143
1989-11-27,1.1149855852127075
1989-11-28,1.1736690998077393
1989-11-29,1.1589980125427246
1989-11-30,1.129656434059143
1989-12-01,1.100314974784851
1989-12-04,1.144327998161316
1989-12-05,1.129656434059143
1989-12-06,1.1589980125427246
1989-12-07,1.1589980125427246
1989-12-08,1.1149855852127075
1989-12-11,1.1076507568359375
1989-12-12,1.100314974784851
1989-12-13,1.0709729194641113
1989-12-14,0.9682770371437073
1989-12-15,0.9976181983947754
1989-12-18,1.01228928565979
1989-12-19,1.041631817817688
1989-12-20,1.041631817817688
1989-12-21,1.041631817817688
1989-12-22,1.1149855852127075
1989-12-26,1.129656434059143
1989-12-27,1.144327998161316
1989-12-28,1.144327998161316
1989-12-29,1.1883400678634644
1990-01-02,1.1883400678634644
1990-01-03,1.2470232248306274
1990-01-04,1.3057067394256592
1990-01-05,1.3350484371185303
1990-01-08,1.3526930809020996
1990-01-09,1.3232864141464233
1990-01-10,1.2791767120361328
1990-01-11,1.3526930809020996
1990-01-12,1.3232864141464233
1990-01-15,1.2938799858093262
1990-01-16,1.3526930809020996
1990-01-17,1.3379886150360107
1990-01-18,1.3968018293380737
1990-01-19,1.3379886150360107
1990-01-22,1.3526930809020996
1990-01-23,1.4115049839019775
1990-01-24,1.440911054611206
1990-01-25,1.3968018293380737
1990-01-26,1.4115049839019775
1990-01-29,1.4115049839019775
1990-01-30,1.38209867477417
1990-01-31,1.38209867477417
1990-02-01,1.3968018293380737
1990-02-02,1.4262083768844604
1990-02-05,1.4262083768844604
1990-02-06,1.4115049839019775
1990-02-07,1.4482638835906982
1990-02-08,1.5291305780410767
1990-02-09,1.558537244796753
1990-02-12,1.5805919170379639
1990-02-13,1.5805919170379639
1990-02-14,1.5879430770874023
1990-02-15,1.6761616468429565
1990-02-16,1.654107928276062
1990-02-20,1.6173498630523682
1990-02-21,1.6173498630523682
1990-02-22,1.6173498630523682
1990-02-23,1.6467560529708862
1990-02-26,1.6761616468429565
1990-02-27,1.7276242971420288
1990-02-28,1.7790849208831787
1990-03-01,1.7937877178192139
1990-03-02,1.7864365577697754
1990-03-05,1.9114130735397339
1990-03-06,2.139313220977783
1990-03-07,2.1613669395446777
1990-03-08,2.278991460800171
1990-03-09,2.2201802730560303
1990-03-12,2.293696165084839
1990-03-13,2.3598594665527344
1990-03-14,2.3819146156311035
1990-03-15,2.455430507659912
1990-03-16,2.6024630069732666
1990-03-19,2.6686270236968994
1990-03-20,2.4701342582702637
1990-03-21,2.3525092601776123
1990-03-22,2.3231024742126465
1990-03-23,2.2348830699920654
1990-03-26,2.3046860694885254
1990-03-27,2.370954990386963
1990-03-28,2.312049150466919
1990-03-29,2.2678706645965576
1990-03-30,2.238417863845825
1990-04-02,2.275233268737793
1990-04-03,2.3267765045166016
1990-04-04,2.297323703765869
1990-04-05,2.179511785507202
1990-04-06,2.150059223175049
1990-04-09,2.1647849082946777
1990-04-10,2.2678706645965576
1990-04-11,2.3267765045166016
1990-04-12,2.3415021896362305
1990-04-16,2.312049150466919
1990-04-17,2.282595634460449
1990-04-18,2.2678706645965576
1990-04-19,2.238417863845825
1990-04-20,2.253143072128296
1990-04-23,2.2089641094207764
1990-04-24,2.2163288593292236
1990-04-25,2.19423770904541
1990-04-26,2.297323703765869
1990-04-27,2.238417863845825
1990-04-30,2.253143072128296
1990-05-01,2.415135383605957
1990-05-02,2.4445877075195312
1990-05-03,2.415135383605957
1990-05-04,2.415135383605957
1990-05-07,2.525583267211914
1990-05-08,2.518219470977783
1990-05-09,2.5329456329345703
1990-05-10,2.621304988861084
1990-05-11,2.621304988861084
1990-05-14,2.658120632171631
1990-05-15,2.7391161918640137
1990-05-16,2.7096645832061768
1990-05-17,2.621304988861084
1990-05-18,2.680209159851074
1990-05-21,2.842200756072998
1990-05-22,2.827474594116211
1990-05-23,2.8863797187805176
1990-05-24,2.9747397899627686
1990-05-25,2.0764267444610596
1990-05-29,2.2310545444488525
1990-05-30,2.083789587020874
1990-05-31,2.0985162258148193
1990-06-01,2.046973466873169
1990-06-04,1.9586151838302612
1990-06-05,1.8997104167938232
1990-06-06,1.988067626953125
1990-06-07,2.105879306793213
1990-06-08,2.105879306793213
1990-06-11,2.105879306793213
1990-06-12,2.1647849082946777
1990-06-13,2.2163288593292236
1990-06-14,2.245781183242798
1990-06-15,2.245781183242798
1990-06-18,2.1647849082946777
1990-06-19,2.238417863845825
1990-06-20,2.179511785507202
1990-06-21,2.22369122505188
1990-06-22,2.1647849082946777
1990-06-25,2.1647849082946777
1990-06-26,2.0617005825042725
1990-06-27,2.179511785507202
1990-06-28,2.19423770904541
1990-06-29,2.1647849082946777
1990-07-02,2.2420780658721924
1990-07-03,2.2420780658721924
1990-07-05,2.2125766277313232
1990-07-06,2.2568280696868896
1990-07-09,2.286329984664917
1990-07-10,2.286329984664917
1990-07-11,2.2568280696868896
1990-07-12,2.2125766277313232
1990-07-13,2.2420780658721924
1990-07-16,2.271578788757324
1990-07-17,2.2125766277313232
1990-07-18,2.227327823638916
1990-07-19,2.1683247089385986
1990-07-20,2.1240732669830322
1990-07-23,2.0650715827941895
1990-07-24,2.1830761432647705
1990-07-25,2.1683247089385986
1990-07-26,2.153575897216797
1990-07-27,2.131450653076172
1990-07-30,2.1240732669830322
1990-07-31,2.0724477767944336
1990-08-01,2.0945727825164795
1990-08-02,1.9913188219070435
1990-08-03,1.9028164148330688
1990-08-06,1.7700620889663696
1990-08-07,1.7258096933364868
1990-08-08,1.7700620889663696
1990-08-09,1.7700620889663696
1990-08-10,1.7258096933364868
1990-08-13,1.7258096933364868
1990-08-14,1.7258096933364868
1990-08-15,1.7405601739883423
1990-08-16,1.7110592126846313
1990-08-17,1.607805848121643
1990-08-20,1.5340532064437866
1990-08-21,1.5045521259307861
1990-08-22,1.5045521259307861
1990-08-23,1.4455502033233643
1990-08-24,1.5340532064437866
1990-08-27,1.6520576477050781
1990-08-28,1.607805848121643
1990-08-29,1.5045521259307861
1990-08-30,1.4234246015548706
1990-08-31,1.475050687789917
1990-09-04,1.6594330072402954
1990-09-05,1.6815580129623413
1990-09-06,1.6963088512420654
1990-09-07,1.607805848121643
1990-09-10,1.6225563287734985
1990-09-11,1.615181803703308
1990-09-12,1.6668076515197754
1990-09-13,1.6668076515197754
1990-09-14,1.5859050750732422
1990-09-17,1.549023151397705
1990-09-18,1.4752602577209473
1990-09-19,1.4162501096725464
1990-09-20,1.327734112739563
1990-09-21,1.2982287406921387
1990-09-24,1.2834762334823608
1990-09-25,1.2244659662246704
1990-09-26,1.194960594177246
1990-09-27,1.0916929244995117
1990-09-28,1.1211974620819092
1990-10-01,1.3129814863204956
1990-10-02,1.2097135782241821
1990-10-03,1.2392184734344482
1990-10-04,1.2244659662246704
1990-10-05,1.158079743385315
1990-10-08,1.1507028341293335
1990-10-09,1.1064448356628418
1990-10-10,1.0843164920806885
1990-10-11,1.047434687614441
1990-10-12,1.1064448356628418
1990-10-15,1.1359498500823975
1990-10-16,1.1359498500823975
1990-10-17,1.2539712190628052
1990-10-18,1.4457546472549438
1990-10-19,1.4162501096725464
1990-10-22,1.5121421813964844
1990-10-23,1.5121421813964844
1990-10-24,1.4678844213485718
1990-10-25,1.4310022592544556
1990-10-26,1.3719916343688965
1990-10-29,1.327734112739563
1990-10-30,1.3646161556243896
1990-10-31,1.4162501096725464
1990-11-01,1.42362642288208
1990-11-02,1.4752602577209473
1990-11-05,1.5121421813964844
1990-11-06,1.4605073928833008
1990-11-07,1.4310022592544556
1990-11-08,1.4457546472549438
1990-11-09,1.5342707633972168
1990-11-12,1.6522915363311768
1990-11-13,1.6670440435409546
1990-11-14,1.7260544300079346
1990-11-15,1.7481842041015625
1990-11-16,1.5342707633972168
1990-11-19,1.622786283493042
1990-11-20,1.54164719581604
1990-11-21,1.5195180177688599
1990-11-23,1.5047647953033447
1990-11-26,1.5047647953033447
1990-11-27,1.5932813882827759
1990-11-28,1.556399941444397
1990-11-29,1.5195180177688599
1990-11-30,1.4900130033493042
1990-12-03,1.5342707633972168
1990-12-04,1.6006574630737305
1990-12-05,1.6522915363311768
1990-12-06,1.5932813882827759
1990-12-07,1.622786283493042
1990-12-10,1.6670440435409546
1990-12-11,1.6670440435409546
1990-12-12,1.6670440435409546
1990-12-13,1.7113019227981567
1990-12-14,1.6375384330749512
1990-12-17,1.6670440435409546
1990-12-18,1.6375384330749512
1990-12-19,1.6670440435409546
1990-12-20,1.7334308624267578
1990-12-21,1.7629363536834717
1990-12-24,1.8071945905685425
1990-12-26,1.7850650548934937
1990-12-27,1.740807294845581
1990-12-28,1.7260544300079346
1990-12-31,1.71867835521698
1991-01-02,1.696549415588379
1991-01-03,1.5932813882827759
1991-01-04,1.6522915363311768
1991-01-07,1.6522915363311768
1991-01-08,1.7998169660568237
1991-01-09,1.8295625448226929
1991-01-10,1.888580560684204
1991-01-11,1.8295625448226929
1991-01-14,1.8074314594268799
1991-01-15,1.8738266229629517
1991-01-16,1.9475988149642944
1991-01-17,1.9771078824996948
1991-01-18,2.036125659942627
1991-01-21,2.0730130672454834
1991-01-22,2.095144510269165
1991-01-23,2.1984260082244873
1991-01-24,2.1172759532928467
1991-01-25,2.124652862548828
1991-01-28,1.9918622970581055
1991-01-29,2.1172759532928467
1991-01-30,2.257444143295288
1991-01-31,2.242689371109009
1991-02-01,2.3164620399475098
1991-02-04,2.3017072677612305
1991-02-05,2.2869527339935303
1991-02-06,2.375480890274048
1991-02-07,2.331216812133789
1991-02-08,2.4492528438568115
1991-02-11,2.5230259895324707
1991-02-12,2.5820441246032715
1991-02-13,2.6115524768829346
1991-02-14,2.493516206741333
1991-02-15,2.493516206741333
1991-02-19,2.5672895908355713
1991-02-20,2.552535057067871
1991-02-21,2.685325860977173
1991-02-22,2.8033618927001953
1991-02-25,2.877133846282959
1991-02-26,2.810739755630493
1991-02-27,2.862379550933838
1991-02-28,2.8402483463287354
1991-03-01,2.759098529815674
1991-03-04,2.7443430423736572
1991-03-05,2.9361531734466553
1991-03-06,2.9656615257263184
1991-03-07,3.1279609203338623
1991-03-08,3.0394344329833984
1991-03-11,2.8402483463287354
1991-03-12,2.788607358932495
1991-03-13,2.862379550933838
1991-03-14,2.7295897006988525
1991-03-15,2.692702054977417
1991-03-18,2.773852825164795
1991-03-19,2.818115234375
1991-03-20,3.0615668296813965
1991-03-21,3.0099246501922607
1991-03-22,3.0442090034484863
1991-03-25,3.0442090034484863
1991-03-26,3.251098155975342
1991-03-27,3.1919875144958496
1991-03-28,3.1919875144958496
1991-04-01,3.221541166305542
1991-04-02,3.347154378890991
1991-04-03,3.4949302673339844
1991-04-04,3.517097234725952
1991-04-05,3.4875411987304688
1991-04-08,3.546651840209961
1991-04-09,3.4284300804138184
1991-04-10,3.3988752365112305
1991-04-11,3.531874656677246
1991-04-12,3.6648736000061035
1991-04-15,3.605762243270874
1991-04-16,3.5762081146240234
1991-04-17,3.6500964164733887
1991-04-18,3.4432082176208496
1991-04-19,3.3693196773529053
1991-04-22,3.2880425453186035
1991-04-23,3.29543137550354
1991-04-24,3.2806522846221924
1991-04-25,3.251098155975342
1991-04-26,3.17720890045166
1991-04-29,3.132875442504883
1991-04-30,3.0589871406555176
1991-05-01,3.0442090034484863
1991-05-02,3.1033198833465576
1991-05-03,3.132875442504883
1991-05-06,3.0885422229766846
1991-05-07,3.0737650394439697
1991-05-08,3.0589871406555176
1991-05-09,3.214154005050659
1991-05-10,3.1033198833465576
1991-05-13,3.1402649879455566
1991-05-14,3.036821126937866
1991-05-15,2.874265670776367
1991-05-16,2.75604510307312
1991-05-17,2.7929880619049072
1991-05-20,2.6230454444885254
1991-05-21,2.7338778972625732
1991-05-22,2.822542667388916
1991-05-23,2.837322473526001
1991-05-24,2.911210298538208
1991-05-28,2.970320701599121
1991-05-29,3.0589871406555176
1991-05-30,3.0072662830352783
1991-05-31,2.9850993156433105
1991-06-03,3.0959324836730957
1991-06-04,3.1180989742279053
1991-06-05,2.9998764991760254
1991-06-06,2.8890445232391357
1991-06-07,2.8520991802215576
1991-06-10,2.8077657222747803
1991-06-11,2.837322473526001
1991-06-12,2.800377607345581
1991-06-13,2.8816537857055664
1991-06-14,3.1033198833465576
1991-06-17,3.184598684310913
1991-06-18,3.1402649879455566
1991-06-19,3.0885422229766846
1991-06-20,3.014652967453003
1991-06-21,2.977710723876953
1991-06-24,2.837322473526001
1991-06-25,2.741266965866089
1991-06-26,2.753404378890991
1991-06-27,2.664585590362549
1991-06-28,2.5609631538391113
1991-07-01,2.7089946269989014
1991-07-02,2.634979009628296
1991-07-03,2.5757668018341064
1991-07-05,2.5979719161987305
1991-07-08,2.7682089805603027
1991-07-09,2.8496265411376953
1991-07-10,2.8422250747680664
1991-07-11,2.8200206756591797
1991-07-12,2.871830940246582
1991-07-15,2.871830940246582
1991-07-16,2.812617778778076
1991-07-17,2.723799228668213
1991-07-18,2.871830940246582
1991-07-19,2.9606502056121826
1991-07-22,2.9606502056121826
1991-07-23,2.88663387298584
1991-07-24,2.871830940246582
1991-07-25,2.9606502056121826
1991-07-26,2.916241407394409
1991-07-29,2.901437520980835
1991-07-30,3.0494701862335205
1991-07-31,3.167896032333374
1991-08-01,3.2419116497039795
1991-08-02,3.2271084785461426
1991-08-05,3.138288974761963
1991-08-06,3.2271084785461426
1991-08-07,3.308527708053589
1991-08-08,3.3973467350006104
1991-08-09,3.419551372528076
1991-08-12,3.434354782104492
1991-08-13,3.478764295578003
1991-08-14,3.5527806282043457
1991-08-15,3.434354782104492
1991-08-16,3.1086833477020264
1991-08-19,2.9754536151885986
1991-08-20,2.88663387298584
1991-08-21,3.0494701862335205
1991-08-22,3.0864784717559814
1991-08-23,3.0790762901306152
1991-08-26,3.1086833477020264
1991-08-27,3.0494701862335205
1991-08-28,3.0494701862335205
1991-08-29,3.019862651824951
1991-08-30,3.012462615966797
1991-09-03,2.968052387237549
1991-09-04,2.8200206756591797
1991-09-05,2.723799228668213
1991-09-06,2.753404378890991
1991-09-09,2.775611400604248
1991-09-10,2.694192409515381
1991-09-11,2.649782180786133
1991-09-12,2.634979009628296
1991-09-13,2.5017499923706055
1991-09-16,2.5535619258880615
1991-09-17,2.6053719520568848
1991-09-18,2.649782180786133
1991-09-19,3.0494701862335205
1991-09-20,3.1975033283233643
1991-09-23,3.093879461288452
1991-09-24,3.0716757774353027
1991-09-25,3.054180383682251
1991-09-26,3.039353847503662
1991-09-27,2.9800491333007812
1991-09-30,3.039353847503662
1991-10-01,3.195028781890869
1991-10-02,3.150550603866577
1991-10-03,3.1283113956451416
1991-10-04,3.1283113956451416
1991-10-07,3.0690066814422607
1991-10-08,3.083832025527954
1991-10-09,3.039353847503662
1991-10-10,2.9652230739593506
1991-10-11,2.905918836593628
1991-10-14,2.9503979682922363
1991-10-15,3.0319416522979736
1991-10-16,3.2098548412323
1991-10-17,3.202441930770874
1991-10-18,3.306224822998047
1991-10-21,3.2469189167022705
1991-10-22,3.23209285736084
1991-10-23,3.1727888584136963
1991-10-24,3.039353847503662
1991-10-25,2.9429845809936523
1991-10-28,3.024527072906494
1991-10-29,3.0986580848693848
1991-10-30,3.23209285736084
1991-10-31,3.1431362628936768
1991-11-01,3.039353847503662
1991-11-04,2.9800491333007812
1991-11-05,3.024527072906494
1991-11-06,3.0690066814422607
1991-11-07,3.1283113956451416
1991-11-08,3.202441930770874
1991-11-11,3.23209285736084
1991-11-12,3.23209285736084
1991-11-13,3.33587646484375
1991-11-14,3.424833059310913
1991-11-15,3.1431362628936768
1991-11-18,3.2098548412323
1991-11-19,3.1357240676879883
1991-11-20,2.9503979682922363
1991-11-21,2.9652230739593506
1991-11-22,2.861440420150757
1991-11-25,2.891092300415039
1991-11-26,2.920745611190796
1991-11-27,2.8762667179107666
1991-11-29,2.8466150760650635
1991-12-02,2.9948766231536865
1991-12-03,2.920745611190796
1991-12-04,2.9800491333007812
1991-12-05,3.024527072906494
1991-12-06,2.9652230739593506
1991-12-09,3.039353847503662
1991-12-10,2.9948766231536865
1991-12-11,2.9948766231536865
1991-12-12,3.1134848594665527
1991-12-13,3.1727888584136963
1991-12-16,3.2913978099823
1991-12-17,3.23209285736084
1991-12-18,3.350703001022339
1991-12-19,3.33587646484375
1991-12-20,3.261746644973755
1991-12-23,3.5360300540924072
1991-12-24,3.5582680702209473
1991-12-26,3.7065296173095703
1991-12-27,3.7213551998138428
1991-12-30,3.9140944480895996
1991-12-31,3.8844408988952637
1992-01-02,4.017879009246826
1992-01-03,3.9140944480895996
1992-01-06,3.9437456130981445
1992-01-07,3.869617462158203
1992-01-08,3.899268627166748
1992-01-09,3.7407331466674805
1992-01-10,3.6145575046539307
1992-01-13,3.5477590560913086
1992-01-14,3.800109386444092
1992-01-15,3.800109386444092
1992-01-16,3.6962006092071533
1992-01-17,3.79268741607666
1992-01-20,3.7110447883605957
1992-01-21,3.6368248462677
1992-01-22,3.7555766105651855
1992-01-23,3.7555766105651855
1992-01-24,3.7852649688720703
1992-01-27,3.7852649688720703
1992-01-28,3.814953088760376
1992-01-29,3.7555766105651855
1992-01-30,3.7407331466674805
1992-01-31,3.6442458629608154
1992-02-03,3.6665117740631104
1992-02-04,3.7555766105651855
1992-02-05,3.814953088760376
1992-02-06,3.7704219818115234
1992-02-07,3.725888729095459
1992-02-10,3.6368248462677
1992-02-11,3.480959892272949
1992-02-12,3.6294023990631104
1992-02-13,3.4883813858032227
1992-02-14,3.4438490867614746
1992-02-18,3.369629144668579
1992-02-19,3.317674398422241
1992-02-20,3.384472608566284
1992-02-21,3.3102526664733887
1992-02-24,3.3547840118408203
1992-02-25,3.3325185775756836
1992-02-26,3.4883813858032227
1992-02-27,3.265719413757324
1992-02-28,3.3547840118408203
1992-03-02,3.369629144668579
1992-03-03,3.3250958919525146
1992-03-04,3.221186637878418
1992-03-05,3.117277145385742
1992-03-06,2.9985249042510986
1992-03-09,3.0282111167907715
1992-03-10,3.0579001903533936
1992-03-11,2.9985249042510986
1992-03-12,3.072744131088257
1992-03-13,3.0875890254974365
1992-03-16,3.117277145385742
1992-03-17,3.3250958919525146
1992-03-18,3.265719413757324
1992-03-19,3.3250958919525146
1992-03-20,3.2508738040924072
1992-03-23,3.292797803878784
1992-03-24,3.218468189239502
1992-03-25,3.2704977989196777
1992-03-26,3.255631446838379
1992-03-27,3.1664376258850098
1992-03-30,3.151571035385132
1992-03-31,3.0475094318389893
1992-04-01,2.9583141803741455
1992-04-02,2.8691184520721436
1992-04-03,2.8468210697174072
1992-04-06,2.883984327316284
1992-04-07,2.5569348335266113
1992-04-08,2.4603068828582764
1992-04-09,2.542069435119629
1992-04-10,2.3711116313934326
1992-04-13,2.5123374462127686
1992-04-14,2.564368963241577
1992-04-15,2.542069435119629
1992-04-16,2.482605218887329
1992-04-20,2.4231414794921875
1992-04-21,2.3934106826782227
1992-04-22,2.467740058898926
1992-04-23,2.408276081085205
1992-04-24,2.363678216934204
1992-04-27,2.2596170902252197
1992-04-28,2.319079637527466
1992-04-29,2.482605218887329
1992-04-30,2.6312644481658936
1992-05-01,2.5866668224334717
1992-05-04,2.6758618354797363
1992-05-05,2.8245205879211426
1992-05-06,2.854253053665161
1992-05-07,2.802222490310669
1992-05-08,2.7799232006073
1992-05-11,2.7799232006073
1992-05-12,2.713026523590088
1992-05-13,2.7055938243865967
1992-05-14,2.6832950115203857
1992-05-15,2.6907289028167725
1992-05-18,2.7353262901306152
1992-05-19,2.7055938243865967
1992-05-20,2.7799232006073
1992-05-21,2.6609959602355957
1992-05-22,2.6609959602355957
1992-05-26,2.6758618354797363
1992-05-27,2.6609959602355957
1992-05-28,2.6758618354797363
1992-05-29,2.7055938243865967
1992-06-01,2.839386463165283
1992-06-02,2.883984327316284
1992-06-03,2.898850917816162
1992-06-04,2.7873573303222656
1992-06-05,2.757624626159668
1992-06-08,2.7055938243865967
1992-06-09,2.6758618354797363
1992-06-10,2.638697862625122
1992-06-11,2.646130323410034
1992-06-12,2.5866668224334717
1992-06-15,2.5123374462127686
1992-06-16,2.542069435119629
1992-06-17,2.7353262901306152
1992-06-18,2.6907289028167725
1992-06-19,2.6163976192474365
1992-06-22,2.7353262901306152
1992-06-23,2.7251996994018555
1992-06-24,2.6358482837677
1992-06-25,2.561389684677124
1992-06-26,2.516714572906494
1992-06-29,2.6656317710876465
1992-06-30,2.710308074951172
1992-07-01,2.740091562271118
1992-07-02,2.6656317710876465
1992-07-06,2.658186912536621
1992-07-07,2.5464980602264404
1992-07-08,2.5911738872528076
1992-07-09,2.6432945728302
1992-07-10,2.6209559440612793
1992-07-13,2.710308074951172
1992-07-14,2.673079252243042
1992-07-15,2.606064796447754
1992-07-16,2.6358482837677
1992-07-17,2.5762810707092285
1992-07-20,2.5092692375183105
1992-07-21,2.3975796699523926
1992-07-22,2.3231208324432373
1992-07-23,2.256108283996582
1992-07-24,2.1593105792999268
1992-07-27,2.1593105792999268
1992-07-28,2.248661756515503
1992-07-29,2.2933363914489746
1992-07-30,2.3082289695739746
1992-07-31,2.263554334640503
1992-08-03,2.2709994316101074
1992-08-04,2.263554334640503
1992-08-05,2.189094305038452
1992-08-06,2.1444194316864014
1992-08-07,2.1369729042053223
1992-08-10,2.1295278072357178
1992-08-11,2.092299222946167
1992-08-12,2.1146352291107178
1992-08-13,2.1816484928131104
1992-08-14,2.241215944290161
1992-08-17,2.2784459590911865
1992-08-18,2.233769655227661
1992-08-19,2.248661756515503
1992-08-20,2.203986167907715
1992-08-21,2.189094305038452
1992-08-24,2.1444194316864014
1992-08-25,2.1369729042053223
1992-08-26,1.9135966300964355
1992-08-27,1.9806089401245117
1992-08-28,1.9657176733016968
1992-08-31,1.9359344244003296
1992-09-01,2.062514543533325
1992-09-02,2.1369729042053223
1992-09-03,2.1146352291107178
1992-09-04,2.069960594177246
1992-09-08,2.0103933811187744
1992-09-09,1.9731632471084595
1992-09-10,1.9806089401245117
1992-09-11,1.9284883737564087
1992-09-14,1.9657176733016968
1992-09-15,2.0103933811187744
1992-09-16,1.9508254528045654
1992-09-17,1.9359344244003296
1992-09-18,1.9508254528045654
1992-09-21,1.9433799982070923
1992-09-22,1.9135966300964355
1992-09-23,1.757232904434204
1992-09-24,1.7470779418945312
1992-09-25,1.6873493194580078
1992-09-28,1.6724168062210083
1992-09-29,1.642552375793457
1992-09-30,1.6798837184906006
1992-10-01,1.6574844121932983
1992-10-02,1.6052219867706299
1992-10-05,1.6798837184906006
1992-10-06,1.6574844121932983
1992-10-07,1.6052219867706299
1992-10-08,1.6052219867706299
1992-10-09,1.5678907632827759
1992-10-12,1.6126881837844849
1992-10-13,1.5529589653015137
1992-10-14,1.6126881837844849
1992-10-15,1.6052219867706299
1992-10-16,1.709748387336731
1992-10-19,1.874003529548645
1992-10-20,1.8217397928237915
1992-10-21,1.8292067050933838
1992-10-22,1.8217397928237915
1992-10-23,1.8217397928237915
1992-10-26,1.993462085723877
1992-10-27,2.008394241333008
1992-10-28,2.083055019378662
1992-10-29,2.1054532527923584
1992-10-30,2.127852439880371
1992-11-02,2.090522050857544
1992-11-03,2.0158603191375732
1992-11-04,2.075589179992676
1992-11-05,2.284641742706299
1992-11-06,2.2398440837860107
1992-11-09,2.195046901702881
1992-11-10,2.180115222930908
1992-11-11,2.0307912826538086
1992-11-12,2.008394241333008
1992-11-13,2.0531909465789795
1992-11-16,2.083055019378662
1992-11-17,1.9262659549713135
1992-11-18,1.9561303853988647
1992-11-19,1.985994577407837
1992-11-20,1.8964014053344727
1992-11-23,1.9262659549713135
1992-11-24,1.993462085723877
1992-11-25,2.0307912826538086
1992-11-27,1.9710628986358643
1992-11-30,2.0307912826538086
1992-12-01,2.045724391937256
1992-12-02,2.075589179992676
1992-12-03,2.090522050857544
1992-12-04,1.978528618812561
1992-12-07,2.0307912826538086
1992-12-08,2.0307912826538086
1992-12-09,1.985994577407837
1992-12-10,1.911333680152893
1992-12-11,1.8366721868515015
1992-12-14,1.8068076372146606
1992-12-15,1.8068076372146606
1992-12-16,1.7620114088058472
1992-12-17,1.8292067050933838
1992-12-18,1.8217397928237915
1992-12-21,1.8516044616699219
1992-12-22,1.8590710163116455
1992-12-23,1.8516044616699219
1992-12-24,1.8441390991210938
1992-12-28,1.8068076372146606
1992-12-29,1.7918750047683716
1992-12-30,1.8814693689346313
1992-12-31,1.8814693689346313
1993-01-04,1.985994577407837
1993-01-05,2.0158603191375732
1993-01-06,2.000926971435547
1993-01-07,1.9561303853988647
1993-01-08,1.985994577407837
1993-01-11,2.0307912826538086
1993-01-12,1.9710628986358643
1993-01-13,2.404099225997925
1993-01-14,2.3145055770874023
1993-01-15,2.3891680240631104
1993-01-18,2.3294382095336914
1993-01-19,2.364152669906616
1993-01-20,2.513782024383545
1993-01-21,2.640967845916748
1993-01-22,2.640967845916748
1993-01-25,2.573634147644043
1993-01-26,2.588596820831299
1993-01-27,2.4763753414154053
1993-01-28,2.4988181591033936
1993-01-29,2.483855962753296
1993-02-01,2.6035594940185547
1993-02-02,2.71578311920166
1993-02-03,2.588596820831299
1993-02-04,2.6185224056243896
1993-02-05,2.4913382530212402
1993-02-08,2.506300449371338
1993-02-09,2.483855962753296
1993-02-10,2.453930616378784
1993-02-11,2.506300449371338
1993-02-12,2.431486129760742
1993-02-16,2.4165232181549072
1993-02-17,2.468893527984619
1993-02-18,2.528745412826538
1993-02-19,2.6185224056243896
1993-02-22,2.52126407623291
1993-02-23,2.438966989517212
1993-02-24,2.5437068939208984
1993-02-25,2.6634109020233154
1993-02-26,2.670894145965576
1993-03-01,2.573634147644043
1993-03-02,2.6334855556488037
1993-03-03,2.678374767303467
1993-03-04,2.6334855556488037
1993-03-05,2.678374767303467
1993-03-08,2.775634765625
1993-03-09,2.708300828933716
1993-03-10,2.7382264137268066
1993-03-11,2.678374767303467
1993-03-12,2.7382264137268066
1993-03-15,2.7831153869628906
1993-03-16,2.7531890869140625
1993-03-17,2.6185224056243896
1993-03-18,2.596078872680664
1993-03-19,2.6185224056243896
1993-03-22,2.588596820831299
1993-03-23,2.611041784286499
1993-03-24,2.5811164379119873
1993-03-25,2.640967845916748
1993-03-26,2.669461488723755
1993-03-29,2.6544649600982666
1993-03-30,2.5944764614105225
1993-03-31,2.579479932785034
1993-04-01,2.549485445022583
1993-04-02,2.444507598876953
1993-04-05,2.3995161056518555
1993-04-06,2.264543294906616
1993-04-07,2.4220118522644043
1993-04-08,2.5044949054718018
1993-04-12,2.549485445022583
1993-04-13,2.6094744205474854
1993-04-14,2.6844582557678223
1993-04-15,2.669461488723755
1993-04-16,2.6544649600982666
1993-04-19,2.639467239379883
1993-04-20,2.6244704723358154
1993-04-21,2.7894375324249268
1993-04-22,2.871920108795166
1993-04-23,2.826929807662964
1993-04-26,2.7144525051116943
1993-04-27,3.006894111633301
1993-04-28,3.299335241317749
1993-04-29,3.4343066215515137
1993-04-30,3.4343066215515137
1993-05-03,3.5542826652526855
1993-05-04,3.7417452335357666
1993-05-05,3.6592631340026855
1993-05-06,3.5542826652526855
1993-05-07,3.599273920059204
1993-05-10,3.5842769145965576
1993-05-11,3.569279432296753
1993-05-12,3.5542826652526855
1993-05-13,3.4867970943450928
1993-05-14,3.6667609214782715
1993-05-17,3.794234275817871
1993-05-18,3.8842170238494873
1993-05-19,4.109170913696289
1993-05-20,4.019189357757568
1993-05-21,3.9292080402374268
1993-05-24,3.906712770462036
1993-05-25,4.131667137145996
1993-05-26,4.244143962860107
1993-05-27,4.056682586669922
1993-05-28,3.959200382232666
1993-06-01,4.0491838455200195
1993-06-02,3.9517056941986084
1993-06-03,3.8992130756378174
1993-06-04,3.914210081100464
1993-06-07,3.794234275817871
1993-06-08,3.8767178058624268
1993-06-09,4.12416934967041
1993-06-10,4.0491838455200195
1993-06-11,4.169158935546875
1993-06-14,4.349120616912842
1993-06-15,4.3191304206848145
1993-06-16,4.139164447784424
1993-06-17,4.161658763885498
1993-06-18,3.936706781387329
1993-06-21,3.846723794937134
1993-06-22,3.689255475997925
1993-06-23,3.8004133701324463
1993-06-24,3.9205849170684814
1993-06-25,3.9656484127044678
1993-06-28,3.9506278038024902
1993-06-29,3.785393476486206
1993-06-30,3.7102861404418945
1993-07-01,3.5901145935058594
1993-07-02,3.5525617599487305
1993-07-06,3.3497722148895264
1993-07-07,3.31221866607666
1993-07-08,3.409858226776123
1993-07-09,3.567582845687866
1993-07-12,3.5300285816192627
1993-07-13,3.5074965953826904
1993-07-14,3.499985933303833
1993-07-15,3.3798160552978516
1993-07-16,3.252133846282959
1993-07-19,3.124450922012329
1993-07-20,3.184536933898926
1993-07-21,3.1620047092437744
1993-07-22,3.184536933898926
1993-07-23,3.2145798206329346
1993-07-26,3.3197295665740967
1993-07-27,3.1394729614257812
1993-07-28,3.1394729614257812
1993-07-29,3.049344062805176
1993-07-30,2.9742374420166016
1993-08-02,2.9892587661743164
1993-08-03,3.064365863800049
1993-08-04,3.1620047092437744
1993-08-05,3.222090244293213
1993-08-06,3.2371115684509277
1993-08-09,3.2371115684509277
1993-08-10,3.2371115684509277
1993-08-11,3.454922676086426
1993-08-12,3.304708242416382
1993-08-13,3.2446227073669434
1993-08-16,3.229600429534912
1993-08-17,3.064365863800049
1993-08-18,3.0944080352783203
1993-08-19,2.8390445709228516
1993-08-20,2.583681106567383
1993-08-23,2.658787488937378
1993-08-24,2.583681106567383
1993-08-25,2.418445587158203
1993-08-26,2.433466672897339
1993-08-27,2.493553638458252
1993-08-30,2.5386171340942383
1993-08-31,2.5536375045776367
1993-09-01,2.5085744857788086
1993-09-02,2.5536375045776367
1993-09-03,2.40342378616333
1993-09-07,2.3433380126953125
1993-09-08,2.40342378616333
1993-09-09,2.283252716064453
1993-09-10,2.3433380126953125
1993-09-13,2.283252716064453
1993-09-14,2.2231664657592773
1993-09-15,2.133039712905884
1993-09-16,2.07295298576355
1993-09-17,1.9828242063522339
1993-09-20,2.057931661605835
1993-09-21,2.2532095909118652
1993-09-22,2.433466672897339
1993-09-23,2.1630821228027344
1993-09-24,2.1931252479553223
1993-09-27,2.2231664657592773
1993-09-28,2.2532095909118652
1993-09-29,2.2381889820098877
1993-09-30,2.1931252479553223
1993-10-01,2.2594001293182373
1993-10-04,2.2292747497558594
1993-10-05,2.199150562286377
1993-10-06,2.184086799621582
1993-10-07,2.34977650642395
1993-10-08,2.319650888442993
1993-10-11,2.319650888442993
1993-10-12,2.530526638031006
1993-10-13,2.54559063911438
1993-10-14,2.530526638031006
1993-10-15,2.681154727935791
1993-10-18,2.7564680576324463
1993-10-19,2.5907795429229736
1993-10-20,2.6209046840667725
1993-10-21,2.7414064407348633
1993-10-22,2.681154727935791
1993-10-25,2.5907795429229736
1993-10-26,2.530526638031006
1993-10-27,2.5907795429229736
1993-10-28,2.54559063911438
1993-10-29,2.6209046840667725
1993-11-01,2.5907795429229736
1993-11-02,2.5606532096862793
1993-11-03,2.4250898361206055
1993-11-04,2.3799021244049072
1993-11-05,2.3045876026153564
1993-11-08,2.4401519298553467
1993-11-09,2.4401519298553467
1993-11-10,2.470277786254883
1993-11-11,2.4100265502929688
1993-11-12,2.394962787628174
1993-11-15,2.3045876026153564
1993-11-16,2.3799021244049072
1993-11-17,2.50040340423584
1993-11-18,2.5154662132263184
1993-11-19,2.470277786254883
1993-11-22,2.470277786254883
1993-11-23,2.6660923957824707
1993-11-24,2.7414064407348633
1993-11-26,2.8167192935943604
1993-11-29,2.8619067668914795
1993-11-30,2.7865941524505615
1993-12-01,2.9824087619781494
1993-12-02,2.8619067668914795
1993-12-03,2.8920326232910156
1993-12-06,2.7865941524505615
1993-12-07,2.7865941524505615
1993-12-08,2.7414064407348633
1993-12-09,2.6209046840667725
1993-12-10,2.6660923957824707
1993-12-13,2.6962177753448486
1993-12-14,2.5907795429229736
1993-12-15,2.575716257095337
1993-12-16,2.5606532096862793
1993-12-17,2.5606532096862793
1993-12-20,2.50040340423584
1993-12-21,2.4100265502929688
1993-12-22,2.54559063911438
1993-12-23,2.575716257095337
1993-12-27,2.5907795429229736
1993-12-28,2.651029348373413
1993-12-29,2.711280584335327
1993-12-30,2.681154727935791
1993-12-31,2.681154727935791
1994-01-03,2.5606532096862793
1994-01-04,2.6058413982391357
1994-01-05,2.711280584335327
1994-01-06,3.1932854652404785
1994-01-07,3.163160800933838
1994-01-10,3.1480977535247803
1994-01-11,3.163160800933838
1994-01-12,3.1932854652404785
1994-01-13,3.163160800933838
1994-01-14,3.163160800933838
1994-01-17,3.3439135551452637
1994-01-18,3.283661365509033
1994-01-19,3.268599033355713
1994-01-20,3.3137872219085693
1994-01-21,3.5009047985076904
1994-01-24,3.350004196166992
1994-01-25,3.4103636741638184
1994-01-26,3.5009047985076904
1994-01-27,3.6518051624298096
1994-01-28,3.7423458099365234
1994-01-31,3.6518051624298096
1994-02-01,3.5009047985076904
1994-02-02,3.5461742877960205
1994-02-03,3.515994071960449
1994-02-04,3.289642333984375
1994-02-07,3.380183219909668
1994-02-08,3.3198232650756836
1994-02-09,3.561264753341675
1994-02-10,3.5310842990875244
1994-02-11,3.4858148097991943
1994-02-14,3.6216254234313965
1994-02-15,3.6668944358825684
1994-02-16,3.802706480026245
1994-02-17,3.6819863319396973
1994-02-18,3.6518051624298096
1994-02-22,3.6518051624298096
1994-02-23,3.6518051624298096
1994-02-24,3.4858148097991943
1994-02-25,3.4858148097991943
1994-02-28,3.5310842990875244
1994-03-01,3.470724582672119
1994-03-02,3.470724582672119
1994-03-03,3.380183219909668
1994-03-04,3.4103636741638184
1994-03-07,3.6065354347229004
1994-03-08,3.591444253921509
1994-03-09,3.7574362754821777
1994-03-10,3.908337116241455
1994-03-11,3.9988760948181152
1994-03-14,4.07432746887207
1994-03-15,3.923427104949951
1994-03-16,3.561264753341675
1994-03-17,3.7272555828094482
1994-03-18,3.561264753341675
1994-03-21,3.5009047985076904
1994-03-22,3.4103636741638184
1994-03-23,3.350004196166992
1994-03-24,3.2141923904418945
1994-03-25,3.1689224243164062
1994-03-28,2.978424310684204
1994-03-29,2.978424310684204
1994-03-30,2.963304281234741
1994-03-31,2.9330673217773438
1994-04-04,2.872591733932495
1994-04-05,3.1749699115753174
1994-04-06,3.099374294281006
1994-04-07,2.9935426712036133
1994-04-08,2.9179487228393555
1994-04-11,2.9935426712036133
1994-04-12,2.872591733932495
1994-04-13,2.645808458328247
1994-04-14,2.902829647064209
1994-04-15,2.940627336502075
1994-04-18,2.902829647064209
1994-04-19,2.9935426712036133
1994-04-20,2.948186159133911
1994-04-21,3.1144938468933105
1994-04-22,3.0237810611724854
1994-04-25,3.1447319984436035
1994-04-26,2.9935426712036133
1994-04-28,3.084256172180176
1994-04-29,3.235445737838745
1994-05-02,3.3261585235595703
1994-05-03,3.26568341255188
1994-05-04,3.28080153465271
1994-05-05,3.1749699115753174
1994-05-06,3.129612922668457
1994-05-09,2.963304281234741
1994-05-10,2.902829647064209
1994-05-11,2.925509214401245
1994-05-12,2.963304281234741
1994-05-13,2.9330673217773438
1994-05-16,2.9935426712036133
1994-05-17,3.084256172180176
1994-05-18,3.235445737838745
1994-05-19,3.3563973903656006
1994-05-20,3.4773480892181396
1994-05-23,3.5529420375823975
1994-05-24,3.53782320022583
1994-05-25,3.5227041244506836
1994-05-26,3.4471096992492676
1994-05-27,3.3261585235595703
1994-05-31,3.4773480892181396
1994-06-01,3.6285369396209717
1994-06-02,3.5907392501831055
1994-06-03,3.4773480892181396
1994-06-06,3.4773480892181396
1994-06-07,3.416872024536133
1994-06-08,3.3261585235595703
1994-06-09,3.28080153465271
1994-06-10,3.26568341255188
1994-06-13,3.26568341255188
1994-06-14,3.3563973903656006
1994-06-15,3.3563973903656006
1994-06-16,3.341277599334717
1994-06-17,3.1447319984436035
1994-06-20,3.084256172180176
1994-06-21,3.084256172180176
1994-06-22,3.26568341255188
1994-06-23,3.069136619567871
1994-06-24,3.084256172180176
1994-06-27,3.129612922668457
1994-06-28,3.26568341255188
1994-06-29,3.26568341255188
1994-06-30,3.302035331726074
1994-07-01,3.377769947052002
1994-07-05,3.362624406814575
1994-07-06,3.3323299884796143
1994-07-07,3.377769947052002
1994-07-08,3.3929169178009033
1994-07-11,3.4232101440429688
1994-07-12,3.6655631065368652
1994-07-13,3.8018851280212402
1994-07-14,3.741297483444214
1994-07-15,3.7564444541931152
1994-07-18,3.695857048034668
1994-07-19,3.6049745082855225
1994-07-20,3.574681043624878
1994-07-21,3.748871326446533
1994-07-22,3.779165029525757
1994-07-25,3.741297483444214
1994-07-26,3.6655631065368652
1994-07-27,3.6352689266204834
1994-07-28,3.620121479034424
1994-07-29,3.7564444541931152
1994-08-01,3.6807093620300293
1994-08-02,3.7110040187835693
1994-08-03,3.6049745082855225
1994-08-04,3.567107677459717
1994-08-05,3.544387102127075
1994-08-08,3.771591901779175
1994-08-09,3.6504154205322266
1994-08-10,4.021517753601074
1994-08-11,3.9836487770080566
1994-08-12,4.074530601501465
1994-08-15,3.968501567840576
1994-08-16,3.877620220184326
1994-08-17,4.074530601501465
1994-08-18,3.907914161682129
1994-08-19,3.907914161682129
1994-08-22,3.877620220184326
1994-08-23,3.832178831100464
1994-08-24,3.8094589710235596
1994-08-25,3.9382083415985107
1994-08-26,3.832178831100464
1994-08-29,3.8473262786865234
1994-08-30,3.8170320987701416
1994-08-31,3.8473262786865234
1994-09-01,3.6655631065368652
1994-09-02,3.6655631065368652
1994-09-06,3.6352689266204834
1994-09-07,3.6504154205322266
1994-09-08,3.741297483444214
1994-09-09,3.695857048034668
1994-09-12,3.7564444541931152
1994-09-13,3.9836487770080566
1994-09-14,3.9382083415985107
1994-09-15,4.180558681488037
1994-09-16,4.2108540534973145
1994-09-19,4.241145610809326
1994-09-20,4.332027435302734
1994-09-21,4.2108540534973145
1994-09-22,4.1351165771484375
1994-09-23,3.9382083415985107
1994-09-26,3.907914161682129
1994-09-27,3.832178831100464
1994-09-28,4.089675426483154
1994-09-29,4.0198974609375
1994-09-30,3.9440510272979736
1994-10-03,3.898542642593384
1994-10-04,4.095745086669922
1994-10-05,4.338454246520996
1994-10-06,4.095745086669922
1994-10-07,4.292948246002197
1994-10-10,4.277777671813965
1994-10-11,4.429474353790283
1994-10-12,4.49014949798584
1994-10-13,4.550828456878662
1994-10-14,4.429474353790283
1994-10-17,4.368796348571777
1994-10-18,4.368796348571777
1994-10-19,4.505318641662598
1994-10-20,4.399133205413818
1994-10-21,4.353623867034912
1994-10-24,4.262608528137207
1994-10-25,4.277777671813965
1994-10-26,4.399133205413818
1994-10-27,4.41430139541626
1994-10-28,4.308119773864746
1994-10-31,4.368796348571777
1994-11-01,4.41430139541626
1994-11-02,4.277777671813965
1994-11-03,4.217101097106934
1994-11-04,4.186761856079102
1994-11-07,4.1260833740234375
1994-11-08,4.292948246002197
1994-11-09,4.217101097106934
1994-11-10,4.095745086669922
1994-11-11,4.0047287940979
1994-11-14,4.186761856079102
1994-11-15,4.277777671813965
1994-11-16,4.247438430786133
1994-11-17,4.186761856079102
1994-11-18,4.201930522918701
1994-11-21,4.035068035125732
1994-11-22,3.837864398956299
1994-11-23,3.853034257888794
1994-11-25,3.9137120246887207
1994-11-28,4.06540584564209
1994-11-29,4.095745086669922
1994-11-30,4.0047287940979
1994-12-01,3.9592199325561523
1994-12-02,4.110914707183838
1994-12-05,4.156422138214111
1994-12-06,3.989558219909668
1994-12-07,3.9440510272979736
1994-12-08,3.853034257888794
1994-12-09,3.9137120246887207
1994-12-12,3.8833730220794678
1994-12-13,3.853034257888794
1994-12-14,3.9137120246887207
1994-12-15,4.035068035125732
1994-12-16,4.06540584564209
1994-12-19,3.9743897914886475
1994-12-20,3.7771871089935303
1994-12-21,3.625492811203003
1994-12-22,3.6406631469726562
1994-12-23,3.6103227138519287
1994-12-27,3.564815044403076
1994-12-28,3.48896861076355
1994-12-29,3.6406631469726562
1994-12-30,3.6103227138519287
1995-01-03,3.5875699520111084
1995-01-04,3.48896861076355
1995-01-05,3.625492811203003
1995-01-06,3.701340675354004
1995-01-09,3.7468483448028564
1995-01-10,3.8151118755340576
1995-01-11,3.7620174884796143
1995-01-12,3.8364686965942383
1995-01-13,3.7984836101531982
1995-01-16,3.7377073764801025
1995-01-17,3.950422525405884
1995-01-18,3.9276318550109863
1995-01-19,3.7984836101531982
1995-01-20,3.707319498062134
1995-01-23,3.707319498062134
1995-01-24,3.707319498062134
1995-01-25,3.6465442180633545
1995-01-26,3.6161553859710693
1995-01-27,3.6465442180633545
1995-01-30,3.494605302810669
1995-01-31,3.5173962116241455
1995-02-01,3.494605302810669
1995-02-02,3.6161553859710693
1995-02-03,3.5401859283447266
1995-02-06,3.570573568344116
1995-02-07,3.494605302810669
1995-02-08,3.6161553859710693
1995-02-09,3.5249927043914795
1995-02-10,3.8896467685699463
1995-02-13,3.828871011734009
1995-02-14,3.8896467685699463
1995-02-15,3.950422525405884
1995-02-16,4.1935248374938965
1995-02-17,4.163136959075928
1995-02-21,4.360657691955566
1995-02-22,4.406239986419678
1995-02-23,4.330268383026123
1995-02-24,4.163136959075928
1995-02-27,4.102361679077148
1995-02-28,4.345462799072266
1995-03-01,4.284688472747803
1995-03-02,4.254299640655518
1995-03-03,4.345462799072266
1995-03-06,4.406239986419678
1995-03-07,4.284688472747803
1995-03-08,4.46701717376709
1995-03-09,4.527791976928711
1995-03-10,4.436628818511963
1995-03-13,4.345462799072266
1995-03-14,4.497403144836426
1995-03-15,4.527791976928711
1995-03-16,4.542985916137695
1995-03-17,4.618956089019775
1995-03-20,4.527791976928711
1995-03-21,4.375853538513184
1995-03-22,4.558180809020996
1995-03-23,4.710119247436523
1995-03-24,6.107961177825928
1995-03-27,5.743307590484619
1995-03-28,6.107961177825928
1995-03-29,5.864858150482178
1995-03-30,6.107961177825928
1995-03-31,6.022791385650635
1995-04-03,5.931536674499512
1995-04-04,5.870699882507324
1995-04-05,6.1748785972595215
1995-04-06,5.870699882507324
1995-04-07,5.870699882507324
1995-04-10,6.1748785972595215
1995-04-11,6.463852405548096
1995-04-12,6.524688720703125
1995-04-13,6.5094804763793945
1995-04-17,6.2052998542785645
1995-04-18,6.0836262702941895
1995-04-19,6.0836262702941895
1995-04-20,6.1748785972595215
1995-04-21,6.3573899269104
1995-04-24,6.5094804763793945
1995-04-25,6.8288702964782715
1995-04-26,6.72240686416626
1995-04-27,6.874496936798096
1995-04-28,7.087424278259277
1995-05-01,7.057007312774658
1995-05-02,6.72240686416626
1995-05-03,6.72240686416626
1995-05-04,6.661569595336914
1995-05-05,6.539897918701172
1995-05-08,6.707197666168213
1995-05-09,6.631152629852295
1995-05-10,6.539897918701172
1995-05-11,6.752826690673828
1995-05-12,6.826968669891357
1995-05-15,6.904916286468506
1995-05-16,6.72240686416626
1995-05-17,6.935334205627441
1995-05-18,6.661569595336914
1995-05-19,6.570316314697266
1995-05-22,6.5094804763793945
1995-05-23,6.904916286468506
1995-05-24,6.669175148010254
1995-05-25,6.72240686416626
1995-05-26,6.653966426849365
1995-05-30,6.479062080383301
1995-05-31,6.326971530914307
1995-06-01,6.3802032470703125
1995-06-02,6.326971530914307
1995-06-05,6.631152629852295
1995-06-06,6.631152629852295
1995-06-07,6.5094804763793945
1995-06-08,6.874496936798096
1995-06-09,7.026590347290039
1995-06-12,6.9505438804626465
1995-06-13,7.087424278259277
1995-06-14,7.087424278259277
1995-06-15,7.269933223724365
1995-06-16,7.269933223724365
1995-06-19,7.574115753173828
1995-06-20,7.847877502441406
1995-06-21,7.710998058319092
1995-06-22,7.969553470611572
1995-06-23,7.452441692352295
1995-06-26,7.178679943084717
1995-06-27,6.813661098480225
1995-06-28,6.874496936798096
1995-06-29,7.102632522583008
1995-06-30,7.057007312774658
1995-07-03,7.087424278259277
1995-07-05,7.184845924377441
1995-07-06,7.1696248054504395
1995-07-07,7.093514442443848
1995-07-10,6.971737384796143
1995-07-11,6.7890706062316895
1995-07-12,6.956513404846191
1995-07-13,7.131569862365723
1995-07-14,7.276179313659668
1995-07-17,7.61106538772583
1995-07-18,7.41317892074585
1995-07-19,6.941293716430664
1995-07-20,7.13917875289917
1995-07-21,7.3218464851379395
1995-07-24,7.519731521606445
1995-07-25,7.61106538772583
1995-07-26,7.732840061187744
1995-07-27,7.961172580718994
1995-07-28,7.580620765686035
1995-07-31,7.519731521606445
1995-08-01,7.397956371307373
1995-08-02,7.13917875289917
1995-08-03,6.834737777709961
1995-08-04,6.941293716430664
1995-08-07,6.971737384796143
1995-08-08,7.215290546417236
1995-08-09,7.19245719909668
1995-08-10,7.1544013023376465
1995-08-11,7.123958110809326
1995-08-14,7.184845924377441
1995-08-15,7.215290546417236
1995-08-16,7.702398777008057
1995-08-17,7.6415114402771
1995-08-18,7.397956371307373
1995-08-21,7.123958110809326
1995-08-22,7.443621635437012
1995-08-23,7.580620765686035
1995-08-24,7.504509449005127
1995-08-25,7.1696248054504395
1995-08-28,6.758626461029053
1995-08-29,6.606404781341553
1995-08-30,6.043187618255615
1995-08-31,6.210630416870117
1995-09-01,6.066020965576172
1995-09-05,6.210630416870117
1995-09-06,6.332406520843506
1995-09-07,6.210630416870117
1995-09-08,6.088851451873779
1995-09-11,5.967076301574707
1995-09-12,6.012742042541504
1995-09-13,6.1040754318237305
1995-09-14,5.84529972076416
1995-09-15,5.951852321624756
1995-09-18,6.180185794830322
1995-09-19,6.575961589813232
1995-09-20,6.575961589813232
1995-09-21,6.347629070281982
1995-09-22,6.362850189208984
1995-09-25,6.3019633293151855
1995-09-26,6.271517276763916
1995-09-27,6.210630416870117
1995-09-28,6.4085187911987305
1995-09-29,6.3019633293151855
1995-10-02,6.3019633293151855
1995-10-03,6.362850189208984
1995-10-04,6.186104774475098
1995-10-05,6.368945121765137
1995-10-06,6.186104774475098
1995-10-09,5.957554340362549
1995-10-10,5.546164035797119
1995-10-11,5.698531627655029
1995-10-12,6.170867919921875
1995-10-13,6.003264904022217
1995-10-16,5.8204240798950195
1995-10-17,6.12515926361084
1995-10-18,6.338472366333008
1995-10-19,6.42989444732666
1995-10-20,6.384181976318359
1995-10-23,6.338472366333008
1995-10-24,6.673677921295166
1995-10-25,6.886994361877441
1995-10-26,6.551786422729492
1995-10-27,6.612732410430908
1995-10-30,7.100308418273926
1995-10-31,6.947941303253174
1995-11-01,6.963177680969238
1995-11-02,7.4050421714782715
1995-11-03,7.770723342895508
1995-11-06,7.5878825187683105
1995-11-07,7.420279502868652
1995-11-08,7.374568939208984
1995-11-09,7.511699676513672
1995-11-10,8.136404037475586
1995-11-13,7.648828983306885
1995-11-14,7.4050421714782715
1995-11-15,7.725012302398682
1995-11-16,7.770723342895508
1995-11-17,7.5269365310668945
1995-11-20,7.191727638244629
1995-11-21,7.0850701332092285
1995-11-22,7.435515403747559
1995-11-24,7.5269365310668945
1995-11-27,7.92309045791626
1995-11-28,8.380192756652832
1995-11-29,8.334479331970215
1995-11-30,8.243062019348145
1995-12-01,8.166879653930664
1995-12-04,8.50208568572998
1995-12-05,8.791583061218262
1995-12-06,8.593504905700684
1995-12-07,8.349720001220703
1995-12-08,8.776345252990723
1995-12-11,8.776345252990723
1995-12-12,8.715397834777832
1995-12-13,8.776345252990723
1995-12-14,8.060221672058105
1995-12-15,7.5878825187683105
1995-12-18,6.978413105010986
1995-12-19,7.770723342895508
1995-12-20,7.740251064300537
1995-12-21,7.92309045791626
1995-12-22,7.801198959350586
1995-12-26,7.831671714782715
1995-12-27,7.831671714782715
1995-12-28,7.465989112854004
1995-12-29,7.557409763336182
1996-01-02,7.81643533706665
1996-01-03,7.359333038330078
1996-01-04,7.1307806968688965
1996-01-05,5.1500091552734375
1996-01-08,5.104298114776611
1996-01-09,4.631959438323975
1996-01-10,4.69290828704834
1996-01-11,4.784326553344727
1996-01-12,4.860511302947998
1996-01-15,4.471975326538086
1996-01-16,4.433884620666504
1996-01-17,4.363697528839111
1996-01-18,4.348441123962402
1996-01-19,4.5315327644348145
1996-01-22,4.729882717132568
1996-01-23,4.821429252624512
1996-01-24,4.9587483406066895
1996-01-25,4.775655269622803
1996-01-26,4.821429252624512
1996-01-29,4.699367523193359
1996-01-30,4.577304840087891
1996-01-31,4.150089263916016
1996-02-01,4.180606365203857
1996-02-02,4.3942131996154785
1996-02-05,4.439986705780029
1996-02-06,4.455244541168213
1996-02-07,4.348441123962402
1996-02-08,4.729882717132568
1996-02-09,4.729882717132568
1996-02-12,4.623078346252441
1996-02-13,4.546791076660156
1996-02-14,4.523904323577881
1996-02-15,4.371326923370361
1996-02-16,4.302666664123535
1996-02-20,4.516274929046631
1996-02-21,4.592564105987549
1996-02-22,4.501018047332764
1996-02-23,4.485760688781738
1996-02-26,4.3179240226745605
1996-02-27,4.180606365203857
1996-02-28,4.119575023651123
1996-02-29,4.089059829711914
1996-03-01,3.9822559356689453
1996-03-04,3.9517407417297363
1996-03-05,3.9975130558013916
1996-03-06,3.8754522800445557
1996-03-07,3.9669978618621826
1996-03-08,3.9212253093719482
1996-03-11,4.028029918670654
1996-03-12,3.936483144760132
1996-03-13,4.256895065307617
1996-03-14,4.150089263916016
1996-03-15,4.195864200592041
1996-03-18,4.165348052978516
1996-03-19,4.241636753082275
1996-03-20,4.165348052978516
1996-03-21,4.180606365203857
1996-03-22,3.8296780586242676
1996-03-25,3.822050094604492
1996-03-26,3.9517407417297363
1996-03-27,3.905967950820923
1996-03-28,3.8907101154327393
1996-03-29,3.936483144760132
1996-04-01,4.012770652770996
1996-04-02,4.049445152282715
1996-04-03,4.095287799835205
1996-04-04,3.973040819168091
1996-04-08,4.110570907592773
1996-04-09,4.141131401062012
1996-04-10,4.018883228302002
1996-04-11,4.003602981567383
1996-04-12,4.263376712799072
1996-04-15,4.263376712799072
1996-04-16,4.324501991271973
1996-04-17,4.232814788818359
1996-04-18,4.370344638824463
1996-04-19,4.278659820556641
1996-04-22,4.622480869293213
1996-04-23,4.6606831550598145
1996-04-24,4.889895915985107
1996-04-25,5.256636619567871
1996-04-26,5.164952754974365
1996-04-29,5.103830337524414
1996-04-30,5.256636619567871
1996-05-01,5.21079683303833
1996-05-02,5.057986259460449
1996-05-03,5.088548183441162
1996-05-06,4.951019763946533
1996-05-07,4.981582164764404
1996-05-08,4.905177593231201
1996-05-09,4.813491344451904
1996-05-10,4.9204583168029785
1996-05-13,5.073268890380859
1996-05-14,5.195513725280762
1996-05-15,5.21079683303833
1996-05-16,5.4858527183532715
1996-05-17,5.256636619567871
1996-05-20,5.271920204162598
1996-05-21,5.134392738342285
1996-05-22,5.119110107421875
1996-05-23,5.119110107421875
1996-05-24,4.9204583168029785
1996-05-28,4.630120754241943
1996-05-29,4.553717136383057
1996-05-30,4.599560260772705
1996-05-31,4.538434982299805
1996-06-03,4.416189193725586
1996-06-04,4.385624408721924
1996-06-05,4.492593765258789
1996-06-06,4.286301136016846
1996-06-07,4.324501991271973
1996-06-10,4.462031364440918
1996-06-11,4.462031364440918
1996-06-12,4.400905132293701
1996-06-13,4.553717136383057
1996-06-14,4.278659820556641
1996-06-17,4.186975479125977
1996-06-18,4.202254772186279
1996-06-19,4.400905132293701
1996-06-20,4.416189193725586
1996-06-21,4.400905132293701
1996-06-24,4.248096942901611
1996-06-25,4.141131401062012
1996-06-26,4.255738735198975
1996-06-27,4.316861629486084
1996-06-28,4.385624408721924
1996-07-01,4.416189193725586
1996-07-02,4.408548355102539
1996-07-03,4.31520414352417
1996-07-05,4.299901485443115
1996-07-08,4.269296169281006
1996-07-09,4.269296169281006
1996-07-10,4.146881103515625
1996-07-11,3.9785571098327637
1996-07-12,3.9785571098327637
1996-07-15,3.680166482925415
1996-07-16,3.687816858291626
1996-07-17,3.85614013671875
1996-07-18,4.31520414352417
1996-07-19,4.009161949157715
1996-07-22,3.9938600063323975
1996-07-23,3.917349100112915
1996-07-24,3.71842098236084
1996-07-25,3.9479527473449707
1996-07-26,3.886744499206543
1996-07-29,3.7337229251861572
1996-07-30,3.71842098236084
1996-07-31,3.71842098236084
1996-08-01,3.7796292304992676
1996-08-02,3.7796292304992676
1996-08-05,3.7643258571624756
1996-08-06,4.055067539215088
1996-08-07,4.070369243621826
1996-08-08,4.009161949157715
1996-08-09,4.009161949157715
1996-08-12,3.9938600063323975
1996-08-13,3.917349100112915
1996-08-14,3.9785571098327637
1996-08-15,4.03976583480835
1996-08-16,3.9785571098327637
1996-08-19,3.9479527473449707
1996-08-20,4.17748498916626
1996-08-21,4.560039520263672
1996-08-22,4.376412391662598
1996-08-23,4.376412391662598
1996-08-26,4.299901485443115
1996-08-27,4.3917131423950195
1996-08-28,4.590641975402832
1996-08-29,4.407015323638916
1996-08-30,4.269296169281006
1996-09-03,4.31520414352417
1996-09-04,4.208089351654053
1996-09-05,4.085669994354248
1996-09-06,4.131579399108887
1996-09-09,4.154531955718994
1996-09-10,4.03976583480835
1996-09-11,4.070369243621826
1996-09-12,4.024463176727295
1996-09-13,3.9479527473449707
1996-09-16,4.024463176727295
1996-09-17,4.131579399108887
1996-09-18,4.085669994354248
1996-09-19,4.414669036865234
1996-09-20,4.651849746704102
1996-09-23,4.6059465408325195
1996-09-24,4.514132499694824
1996-09-25,4.284599781036377
1996-09-26,4.728362083435059
1996-09-27,4.63654899597168
1996-09-30,4.566067218780518
1996-10-01,4.596710205078125
1996-10-02,4.520099639892578
1996-10-03,4.382197380065918
1996-10-04,4.259617805480957
1996-10-07,4.144702434539795
1996-10-08,4.3515543937683105
1996-10-09,4.44348669052124
1996-10-10,4.397518634796143
1996-10-11,4.520099639892578
1996-10-14,4.612034797668457
1996-10-15,4.5354204177856445
1996-10-16,4.5354204177856445
1996-10-17,4.520099639892578
1996-10-18,4.474132537841797
1996-10-21,4.382197380065918
1996-10-22,4.228974342346191
1996-10-23,4.259617805480957
1996-10-24,4.259617805480957
1996-10-25,4.152362823486328
1996-10-28,4.137040615081787
1996-10-29,4.014461517333984
1996-10-30,4.167685031890869
1996-10-31,4.2442946434021
1996-11-01,4.198330879211426
1996-11-04,4.137040615081787
1996-11-05,4.07574987411499
1996-11-06,4.228974342346191
1996-11-07,4.290263652801514
1996-11-08,4.3055853843688965
1996-11-11,4.520099639892578
1996-11-12,4.780581474304199
1996-11-13,4.910820007324219
1996-11-14,5.025737762451172
1996-11-15,5.209604740142822
1996-11-18,5.0870280265808105
1996-11-19,5.0870280265808105
1996-11-20,4.949124813079834
1996-11-21,4.887835502624512
1996-11-22,4.841869831085205
1996-11-25,4.841869831085205
1996-11-26,4.841869831085205
1996-11-27,4.841869831085205
1996-11-29,4.841869831085205
1996-12-02,5.316863536834717
1996-12-03,5.163639545440674
1996-12-04,5.194283485412598
1996-12-05,5.148317337036133
1996-12-06,4.964447498321533
1996-12-09,5.041058540344238
1996-12-10,4.949124813079834
1996-12-11,4.903158187866211
1996-12-12,4.811222553253174
1996-12-13,4.811222553253174
1996-12-16,4.780581474304199
1996-12-17,4.903158187866211
1996-12-18,5.0104146003723145
1996-12-19,5.117672443389893
1996-12-20,4.995092868804932
1996-12-23,4.8265461921691895
1996-12-24,4.780581474304199
1996-12-26,4.673323154449463
1996-12-27,4.550743579864502
1996-12-30,4.596710205078125
1996-12-31,4.581389904022217
1997-01-02,4.734612464904785
1997-01-03,4.795902252197266
1997-01-06,4.964447498321533
1997-01-07,5.163639545440674
1997-01-08,5.17896032333374
1997-01-09,5.071704387664795
1997-01-10,4.811222553253174
1997-01-13,4.8265461921691895
1997-01-14,4.7866597175598145
1997-01-15,4.571872711181641
1997-01-16,4.594884395599365
1997-01-17,4.58721399307251
1997-01-20,4.648581027984619
1997-01-21,4.5565290451049805
1997-01-22,4.6639227867126465
1997-01-23,4.47982120513916
1997-01-24,4.41845178604126
1997-01-27,4.372427940368652
1997-01-28,4.47982120513916
1997-01-29,4.43379545211792
1997-01-30,4.58721399307251
1997-01-31,4.648581027984619
1997-02-03,4.617897987365723
1997-02-04,4.47982120513916
1997-02-05,4.265033721923828
1997-02-06,4.3417439460754395
1997-02-07,4.47982120513916
1997-02-10,4.633238792419434
1997-02-11,4.487490653991699
1997-02-12,4.748301982879639
1997-02-13,4.832682132720947
1997-02-14,4.602554798126221
1997-02-18,4.8787078857421875
1997-02-19,4.863365650177002
1997-02-20,4.832682132720947
1997-02-21,4.525845527648926
1997-02-24,4.47982120513916
1997-02-25,4.648581027984619
1997-02-26,4.5565290451049805
1997-02-27,4.3570876121521
1997-02-28,4.47982120513916
1997-03-03,4.510505199432373
1997-03-04,4.495163440704346
1997-03-05,4.47982120513916
1997-03-06,4.3417439460754395
1997-03-07,4.1346306800842285
1997-03-10,4.3417439460754395
1997-03-11,4.180654525756836
1997-03-12,4.080932140350342
1997-03-13,4.080932140350342
1997-03-14,4.080932140350342
1997-03-17,4.265033721923828
1997-03-18,4.280375957489014
1997-03-19,4.740631580352783
1997-03-20,4.970759391784668
1997-03-21,5.06281042098999
1997-03-24,5.032127857208252
1997-03-25,5.093495845794678
1997-03-26,5.246913433074951
1997-03-27,5.053378105163574
1997-03-31,4.9305009841918945
1997-04-01,4.899779796600342
1997-04-02,5.007300853729248
1997-04-03,5.1608991622924805
1997-04-04,5.283776760101318
1997-04-07,5.3298540115356445
1997-04-08,5.360574722290039
1997-04-09,5.283776760101318
1997-04-10,5.153219223022461
1997-04-11,5.068737983703613
1997-04-14,5.1916184425354
1997-04-15,5.1608991622924805
1997-04-16,5.099458694458008
1997-04-17,5.099458694458008
1997-04-18,4.945861339569092
1997-04-21,4.899779796600342
1997-04-22,4.884422302246094
1997-04-23,4.945861339569092
1997-04-24,4.991940498352051
1997-04-25,4.65402364730835
1997-04-28,4.746181488037109
1997-04-29,4.730823993682861
1997-04-30,4.807621479034424
1997-05-01,5.1301774978637695
1997-05-02,5.406655788421631
1997-05-05,5.713850498199463
1997-05-06,5.575612545013428
1997-05-07,5.698490142822266
1997-05-08,5.406655788421631
1997-05-09,5.3144965171813965
1997-05-12,5.3836164474487305
1997-05-13,5.3759355545043945
1997-05-14,5.283776760101318
1997-05-15,5.4450554847717285
1997-05-16,5.498814105987549
1997-05-19,5.4220147132873535
1997-05-20,5.3836164474487305
1997-05-21,5.6524128913879395
1997-05-22,5.683130741119385
1997-05-23,5.698490142822266
1997-05-27,6.005687236785889
1997-05-28,5.867448806762695
1997-05-29,5.590972423553467
1997-05-30,5.483453750610352
1997-06-02,5.552574157714844
1997-06-03,4.976580619812012
1997-06-04,5.084097862243652
1997-06-05,5.214657783508301
1997-06-06,5.299136638641357
1997-06-09,5.099458694458008
1997-06-10,5.099458694458008
1997-06-11,5.1301774978637695
1997-06-12,5.099458694458008
1997-06-13,5.068737983703613
1997-06-16,5.084097862243652
1997-06-17,5.107138156890869
1997-06-18,4.945861339569092
1997-06-19,4.42362642288208
1997-06-20,4.408267498016357
1997-06-23,4.385228157043457
1997-06-24,4.362186908721924
1997-06-25,4.346828460693359
1997-06-26,4.331467628479004
1997-06-27,4.339147567749023
1997-06-30,4.3084282875061035
1997-07-01,4.270029067993164
1997-07-02,4.460765361785889
1997-07-03,4.568437099456787
1997-07-07,4.6299662590026855
1997-07-08,4.737640380859375
1997-07-09,4.599203109741211
1997-07-10,4.4453816413879395
1997-07-11,4.460765361785889
1997-07-14,4.637657165527344
1997-07-15,4.614584922790527
1997-07-16,4.599203109741211
1997-07-17,4.56074857711792
1997-07-18,4.56074857711792
1997-07-21,4.56074857711792
1997-07-22,4.6299662590026855
1997-07-23,4.56074857711792
1997-07-24,4.568437099456787
1997-07-25,4.729948997497559
1997-07-28,4.645349025726318
1997-07-29,4.651509761810303
1997-07-30,4.574496269226074
1997-07-31,4.605302810668945
1997-08-01,4.651509761810303
1997-08-04,4.68231201171875
1997-08-05,4.836336612701416
1997-08-06,4.9595561027526855
1997-08-07,4.9133501052856445
1997-08-08,4.7824296951293945
1997-08-11,4.9595561027526855
1997-08-12,4.8902459144592285
1997-08-13,5.036569595336914
1997-08-14,5.221396446228027
1997-08-15,4.99036169052124
1997-08-18,5.113579750061035
1997-08-19,5.075075149536133
1997-08-20,5.352316379547119
1997-08-21,5.113579750061035
1997-08-22,5.313809394836426
1997-08-25,5.267603397369385
1997-08-26,5.028866767883301
1997-08-27,4.690016746520996
1997-08-28,4.92104959487915
1997-08-29,4.851738929748535
1997-09-02,5.005760669708252
1997-09-03,5.0596723556518555
1997-09-04,5.044269561767578
1997-09-05,5.144384860992432
1997-09-08,5.090476036071777
1997-09-09,5.082775115966797
1997-09-10,5.051969528198242
1997-09-11,5.490939140319824
1997-09-12,5.575648784637451
1997-09-15,5.583351135253906
1997-09-16,5.560246467590332
1997-09-17,5.4986371994018555
1997-09-18,5.6372599601745605
1997-09-19,6.130135536193848
1997-09-22,6.422778606414795
1997-09-23,6.376572132110596
1997-09-24,6.2764573097229
1997-09-25,6.261056423187256
1997-09-26,6.145537376403809
1997-09-29,6.182538986206055
1997-09-30,6.213375091552734
1997-10-01,6.143993854522705
1997-10-02,6.190248489379883
1997-10-03,6.105450630187988
1997-10-06,6.2442097663879395
1997-10-07,6.298172473907471
1997-10-08,6.321300029754639
1997-10-09,6.352134704589844
1997-10-10,6.205667018890381
1997-10-13,6.398388385772705
1997-10-14,6.413806915283203
1997-10-15,6.33671760559082
1997-10-16,6.136287212371826
1997-10-17,5.905018329620361
1997-10-20,6.205667018890381
1997-10-21,6.167120933532715
1997-10-22,6.059196472167969
1997-10-23,6.0437798500061035
1997-10-24,6.09003210067749
1997-10-27,5.704587459564209
1997-10-28,6.020653247833252
1997-10-29,6.036070346832275
1997-10-30,5.935854434967041
1997-10-31,5.889601707458496
1997-11-03,6.0283613204956055
1997-11-04,5.974400043487549
1997-11-05,5.9281463623046875
1997-11-06,5.905018329620361
1997-11-07,5.889601707458496
1997-11-10,5.804804801940918
1997-11-11,5.812512397766113
1997-11-12,5.581243991851807
1997-11-13,5.642917156219482
1997-11-14,5.982108116149902
1997-11-17,6.012942314147949
1997-11-18,5.195800304412842
1997-11-19,5.303725242614746
1997-11-20,5.257471084594727
1997-11-21,5.296015739440918
1997-11-24,5.080167770385742
1997-11-25,5.218926429748535
1997-11-26,5.149547100067139
1997-11-28,5.180382251739502
1997-12-01,5.2805986404418945
1997-12-02,5.134127140045166
1997-12-03,5.195800304412842
1997-12-04,5.134127140045166
1997-12-05,5.057039260864258
1997-12-08,5.242053508758545
1997-12-09,5.134127140045166
1997-12-10,5.010784149169922
1997-12-11,4.818064212799072
1997-12-12,4.3478193283081055
1997-12-15,4.471163272857666
1997-12-16,4.2784423828125
1997-12-17,4.316983699798584
1997-12-18,4.2707319259643555
1997-12-19,4.548252582550049
1997-12-22,4.586796283721924
1997-12-23,4.478870391845703
1997-12-24,4.571380138397217
1997-12-26,4.656177520751953
1997-12-29,4.7332658767700195
1997-12-30,4.9591498374938965
1997-12-31,5.090263366699219
1998-01-02,4.997713088989258
1998-01-05,5.067126274108887
1998-01-06,5.236800670623779
1998-01-07,5.159675121307373
1998-01-08,5.205952167510986
1998-01-09,5.090263366699219
1998-01-12,5.028562068939209
1998-01-13,4.966862678527832
1998-01-14,4.7971882820129395
1998-01-15,4.843461990356445
1998-01-16,4.843461990356445
1998-01-20,4.889736652374268
1998-01-21,4.820326328277588
1998-01-22,4.750911712646484
1998-01-23,4.720061779022217
1998-01-26,4.612087249755859
1998-01-27,4.612087249755859
1998-01-28,4.6814985275268555
1998-01-29,4.6429362297058105
1998-01-30,4.750911712646484
1998-02-02,4.735487461090088
1998-02-03,4.7277750968933105
1998-02-04,4.843461990356445
1998-02-05,4.8665995597839355
1998-02-06,4.9360127449035645
1998-02-09,5.013134956359863
1998-02-10,4.974574565887451
1998-02-11,4.9822869300842285
1998-02-12,5.090263366699219
1998-02-13,5.360201835632324
1998-02-17,5.344776630401611
1998-02-18,5.406474590301514
1998-02-19,5.414190292358398
1998-02-20,5.398763179779053
1998-02-23,5.410333633422852
1998-02-24,5.151963710784912
1998-02-25,5.275363445281982
1998-02-26,5.375627040863037
1998-02-27,5.452752590179443
1998-03-02,5.3216376304626465
1998-03-03,5.383338928222656
1998-03-04,5.414190292358398
1998-03-05,5.391050815582275
1998-03-06,5.49131441116333
1998-03-09,5.383338928222656
1998-03-10,5.522164344787598
1998-03-11,5.52601957321167
1998-03-12,5.475888729095459
1998-03-13,5.414190292358398
1998-03-16,5.483600616455078
1998-03-17,5.383338928222656
1998-03-18,5.259936809539795
1998-03-19,5.421902179718018
1998-03-20,5.337062835693359
1998-03-23,5.3216376304626465
1998-03-24,5.4373273849487305
1998-03-25,5.483600616455078
1998-03-26,5.923216342926025
1998-03-27,5.614713191986084
1998-03-30,5.599289417266846
1998-03-31,5.576152324676514
1998-04-01,5.64781379699707
1998-04-02,5.755832195281982
1998-04-03,5.802124977111816
1998-04-06,5.701823711395264
1998-04-07,5.524364471435547
1998-04-08,5.547512531280518
1998-04-09,5.593804359436035
1998-04-13,5.78669548034668
1998-04-14,5.763547897338867
1998-04-15,5.956438064575195
1998-04-16,5.971868991851807
1998-04-17,6.010448455810547
1998-04-20,6.172473907470703
1998-04-21,6.0567402839660645
1998-04-22,6.257347106933594
1998-04-23,6.13389778137207
1998-04-24,6.265061378479004
1998-04-27,6.187905788421631
1998-04-28,6.025878429412842
1998-04-29,6.249629020690918
1998-04-30,6.180190563201904
1998-05-01,6.2187676429748535
1998-05-04,6.15704345703125
1998-05-05,6.095317840576172
1998-05-06,6.079888343811035
1998-05-07,6.149326324462891
1998-05-08,6.249629020690918
1998-05-11,5.832987308502197
1998-05-12,5.678676605224609
1998-05-13,5.593804359436035
1998-05-14,5.586088180541992
1998-05-15,5.601521015167236
1998-05-18,5.547512531280518
1998-05-19,5.616950511932373
1998-05-20,5.51664924621582
1998-05-21,5.439493656158447
1998-05-22,5.354620456695557
1998-05-26,5.107723236083984
1998-05-27,5.14630126953125
1998-05-28,5.16944694519043
1998-05-29,4.930263996124268
1998-06-01,4.8531084060668945
1998-06-02,5.061428070068359
1998-06-03,4.937979698181152
1998-06-04,5.022852897644043
1998-06-05,5.045998573303223
1998-06-08,4.999704360961914
1998-06-09,5.370052814483643
1998-06-10,5.184877872467041
1998-06-11,5.038281440734863
1998-06-12,4.937979698181152
1998-06-15,4.891685485839844
1998-06-16,5.154016971588135
1998-06-17,5.123154163360596
1998-06-18,5.053713321685791
1998-06-19,4.868538856506348
1998-06-22,4.953411102294922
1998-06-23,4.999704360961914
1998-06-24,5.192593097686768
1998-06-25,5.478071212768555
1998-06-26,5.238887786865234
1998-06-29,5.2774658203125
1998-06-30,5.238887786865234
1998-07-01,5.133047103881836
1998-07-02,5.109890460968018
1998-07-06,5.071296215057373
1998-07-07,5.032700538635254
1998-07-08,5.140764236450195
1998-07-09,5.040419578552246
1998-07-10,4.963231563568115
1998-07-13,4.924637317657471
1998-07-14,4.816573143005371
1998-07-15,4.855168342590332
1998-07-16,4.916919231414795
1998-07-17,4.9323554039001465
1998-07-20,5.00182580947876
1998-07-21,4.893762111663818
1998-07-22,4.878324031829834
1998-07-23,4.8011345863342285
1998-07-24,4.677633762359619
1998-07-27,4.677633762359619
1998-07-28,4.662197589874268
1998-07-29,4.4537858963012695
1998-07-30,4.229938507080078
1998-07-31,3.9906539916992188
1998-08-03,3.8285582065582275
1998-08-04,3.7359323501586914
1998-08-05,3.774526357650757
1998-08-06,3.7668068408966064
1998-08-07,3.7359323501586914
1998-08-10,3.9752166271209717
1998-08-11,3.805401563644409
1998-08-12,3.3808629512786865
1998-08-13,3.4117391109466553
1998-08-14,3.326831340789795
1998-08-17,3.349987745285034
1998-08-18,3.3345510959625244
1998-08-19,3.1878929138183594
1998-08-20,3.102985143661499
1998-08-21,3.0798282623291016
1998-08-24,3.0180773735046387
1998-08-25,3.033515691757202
1998-08-26,3.4117391109466553
1998-08-27,3.319112539291382
1998-08-28,3.3577077388763428
1998-08-31,3.241924285888672
1998-09-01,3.4117391109466553
1998-09-02,3.0875468254089355
1998-09-03,3.0643904209136963
1998-09-04,3.0180773735046387
1998-09-08,3.172454833984375
1998-09-09,3.4580516815185547
1998-09-10,3.311393976211548
1998-09-11,3.4580516815185547
1998-09-14,3.519803524017334
1998-09-15,3.774526357650757
1998-09-16,3.9134652614593506
1998-09-17,3.797682762145996
1998-09-18,3.936622381210327
1998-09-21,3.958268880844116
1998-09-22,3.981461524963379
1998-09-23,4.182467937469482
1998-09-24,4.151544570922852
1998-09-25,4.136083126068115
1998-09-28,4.313894748687744
1998-09-29,4.329355239868164
1998-09-30,4.290701866149902
1998-10-01,4.066502571105957
1998-10-02,4.205660820007324
1998-10-05,4.020116806030273
1998-10-06,3.958268880844116
1998-10-07,3.8268423080444336
1998-10-08,3.9118826389312744
1998-10-09,4.14381217956543
1998-10-12,4.267507076263428
1998-10-13,4.159276485443115
1998-10-14,4.004654407501221
1998-10-15,4.398936748504639
1998-10-16,4.468513488769531
1998-10-19,4.715906620025635
1998-10-20,4.337088584899902
1998-10-21,4.630864143371582
1998-10-22,4.483976364135742
1998-10-23,4.406667232513428
1998-10-26,4.561286449432373
1998-10-27,4.499438762664795
1998-10-28,4.526498317718506
1998-10-29,4.839602470397949
1998-10-30,4.592209815979004
1998-11-02,4.777755260467529
1998-11-03,4.831872463226318
1998-11-04,4.994222164154053
1998-11-05,5.08699369430542
1998-11-06,5.380771636962891
1998-11-09,5.349847793579102
1998-11-10,5.2957305908203125
1998-11-11,5.458080768585205
1998-11-12,5.5044684410095215
1998-11-13,5.535390377044678
1998-11-16,5.612701892852783
1998-11-17,5.581777572631836
1998-11-18,5.550853252410889
1998-11-19,5.519928932189941
1998-11-20,5.5972394943237305
1998-11-23,5.937403678894043
1998-11-24,5.720935821533203
1998-11-25,5.852361679077148
1998-11-27,5.798246383666992
1998-11-30,5.535390377044678
1998-12-01,5.682281970977783
1998-12-02,5.566314697265625
1998-12-03,5.682281970977783
1998-12-04,5.581777572631836
1998-12-07,5.767321586608887
1998-12-08,5.519928932189941
1998-12-09,5.550853252410889
1998-12-10,5.4890055656433105
1998-12-11,5.063801288604736
1998-12-14,4.623133659362793
1998-12-15,5.025144100189209
1998-12-16,4.717838764190674
1998-12-17,5.427157402038574
1998-12-18,5.5044684410095215
1998-12-21,5.2957305908203125
1998-12-22,5.682281970977783
1998-12-23,5.866479396820068
1998-12-24,5.796823501586914
1998-12-28,5.820041179656982
1998-12-29,5.804563999176025
1998-12-30,5.696210861206055
1998-12-31,5.789084434509277
1999-01-04,6.1837944984436035
1999-01-05,6.0522236824035645
1999-01-06,5.835521697998047
1999-01-07,5.959353446960449
1999-01-08,6.044486999511719
1999-01-11,6.067702770233154
1999-01-12,6.029007434844971
1999-01-13,6.075443267822266
1999-01-14,5.905176162719727
1999-01-15,6.059965133666992
1999-01-19,6.23797082901001
1999-01-20,6.083182334899902
1999-01-21,5.99030876159668
1999-01-22,6.0057878494262695
1999-01-25,6.191534042358398
1999-01-26,6.0522236824035645
1999-01-27,6.083182334899902
1999-01-28,6.067702770233154
1999-01-29,5.912914752960205
1999-02-01,5.928393363952637
1999-02-02,5.688473224639893
1999-02-03,5.897435665130615
1999-02-04,5.719429969787598
1999-02-05,5.703951358795166
1999-02-08,5.742648124694824
1999-02-09,5.409853935241699
1999-02-10,5.502725601196289
1999-02-11,5.580121040344238
1999-02-12,5.394375324249268
1999-02-16,5.231847763061523
1999-02-17,4.922269344329834
1999-02-18,5.231847763061523
1999-02-19,5.239586353302002
1999-02-22,5.4175920486450195
1999-02-23,5.4175920486450195
1999-02-24,5.386634349822998
1999-02-25,5.332459926605225
1999-02-26,4.984184741973877
1999-03-01,4.976445198059082
1999-03-02,5.030620098114014
1999-03-03,4.976445198059082
1999-03-04,5.649774074554443
1999-03-05,5.719429969787598
1999-03-08,5.951612949371338
1999-03-09,5.881957530975342
1999-03-10,5.943872928619385
1999-03-11,5.974830627441406
1999-03-12,5.905176162719727
1999-03-15,5.974830627441406
1999-03-16,6.2147536277771
1999-03-17,6.083182334899902
1999-03-18,6.160577297210693
1999-03-19,6.686857223510742
1999-03-22,6.4778947830200195
1999-03-23,6.276668071746826
1999-03-24,6.686857223510742
1999-03-25,6.934517860412598
1999-03-26,7.050610065460205
1999-03-29,7.3124308586120605
1999-03-30,6.971598148345947
1999-03-31,7.033568382263184
1999-04-01,6.987091064453125
1999-04-05,6.894135475158691
1999-04-06,6.886390686035156
1999-04-07,6.692735195159912
1999-04-08,6.669496059417725
1999-04-09,6.987091064453125
1999-04-12,6.987091064453125
1999-04-13,7.033568382263184
1999-04-14,7.095537185668945
1999-04-15,6.987091064453125
1999-04-16,7.366655349731445
1999-04-19,7.296939849853516
1999-04-20,7.2891926765441895
1999-04-21,7.405386924743652
1999-04-22,7.661011695861816
1999-04-23,7.870160102844238
1999-04-26,7.932129859924316
1999-04-27,8.056069374084473
1999-04-28,8.025083541870117
1999-04-29,7.839175224304199
1999-04-30,7.854667663574219
1999-05-03,8.009591102600098
1999-05-04,7.808189868927002
1999-05-05,7.839175224304199
1999-05-06,8.056069374084473
1999-05-07,8.42014217376709
1999-05-10,8.977871894836426
1999-05-11,8.954630851745605
1999-05-12,9.132797241210938
1999-05-13,9.10180950164795
1999-05-14,8.96237850189209
1999-05-17,9.125046730041504
1999-05-18,9.225746154785156
1999-05-19,9.651788711547852
1999-05-20,9.946148872375488
1999-05-21,9.822205543518066
1999-05-24,9.767985343933105
1999-05-25,9.465880393981934
1999-05-26,9.117300033569336
1999-05-27,9.233494758605957
1999-05-28,9.187019348144531
1999-06-01,8.985615730285645
1999-06-02,9.30320930480957
1999-06-03,9.1095552444458
1999-06-04,8.993358612060547
1999-06-07,8.668020248413086
1999-06-08,8.412393569946289
1999-06-09,8.822948455810547
1999-06-10,8.70674991607666
1999-06-11,8.412393569946289
1999-06-14,8.5673189163208
1999-06-15,8.784214973449707
1999-06-16,9.17152214050293
1999-06-17,9.156030654907227
1999-06-18,10.232757568359375
1999-06-21,10.279234886169434
1999-06-22,10.736260414123535
1999-06-23,10.891186714172363
1999-06-24,10.49613094329834
1999-06-25,10.333456993103027
1999-06-28,10.612319946289062
1999-06-29,10.851044654846191
1999-06-30,10.188358306884766
1999-07-01,10.572020530700684
1999-07-02,10.548766136169434
1999-07-06,10.541015625
1999-07-07,10.533263206481934
1999-07-08,10.510009765625
1999-07-09,10.688279151916504
1999-07-12,10.897549629211426
1999-07-13,10.858797073364258
1999-07-14,11.161073684692383
1999-07-15,11.161073684692383
1999-07-16,11.161073684692383
1999-07-19,11.378095626831055
1999-07-20,11.083564758300781
1999-07-21,11.192076683044434
1999-07-22,10.587520599365234
1999-07-23,10.742532730102539
1999-07-26,10.626275062561035
1999-07-27,10.843294143676758
1999-07-28,10.742532730102539
1999-07-29,10.510009765625
1999-07-30,10.634023666381836
1999-08-02,10.587520599365234
1999-08-03,10.765787124633789
1999-08-04,10.339494705200195
1999-08-05,10.851044654846191
1999-08-06,10.804543495178223
1999-08-09,10.804543495178223
1999-08-10,10.750285148620605
1999-08-11,10.796789169311523
1999-08-12,10.665026664733887
1999-08-13,11.029312133789062
1999-08-16,11.409095764160156
1999-08-17,11.897396087646484
1999-08-18,11.804387092590332
1999-08-19,11.88964557647705
1999-08-20,12.277182579040527
1999-08-23,13.02125358581543
1999-08-24,12.78098201751709
1999-08-25,12.39344596862793
1999-08-26,12.13766860961914
1999-08-27,12.261680603027344
1999-08-30,12.067912101745605
1999-08-31,12.354689598083496
1999-09-01,12.19967269897461
1999-09-02,12.246179580688477
1999-09-03,13.02125358581543
1999-09-07,12.974749565124512
1999-09-08,12.649218559265137
1999-09-09,12.835236549377441
1999-09-10,12.796480178833008
1999-09-13,12.703474044799805
1999-09-14,13.091011047363281
1999-09-15,11.819887161254883
1999-09-16,12.13766860961914
1999-09-17,13.02125358581543
1999-09-20,13.45141887664795
1999-09-21,13.168519020080566
1999-09-22,13.284778594970703
1999-09-23,13.408787727355957
1999-09-24,13.717414855957031
1999-09-27,14.12063980102539
1999-09-28,13.725165367126465
1999-09-29,13.66313362121582
1999-09-30,14.081867218017578
1999-10-01,14.043095588684082
1999-10-04,14.616914749145508
1999-10-05,14.229199409484863
1999-10-06,14.461828231811523
1999-10-07,14.306740760803223
1999-10-08,14.221442222595215
1999-10-11,14.88831615447998
1999-10-12,14.647932052612305
1999-10-13,14.516108512878418
1999-10-14,14.66344165802002
1999-10-15,14.562634468078613
1999-10-18,14.59365177154541
1999-10-19,15.004632949829102
1999-10-20,15.593962669372559
1999-10-21,15.865363121032715
1999-10-22,15.981677055358887
1999-10-25,15.725784301757812
1999-10-26,15.609471321105957
1999-10-27,15.55518913269043
1999-10-28,16.50121307373047
1999-10-29,17.35419464111328
1999-11-01,17.013004302978516
1999-11-02,16.888935089111328
1999-11-03,17.07503890991211
1999-11-04,17.09054946899414
1999-11-05,17.54029655456543
1999-11-08,17.710895538330078
1999-11-09,17.865982055664062
1999-11-10,18.114120483398438
1999-11-11,17.974538803100586
1999-11-12,18.641414642333984
1999-11-15,18.31572914123535
1999-11-16,18.99811553955078
1999-11-17,18.61039924621582
1999-11-18,18.889551162719727
1999-11-19,18.765480041503906
1999-11-22,18.874046325683594
1999-11-23,18.548362731933594
1999-11-24,18.62590217590332
1999-11-26,18.31572914123535
1999-11-29,17.75741958618164
1999-11-30,17.04401969909668
1999-12-01,16.5167236328125
1999-12-02,17.02851676940918
1999-12-03,16.547746658325195
1999-12-06,15.663748741149902
1999-12-07,15.043404579162598
1999-12-08,16.81139373779297
1999-12-09,16.25307846069336
1999-12-10,15.539682388305664
1999-12-13,14.934843063354492
1999-12-14,15.043404579162598
1999-12-15,15.353577613830566
1999-12-16,15.818838119506836
1999-12-17,16.74935531616211
1999-12-20,16.191041946411133
1999-12-21,15.725784301757812
1999-12-22,16.59427261352539
1999-12-23,16.631505966186523
1999-12-27,16.072980880737305
1999-12-28,16.4143009185791
1999-12-29,16.36775779724121
1999-12-30,16.38327407836914
1999-12-31,16.693565368652344
2000-01-03,16.274677276611328
2000-01-04,14.909401893615723
2000-01-05,15.20417594909668
2000-01-06,15.328290939331055
2000-01-07,16.072980880737305
2000-01-10,16.693565368652344
2000-01-11,15.545494079589844
2000-01-12,15.46791934967041
2000-01-13,16.290185928344727
2000-01-14,16.46084213256836
2000-01-18,15.886810302734375
2000-01-19,15.66960620880127
2000-01-20,15.840266227722168
2000-01-21,15.607549667358398
2000-01-24,15.033513069152832
2000-01-25,15.638580322265625
2000-01-26,15.188661575317383
2000-01-27,15.561006546020508
2000-01-28,14.288822174072266
2000-01-31,13.668242454528809
2000-02-01,13.869929313659668
2000-02-02,15.21968936920166
2000-02-03,17.143482208251953
2000-02-04,18.369125366210938
2000-02-07,19.12932777404785
2000-02-08,20.789379119873047
2000-02-09,21.735767364501953
2000-02-10,22.651119232177734
2000-02-11,22.449430465698242
2000-02-14,22.247745513916016
2000-02-15,22.061569213867188
2000-02-16,24.373228073120117
2000-02-17,25.21100425720215
2000-02-18,24.38873291015625
2000-02-22,24.39649772644043
2000-02-23,24.730052947998047
2000-02-24,26.40561866760254
2000-02-25,24.45079803466797
2000-02-28,24.280134201049805
2000-02-29,25.319602966308594
2000-03-01,24.916227340698242
2000-03-02,20.013656616210938
2000-03-03,22.495969772338867
2000-03-06,21.30135726928711
2000-03-07,20.153287887573242
2000-03-08,19.625795364379883
2000-03-09,19.39307403564453
2000-03-10,20.665264129638672
2000-03-13,20.386001586914062
2000-03-14,20.215343475341797
2000-03-15,20.74283790588379
2000-03-16,23.442352294921875
2000-03-17,21.76679039001465
2000-03-20,21.704734802246094
2000-03-21,22.75971794128418
2000-03-22,25.319602966308594
2000-03-23,26.458650588989258
2000-03-24,26.86212158203125
2000-03-27,28.212207794189453
2000-03-28,27.591476440429688
2000-03-29,27.653553009033203
2000-03-30,26.61382484436035
2000-03-31,27.638036727905273
2000-04-03,26.21035385131836
2000-04-04,25.26374053955078
2000-04-05,26.61382484436035
2000-04-06,28.460500717163086
2000-04-07,31.036535263061523
2000-04-10,29.09674644470215
2000-04-11,29.670923233032227
2000-04-12,27.82425308227539
2000-04-13,28.196687698364258
2000-04-14,24.286087036132812
2000-04-17,28.134618759155273
2000-04-18,29.050195693969727
2000-04-19,27.963916778564453
2000-04-20,27.963916778564453
2000-04-24,26.00861358642578
2000-04-25,29.79507064819336
2000-04-26,28.522567749023438
2000-04-27,30.648574829101562
2000-04-28,30.027849197387695
2000-05-01,32.448699951171875
2000-05-02,28.677753448486328
2000-05-03,27.99495506286621
2000-05-04,28.2898006439209
2000-05-05,29.71748161315918
2000-05-08,27.156967163085938
2000-05-09,27.88632583618164
2000-05-10,26.365535736083984
2000-05-11,26.908676147460938
2000-05-12,26.86212158203125
2000-05-15,27.312149047851562
2000-05-16,30.757204055786133
2000-05-17,29.872663497924805
2000-05-18,28.553613662719727
2000-05-19,27.20351791381836
2000-05-22,27.234556198120117
2000-05-23,27.048337936401367
2000-05-24,26.350013732910156
2000-05-25,25.94654083251953
2000-05-26,25.527551651000977
2000-05-30,28.941566467285156
2000-05-31,27.94839859008789
2000-06-01,29.422636032104492
2000-06-02,31.036535263061523
2000-06-05,31.95210838317871
2000-06-06,28.72430992126465
2000-06-07,28.382909774780273
2000-06-08,29.391597747802734
2000-06-09,29.965768814086914
2000-06-12,30.105438232421875
2000-06-13,31.579675674438477
2000-06-14,30.260616302490234
2000-06-15,30.974464416503906
2000-06-16,29.857141494750977
2000-06-19,31.6262264251709
2000-06-20,32.588356018066406
2000-06-21,31.983152389526367
2000-06-22,30.058887481689453
2000-06-23,29.236419677734375
2000-06-26,30.958946228027344
2000-06-27,29.314002990722656
2000-06-28,30.98997688293457
2000-06-29,30.850313186645508
2000-06-30,32.28449249267578
2000-07-03,31.756763458251953
2000-07-05,31.7101993560791
2000-07-06,33.51068878173828
2000-07-07,34.11601257324219
2000-07-10,33.61933517456055
2000-07-11,34.33331298828125
2000-07-12,34.8920783996582
2000-07-13,34.24018478393555
2000-07-14,33.82111358642578
2000-07-17,33.54171371459961
2000-07-18,32.517311096191406
2000-07-19,32.26897430419922
2000-07-20,34.08497619628906
2000-07-21,33.44860076904297
2000-07-24,31.089345932006836
2000-07-25,31.508419036865234
2000-07-26,30.778915405273438
2000-07-27,28.186847686767578
2000-07-28,27.659116744995117
2000-07-31,28.4351863861084
2000-08-01,28.419666290283203
2000-08-02,28.885313034057617
2000-08-03,28.24892807006836
2000-08-04,28.993953704833984
2000-08-07,30.313274383544922
2000-08-08,30.158063888549805
2000-08-09,28.885313034057617
2000-08-10,28.0161075592041
2000-08-11,28.699050903320312
2000-08-14,30.20462417602539
2000-08-15,29.832115173339844
2000-08-16,28.792177200317383
2000-08-17,31.011734008789062
2000-08-18,30.437448501586914
2000-08-21,29.7700252532959
2000-08-22,30.359840393066406
2000-08-23,31.306640625
2000-08-24,32.16031265258789
2000-08-25,32.00510787963867
2000-08-28,32.37761306762695
2000-08-29,32.688045501708984
2000-08-30,32.175846099853516
2000-08-31,32.28449249267578
2000-09-01,33.60380935668945
2000-09-05,33.091609954833984
2000-09-06,31.66364097595215
2000-09-07,34.00736618041992
2000-09-08,33.24681091308594
2000-09-11,31.601551055908203
2000-09-12,30.49953269958496
2000-09-13,31.27560043334961
2000-09-14,31.135906219482422
2000-09-15,32.936378479003906
2000-09-18,35.26459884643555
2000-09-19,37.9653205871582
2000-09-20,39.17599868774414
2000-09-21,38.98971939086914
2000-09-22,37.14268493652344
2000-09-25,36.66151809692383
2000-09-26,37.57728576660156
2000-09-27,36.8477783203125
2000-09-28,39.86564636230469
2000-09-29,38.5616340637207
2000-10-02,40.486610412597656
2000-10-03,40.595272064208984
2000-10-04,39.244686126708984
2000-10-05,36.885032653808594
2000-10-06,36.667701721191406
2000-10-09,37.17999267578125
2000-10-10,35.6896858215332
2000-10-11,37.428382873535156
2000-10-12,32.491737365722656
2000-10-13,36.0467414855957
2000-10-16,35.223968505859375
2000-10-17,33.01955795288086
2000-10-18,32.05706787109375
2000-10-19,34.16834259033203
2000-10-20,34.7892951965332
2000-10-23,34.91348648071289
2000-10-24,33.578426361083984
2000-10-25,33.531856536865234
2000-10-26,35.984649658203125
2000-10-27,37.16447067260742
2000-10-30,34.58747482299805
2000-10-31,37.78543472290039
2000-11-01,38.375343322753906
2000-11-02,40.14508056640625
2000-11-03,40.082984924316406
2000-11-06,41.3559455871582
2000-11-07,40.85918045043945
2000-11-08,39.86564636230469
2000-11-09,41.32490158081055
2000-11-10,38.46848678588867
2000-11-13,35.798362731933594
2000-11-14,40.548702239990234
2000-11-15,40.331363677978516
2000-11-16,40.486610412597656
2000-11-17,41.10756301879883
2000-11-20,37.75437545776367
2000-11-21,39.74146270751953
2000-11-22,35.92255401611328
2000-11-24,37.692283630371094
2000-11-27,34.18386459350586
2000-11-28,32.1812629699707
2000-11-29,31.948400497436523
2000-11-30,31.48268699645996
2000-12-01,33.4387092590332
2000-12-04,33.811283111572266
2000-12-05,38.09591293334961
2000-12-06,33.37660598754883
2000-12-07,31.296398162841797
2000-12-08,33.966529846191406
2000-12-11,36.82294845581055
2000-12-12,35.11530303955078
2000-12-13,32.87984085083008
2000-12-14,28.471023559570312
2000-12-15,31.0169677734375
2000-12-18,31.575828552246094
2000-12-19,31.793161392211914
2000-12-20,28.43997573852539
2000-12-21,29.71294593811035
2000-12-22,32.63145446777344
2000-12-26,32.75565719604492
2000-12-27,32.53831481933594
2000-12-28,30.613340377807617
2000-12-29,28.90569305419922
2001-01-02,23.221338272094727
2001-01-03,28.787939071655273
2001-01-04,26.707252502441406
2001-01-05,25.589277267456055
2001-01-08,24.626577377319336
2001-01-09,24.750797271728516
2001-01-10,22.732221603393555
2001-01-11,23.881254196166992
2001-01-12,25.061344146728516
2001-01-16,25.27872657775879
2001-01-17,26.583038330078125
2001-01-18,27.825239181518555
2001-01-19,28.943218231201172
2001-01-22,29.781694412231445
2001-01-23,29.53325843811035
2001-01-24,29.874862670898438
2001-01-25,28.35317039489746
2001-01-26,28.850048065185547
2001-01-29,26.831478118896484
2001-01-30,26.210376739501953
2001-01-31,21.707408905029297
2001-02-01,22.57694435119629
2001-02-02,21.645301818847656
2001-02-05,22.545894622802734
2001-02-06,21.862680435180664
2001-02-07,20.030439376831055
2001-02-08,17.856595993041992
2001-02-09,17.577102661132812
2001-02-12,18.819299697875977
2001-02-13,18.477693557739258
2001-02-14,19.90622329711914
2001-02-15,19.347232818603516
2001-02-16,18.042924880981445
2001-02-20,17.018112182617188
2001-02-21,14.937431335449219
2001-02-22,15.123758316040039
2001-02-23,16.210681915283203
2001-02-26,15.744860649108887
2001-02-27,15.154815673828125
2001-02-28,14.440552711486816
2001-03-01,13.943673133850098
2001-03-02,13.757342338562012
2001-03-05,13.446793556213379
2001-03-06,14.161057472229004
2001-03-07,14.254222869873047
2001-03-08,13.477848052978516
2001-03-09,13.384682655334473
2001-03-12,12.918859481811523
2001-03-13,13.602067947387695
2001-03-14,12.98097038269043
2001-03-15,12.421977043151855
2001-03-16,14.223166465759277
2001-03-19,15.77591323852539
2001-03-20,16.303848266601562
2001-03-21,16.179628372192383
2001-03-22,17.894798278808594
2001-03-23,17.739456176757812
2001-03-26,16.69683837890625
2001-03-27,18.193038940429688
2001-03-28,16.885723114013672
2001-03-29,16.189821243286133
2001-03-30,17.382808685302734
2001-04-02,16.900638580322266
2001-04-03,15.349757194519043
2001-04-04,14.673733711242676
2001-04-05,17.34800910949707
2001-04-06,16.92549705505371
2001-04-09,17.810293197631836
2001-04-10,20.559131622314453
2001-04-11,20.245973587036133
2001-04-12,20.41000747680664
2001-04-16,20.29568099975586
2001-04-17,20.45474624633789
2001-04-18,22.83574676513672
2001-04-19,23.88458251953125
2001-04-20,22.845685958862305
2001-04-23,21.364398956298828
2001-04-24,21.240127563476562
2001-04-25,22.204452514648438
2001-04-26,22.204452514648438
2001-04-27,22.676677703857422
2001-04-30,22.328725814819336
2001-05-01,21.896265029907227
2001-05-02,21.289833068847656
2001-05-03,20.19626808166504
2001-05-04,20.559131622314453
2001-05-07,20.46965789794922
2001-05-08,20.907087326049805
2001-05-09,20.6386661529541
2001-05-10,20.022289276123047
2001-05-11,19.813512802124023
2001-05-14,19.460590362548828
2001-05-15,19.28164291381836
2001-05-16,20.4249210357666
2001-05-17,21.67258071899414
2001-05-18,21.13077163696289
2001-05-21,22.612060546875
2001-05-22,23.0047550201416
2001-05-23,22.105043411254883
2001-05-24,22.592178344726562
2001-05-25,22.219369888305664
2001-05-29,20.718196868896484
2001-05-30,19.9427547454834
2001-05-31,19.76877784729004
2001-06-01,20.171415328979492
2001-06-04,20.047142028808594
2001-06-05,20.718196868896484
2001-06-06,20.31556510925293
2001-06-07,21.29977798461914
2001-06-08,20.89217185974121
2001-06-11,21.021408081054688
2001-06-12,20.46965789794922
2001-06-13,19.97258186340332
2001-06-14,19.3909969329834
2001-06-15,19.664392471313477
2001-06-18,20.151531219482422
2001-06-19,21.250070571899414
2001-06-20,22.51761817932129
2001-06-21,22.522586822509766
2001-06-22,21.668865203857422
2001-06-25,22.136247634887695
2001-06-26,22.20088768005371
2001-06-27,22.051715850830078
2001-06-28,23.299745559692383
2001-06-29,23.369356155395508
2001-07-02,23.344493865966797
2001-07-03,22.524080276489258
2001-07-05,22.20585823059082
2001-07-06,21.559476852416992
2001-07-09,21.86775016784668
2001-07-10,21.35561180114746
2001-07-11,20.604808807373047
2001-07-12,21.35064125061035
2001-07-13,20.07278060913086
2001-07-16,19.605398178100586
2001-07-17,20.470556259155273
2001-07-18,19.913673400878906
2001-07-19,20.82358741760254
2001-07-20,20.231895446777344
2001-07-23,20.182174682617188
2001-07-24,19.87886619567871
2001-07-25,20.868335723876953
2001-07-26,21.380474090576172
2001-07-27,21.41030502319336
2001-07-30,20.15731430053711
2001-07-31,18.640790939331055
2001-08-01,19.197675704956055
2001-08-02,19.167837142944336
2001-08-03,18.86453628540039
2001-08-06,18.27781867980957
2001-08-07,17.11432456970215
2001-08-08,16.935327529907227
2001-08-09,17.288352966308594
2001-08-10,16.930355072021484
2001-08-13,17.825345993041992
2001-08-14,17.154098510742188
2001-08-15,16.666824340820312
2001-08-16,17.029796600341797
2001-08-17,16.288938522338867
2001-08-20,17.019851684570312
2001-08-21,16.632020950317383
2001-08-22,17.193880081176758
2001-08-23,17.154098510742188
2001-08-24,17.79054069519043
2001-08-27,17.840261459350586
2001-08-28,16.935327529907227
2001-08-29,16.751352310180664
2001-08-30,16.27899169921875
2001-08-31,16.71157455444336
2001-09-04,15.97071647644043
2001-09-05,16.0104923248291
2001-09-06,15.279580116271973
2001-09-07,15.96574592590332
2001-09-10,16.343629837036133
2001-09-17,15.040912628173828
2001-09-18,14.966333389282227
2001-09-19,12.977450370788574
2001-09-20,12.90286922454834
2001-09-21,12.471562385559082
2001-09-24,12.58100414276123
2001-09-25,12.466586112976074
2001-09-26,11.89449691772461
2001-09-27,11.362204551696777
2001-09-28,11.929320335388184
2001-10-01,11.979065895080566
2001-10-02,12.128307342529297
2001-10-03,13.824678421020508
2001-10-04,14.252500534057617
2001-10-05,14.371894836425781
2001-10-08,14.889263153076172
2001-10-09,14.342047691345215
2001-10-10,14.570883750915527
2001-10-11,15.864303588867188
2001-10-12,15.824505805969238
2001-10-15,15.416580200195312
2001-10-16,15.446428298950195
2001-10-17,14.31717300415039
2001-10-18,14.51616096496582
2001-10-19,14.978809356689453
2001-10-22,15.436479568481445
2001-10-23,15.555871963500977
2001-10-24,16.69010353088379
2001-10-25,16.43141746520996
2001-10-26,16.257299423217773
2001-10-29,15.093226432800293
2001-10-30,14.30224895477295
2001-10-31,13.133195877075195
2001-11-01,13.501322746276855
2001-11-02,13.406804084777832
2001-11-05,14.053515434265137
2001-11-06,14.217679023742676
2001-11-07,14.953932762145996
2001-11-08,14.406718254089355
2001-11-09,14.322150230407715
2001-11-12,14.426616668701172
2001-11-13,15.257389068603516
2001-11-14,15.590696334838867
2001-11-15,15.804608345031738
2001-11-16,15.86927604675293
2001-11-19,16.739852905273438
2001-11-20,16.018518447875977
2001-11-21,16.013538360595703
2001-11-23,16.49111557006836
2001-11-26,17.376615524291992
2001-11-27,17.033357620239258
2001-11-28,15.948873519897461
2001-11-29,16.724925994873047
2001-11-30,15.958822250366211
2001-12-03,15.899125099182129
2001-12-04,17.0781307220459
2001-12-05,18.22728157043457
2001-12-06,18.54068946838379
2001-12-07,18.152664184570312
2001-12-10,17.76961326599121
2001-12-11,16.90401268005371
2001-12-12,15.809581756591797
2001-12-13,15.2374906539917
2001-12-14,15.834455490112305
2001-12-17,15.690190315246582
2001-12-18,16.416492462158203
2001-12-19,16.227458953857422
2001-12-20,15.257389068603516
2001-12-21,15.645418167114258
2001-12-24,15.406630516052246
2001-12-26,15.257389068603516
2001-12-27,15.834455490112305
2001-12-28,16.043392181396484
2001-12-31,15.452655792236328
2002-01-02,15.845817565917969
2002-01-03,16.46293067932129
2002-01-04,17.86635971069336
2002-01-07,17.995752334594727
2002-01-08,18.234634399414062
2002-01-09,18.727331161499023
2002-01-10,18.140077590942383
2002-01-11,17.93105697631836
2002-01-14,17.717056274414062
2002-01-15,18.05049705505371
2002-01-16,17.468223571777344
2002-01-17,17.891244888305664
2002-01-18,17.20943260192871
2002-01-22,16.940690994262695
2002-01-23,17.259204864501953
2002-01-24,17.836496353149414
2002-01-25,16.965574264526367
2002-01-28,17.50305938720703
2002-01-29,17.493104934692383
2002-01-30,16.98548126220703
2002-01-31,16.771482467651367
2002-02-01,17.88128662109375
2002-02-04,17.36370849609375
2002-02-05,17.274127960205078
2002-02-06,16.89092254638672
2002-02-07,16.82124900817871
2002-02-08,17.81658935546875
2002-02-11,18.164958953857422
2002-02-12,18.040546417236328
2002-02-13,18.642723083496094
2002-02-14,18.418771743774414
2002-02-15,17.761844635009766
2002-02-19,17.199481964111328
2002-02-20,17.38859748840332
2002-02-21,16.861064910888672
2002-02-22,17.483152389526367
2002-02-25,18.060453414916992
2002-02-26,18.42872428894043
2002-02-27,18.558120727539062
2002-02-28,18.105241775512695
2002-03-01,19.180206298828125
2002-03-04,20.384572982788086
2002-03-05,19.896854400634766
2002-03-06,20.07600975036621
2002-03-07,19.309602737426758
2002-03-08,19.434019088745117
2002-03-11,20.07600975036621
2002-03-12,18.971187591552734
2002-03-13,18.67755889892578
2002-03-14,18.20975112915039
2002-03-15,19.498716354370117
2002-03-18,19.249879837036133
2002-03-19,19.628108978271484
2002-03-20,19.165279388427734
2002-03-21,19.470455169677734
2002-03-22,19.789066314697266
2002-03-25,18.942745208740234
2002-03-26,19.271320343017578
2002-03-27,19.341014862060547
2002-03-28,20.057905197143555
2002-04-01,20.222192764282227
2002-04-02,19.266334533691406
2002-04-03,19.251405715942383
2002-04-04,19.072187423706055
2002-04-05,18.853132247924805
2002-04-08,19.34599494934082
2002-04-09,18.738632202148438
2002-04-10,18.91785430908203
2002-04-11,18.10637664794922
2002-04-12,19.43560028076172
2002-04-15,19.60487174987793
2002-04-16,19.973268508911133
2002-04-17,19.65963363647461
2002-04-18,19.664609909057617
2002-04-19,19.570022583007812
2002-04-22,19.30616569519043
2002-04-23,18.44988250732422
2002-04-24,18.305511474609375
2002-04-25,18.873046875
2002-04-26,18.92283058166504
2002-04-29,18.529539108276367
2002-04-30,19.89361572265625
2002-05-01,19.973268508911133
2002-05-02,18.84317970275879
2002-05-03,18.668933868408203
2002-05-06,18.04663848876953
2002-05-07,18.096416473388672
2002-05-08,20.615480422973633
2002-05-09,19.83387565612793
2002-05-10,19.291229248046875
2002-05-13,20.28192901611328
2002-05-14,21.397085189819336
2002-05-15,20.934097290039062
2002-05-16,20.759855270385742
2002-05-17,20.461149215698242
2002-05-20,19.445560455322266
2002-05-21,18.49468994140625
2002-05-22,18.3901424407959
2002-05-23,18.47477149963379
2002-05-24,18.753568649291992
2002-05-28,18.255725860595703
2002-05-29,17.847496032714844
2002-05-30,18.18602752685547
2002-05-31,17.971960067749023
2002-06-03,17.573688507080078
2002-06-04,17.842519760131836
2002-06-05,18.10637664794922
2002-06-06,17.52390480041504
2002-06-07,17.862436294555664
2002-06-10,18.7137393951416
2002-06-11,18.454862594604492
2002-06-12,18.574344635009766
2002-06-13,18.01676368713379
2002-06-14,15.617183685302734
2002-06-17,14.800729751586914
2002-06-18,14.979950904846191
2002-06-19,13.481457710266113
2002-06-20,13.839903831481934
2002-06-21,13.159038543701172
2002-06-24,13.522632598876953
2002-06-25,13.686994552612305
2002-06-26,13.7467622756958
2002-06-27,13.891203880310059
2002-06-28,14.195026397705078
2002-07-01,13.447919845581055
2002-07-02,13.154057502746582
2002-07-03,13.467843055725098
2002-07-05,14.259775161743164
2002-07-08,13.771665573120117
2002-07-09,13.557494163513184
2002-07-10,13.233748435974121
2002-07-11,12.83031177520752
2002-07-12,12.730698585510254
2002-07-15,13.193904876708984
2002-07-16,13.233748435974121
2002-07-17,13.388150215148926
2002-07-18,12.885100364685059
2002-07-19,12.147953987121582
2002-07-22,12.227644920349121
2002-07-23,11.903899192810059
2002-07-24,12.780505180358887
2002-07-25,11.669806480407715
2002-07-26,12.197761535644531
2002-07-29,12.75560188293457
2002-07-30,12.421892166137695
2002-07-31,11.933782577514648
2002-08-01,8.382537841796875
2002-08-02,8.691341400146484
2002-08-05,8.317788124084473
2002-08-06,8.661457061767578
2002-08-07,8.77601432800293
2002-08-08,8.850723266601562
2002-08-09,8.820838928222656
2002-08-12,9.015087127685547
2002-08-13,8.900531768798828
2002-08-14,9.597830772399902
2002-08-15,9.931537628173828
2002-08-16,10.03115177154541
2002-08-19,10.399725914001465
2002-08-20,10.051074028015137
2002-08-21,10.130765914916992
2002-08-22,10.344938278198242
2002-08-23,10.200498580932617
2002-08-26,10.399725914001465
2002-08-27,10.374821662902832
2002-08-28,9.951460838317871
2002-08-29,10.120804786682129
2002-08-30,10.01123046875
2002-09-03,9.174469947814941
2002-09-04,9.50319766998291
2002-09-05,9.129643440246582
2002-09-06,9.592849731445312
2002-09-09,9.687483787536621
2002-09-10,9.607792854309082
2002-09-11,9.55300521850586
2002-09-12,9.189413070678711
2002-09-13,10.344938278198242
2002-09-16,10.061037063598633
2002-09-17,9.941498756408691
2002-09-18,9.926556587219238
2002-09-19,9.777134895324707
2002-09-20,9.743741989135742
2002-09-23,9.419781684875488
2002-09-24,9.758695602416992
2002-09-25,9.883296966552734
2002-09-26,9.858376502990723
2002-09-27,9.838438987731934
2002-09-30,9.519462585449219
2002-10-01,9.678951263427734
2002-10-02,9.968024253845215
2002-10-03,10.446489334106445
2002-10-04,10.12751293182373
2002-10-07,9.97300910949707
2002-10-08,9.953071594238281
2002-10-09,9.055949211120605
2002-10-10,10.187320709228516
2002-10-11,10.954856872558594
2002-10-14,11.263867378234863
2002-10-15,11.50808334350586
2002-10-16,11.059521675109863
2002-10-17,11.428340911865234
2002-10-18,11.86693000793457
2002-10-21,12.415175437927246
2002-10-22,11.971595764160156
2002-10-23,12.285588264465332
2002-10-24,12.28060531616211
2002-10-25,11.837028503417969
2002-10-28,11.702459335327148
2002-10-29,11.308722496032715
2002-10-30,11.787187576293945
2002-10-31,11.782204627990723
2002-11-01,12.195877075195312
2002-11-04,13.646223068237305
2002-11-05,12.868719100952148
2002-11-06,12.998302459716797
2002-11-07,12.749101638793945
2002-11-08,12.813894271850586
2002-11-11,12.305526733398438
2002-11-12,13.19267749786377
2002-11-13,13.521624565124512
2002-11-14,13.985136032104492
2002-11-15,14.428714752197266
2002-11-18,13.855552673339844
2002-11-19,13.65120792388916
2002-11-20,14.154592514038086
2002-11-21,15.051716804504395
2002-11-22,14.857339859008789
2002-11-25,15.091588973999023
2002-11-26,14.38884162902832
2002-11-27,14.942068099975586
2002-11-29,14.71778678894043
2002-12-02,14.329033851623535
2002-12-03,13.800729751586914
2002-12-04,13.04814338684082
2002-12-05,12.883671760559082
2002-12-06,13.003286361694336
2002-12-09,12.390254974365234
2002-12-10,12.96341609954834
2002-12-11,12.928526878356934
2002-12-12,12.893640518188477
2002-12-13,12.853767395019531
2002-12-16,13.23753547668457
2002-12-17,13.377087593078613
2002-12-18,12.973383903503418
2002-12-19,12.729166984558105
2002-12-20,12.828845977783203
2002-12-23,13.232550621032715
2002-12-24,13.0730619430542
2002-12-26,12.803926467895508
2002-12-27,12.549741744995117
2002-12-30,12.405206680297852
2002-12-31,12.360349655151367
2003-01-02,12.75907039642334
2003-01-03,13.107949256896973
2003-01-06,13.711016654968262
2003-01-07,14.21613597869873
2003-01-08,13.528016090393066
2003-01-09,14.081501960754395
2003-01-10,14.285943984985352
2003-01-13,14.236080169677734
2003-01-14,14.5153169631958
2003-01-15,13.946871757507324
2003-01-16,13.562921524047852
2003-01-17,12.89474868774414
2003-01-21,12.800006866455078
2003-01-22,12.854857444763184
2003-01-23,13.368452072143555
2003-01-24,12.899735450744629
2003-01-27,12.869815826416016
2003-01-28,13.303629875183105
2003-01-29,13.318589210510254
2003-01-30,13.173985481262207
2003-01-31,13.173985481262207
2003-02-03,13.493112564086914
2003-02-04,13.178972244262695
2003-02-05,13.223849296569824
2003-02-06,13.223849296569824
2003-02-07,13.0343656539917
2003-02-10,13.278697967529297
2003-02-11,13.313604354858398
2003-02-12,13.353492736816406
2003-02-13,13.428290367126465
2003-02-14,13.677608489990234
2003-02-18,14.141342163085938
2003-02-19,14.091476440429688
2003-02-20,14.141342163085938
2003-02-21,14.5153169631958
2003-02-24,14.141342163085938
2003-02-25,14.101449012756348
2003-02-26,13.503085136413574
2003-02-27,13.567907333374023
2003-02-28,13.712512016296387
2003-03-03,13.338534355163574
2003-03-04,13.178972244262695
2003-03-05,12.934639930725098
2003-03-06,13.32856273651123
2003-03-07,13.473166465759277
2003-03-10,13.268725395202637
2003-03-11,13.278697967529297
2003-03-12,13.707524299621582
2003-03-13,14.221123695373535
2003-03-14,15.353029251098633
2003-03-17,16.046133041381836
2003-03-18,16.046133041381836
2003-03-19,16.464988708496094
2003-03-20,16.995243072509766
2003-03-21,15.997583389282227
2003-03-24,15.239354133605957
2003-03-25,15.798047065734863
2003-03-26,15.93772029876709
2003-03-27,15.71324634552002
2003-03-28,15.857909202575684
2003-03-31,15.379026412963867
2003-04-01,15.26928424835205
2003-04-02,16.39165687561035
2003-04-03,16.4814510345459
2003-04-04,16.062427520751953
2003-04-07,16.52135467529297
2003-04-08,16.152217864990234
2003-04-09,15.89781379699707
2003-04-10,16.16718292236328
2003-04-11,16.147232055664062
2003-04-14,16.715898513793945
2003-04-15,16.90047264099121
2003-04-16,16.556270599365234
2003-04-17,17.334453582763672
2003-04-21,17.319488525390625
2003-04-22,17.59384536743164
2003-04-23,17.74349594116211
2003-04-24,17.82330894470215
2003-04-25,17.269603729248047
2003-04-28,17.514034271240234
2003-04-29,17.578882217407227
2003-04-30,17.224712371826172
2003-05-01,18.312166213989258
2003-05-02,18.91575050354004
2003-05-05,18.796037673950195
2003-05-06,18.676313400268555
2003-05-07,18.391979217529297
2003-05-08,17.928064346313477
2003-05-09,18.23235321044922
2003-05-12,18.506711959838867
2003-05-13,18.202423095703125
2003-05-14,18.082704544067383
2003-05-15,18.147554397583008
2003-05-16,17.928064346313477
2003-05-19,16.7408447265625
2003-05-20,16.710912704467773
2003-05-21,16.80569076538086
2003-05-22,17.304523468017578
2003-05-23,17.274593353271484
2003-05-27,17.633750915527344
2003-05-28,17.798370361328125
2003-05-29,17.558927536010742
2003-05-30,17.618789672851562
2003-06-02,17.47911262512207
2003-06-03,17.424243927001953
2003-06-04,18.511695861816406
2003-06-05,18.771093368530273
2003-06-06,18.601490020751953
2003-06-09,17.658695220947266
2003-06-10,17.858226776123047
2003-06-11,17.868206024169922
2003-06-12,17.948015213012695
2003-06-13,15.73818588256836
2003-06-16,15.813013076782227
2003-06-17,16.20709228515625
2003-06-18,15.997583389282227
2003-06-19,15.739581108093262
2003-06-20,15.914240837097168
2003-06-23,15.524994850158691
2003-06-24,15.430176734924316
2003-06-25,15.614822387695312
2003-06-26,16.034011840820312
2003-06-27,16.268556594848633
2003-06-30,16.00406837463379
2003-07-01,16.378347396850586
2003-07-02,16.757612228393555
2003-07-03,16.897340774536133
2003-07-07,17.291580200195312
2003-07-08,17.43130874633789
2003-07-09,17.361446380615234
2003-07-10,17.096956253051758
2003-07-11,17.281600952148438
2003-07-14,17.186782836914062
2003-07-15,17.51614761352539
2003-07-16,17.53111457824707
2003-07-17,17.076995849609375
2003-07-18,16.71769142150879
2003-07-21,16.243606567382812
2003-07-22,16.6029109954834
2003-07-23,16.66279411315918
2003-07-24,16.20867347717285
2003-07-25,16.468168258666992
2003-07-28,16.448209762573242
2003-07-29,15.994086265563965
2003-07-30,16.009061813354492
2003-07-31,16.33342933654785
2003-08-01,16.268556594848633
2003-08-04,16.523067474365234
2003-08-05,16.18372344970703
2003-08-06,15.749561309814453
2003-08-07,15.829405784606934
2003-08-08,15.859347343444824
2003-08-11,16.597917556762695
2003-08-12,16.87738037109375
2003-08-13,17.156841278076172
2003-08-14,17.12689971923828
2003-08-15,17.14685821533203
2003-08-18,18.07007598876953
2003-08-19,18.364503860473633
2003-08-20,18.234760284423828
2003-08-21,19.182924270629883
2003-08-22,18.66392707824707
2003-08-25,18.963350296020508
2003-08-26,19.033212661743164
2003-08-27,19.05816650390625
2003-08-28,19.407489776611328
2003-08-29,19.377546310424805
2003-09-02,19.63704490661621
2003-09-03,19.642038345336914
2003-09-04,19.342615127563477
2003-09-05,18.91843605041504
2003-09-08,19.307682037353516
2003-09-09,18.978322982788086
2003-09-10,18.159900665283203
2003-09-11,19.691938400268555
2003-09-12,19.72687339782715
2003-09-15,19.592132568359375
2003-09-16,19.871593475341797
2003-09-17,20.195968627929688
2003-09-18,20.719955444335938
2003-09-19,20.65156364440918
2003-09-22,20.007606506347656
2003-09-23,20.696495056152344
2003-09-24,20.222261428833008
2003-09-25,20.621614456176758
2003-09-26,20.29214859008789
2003-09-29,20.06751251220703
2003-09-30,19.663164138793945
2003-10-01,19.86783218383789
2003-10-02,19.802936553955078
2003-10-03,20.401968002319336
2003-10-06,20.486831665039062
2003-10-07,20.611629486083984
2003-10-08,21.015972137451172
2003-10-09,20.93111228942871
2003-10-10,20.921131134033203
2003-10-13,21.36041831970215
2003-10-14,21.395362854003906
2003-10-15,21.37539291381836
2003-10-16,21.41033363342285
2003-10-17,21.190692901611328
2003-10-20,21.310497283935547
2003-10-21,21.53513526916504
2003-10-22,21.260581970214844
2003-10-23,21.145767211914062
2003-10-24,20.97104835510254
2003-10-27,20.98602294921875
2003-10-28,21.679899215698242
2003-10-29,22.29889678955078
2003-10-30,22.10421371459961
2003-10-31,21.844633102416992
2003-11-03,22.538509368896484
2003-11-04,22.32884979248047
2003-11-05,22.508556365966797
2003-11-06,22.877960205078125
2003-11-07,22.478605270385742
2003-11-10,21.67490577697754
2003-11-11,21.330467224121094
2003-11-12,21.350435256958008
2003-11-13,21.405345916748047
2003-11-14,20.511789321899414
2003-11-17,20.167348861694336
2003-11-18,20.017589569091797
2003-11-19,19.76799201965332
2003-11-20,19.119047164916992
2003-11-21,19.648189544677734
2003-11-24,20.666542053222656
2003-11-25,20.481836318969727
2003-11-26,20.526765823364258
2003-11-28,20.621614456176758
2003-12-01,21.010982513427734
2003-12-02,20.571693420410156
2003-12-03,20.79633140563965
2003-12-04,20.791339874267578
2003-12-05,19.418561935424805
2003-12-08,19.68313217163086
2003-12-09,18.834503173828125
2003-12-10,19.00922203063965
2003-12-11,19.85784912109375
2003-12-12,20.06751251220703
2003-12-15,18.874441146850586
2003-12-16,19.383615493774414
2003-12-17,19.51839828491211
2003-12-18,20.02757453918457
2003-12-19,19.4085750579834
2003-12-22,19.892793655395508
2003-12-23,20.117427825927734
2003-12-24,19.96767234802246
2003-12-26,19.832889556884766
2003-12-29,20.002614974975586
2003-12-30,19.777978897094727
2003-12-31,19.50841522216797
2004-01-02,19.51839828491211
2004-01-05,19.86783218383789
2004-01-06,19.88780403137207
2004-01-07,19.694549560546875
2004-01-08,18.975481033325195
2004-01-09,18.536046981811523
2004-01-12,18.655893325805664
2004-01-13,18.571001052856445
2004-01-14,18.551027297973633
2004-01-15,19.2001895904541
2004-01-16,19.125286102294922
2004-01-20,19.225156784057617
2004-01-21,19.240135192871094
2004-01-22,18.57599449157715
2004-01-23,18.995454788208008
2004-01-26,19.1452579498291
2004-01-27,18.77074432373047
2004-01-28,18.296356201171875
2004-01-29,18.04168701171875
2004-01-30,19.125286102294922
2004-02-02,18.88559341430664
2004-02-03,18.87061309814453
2004-02-04,18.935531616210938
2004-02-05,18.84564781188965
2004-02-06,19.43488311767578
2004-02-09,19.41490936279297
2004-02-10,19.340007781982422
2004-02-11,19.724510192871094
2004-02-12,19.70453643798828
2004-02-13,19.240135192871094
2004-02-17,19.56970977783203
2004-02-18,19.859338760375977
2004-02-19,19.125286102294922
2004-02-20,18.945518493652344
2004-02-23,18.276382446289062
2004-02-24,18.116588592529297
2004-02-25,17.976768493652344
2004-02-26,18.830665588378906
2004-02-27,18.600963592529297
2004-03-01,18.71082305908203
2004-03-02,18.750768661499023
2004-03-03,18.45115852355957
2004-03-04,18.32132339477539
2004-03-05,18.206472396850586
2004-03-08,17.891881942749023
2004-03-09,18.021713256835938
2004-03-10,17.502384185791016
2004-03-11,17.172809600830078
2004-03-12,17.831954956054688
2004-03-15,17.497390747070312
2004-03-16,17.65218734741211
2004-03-17,18.106599807739258
2004-03-18,18.111597061157227
2004-03-19,19.8992862701416
2004-03-22,19.61465072631836
2004-03-23,19.28008460998535
2004-03-24,19.389944076538086
2004-03-25,19.999155044555664
2004-03-26,19.725921630859375
2004-03-29,19.935718536376953
2004-03-30,19.7708797454834
2004-03-31,19.631011962890625
2004-04-01,20.12053680419922
2004-04-02,20.430240631103516
2004-04-05,20.65502166748047
2004-04-06,20.709970474243164
2004-04-07,20.90977668762207
2004-04-08,20.974712371826172
2004-04-12,21.239458084106445
2004-04-13,21.129562377929688
2004-04-14,21.269428253173828
2004-04-15,20.615060806274414
2004-04-16,20.749929428100586
2004-04-19,20.924760818481445
2004-04-20,20.580095291137695
2004-04-21,20.969717025756836
2004-04-22,21.489215850830078
2004-04-23,21.82389259338379
2004-04-26,21.38431739807129
2004-04-27,21.38431739807129
2004-04-28,20.789892196655273
2004-04-29,20.80487823486328
2004-04-30,20.729949951171875
2004-05-03,21.978742599487305
2004-05-04,22.927825927734375
2004-05-05,22.448287963867188
2004-05-06,21.92879295349121
2004-05-07,21.709003448486328
2004-05-10,21.738971710205078
2004-05-11,22.093629837036133
2004-05-12,21.893823623657227
2004-05-13,21.913803100585938
2004-05-14,21.364337921142578
2004-05-17,21.109582901000977
2004-05-18,21.48421859741211
2004-05-19,21.75395965576172
2004-05-20,22.203523635864258
2004-05-21,22.18853759765625
2004-05-24,21.75395965576172
2004-05-25,22.31841468811035
2004-05-26,22.103620529174805
2004-05-27,22.173555374145508
2004-05-28,22.293439865112305
2004-06-01,22.438297271728516
2004-06-02,22.638105392456055
2004-06-03,22.428308486938477
2004-06-04,22.68805503845215
2004-06-07,23.657119750976562
2004-06-08,23.537233352661133
2004-06-09,22.95279884338379
2004-06-10,22.902849197387695
2004-06-14,22.61812400817871
2004-06-15,22.82292366027832
2004-06-16,22.308425903320312
2004-06-17,22.283447265625
2004-06-18,21.344356536865234
2004-06-21,21.733978271484375
2004-06-22,21.978742599487305
2004-06-23,22.18354606628418
2004-06-24,21.863853454589844
2004-06-25,22.280075073242188
2004-06-28,22.404991149902344
2004-06-29,22.734771728515625
2004-06-30,23.234434127807617
2004-07-01,22.93463706970215
2004-07-02,22.55988883972168
2004-07-06,22.13017463684082
2004-07-07,22.64483070373535
2004-07-08,21.685474395751953
2004-07-09,22.140169143676758
2004-07-12,21.955289840698242
2004-07-13,21.82038116455078
2004-07-14,21.66048812866211
2004-07-15,21.700462341308594
2004-07-16,21.590538024902344
2004-07-19,21.08087921142578
2004-07-20,21.18081283569336
2004-07-21,20.426315307617188
2004-07-22,20.391340255737305
2004-07-23,20.161495208740234
2004-07-26,19.836711883544922
2004-07-27,20.12152099609375
2004-07-28,20.201465606689453
2004-07-29,20.71112632751465
2004-07-30,21.07588005065918
2004-08-02,20.9709529876709
2004-08-03,21.580543518066406
2004-08-04,21.725446701049805
2004-08-05,21.66048812866211
2004-08-06,21.13084602355957
2004-08-09,21.19080352783203
2004-08-10,21.68047523498535
2004-08-11,21.750429153442383
2004-08-12,21.43064308166504
2004-08-13,21.720449447631836
2004-08-16,22.419979095458984
2004-08-17,22.370014190673828
2004-08-18,22.74476432800293
2004-08-19,22.64982795715332
2004-08-20,23.029571533203125
2004-08-23,22.799728393554688
2004-08-24,22.849693298339844
2004-08-25,23.104522705078125
2004-08-26,23.064550399780273
2004-08-27,23.18946647644043
2004-08-30,22.76474952697754
2004-08-31,22.919645309448242
2004-09-01,22.889667510986328
2004-09-02,23.404321670532227
2004-09-03,23.24942398071289
2004-09-07,23.60418701171875
2004-09-08,23.898990631103516
2004-09-09,24.458614349365234
2004-09-10,24.918306350708008
2004-09-13,24.838359832763672
2004-09-14,24.758413314819336
2004-09-15,23.704118728637695
2004-09-16,23.928970336914062
2004-09-17,24.05388641357422
2004-09-20,23.95895004272461
2004-09-21,25.208112716674805
2004-09-22,24.403650283813477
2004-09-23,24.6085147857666
2004-09-24,24.165193557739258
2004-09-27,23.9202938079834
2004-09-28,24.335126876831055
2004-09-29,24.819929122924805
2004-09-30,24.7249698638916
2004-10-01,24.98486328125
2004-10-04,25.394697189331055
2004-10-05,25.549633026123047
2004-10-06,25.824522018432617
2004-10-07,25.514646530151367
2004-10-08,24.854915618896484
2004-10-11,25.45966911315918
2004-10-12,25.99445152282715
2004-10-13,25.624603271484375
2004-10-14,25.60961151123047
2004-10-15,25.72955894470215
2004-10-18,26.52423858642578
2004-10-19,26.764141082763672
2004-10-20,26.824115753173828
2004-10-21,27.238948822021484
2004-10-22,26.859102249145508
2004-10-25,26.87409782409668
2004-10-26,26.849105834960938
2004-10-27,27.978647232055664
2004-10-28,27.733747482299805
2004-10-29,28.003637313842773
2004-11-01,28.1585750579834
2004-11-02,28.503435134887695
2004-11-03,28.568408966064453
2004-11-04,29.043216705322266
2004-11-05,29.228139877319336
2004-11-08,28.91826629638672
2004-11-09,28.68336296081543
2004-11-10,28.783321380615234
2004-11-11,29.20315170288086
2004-11-12,29.473041534423828
2004-11-15,29.258129119873047
2004-11-16,29.07320213317871
2004-11-17,29.288114547729492
2004-11-18,29.572999954223633
2004-11-19,28.898273468017578
2004-11-22,29.717941284179688
2004-11-23,30.322696685791016
2004-11-24,30.422657012939453
2004-11-26,30.317697525024414
2004-11-29,30.357683181762695
2004-11-30,30.26772117614746
2004-12-01,30.78251075744629
2004-12-02,31.142366409301758
2004-12-03,31.46723175048828
2004-12-06,30.977432250976562
2004-12-07,30.117778778076172
2004-12-08,30.152767181396484
2004-12-09,30.402666091918945
2004-12-10,30.48763084411621
2004-12-13,31.367271423339844
2004-12-14,32.066993713378906
2004-12-15,31.31229591369629
2004-12-16,30.5426082611084
2004-12-17,30.21274185180664
2004-12-20,30.377674102783203
2004-12-21,30.492626190185547
2004-12-22,31.01741600036621
2004-12-23,31.303857803344727
2004-12-27,31.148889541625977
2004-12-28,31.848751068115234
2004-12-29,31.618797302246094
2004-12-30,31.583803176879883
2004-12-31,31.363847732543945
2005-01-03,30.83894920349121
2005-01-04,30.024110794067383
2005-01-05,29.859142303466797
2005-01-06,29.364238739013672
2005-01-07,29.384233474731445
2005-01-10,29.40423011779785
2005-01-11,29.054298400878906
2005-01-12,29.484214782714844
2005-01-13,29.104290008544922
2005-01-14,29.109289169311523
2005-01-18,29.184274673461914
2005-01-19,28.934324264526367
2005-01-20,29.02930450439453
2005-01-21,28.529401779174805
2005-01-24,27.68956756591797
2005-01-25,27.784549713134766
2005-01-26,27.9995059967041
2005-01-27,28.079490661621094
2005-01-28,27.73455810546875
2005-01-31,28.444419860839844
2005-02-01,28.94432258605957
2005-02-02,31.138891220092773
2005-02-03,31.703779220581055
2005-02-04,31.988725662231445
2005-02-07,31.75377082824707
2005-02-08,31.843751907348633
2005-02-09,31.288862228393555
2005-02-10,31.333852767944336
2005-02-11,31.843751907348633
2005-02-14,31.728775024414062
2005-02-15,32.44863510131836
2005-02-16,32.293663024902344
2005-02-17,31.5288143157959
2005-02-18,31.408838272094727
2005-02-22,30.748966217041016
2005-02-23,30.86894416809082
2005-02-24,30.68897819519043
2005-02-25,30.708974838256836
2005-02-28,30.86894416809082
2005-03-01,31.16388511657715
2005-03-02,31.16888427734375
2005-03-03,31.16888427734375
2005-03-04,31.878746032714844
2005-03-07,32.52861785888672
2005-03-08,32.4686279296875
2005-03-09,32.24867248535156
2005-03-10,32.64859390258789
2005-03-11,32.20368194580078
2005-03-14,32.66358947753906
2005-03-15,32.263671875
2005-03-16,31.588802337646484
2005-03-17,31.93873405456543
2005-03-18,33.89834976196289
2005-03-21,33.34345626831055
2005-03-22,33.173492431640625
2005-03-23,33.12849807739258
2005-03-24,33.27000045776367
2005-03-28,33.55500030517578
2005-03-29,33.11000061035156
2005-03-30,33.8650016784668
2005-03-31,33.584999084472656
2005-04-01,33.380001068115234
2005-04-04,33.290000915527344
2005-04-05,33.42499923706055
2005-04-06,34.04999923706055
2005-04-07,34.19499969482422
2005-04-08,33.630001068115234
2005-04-11,33.400001525878906
2005-04-12,33.45000076293945
2005-04-13,32.53499984741211
2005-04-14,31.739999771118164
2005-04-15,30.329999923706055
2005-04-18,27.385000228881836
2005-04-19,29.049999237060547
2005-04-20,28.625
2005-04-21,29.770000457763672
2005-04-22,30.145000457763672
2005-04-25,30.020000457763672
2005-04-26,29.559999465942383
2005-04-27,29.225000381469727
2005-04-28,29.235000610351562
2005-04-29,29.735000610351562
2005-05-02,28.575000762939453
2005-05-03,28.645000457763672
2005-05-04,28.774999618530273
2005-05-05,28.459999084472656
2005-05-06,28.850000381469727
2005-05-09,29.334999084472656
2005-05-10,28.760000228881836
2005-05-11,28.96500015258789
2005-05-12,28.889999389648438
2005-05-13,29.049999237060547
2005-05-16,29.954999923706055
2005-05-17,29.889999389648438
2005-05-18,30.549999237060547
2005-05-19,31.059999465942383
2005-05-20,31.114999771118164
2005-05-23,31.360000610351562
2005-05-24,32.41999816894531
2005-05-25,32.7599983215332
2005-05-26,33.099998474121094
2005-05-27,33.16999816894531
2005-05-31,33.119998931884766
2005-06-01,33.18000030517578
2005-06-02,33.09000015258789
2005-06-03,32.540000915527344
2005-06-06,32.45000076293945
2005-06-07,32.2599983215332
2005-06-08,32.2599983215332
2005-06-09,32.4900016784668
2005-06-10,31.1299991607666
2005-06-13,31.649999618530273
2005-06-14,31.979999542236328
2005-06-15,32.0
2005-06-16,32.40999984741211
2005-06-17,31.34000015258789
2005-06-20,31.09000015258789
2005-06-21,30.790000915527344
2005-06-22,30.559999465942383
2005-06-23,30.049999237060547
2005-06-24,29.239999771118164
2005-06-27,28.84000015258789
2005-06-28,28.700000762939453
2005-06-29,29.100000381469727
2005-06-30,28.610000610351562
2005-07-01,28.450000762939453
2005-07-05,27.979999542236328
2005-07-06,26.920000076293945
2005-07-07,27.510000228881836
2005-07-08,27.93000030517578
2005-07-11,27.989999771118164
2005-07-12,28.450000762939453
2005-07-13,29.049999237060547
2005-07-14,29.1299991607666
2005-07-15,28.899999618530273
2005-07-18,28.84000015258789
2005-07-19,29.309999465942383
2005-07-20,29.459999084472656
2005-07-21,29.530000686645508
2005-07-22,29.780000686645508
2005-07-25,29.649999618530273
2005-07-26,29.75
2005-07-27,29.81999969482422
2005-07-28,30.110000610351562
2005-07-29,29.639999389648438
2005-08-01,29.459999084472656
2005-08-02,28.6200008392334
2005-08-03,28.100000381469727
2005-08-04,27.030000686645508
2005-08-05,27.100000381469727
2005-08-08,26.739999771118164
2005-08-09,26.56999969482422
2005-08-10,25.90999984741211
2005-08-11,26.690000534057617
2005-08-12,26.84000015258789
2005-08-15,26.850000381469727
2005-08-16,26.18000030517578
2005-08-17,26.829999923706055
2005-08-18,26.600000381469727
2005-08-19,26.15999984741211
2005-08-22,26.18000030517578
2005-08-23,27.049999237060547
2005-08-24,28.030000686645508
2005-08-25,27.59000015258789
2005-08-26,27.530000686645508
2005-08-29,27.299999237060547
2005-08-30,27.1200008392334
2005-08-31,27.040000915527344
2005-09-01,26.829999923706055
2005-09-02,26.639999389648438
2005-09-06,27.350000381469727
2005-09-07,27.190000534057617
2005-09-08,27.610000610351562
2005-09-09,27.299999237060547
2005-09-12,27.25
2005-09-13,26.81999969482422
2005-09-14,27.190000534057617
2005-09-15,26.899999618530273
2005-09-16,29.43000030517578
2005-09-19,28.719999313354492
2005-09-20,27.739999771118164
2005-09-21,27.8700008392334
2005-09-22,27.8799991607666
2005-09-23,28.079999923706055
2005-09-26,28.149999618530273
2005-09-27,28.399999618530273
2005-09-28,29.020000457763672
2005-09-29,29.760000228881836
2005-09-30,29.850000381469727
2005-10-03,30.600000381469727
2005-10-04,29.940000534057617
2005-10-05,29.280000686645508
2005-10-06,28.940000534057617
2005-10-07,29.149999618530273
2005-10-10,29.09000015258789
2005-10-11,28.59000015258789
2005-10-12,28.290000915527344
2005-10-13,28.299999237060547
2005-10-14,29.940000534057617
2005-10-17,30.389999389648438
2005-10-18,30.360000610351562
2005-10-19,30.959999084472656
2005-10-20,30.479999542236328
2005-10-21,31.209999084472656
2005-10-24,32.349998474121094
2005-10-25,31.989999771118164
2005-10-26,32.880001068115234
2005-10-27,31.790000915527344
2005-10-28,32.310001373291016
2005-10-31,32.25
2005-11-01,32.79999923706055
2005-11-02,32.869998931884766
2005-11-03,32.68000030517578
2005-11-04,32.45000076293945
2005-11-07,32.4900016784668
2005-11-08,32.27000045776367
2005-11-09,32.43000030517578
2005-11-10,32.65999984741211
2005-11-11,32.90999984741211
2005-11-14,33.029998779296875
2005-11-15,32.849998474121094
2005-11-16,33.29999923706055
2005-11-17,33.79999923706055
2005-11-18,33.5
2005-11-21,33.33000183105469
2005-11-22,33.459999084472656
2005-11-23,33.86000061035156
2005-11-25,33.90999984741211
2005-11-28,33.209999084472656
2005-11-29,32.400001525878906
2005-11-30,32.61000061035156
2005-12-01,33.880001068115234
2005-12-02,34.970001220703125
2005-12-05,35.25
2005-12-06,36.9900016784668
2005-12-07,36.470001220703125
2005-12-08,36.130001068115234
2005-12-09,35.599998474121094
2005-12-12,35.2599983215332
2005-12-13,34.540000915527344
2005-12-14,34.52000045776367
2005-12-15,34.93000030517578
2005-12-16,38.81999969482422
2005-12-19,38.45000076293945
2005-12-20,38.06999969482422
2005-12-21,37.45000076293945
2005-12-22,37.45000076293945
2005-12-23,37.11000061035156
2005-12-27,36.939998626708984
2005-12-28,36.869998931884766
2005-12-29,36.91999816894531
2005-12-30,36.959999084472656
2006-01-03,38.52000045776367
2006-01-04,38.41999816894531
2006-01-05,38.06999969482422
2006-01-06,39.0
2006-01-09,38.380001068115234
2006-01-10,38.61000061035156
2006-01-11,39.33000183105469
2006-01-12,39.47999954223633
2006-01-13,38.84000015258789
2006-01-17,39.439998626708984
2006-01-18,39.72999954223633
2006-01-19,40.459999084472656
2006-01-20,38.43000030517578
2006-01-23,37.790000915527344
2006-01-24,39.130001068115234
2006-01-25,38.959999084472656
2006-01-26,38.77000045776367
2006-01-27,40.08000183105469
2006-01-30,39.349998474121094
2006-01-31,39.72999954223633
2006-02-01,40.5099983215332
2006-02-02,39.38999938964844
2006-02-03,39.20000076293945
2006-02-06,39.52000045776367
2006-02-07,39.2599983215332
2006-02-08,38.79999923706055
2006-02-09,38.119998931884766
2006-02-10,38.689998626708984
2006-02-13,38.189998626708984
2006-02-14,38.130001068115234
2006-02-15,37.650001525878906
2006-02-16,38.58000183105469
2006-02-17,37.79999923706055
2006-02-21,38.099998474121094
2006-02-22,38.7599983215332
2006-02-23,38.77000045776367
2006-02-24,38.34000015258789
2006-02-27,39.189998626708984
2006-02-28,38.54999923706055
2006-03-01,39.040000915527344
2006-03-02,38.810001373291016
2006-03-03,39.04999923706055
2006-03-06,38.43000030517578
2006-03-07,38.11000061035156
2006-03-08,37.779998779296875
2006-03-09,37.439998626708984
2006-03-10,37.209999084472656
2006-03-13,37.13999938964844
2006-03-14,37.400001525878906
2006-03-15,37.08000183105469
2006-03-16,35.93000030517578
2006-03-17,35.97999954223633
2006-03-20,36.54999923706055
2006-03-21,36.349998474121094
2006-03-22,36.619998931884766
2006-03-23,36.33000183105469
2006-03-24,36.4900016784668
2006-03-27,35.790000915527344
2006-03-28,35.52000045776367
2006-03-29,35.95000076293945
2006-03-30,35.310001373291016
2006-03-31,34.95000076293945
2006-04-03,35.70000076293945
2006-04-04,36.209999084472656
2006-04-05,35.9900016784668
2006-04-06,36.099998474121094
2006-04-07,36.95000076293945
2006-04-10,37.5
2006-04-11,37.279998779296875
2006-04-12,36.970001220703125
2006-04-13,36.83000183105469
2006-04-17,36.88999938964844
2006-04-18,37.349998474121094
2006-04-19,37.56999969482422
2006-04-20,37.68000030517578
2006-04-21,37.459999084472656
2006-04-24,37.20000076293945
2006-04-25,37.65999984741211
2006-04-26,38.150001525878906
2006-04-27,39.45000076293945
2006-04-28,39.20000076293945
2006-05-01,38.16999816894531
2006-05-02,38.349998474121094
2006-05-03,35.060001373291016
2006-05-04,34.31999969482422
2006-05-05,34.18000030517578
2006-05-08,33.689998626708984
2006-05-09,33.2400016784668
2006-05-10,33.380001068115234
2006-05-11,32.630001068115234
2006-05-12,31.920000076293945
2006-05-15,32.189998626708984
2006-05-16,32.29999923706055
2006-05-17,31.200000762939453
2006-05-18,30.170000076293945
2006-05-19,30.309999465942383
2006-05-22,29.90999984741211
2006-05-23,29.020000457763672
2006-05-24,29.270000457763672
2006-05-25,29.139999389648438
2006-05-26,28.979999542236328
2006-05-30,28.350000381469727
2006-05-31,28.6299991607666
2006-06-01,28.719999313354492
2006-06-02,29.0
2006-06-05,29.469999313354492
2006-06-06,29.84000015258789
2006-06-07,28.81999969482422
2006-06-08,27.850000381469727
2006-06-09,27.989999771118164
2006-06-12,28.84000015258789
2006-06-13,28.979999542236328
2006-06-14,28.56999969482422
2006-06-15,28.959999084472656
2006-06-16,29.1200008392334
2006-06-19,28.780000686645508
2006-06-20,29.530000686645508
2006-06-21,29.8799991607666
2006-06-22,30.790000915527344
2006-06-23,30.600000381469727
2006-06-26,30.690000534057617
2006-06-27,29.940000534057617
2006-06-28,30.059999465942383
2006-06-29,30.399999618530273
2006-06-30,30.360000610351562
2006-07-03,30.639999389648438
2006-07-05,29.860000610351562
2006-07-06,29.59000015258789
2006-07-07,29.420000076293945
2006-07-10,29.260000228881836
2006-07-11,29.549999237060547
2006-07-12,28.559999465942383
2006-07-13,28.100000381469727
2006-07-14,28.010000228881836
2006-07-17,27.59000015258789
2006-07-18,27.690000534057617
2006-07-19,28.40999984741211
2006-07-20,28.020000457763672
2006-07-21,27.649999618530273
2006-07-24,27.3799991607666
2006-07-25,27.219999313354492
2006-07-26,26.889999389648438
2006-07-27,26.469999313354492
2006-07-28,27.6299991607666
2006-07-31,28.510000228881836
2006-08-01,28.34000015258789
2006-08-02,32.279998779296875
2006-08-03,32.529998779296875
2006-08-04,31.719999313354492
2006-08-07,31.790000915527344
2006-08-08,31.950000762939453
2006-08-09,31.450000762939453
2006-08-10,32.20000076293945
2006-08-11,31.850000381469727
2006-08-14,32.5099983215332
2006-08-15,33.95000076293945
2006-08-16,33.9900016784668
2006-08-17,34.0099983215332
2006-08-18,34.06999969482422
2006-08-21,33.18000030517578
2006-08-22,32.779998779296875
2006-08-23,32.40999984741211
2006-08-24,32.630001068115234
2006-08-25,32.529998779296875
2006-08-28,32.86000061035156
2006-08-29,31.860000610351562
2006-08-30,32.04999923706055
2006-08-31,32.439998626708984
2006-09-01,32.33000183105469
2006-09-05,32.66999816894531
2006-09-06,32.720001220703125
2006-09-07,31.5
2006-09-08,31.809999465942383
2006-09-11,31.84000015258789
2006-09-12,32.77000045776367
2006-09-13,33.529998779296875
2006-09-14,33.650001525878906
2006-09-15,37.0
2006-09-18,37.5099983215332
2006-09-19,37.34000015258789
2006-09-20,37.70000076293945
2006-09-21,37.400001525878906
2006-09-22,37.060001373291016
2006-09-25,38.189998626708984
2006-09-26,37.66999816894531
2006-09-27,38.060001373291016
2006-09-28,38.33000183105469
2006-09-29,37.459999084472656
2006-10-02,37.0
2006-10-03,36.75
2006-10-04,37.7599983215332
2006-10-05,38.18000030517578
2006-10-06,38.150001525878906
2006-10-09,37.38999938964844
2006-10-10,37.77000045776367
2006-10-11,37.119998931884766
2006-10-12,38.209999084472656
2006-10-13,39.06999969482422
2006-10-16,38.25
2006-10-17,38.119998931884766
2006-10-18,38.529998779296875
2006-10-19,38.4900016784668
2006-10-20,38.20000076293945
2006-10-23,38.58000183105469
2006-10-24,38.09000015258789
2006-10-25,38.939998626708984
2006-10-26,39.36000061035156
2006-10-27,38.56999969482422
2006-10-30,38.029998779296875
2006-10-31,38.25
2006-11-01,37.7599983215332
2006-11-02,37.65999984741211
2006-11-03,37.75
2006-11-06,38.540000915527344
2006-11-07,39.61000061035156
2006-11-08,39.810001373291016
2006-11-09,39.689998626708984
2006-11-10,39.40999984741211
2006-11-13,40.09000015258789
2006-11-14,40.5099983215332
2006-11-15,41.38999938964844
2006-11-16,41.849998474121094
2006-11-17,41.45000076293945
2006-11-20,41.310001373291016
2006-11-21,42.54999923706055
2006-11-22,41.810001373291016
2006-11-24,41.540000915527344
2006-11-27,40.220001220703125
2006-11-28,39.90999984741211
2006-11-29,40.0
2006-11-30,40.15999984741211
2006-12-01,39.349998474121094
2006-12-04,39.290000915527344
2006-12-05,39.150001525878906
2006-12-06,38.540000915527344
2006-12-07,37.75
2006-12-08,38.880001068115234
2006-12-11,39.97999954223633
2006-12-12,39.970001220703125
2006-12-13,40.29999923706055
2006-12-14,40.810001373291016
2006-12-15,42.810001373291016
2006-12-18,41.290000915527344
2006-12-19,41.45000076293945
2006-12-20,41.869998931884766
2006-12-21,41.380001068115234
2006-12-22,40.75
2006-12-26,41.439998626708984
2006-12-27,41.790000915527344
2006-12-28,41.529998779296875
2006-12-29,41.119998931884766
2007-01-03,39.91999816894531
2007-01-04,40.81999969482422
2007-01-05,40.619998931884766
2007-01-08,40.45000076293945
2007-01-09,39.630001068115234
2007-01-10,39.220001220703125
2007-01-11,39.880001068115234
2007-01-12,39.959999084472656
2007-01-16,40.04999923706055
2007-01-17,40.20000076293945
2007-01-18,38.56999969482422
2007-01-19,38.400001525878906
2007-01-22,37.83000183105469
2007-01-23,37.52000045776367
2007-01-24,39.689998626708984
2007-01-25,39.130001068115234
2007-01-26,39.2599983215332
2007-01-29,39.349998474121094
2007-01-30,39.0099983215332
2007-01-31,38.869998931884766
2007-02-01,38.7599983215332
2007-02-02,38.970001220703125
2007-02-05,38.439998626708984
2007-02-06,38.459999084472656
2007-02-07,38.150001525878906
2007-02-08,38.04999923706055
2007-02-09,37.68000030517578
2007-02-12,38.09000015258789
2007-02-13,38.43000030517578
2007-02-14,38.599998474121094
2007-02-15,39.25
2007-02-16,40.27000045776367
2007-02-20,40.7400016784668
2007-02-21,40.95000076293945
2007-02-22,40.810001373291016
2007-02-23,40.630001068115234
2007-02-26,40.7400016784668
2007-02-27,38.91999816894531
2007-02-28,39.25
2007-03-01,39.2599983215332
2007-03-02,38.65999984741211
2007-03-05,38.52000045776367
2007-03-06,39.040000915527344
2007-03-07,38.7400016784668
2007-03-08,39.08000183105469
2007-03-09,39.16999816894531
2007-03-12,39.63999938964844
2007-03-13,38.650001525878906
2007-03-14,39.29999923706055
2007-03-15,38.619998931884766
2007-03-16,39.16999816894531
2007-03-19,40.2400016784668
2007-03-20,40.7400016784668
2007-03-21,43.29999923706055
2007-03-22,42.86000061035156
2007-03-23,42.790000915527344
2007-03-26,43.15999984741211
2007-03-27,42.900001525878906
2007-03-28,41.58000183105469
2007-03-29,41.529998779296875
2007-03-30,41.70000076293945
2007-04-02,41.650001525878906
2007-04-03,42.349998474121094
2007-04-04,42.70000076293945
2007-04-05,42.61000061035156
2007-04-09,42.70000076293945
2007-04-10,43.0
2007-04-11,42.099998474121094
2007-04-12,42.400001525878906
2007-04-13,41.63999938964844
2007-04-16,42.400001525878906
2007-04-17,43.0
2007-04-18,42.970001220703125
2007-04-19,42.38999938964844
2007-04-20,42.13999938964844
2007-04-23,42.15999984741211
2007-04-24,42.5
2007-04-25,42.709999084472656
2007-04-26,43.2599983215332
2007-04-27,42.88999938964844
2007-04-30,41.560001373291016
2007-05-01,41.72999954223633
2007-05-02,41.5099983215332
2007-05-03,41.20000076293945
2007-05-04,41.33000183105469
2007-05-07,41.310001373291016
2007-05-08,41.369998931884766
2007-05-09,41.2599983215332
2007-05-10,40.65999984741211
2007-05-11,41.70000076293945
2007-05-14,41.810001373291016
2007-05-15,41.369998931884766
2007-05-16,42.290000915527344
2007-05-17,42.41999816894531
2007-05-18,43.59000015258789
2007-05-21,43.25
2007-05-22,43.59000015258789
2007-05-23,43.22999954223633
2007-05-24,41.9900016784668
2007-05-25,42.380001068115234
2007-05-29,42.869998931884766
2007-05-30,43.220001220703125
2007-05-31,44.060001373291016
2007-06-01,44.529998779296875
2007-06-04,44.58000183105469
2007-06-05,44.34000015258789
2007-06-06,43.63999938964844
2007-06-07,42.720001220703125
2007-06-08,43.040000915527344
2007-06-11,42.9900016784668
2007-06-12,42.72999954223633
2007-06-13,44.11000061035156
2007-06-14,43.959999084472656
2007-06-15,42.75
2007-06-18,42.66999816894531
2007-06-19,42.47999954223633
2007-06-20,41.369998931884766
2007-06-21,41.529998779296875
2007-06-22,40.84000015258789
2007-06-25,40.34000015258789
2007-06-26,39.84000015258789
2007-06-27,40.470001220703125
2007-06-28,40.41999816894531
2007-06-29,40.150001525878906
2007-07-02,40.15999984741211
2007-07-03,40.709999084472656
2007-07-05,40.93000030517578
2007-07-06,41.02000045776367
2007-07-09,40.720001220703125
2007-07-10,40.36000061035156
2007-07-11,40.84000015258789
2007-07-12,41.54999923706055
2007-07-13,41.18000030517578
2007-07-16,41.060001373291016
2007-07-17,41.459999084472656
2007-07-18,41.40999984741211
2007-07-19,42.20000076293945
2007-07-20,41.63999938964844
2007-07-23,42.36000061035156
2007-07-24,41.779998779296875
2007-07-25,41.720001220703125
2007-07-26,41.189998626708984
2007-07-27,40.38999938964844
2007-07-30,40.88999938964844
2007-07-31,40.290000915527344
2007-08-01,39.58000183105469
2007-08-02,39.52000045776367
2007-08-03,38.75
2007-08-06,39.380001068115234
2007-08-07,39.41999816894531
2007-08-08,40.22999954223633
2007-08-09,40.75
2007-08-10,41.060001373291016
2007-08-13,40.83000183105469
2007-08-14,40.40999984741211
2007-08-15,40.18000030517578
2007-08-16,39.959999084472656
2007-08-17,40.31999969482422
2007-08-20,40.7400016784668
2007-08-21,40.130001068115234
2007-08-22,40.77000045776367
2007-08-23,40.599998474121094
2007-08-24,40.40999984741211
2007-08-27,40.810001373291016
2007-08-28,40.869998931884766
2007-08-29,42.25
2007-08-30,42.220001220703125
2007-08-31,42.75
2007-09-04,43.45000076293945
2007-09-05,43.75
2007-09-06,43.720001220703125
2007-09-07,42.959999084472656
2007-09-10,43.220001220703125
2007-09-11,43.7400016784668
2007-09-12,43.779998779296875
2007-09-13,43.310001373291016
2007-09-14,43.40999984741211
2007-09-17,43.060001373291016
2007-09-18,43.709999084472656
2007-09-19,43.83000183105469
2007-09-20,42.79999923706055
2007-09-21,41.95000076293945
2007-09-24,41.5
2007-09-25,42.7400016784668
2007-09-26,43.40999984741211
2007-09-27,43.45000076293945
2007-09-28,43.65999984741211
2007-10-01,44.0
2007-10-02,44.22999954223633
2007-10-03,43.97999954223633
2007-10-04,44.25
2007-10-05,44.63999938964844
2007-10-08,44.9900016784668
2007-10-09,44.970001220703125
2007-10-10,45.58000183105469
2007-10-11,45.4900016784668
2007-10-12,46.119998931884766
2007-10-15,45.709999084472656
2007-10-16,45.66999816894531
2007-10-17,45.970001220703125
2007-10-18,47.11000061035156
2007-10-19,46.27000045776367
2007-10-22,47.119998931884766
2007-10-23,47.75
2007-10-24,48.0
2007-10-25,47.20000076293945
2007-10-26,47.0
2007-10-29,47.0
2007-10-30,47.54999923706055
2007-10-31,47.900001525878906
2007-11-01,46.91999816894531
2007-11-02,47.880001068115234
2007-11-05,47.70000076293945
2007-11-06,47.630001068115234
2007-11-07,46.16999816894531
2007-11-08,45.029998779296875
2007-11-09,43.2400016784668
2007-11-12,42.189998626708984
2007-11-13,40.86000061035156
2007-11-14,41.02000045776367
2007-11-15,40.81999969482422
2007-11-16,42.189998626708984
2007-11-19,42.470001220703125
2007-11-20,42.29999923706055
2007-11-21,41.84000015258789
2007-11-23,41.90999984741211
2007-11-26,40.900001525878906
2007-11-27,41.06999969482422
2007-11-28,42.029998779296875
2007-11-29,42.75
2007-11-30,42.13999938964844
2007-12-03,42.689998626708984
2007-12-04,43.31999969482422
2007-12-05,43.900001525878906
2007-12-06,44.540000915527344
2007-12-07,44.369998931884766
2007-12-10,44.619998931884766
2007-12-11,43.27000045776367
2007-12-12,43.540000915527344
2007-12-13,43.900001525878906
2007-12-14,42.11000061035156
2007-12-17,40.900001525878906
2007-12-18,42.029998779296875
2007-12-19,41.869998931884766
2007-12-20,42.16999816894531
2007-12-21,42.18000030517578
2007-12-24,42.84000015258789
2007-12-26,43.119998931884766
2007-12-27,42.34000015258789
2007-12-28,42.93000030517578
2007-12-31,42.72999954223633
2008-01-02,41.709999084472656
2008-01-03,41.790000915527344
2008-01-04,40.36000061035156
2008-01-07,40.2400016784668
2008-01-08,39.220001220703125
2008-01-09,39.459999084472656
2008-01-10,39.25
2008-01-11,38.04999923706055
2008-01-14,38.47999954223633
2008-01-15,37.91999816894531
2008-01-16,37.70000076293945
2008-01-17,35.54999923706055
2008-01-18,35.33000183105469
2008-01-22,34.0
2008-01-23,34.349998474121094
2008-01-24,34.63999938964844
2008-01-25,34.84000015258789
2008-01-28,35.150001525878906
2008-01-29,35.540000915527344
2008-01-30,35.939998626708984
2008-01-31,34.93000030517578
2008-02-01,34.47999954223633
2008-02-04,35.209999084472656
2008-02-05,33.959999084472656
2008-02-06,32.7599983215332
2008-02-07,32.619998931884766
2008-02-08,33.189998626708984
2008-02-11,33.84000015258789
2008-02-12,34.380001068115234
2008-02-13,35.0
2008-02-14,34.959999084472656
2008-02-15,34.66999816894531
2008-02-19,34.900001525878906
2008-02-20,35.04999923706055
2008-02-21,34.779998779296875
2008-02-22,35.09000015258789
2008-02-25,35.540000915527344
2008-02-26,35.869998931884766
2008-02-27,35.459999084472656
2008-02-28,35.34000015258789
2008-02-29,33.650001525878906
2008-03-03,32.86000061035156
2008-03-04,33.06999969482422
2008-03-05,32.41999816894531
2008-03-06,32.470001220703125
2008-03-07,32.54999923706055
2008-03-10,31.940000534057617
2008-03-11,32.599998474121094
2008-03-12,33.34000015258789
2008-03-13,33.29999923706055
2008-03-14,32.61000061035156
2008-03-17,30.790000915527344
2008-03-18,31.8799991607666
2008-03-19,34.75
2008-03-20,34.45000076293945
2008-03-24,36.099998474121094
2008-03-25,36.540000915527344
2008-03-26,37.20000076293945
2008-03-27,35.68000030517578
2008-03-28,35.33000183105469
2008-03-31,35.59000015258789
2008-04-01,37.25
2008-04-02,36.5
2008-04-03,37.0099983215332
2008-04-04,36.970001220703125
2008-04-07,36.91999816894531
2008-04-08,36.83000183105469
2008-04-09,36.31999969482422
2008-04-10,37.09000015258789
2008-04-11,35.97999954223633
2008-04-14,36.290000915527344
2008-04-15,35.75
2008-04-16,36.41999816894531
2008-04-17,36.06999969482422
2008-04-18,36.27000045776367
2008-04-21,36.65999984741211
2008-04-22,36.16999816894531
2008-04-23,36.83000183105469
2008-04-24,37.43000030517578
2008-04-25,36.88999938964844
2008-04-28,37.18000030517578
2008-04-29,37.7599983215332
2008-04-30,37.290000915527344
2008-05-01,39.0099983215332
2008-05-02,40.380001068115234
2008-05-05,40.150001525878906
2008-05-06,40.25
2008-05-07,39.2400016784668
2008-05-08,40.0
2008-05-09,39.88999938964844
2008-05-12,40.439998626708984
2008-05-13,40.59000015258789
2008-05-14,40.939998626708984
2008-05-15,42.0
2008-05-16,42.2599983215332
2008-05-19,42.599998474121094
2008-05-20,41.65999984741211
2008-05-21,40.95000076293945
2008-05-22,41.400001525878906
2008-05-23,41.25
2008-05-27,41.9900016784668
2008-05-28,42.84000015258789
2008-05-29,43.79999923706055
2008-05-30,44.060001373291016
2008-06-02,43.459999084472656
2008-06-03,43.529998779296875
2008-06-04,44.25
2008-06-05,43.88999938964844
2008-06-06,42.29999923706055
2008-06-09,42.470001220703125
2008-06-10,41.7400016784668
2008-06-11,40.77000045776367
2008-06-12,40.9900016784668
2008-06-13,42.709999084472656
2008-06-16,42.849998474121094
2008-06-17,41.400001525878906
2008-06-18,40.939998626708984
2008-06-19,42.0
2008-06-20,40.54999923706055
2008-06-23,40.369998931884766
2008-06-24,41.380001068115234
2008-06-25,42.34000015258789
2008-06-26,40.83000183105469
2008-06-27,39.79999923706055
2008-06-30,39.38999938964844
2008-07-01,40.380001068115234
2008-07-02,39.810001373291016
2008-07-03,40.38999938964844
2008-07-07,39.720001220703125
2008-07-08,39.63999938964844
2008-07-09,38.22999954223633
2008-07-10,39.61000061035156
2008-07-11,39.2400016784668
2008-07-14,38.380001068115234
2008-07-15,39.83000183105469
2008-07-16,41.04999923706055
2008-07-17,41.540000915527344
2008-07-18,41.97999954223633
2008-07-21,41.15999984741211
2008-07-22,40.29999923706055
2008-07-23,41.81999969482422
2008-07-24,40.720001220703125
2008-07-25,40.900001525878906
2008-07-28,39.959999084472656
2008-07-29,41.0099983215332
2008-07-30,41.220001220703125
2008-07-31,41.349998474121094
2008-08-01,41.220001220703125
2008-08-04,41.290000915527344
2008-08-05,43.34000015258789
2008-08-06,43.529998779296875
2008-08-07,43.220001220703125
2008-08-08,45.150001525878906
2008-08-11,45.88999938964844
2008-08-12,45.619998931884766
2008-08-13,45.88999938964844
2008-08-14,45.36000061035156
2008-08-15,45.11000061035156
2008-08-18,44.099998474121094
2008-08-19,43.72999954223633
2008-08-20,44.279998779296875
2008-08-21,44.5099983215332
2008-08-22,44.90999984741211
2008-08-25,43.66999816894531
2008-08-26,43.36000061035156
2008-08-27,44.150001525878906
2008-08-28,44.310001373291016
2008-08-29,42.83000183105469
2008-09-02,42.849998474121094
2008-09-03,43.13999938964844
2008-09-04,42.189998626708984
2008-09-05,40.90999984741211
2008-09-08,41.61000061035156
2008-09-09,40.790000915527344
2008-09-10,40.72999954223633
2008-09-11,41.04999923706055
2008-09-12,40.470001220703125
2008-09-15,38.08000183105469
2008-09-16,38.13999938964844
2008-09-17,36.22999954223633
2008-09-18,39.650001525878906
2008-09-19,40.939998626708984
2008-09-22,39.22999954223633
2008-09-23,38.849998474121094
2008-09-24,39.45000076293945
2008-09-25,39.83000183105469
2008-09-26,39.9900016784668
2008-09-29,36.150001525878906
2008-09-30,39.470001220703125
2008-10-01,38.119998931884766
2008-10-02,35.220001220703125
2008-10-03,33.689998626708984
2008-10-06,30.709999084472656
2008-10-07,28.690000534057617
2008-10-08,30.0
2008-10-09,27.989999771118164
2008-10-10,27.1200008392334
2008-10-13,30.3799991607666
2008-10-14,29.200000762939453
2008-10-15,25.940000534057617
2008-10-16,27.690000534057617
2008-10-17,28.18000030517578
2008-10-20,29.309999465942383
2008-10-21,27.59000015258789
2008-10-22,25.399999618530273
2008-10-23,24.969999313354492
2008-10-24,23.889999389648438
2008-10-27,23.68000030517578
2008-10-28,27.079999923706055
2008-10-29,26.799999237060547
2008-10-30,26.860000610351562
2008-10-31,26.639999389648438
2008-11-03,27.15999984741211
2008-11-04,29.15999984741211
2008-11-05,27.219999313354492
2008-11-06,24.559999465942383
2008-11-07,24.59000015258789
2008-11-10,24.93000030517578
2008-11-11,23.639999389648438
2008-11-12,21.889999389648438
2008-11-13,24.299999237060547
2008-11-14,22.34000015258789
2008-11-17,22.799999237060547
2008-11-18,22.639999389648438
2008-11-19,21.6299991607666
2008-11-20,20.75
2008-11-21,21.3799991607666
2008-11-24,21.729999542236328
2008-11-25,22.420000076293945
2008-11-26,23.350000381469727
2008-11-28,23.15999984741211
2008-12-01,21.0
2008-12-02,22.0
2008-12-03,22.540000915527344
2008-12-04,20.440000534057617
2008-12-05,21.65999984741211
2008-12-08,22.600000381469727
2008-12-09,22.889999389648438
2008-12-10,23.440000534057617
2008-12-11,22.190000534057617
2008-12-12,22.43000030517578
2008-12-15,21.360000610351562
2008-12-16,22.31999969482422
2008-12-17,21.690000534057617
2008-12-18,21.3799991607666
2008-12-19,22.1299991607666
2008-12-22,21.110000610351562
2008-12-23,20.969999313354492
2008-12-24,21.1299991607666
2008-12-26,21.079999923706055
2008-12-29,20.520000457763672
2008-12-30,21.049999237060547
2008-12-31,21.290000915527344
2009-01-02,23.020000457763672
2009-01-05,23.1299991607666
2009-01-06,24.219999313354492
2009-01-07,24.229999542236328
2009-01-08,24.290000915527344
2009-01-09,24.010000228881836
2009-01-12,23.760000228881836
2009-01-13,22.100000381469727
2009-01-14,21.110000610351562
2009-01-15,20.829999923706055
2009-01-16,21.059999465942383
2009-01-20,19.389999389648438
2009-01-21,20.959999084472656
2009-01-22,19.31999969482422
2009-01-23,19.700000762939453
2009-01-26,19.93000030517578
2009-01-27,20.110000610351562
2009-01-28,20.889999389648438
2009-01-29,20.049999237060547
2009-01-30,19.309999465942383
2009-02-02,19.579999923706055
2009-02-03,19.700000762939453
2009-02-04,19.8799991607666
2009-02-05,20.90999984741211
2009-02-06,21.700000762939453
2009-02-09,21.420000076293945
2009-02-10,20.479999542236328
2009-02-11,20.309999465942383
2009-02-12,21.219999313354492
2009-02-13,21.100000381469727
2009-02-17,20.399999618530273
2009-02-18,20.389999389648438
2009-02-19,19.540000915527344
2009-02-20,18.040000915527344
2009-02-23,17.09000015258789
2009-02-24,18.170000076293945
2009-02-25,17.639999389648438
2009-02-26,16.700000762939453
2009-02-27,16.700000762939453
2009-03-02,16.040000915527344
2009-03-03,15.979999542236328
2009-03-04,16.31999969482422
2009-03-05,16.920000076293945
2009-03-06,17.15999984741211
2009-03-09,16.780000686645508
2009-03-10,18.520000457763672
2009-03-11,18.6299991607666
2009-03-12,19.43000030517578
2009-03-13,18.68000030517578
2009-03-16,18.450000762939453
2009-03-17,19.1299991607666
2009-03-18,21.350000381469727
2009-03-19,21.239999771118164
2009-03-20,20.459999084472656
2009-03-23,22.690000534057617
2009-03-24,21.860000610351562
2009-03-25,22.100000381469727
2009-03-26,22.940000534057617
2009-03-27,21.84000015258789
2009-03-30,20.81999969482422
2009-03-31,21.389999389648438
2009-04-01,21.959999084472656
2009-04-02,23.280000686645508
2009-04-03,24.15999984741211
2009-04-06,23.190000534057617
2009-04-07,22.959999084472656
2009-04-08,23.920000076293945
2009-04-09,24.8700008392334
2009-04-13,24.719999313354492
2009-04-14,24.010000228881836
2009-04-15,23.639999389648438
2009-04-16,24.3799991607666
2009-04-17,24.700000762939453
2009-04-20,23.459999084472656
2009-04-21,23.75
2009-04-22,24.15999984741211
2009-04-23,24.479999542236328
2009-04-24,26.420000076293945
2009-04-27,26.139999389648438
2009-04-28,25.700000762939453
2009-04-29,26.75
2009-04-30,27.350000381469727
2009-05-01,27.459999084472656
2009-05-04,26.690000534057617
2009-05-05,26.889999389648438
2009-05-06,26.350000381469727
2009-05-07,25.6299991607666
2009-05-08,25.420000076293945
2009-05-11,26.149999618530273
2009-05-12,25.989999771118164
2009-05-13,25.170000076293945
2009-05-14,25.93000030517578
2009-05-15,25.920000076293945
2009-05-18,26.479999542236328
2009-05-19,26.559999465942383
2009-05-20,26.389999389648438
2009-05-21,26.06999969482422
2009-05-22,26.479999542236328
2009-05-26,27.889999389648438
2009-05-27,27.25
2009-05-28,27.540000915527344
2009-05-29,28.18000030517578
2009-06-01,29.360000610351562
2009-06-02,29.59000015258789
2009-06-03,29.059999465942383
2009-06-04,29.440000534057617
2009-06-05,29.979999542236328
2009-06-08,29.170000076293945
2009-06-09,29.770000457763672
2009-06-10,30.170000076293945
2009-06-11,30.399999618530273
2009-06-12,30.149999618530273
2009-06-15,28.81999969482422
2009-06-16,28.170000076293945
2009-06-17,28.68000030517578
2009-06-18,28.719999313354492
2009-06-19,29.329999923706055
2009-06-22,27.309999465942383
2009-06-23,27.709999084472656
2009-06-24,27.739999771118164
2009-06-25,28.520000457763672
2009-06-26,28.0
2009-06-29,28.6200008392334
2009-06-30,28.299999237060547
2009-07-01,28.65999984741211
2009-07-02,27.639999389648438
2009-07-06,27.15999984741211
2009-07-07,26.34000015258789
2009-07-08,26.469999313354492
2009-07-09,27.420000076293945
2009-07-10,27.579999923706055
2009-07-13,28.3700008392334
2009-07-14,28.299999237060547
2009-07-15,29.850000381469727
2009-07-16,30.8700008392334
2009-07-17,31.020000457763672
2009-07-20,31.209999084472656
2009-07-21,31.260000228881836
2009-07-22,31.34000015258789
2009-07-23,32.310001373291016
2009-07-24,32.630001068115234
2009-07-27,32.61000061035156
2009-07-28,32.33000183105469
2009-07-29,32.060001373291016
2009-07-30,32.279998779296875
2009-07-31,32.41999816894531
2009-08-03,32.68000030517578
2009-08-04,33.0
2009-08-05,32.0099983215332
2009-08-06,32.41999816894531
2009-08-07,33.220001220703125
2009-08-10,32.81999969482422
2009-08-11,31.920000076293945
2009-08-12,33.040000915527344
2009-08-13,33.43000030517578
2009-08-14,32.27000045776367
2009-08-17,31.209999084472656
2009-08-18,31.719999313354492
2009-08-19,31.719999313354492
2009-08-20,32.099998474121094
2009-08-21,32.84000015258789
2009-08-24,32.72999954223633
2009-08-25,32.66999816894531
2009-08-26,32.5099983215332
2009-08-27,32.459999084472656
2009-08-28,31.729999542236328
2009-08-31,31.420000076293945
2009-09-01,31.100000381469727
2009-09-02,31.0
2009-09-03,31.489999771118164
2009-09-04,32.04999923706055
2009-09-08,32.5099983215332
2009-09-09,32.79999923706055
2009-09-10,34.02000045776367
2009-09-11,34.650001525878906
2009-09-14,35.189998626708984
2009-09-15,35.619998931884766
2009-09-16,33.349998474121094
2009-09-17,32.84000015258789
2009-09-18,32.95000076293945
2009-09-21,32.849998474121094
2009-09-22,33.11000061035156
2009-09-23,32.709999084472656
2009-09-24,32.31999969482422
2009-09-25,32.029998779296875
2009-09-28,32.93000030517578
2009-09-29,32.68000030517578
2009-09-30,33.040000915527344
2009-10-01,32.18000030517578
2009-10-02,32.349998474121094
2009-10-05,32.54999923706055
2009-10-06,33.5099983215332
2009-10-07,33.2599983215332
2009-10-08,34.33000183105469
2009-10-09,34.63999938964844
2009-10-12,34.36000061035156
2009-10-13,34.619998931884766
2009-10-14,35.43000030517578
2009-10-15,35.75
2009-10-16,35.66999816894531
2009-10-19,35.650001525878906
2009-10-20,35.40999984741211
2009-10-21,34.810001373291016
2009-10-22,35.16999816894531
2009-10-23,34.779998779296875
2009-10-26,34.45000076293945
2009-10-27,33.95000076293945
2009-10-28,32.83000183105469
2009-10-29,33.540000915527344
2009-10-30,32.939998626708984
2009-11-02,32.869998931884766
2009-11-03,33.0099983215332
2009-11-04,33.86000061035156
2009-11-05,34.70000076293945
2009-11-06,34.650001525878906
2009-11-09,36.45000076293945
2009-11-10,36.599998474121094
2009-11-11,35.91999816894531
2009-11-12,35.61000061035156
2009-11-13,36.5099983215332
2009-11-16,36.810001373291016
2009-11-17,36.900001525878906
2009-11-18,36.59000015258789
2009-11-19,36.11000061035156
2009-11-20,35.810001373291016
2009-11-23,36.439998626708984
2009-11-24,35.95000076293945
2009-11-25,36.16999816894531
2009-11-27,35.380001068115234
2009-11-30,35.08000183105469
2009-12-01,36.400001525878906
2009-12-02,36.5
2009-12-03,36.0
2009-12-04,36.5
2009-12-07,36.369998931884766
2009-12-08,36.08000183105469
2009-12-09,35.849998474121094
2009-12-10,35.79999923706055
2009-12-11,35.380001068115234
2009-12-14,35.779998779296875
2009-12-15,36.36000061035156
2009-12-16,37.86000061035156
2009-12-17,37.0099983215332
2009-12-18,37.34000015258789
2009-12-21,37.279998779296875
2009-12-22,37.34000015258789
2009-12-23,36.93000030517578
2009-12-24,37.16999816894531
2009-12-28,37.189998626708984
2009-12-29,37.209999084472656
2009-12-30,37.18000030517578
2009-12-31,36.779998779296875
2010-01-04,37.09000015258789
2010-01-05,37.70000076293945
2010-01-06,37.619998931884766
2010-01-07,36.88999938964844
2010-01-08,36.689998626708984
2010-01-11,36.209999084472656
2010-01-12,35.65999984741211
2010-01-13,36.279998779296875
2010-01-14,35.900001525878906
2010-01-15,35.869998931884766
2010-01-19,36.95000076293945
2010-01-20,36.4900016784668
2010-01-21,35.81999969482422
2010-01-22,34.380001068115234
2010-01-25,34.15999984741211
2010-01-26,33.939998626708984
2010-01-27,33.13999938964844
2010-01-28,32.88999938964844
2010-01-29,32.29999923706055
2010-02-01,32.47999954223633
2010-02-02,32.97999954223633
2010-02-03,32.97999954223633
2010-02-04,32.2400016784668
2010-02-05,32.77000045776367
2010-02-08,32.04999923706055
2010-02-09,32.310001373291016
2010-02-10,32.7599983215332
2010-02-11,32.63999938964844
2010-02-12,31.450000762939453
2010-02-16,31.809999465942383
2010-02-17,32.33000183105469
2010-02-18,33.2400016784668
2010-02-19,33.880001068115234
2010-02-22,33.70000076293945
2010-02-23,33.439998626708984
2010-02-24,34.54999923706055
2010-02-25,34.560001373291016
2010-02-26,34.650001525878906
2010-03-01,34.88999938964844
2010-03-02,34.7400016784668
2010-03-03,34.81999969482422
2010-03-04,34.939998626708984
2010-03-05,35.15999984741211
2010-03-08,35.060001373291016
2010-03-09,35.119998931884766
2010-03-10,35.150001525878906
2010-03-11,35.220001220703125
2010-03-12,35.15999984741211
2010-03-15,35.4900016784668
2010-03-16,35.02000045776367
2010-03-17,35.4900016784668
2010-03-18,35.75
2010-03-19,34.66999816894531
2010-03-22,34.95000076293945
2010-03-23,35.220001220703125
2010-03-24,36.5099983215332
2010-03-25,35.869998931884766
2010-03-26,35.5099983215332
2010-03-29,35.7400016784668
2010-03-30,35.68000030517578
2010-03-31,35.369998931884766
2010-04-01,35.7400016784668
2010-04-05,35.9900016784668
2010-04-06,35.70000076293945
2010-04-07,35.060001373291016
2010-04-08,34.939998626708984
2010-04-09,35.470001220703125
2010-04-12,35.02000045776367
2010-04-13,34.75
2010-04-14,35.02000045776367
2010-04-15,34.38999938964844
2010-04-16,34.0
2010-04-19,33.81999969482422
2010-04-20,34.93000030517578
2010-04-21,34.91999816894531
2010-04-22,35.970001220703125
2010-04-23,36.25
2010-04-26,36.150001525878906
2010-04-27,35.34000015258789
2010-04-28,35.470001220703125
2010-04-29,34.959999084472656
2010-04-30,33.599998474121094
2010-05-03,33.59000015258789
2010-05-04,33.13999938964844
2010-05-05,32.959999084472656
2010-05-06,32.4900016784668
2010-05-07,32.41999816894531
2010-05-10,34.279998779296875
2010-05-11,33.79999923706055
2010-05-12,34.79999923706055
2010-05-13,34.40999984741211
2010-05-14,33.720001220703125
2010-05-17,33.810001373291016
2010-05-18,33.279998779296875
2010-05-19,32.880001068115234
2010-05-20,31.739999771118164
2010-05-21,32.18000030517578
2010-05-24,31.6299991607666
2010-05-25,31.549999237060547
2010-05-26,30.940000534057617
2010-05-27,32.20000076293945
2010-05-28,32.08000183105469
2010-06-01,32.130001068115234
2010-06-02,32.939998626708984
2010-06-03,32.900001525878906
2010-06-04,31.59000015258789
2010-06-07,31.059999465942383
2010-06-08,31.0
2010-06-09,30.729999542236328
2010-06-10,31.719999313354492
2010-06-11,31.729999542236328
2010-06-14,31.700000762939453
2010-06-15,32.5099983215332
2010-06-16,32.439998626708984
2010-06-17,33.119998931884766
2010-06-18,33.52000045776367
2010-06-21,33.130001068115234
2010-06-22,32.7599983215332
2010-06-23,30.3799991607666
2010-06-24,30.260000228881836
2010-06-25,29.850000381469727
2010-06-28,28.719999313354492
2010-06-29,26.899999618530273
2010-06-30,26.43000030517578
2010-07-01,26.65999984741211
2010-07-02,26.729999542236328
2010-07-06,26.34000015258789
2010-07-07,26.790000915527344
2010-07-08,26.850000381469727
2010-07-09,27.200000762939453
2010-07-12,27.09000015258789
2010-07-13,28.110000610351562
2010-07-14,28.030000686645508
2010-07-15,28.219999313354492
2010-07-16,27.389999389648438
2010-07-19,27.670000076293945
2010-07-20,27.8700008392334
2010-07-21,27.670000076293945
2010-07-22,28.579999923706055
2010-07-23,29.229999542236328
2010-07-26,29.170000076293945
2010-07-27,29.219999313354492
2010-07-28,28.690000534057617
2010-07-29,28.700000762939453
2010-07-30,28.719999313354492
2010-08-02,29.600000381469727
2010-08-03,29.1200008392334
2010-08-04,29.700000762939453
2010-08-05,29.440000534057617
2010-08-06,29.229999542236328
2010-08-09,29.520000457763672
2010-08-10,29.170000076293945
2010-08-11,28.25
2010-08-12,28.079999923706055
2010-08-13,28.010000228881836
2010-08-16,27.360000610351562
2010-08-17,27.959999084472656
2010-08-18,28.100000381469727
2010-08-19,27.690000534057617
2010-08-20,27.920000076293945
2010-08-23,27.81999969482422
2010-08-24,27.93000030517578
2010-08-25,27.479999542236328
2010-08-26,27.3799991607666
2010-08-27,27.979999542236328
2010-08-30,27.790000915527344
2010-08-31,27.700000762939453
2010-09-01,28.850000381469727
2010-09-02,29.420000076293945
2010-09-03,29.489999771118164
2010-09-07,29.170000076293945
2010-09-08,29.309999465942383
2010-09-09,32.86000061035156
2010-09-10,32.20000076293945
2010-09-13,32.2400016784668
2010-09-14,32.470001220703125
2010-09-15,32.7599983215332
2010-09-16,32.849998474121094
2010-09-17,32.779998779296875
2010-09-20,33.11000061035156
2010-09-21,32.939998626708984
2010-09-22,26.670000076293945
2010-09-23,26.40999984741211
2010-09-24,26.8799991607666
2010-09-27,26.8799991607666
2010-09-28,26.280000686645508
2010-09-29,26.040000915527344
2010-09-30,26.149999618530273
2010-10-01,26.270000457763672
2010-10-04,25.600000381469727
2010-10-05,25.770000457763672
2010-10-06,25.729999542236328
2010-10-07,28.690000534057617
2010-10-08,26.989999771118164
2010-10-11,27.25
2010-10-12,27.65999984741211
2010-10-13,27.709999084472656
2010-10-14,27.489999771118164
2010-10-15,28.079999923706055
2010-10-18,28.059999465942383
2010-10-19,27.579999923706055
2010-10-20,28.209999084472656
2010-10-21,27.700000762939453
2010-10-22,28.209999084472656
2010-10-25,28.200000762939453
2010-10-26,28.139999389648438
2010-10-27,28.170000076293945
2010-10-28,28.100000381469727
2010-10-29,28.149999618530273
2010-11-01,28.219999313354492
2010-11-02,29.020000457763672
2010-11-03,28.799999237060547
2010-11-04,29.459999084472656
2010-11-05,29.139999389648438
2010-11-08,29.290000915527344
2010-11-09,29.489999771118164
2010-11-10,29.790000915527344
2010-11-11,29.940000534057617
2010-11-12,29.540000915527344
2010-11-15,29.510000228881836
2010-11-16,29.020000457763672
2010-11-17,28.899999618530273
2010-11-18,28.68000030517578
2010-11-19,28.860000610351562
2010-11-22,29.18000030517578
2010-11-23,28.190000534057617
2010-11-24,28.399999618530273
2010-11-26,28.719999313354492
2010-11-29,28.360000610351562
2010-11-30,27.799999237060547
2010-12-01,28.3700008392334
2010-12-02,29.100000381469727
2010-12-03,29.139999389648438
2010-12-06,29.229999542236328
2010-12-07,29.020000457763672
2010-12-08,29.209999084472656
2010-12-09,28.600000381469727
2010-12-10,28.709999084472656
2010-12-13,27.809999465942383
2010-12-14,28.149999618530273
2010-12-15,27.719999313354492
2010-12-16,28.520000457763672
2010-12-17,28.790000915527344
2010-12-20,29.18000030517578
2010-12-21,30.93000030517578
2010-12-22,30.649999618530273
2010-12-23,30.850000381469727
2010-12-27,30.950000762939453
2010-12-28,30.920000076293945
2010-12-29,30.969999313354492
2010-12-30,30.56999969482422
2010-12-31,30.780000686645508
2011-01-03,31.290000915527344
2011-01-04,31.510000228881836
2011-01-05,32.220001220703125
2011-01-06,32.27000045776367
2011-01-07,32.040000915527344
2011-01-10,32.959999084472656
2011-01-11,32.97999954223633
2011-01-12,33.56999969482422
2011-01-13,33.380001068115234
2011-01-14,33.790000915527344
2011-01-18,34.18000030517578
2011-01-19,33.90999984741211
2011-01-20,33.4900016784668
2011-01-21,33.27000045776367
2011-01-24,34.029998779296875
2011-01-25,33.560001373291016
2011-01-26,33.52000045776367
2011-01-27,33.849998474121094
2011-01-28,32.4900016784668
2011-01-31,33.04999923706055
2011-02-01,33.5099983215332
2011-02-02,33.43000030517578
2011-02-03,33.529998779296875
2011-02-04,33.36000061035156
2011-02-07,33.560001373291016
2011-02-08,33.56999969482422
2011-02-09,33.0099983215332
2011-02-10,33.56999969482422
2011-02-11,33.66999816894531
2011-02-14,33.86000061035156
2011-02-15,33.939998626708984
2011-02-16,34.689998626708984
2011-02-17,34.97999954223633
2011-02-18,35.38999938964844
2011-02-22,33.7400016784668
2011-02-23,33.380001068115234
2011-02-24,33.45000076293945
2011-02-25,34.630001068115234
2011-02-28,34.5
2011-03-01,33.970001220703125
2011-03-02,34.47999954223633
2011-03-03,35.04999923706055
2011-03-04,35.27000045776367
2011-03-07,34.720001220703125
2011-03-08,35.290000915527344
2011-03-09,35.130001068115234
2011-03-10,34.86000061035156
2011-03-11,34.61000061035156
2011-03-14,34.08000183105469
2011-03-15,33.040000915527344
2011-03-16,32.09000015258789
2011-03-17,31.84000015258789
2011-03-18,31.989999771118164
2011-03-21,32.34000015258789
2011-03-22,32.880001068115234
2011-03-23,31.68000030517578
2011-03-24,32.59000015258789
2011-03-25,32.63999938964844
2011-03-28,32.43000030517578
2011-03-29,32.619998931884766
2011-03-30,32.95000076293945
2011-03-31,33.15999984741211
2011-04-01,34.15999984741211
2011-04-04,34.369998931884766
2011-04-05,34.18000030517578
2011-04-06,34.2400016784668
2011-04-07,34.47999954223633
2011-04-08,34.150001525878906
2011-04-11,34.380001068115234
2011-04-12,34.09000015258789
2011-04-13,34.209999084472656
2011-04-14,34.33000183105469
2011-04-15,34.5099983215332
2011-04-18,33.849998474121094
2011-04-19,33.650001525878906
2011-04-20,33.689998626708984
2011-04-21,33.47999954223633
2011-04-25,33.22999954223633
2011-04-26,33.130001068115234
2011-04-27,33.650001525878906
2011-04-28,34.02000045776367
2011-04-29,33.54999923706055
2011-05-02,33.54999923706055
2011-05-03,33.4900016784668
2011-05-04,33.220001220703125
2011-05-05,32.939998626708984
2011-05-06,33.400001525878906
2011-05-09,33.970001220703125
2011-05-10,34.75
2011-05-11,35.400001525878906
2011-05-12,35.86000061035156
2011-05-13,35.33000183105469
2011-05-16,34.38999938964844
2011-05-17,34.720001220703125
2011-05-18,34.869998931884766
2011-05-19,35.40999984741211
2011-05-20,35.310001373291016
2011-05-23,34.43000030517578
2011-05-24,34.13999938964844
2011-05-25,34.130001068115234
2011-05-26,34.540000915527344
2011-05-27,34.290000915527344
2011-05-31,34.630001068115234
2011-06-01,34.119998931884766
2011-06-02,34.2599983215332
2011-06-03,33.27000045776367
2011-06-06,32.84000015258789
2011-06-07,33.0099983215332
2011-06-08,32.2400016784668
2011-06-09,32.220001220703125
2011-06-10,31.670000076293945
2011-06-13,31.65999984741211
2011-06-14,32.09000015258789
2011-06-15,31.1299991607666
2011-06-16,30.799999237060547
2011-06-17,30.469999313354492
2011-06-20,30.950000762939453
2011-06-21,32.0099983215332
2011-06-22,30.010000228881836
2011-06-23,30.440000534057617
2011-06-24,29.969999313354492
2011-06-27,30.889999389648438
2011-06-28,30.790000915527344
2011-06-29,31.149999618530273
2011-06-30,31.450000762939453
2011-07-01,31.530000686645508
2011-07-05,31.520000457763672
2011-07-06,31.649999618530273
2011-07-07,32.06999969482422
2011-07-08,31.540000915527344
2011-07-11,30.979999542236328
2011-07-12,30.350000381469727
2011-07-13,30.06999969482422
2011-07-14,29.350000381469727
2011-07-15,29.290000915527344
2011-07-18,28.770000457763672
2011-07-19,29.399999618530273
2011-07-20,29.15999984741211
2011-07-21,29.559999465942383
2011-07-22,29.719999313354492
2011-07-25,29.649999618530273
2011-07-26,29.6299991607666
2011-07-27,28.5
2011-07-28,28.020000457763672
2011-07-29,27.709999084472656
2011-08-01,27.670000076293945
2011-08-02,27.030000686645508
2011-08-03,27.3700008392334
2011-08-04,26.149999618530273
2011-08-05,25.6200008392334
2011-08-08,23.90999984741211
2011-08-09,24.809999465942383
2011-08-10,22.799999237060547
2011-08-11,24.0
2011-08-12,24.100000381469727
2011-08-15,24.649999618530273
2011-08-16,24.6299991607666
2011-08-17,24.559999465942383
2011-08-18,23.280000686645508
2011-08-19,22.690000534057617
2011-08-22,23.170000076293945
2011-08-23,23.780000686645508
2011-08-24,24.100000381469727
2011-08-25,23.8700008392334
2011-08-26,24.540000915527344
2011-08-29,25.520000457763672
2011-08-30,25.190000534057617
2011-08-31,25.239999771118164
2011-09-01,24.770000457763672
2011-09-02,24.149999618530273
2011-09-06,23.739999771118164
2011-09-07,25.299999237060547
2011-09-08,24.989999771118164
2011-09-09,24.639999389648438
2011-09-12,25.200000762939453
2011-09-13,25.18000030517578
2011-09-14,25.760000228881836
2011-09-15,26.1200008392334
2011-09-16,25.520000457763672
2011-09-19,25.270000457763672
2011-09-20,24.639999389648438
2011-09-21,24.889999389648438
2011-09-22,24.309999465942383
2011-09-23,24.8799991607666
2011-09-26,25.1299991607666
2011-09-27,25.559999465942383
2011-09-28,25.110000610351562
2011-09-29,24.989999771118164
2011-09-30,24.170000076293945
2011-10-03,23.260000228881836
2011-10-04,24.040000915527344
2011-10-05,24.68000030517578
2011-10-06,25.329999923706055
2011-10-07,25.280000686645508
2011-10-10,25.760000228881836
2011-10-11,25.84000015258789
2011-10-12,25.8799991607666
2011-10-13,25.799999237060547
2011-10-14,26.809999465942383
2011-10-17,26.239999771118164
2011-10-18,26.760000228881836
2011-10-19,26.020000457763672
2011-10-20,26.079999923706055
2011-10-21,27.299999237060547
2011-10-24,28.200000762939453
2011-10-25,27.850000381469727
2011-10-26,27.809999465942383
2011-10-27,28.34000015258789
2011-10-28,29.020000457763672
2011-10-31,29.40999984741211
2011-11-01,28.59000015258789
2011-11-02,29.350000381469727
2011-11-03,30.15999984741211
2011-11-04,29.790000915527344
2011-11-07,29.920000076293945
2011-11-08,30.420000076293945
2011-11-09,28.079999923706055
2011-11-10,28.030000686645508
2011-11-11,28.43000030517578
2011-11-14,28.239999771118164
2011-11-15,28.469999313354492
2011-11-16,28.540000915527344
2011-11-17,27.690000534057617
2011-11-18,27.18000030517578
2011-11-21,26.6299991607666
2011-11-22,26.329999923706055
2011-11-23,25.940000534057617
2011-11-25,25.829999923706055
2011-11-28,26.6200008392334
2011-11-29,26.06999969482422
2011-11-30,27.420000076293945
2011-12-01,27.139999389648438
2011-12-02,27.110000610351562
2011-12-05,27.90999984741211
2011-12-06,27.959999084472656
2011-12-07,27.860000610351562
2011-12-08,27.3799991607666
2011-12-09,28.040000915527344
2011-12-12,27.389999389648438
2011-12-13,26.989999771118164
2011-12-14,26.520000457763672
2011-12-15,26.459999084472656
2011-12-16,28.200000762939453
2011-12-19,27.510000228881836
2011-12-20,28.440000534057617
2011-12-21,27.969999313354492
2011-12-22,27.889999389648438
2011-12-23,28.290000915527344
2011-12-27,28.5
2011-12-28,28.020000457763672
2011-12-29,28.309999465942383
2011-12-30,28.270000457763672
2012-01-03,28.56999969482422
2012-01-04,28.280000686645508
2012-01-05,28.479999542236328
2012-01-06,28.719999313354492
2012-01-09,28.530000686645508
2012-01-10,29.200000762939453
2012-01-11,29.31999969482422
2012-01-12,29.229999542236328
2012-01-13,28.969999313354492
2012-01-17,29.350000381469727
2012-01-18,29.889999389648438
2012-01-19,30.239999771118164
2012-01-20,30.5
2012-01-23,30.229999542236328
2012-01-24,30.950000762939453
2012-01-25,31.34000015258789
2012-01-26,31.18000030517578
2012-01-27,31.049999237060547
2012-01-30,31.0
2012-01-31,30.950000762939453
2012-02-01,31.239999771118164
2012-02-02,31.290000915527344
2012-02-03,31.850000381469727
2012-02-06,31.860000610351562
2012-02-07,32.279998779296875
2012-02-08,32.099998474121094
2012-02-09,32.650001525878906
2012-02-10,32.209999084472656
2012-02-13,32.349998474121094
2012-02-14,32.439998626708984
2012-02-15,32.459999084472656
2012-02-16,32.86000061035156
2012-02-17,32.75
2012-02-21,32.540000915527344
2012-02-22,32.33000183105469
2012-02-23,32.970001220703125
2012-02-24,33.40999984741211
2012-02-27,33.27000045776367
2012-02-28,33.27000045776367
2012-02-29,32.88999938964844
2012-03-01,33.099998474121094
2012-03-02,33.72999954223633
2012-03-05,33.220001220703125
2012-03-06,31.989999771118164
2012-03-07,32.40999984741211
2012-03-08,33.04999923706055
2012-03-09,33.63999938964844
2012-03-12,33.560001373291016
2012-03-13,34.220001220703125
2012-03-14,33.77000045776367
2012-03-15,34.16999816894531
2012-03-16,33.81999969482422
2012-03-19,34.5099983215332
2012-03-20,33.15999984741211
2012-03-21,33.560001373291016
2012-03-22,33.709999084472656
2012-03-23,33.810001373291016
2012-03-26,34.400001525878906
2012-03-27,34.630001068115234
2012-03-28,34.459999084472656
2012-03-29,34.47999954223633
2012-03-30,34.310001373291016
2012-04-02,34.70000076293945
2012-04-03,34.310001373291016
2012-04-04,33.459999084472656
2012-04-05,33.59000015258789
2012-04-09,33.220001220703125
2012-04-10,32.61000061035156
2012-04-11,33.0099983215332
2012-04-12,33.54999923706055
2012-04-13,33.18000030517578
2012-04-16,32.849998474121094
2012-04-17,33.84000015258789
2012-04-18,33.38999938964844
2012-04-19,32.900001525878906
2012-04-20,33.060001373291016
2012-04-23,32.619998931884766
2012-04-24,32.400001525878906
2012-04-25,33.130001068115234
2012-04-26,33.2599983215332
2012-04-27,33.58000183105469
2012-04-30,33.54999923706055
2012-05-01,33.77000045776367
2012-05-02,33.7599983215332
2012-05-03,33.31999969482422
2012-05-04,32.61000061035156
2012-05-07,32.52000045776367
2012-05-08,32.66999816894531
2012-05-09,32.52000045776367
2012-05-10,31.920000076293945
2012-05-11,32.20000076293945
2012-05-14,32.22999954223633
2012-05-15,32.33000183105469
2012-05-16,32.36000061035156
2012-05-17,32.0099983215332
2012-05-18,31.309999465942383
2012-05-21,32.0099983215332
2012-05-22,32.0099983215332
2012-05-23,32.18000030517578
2012-05-24,31.540000915527344
2012-05-25,31.600000381469727
2012-05-29,32.04999923706055
2012-05-30,31.290000915527344
2012-05-31,31.049999237060547
2012-06-01,29.81999969482422
2012-06-04,30.309999465942383
2012-06-05,30.709999084472656
2012-06-06,31.690000534057617
2012-06-07,31.31999969482422
2012-06-08,31.649999618530273
2012-06-11,31.1299991607666
2012-06-12,31.770000457763672
2012-06-13,31.790000915527344
2012-06-14,31.670000076293945
2012-06-15,32.38999938964844
2012-06-18,32.630001068115234
2012-06-19,32.88999938964844
2012-06-20,31.989999771118164
2012-06-21,31.229999542236328
2012-06-22,31.56999969482422
2012-06-25,30.850000381469727
2012-06-26,31.06999969482422
2012-06-27,31.40999984741211
2012-06-28,31.170000076293945
2012-06-29,32.369998931884766
2012-07-02,32.189998626708984
2012-07-03,32.5099983215332
2012-07-05,32.529998779296875
2012-07-06,31.3700008392334
2012-07-09,30.43000030517578
2012-07-10,30.440000534057617
2012-07-11,30.200000762939453
2012-07-12,30.139999389648438
2012-07-13,30.649999618530273
2012-07-16,30.399999618530273
2012-07-17,30.649999618530273
2012-07-18,31.43000030517578
2012-07-19,31.889999389648438
2012-07-20,31.3799991607666
2012-07-23,30.639999389648438
2012-07-24,30.020000457763672
2012-07-25,30.329999923706055
2012-07-26,30.950000762939453
2012-07-27,31.899999618530273
2012-07-30,31.010000228881836
2012-07-31,30.8799991607666
2012-08-01,30.690000534057617
2012-08-02,30.579999923706055
2012-08-03,32.02000045776367
2012-08-06,32.13999938964844
2012-08-07,32.369998931884766
2012-08-08,32.5099983215332
2012-08-09,32.650001525878906
2012-08-10,32.63999938964844
2012-08-13,32.27000045776367
2012-08-14,32.11000061035156
2012-08-15,32.90999984741211
2012-08-16,33.650001525878906
2012-08-17,33.79999923706055
2012-08-20,33.91999816894531
2012-08-21,33.75
2012-08-22,33.84000015258789
2012-08-23,33.5
2012-08-24,32.2599983215332
2012-08-27,32.31999969482422
2012-08-28,32.060001373291016
2012-08-29,31.959999084472656
2012-08-30,31.459999084472656
2012-08-31,31.270000457763672
2012-09-04,31.440000534057617
2012-09-05,32.2599983215332
2012-09-06,32.790000915527344
2012-09-07,32.459999084472656
2012-09-10,32.130001068115234
2012-09-11,32.43000030517578
2012-09-12,32.41999816894531
2012-09-13,32.810001373291016
2012-09-14,33.34000015258789
2012-09-17,33.40999984741211
2012-09-18,32.56999969482422
2012-09-19,33.119998931884766
2012-09-20,34.529998779296875
2012-09-21,33.83000183105469
2012-09-24,33.41999816894531
2012-09-25,32.900001525878906
2012-09-26,32.529998779296875
2012-09-27,32.79999923706055
2012-09-28,32.439998626708984
2012-10-01,32.619998931884766
2012-10-02,32.56999969482422
2012-10-03,32.599998474121094
2012-10-04,32.68000030517578
2012-10-05,32.470001220703125
2012-10-08,32.22999954223633
2012-10-09,31.690000534057617
2012-10-10,31.510000228881836
2012-10-11,31.780000686645508
2012-10-12,31.940000534057617
2012-10-15,32.33000183105469
2012-10-16,33.2400016784668
2012-10-17,33.439998626708984
2012-10-18,33.470001220703125
2012-10-19,33.2400016784668
2012-10-22,33.4900016784668
2012-10-23,33.310001373291016
2012-10-24,33.36000061035156
2012-10-25,33.400001525878906
2012-10-26,34.0099983215332
2012-10-31,34.029998779296875
2012-11-01,34.36000061035156
2012-11-02,34.38999938964844
2012-11-05,34.2400016784668
2012-11-06,34.38999938964844
2012-11-07,33.470001220703125
2012-11-08,32.97999954223633
2012-11-09,32.900001525878906
2012-11-12,32.70000076293945
2012-11-13,32.540000915527344
2012-11-14,32.2400016784668
2012-11-15,32.63999938964844
2012-11-16,32.650001525878906
2012-11-19,32.91999816894531
2012-11-20,32.63999938964844
2012-11-21,32.84000015258789
2012-11-23,33.400001525878906
2012-11-26,33.290000915527344
2012-11-27,33.18000030517578
2012-11-28,33.880001068115234
2012-11-29,34.09000015258789
2012-11-30,34.61000061035156
2012-12-03,34.70000076293945
2012-12-04,35.29999923706055
2012-12-05,35.400001525878906
2012-12-06,35.13999938964844
2012-12-07,35.47999954223633
2012-12-10,35.75
2012-12-11,35.540000915527344
2012-12-12,35.959999084472656
2012-12-13,35.529998779296875
2012-12-14,37.560001373291016
2012-12-17,37.41999816894531
2012-12-18,37.4900016784668
2012-12-19,38.09000015258789
2012-12-20,37.869998931884766
2012-12-21,37.709999084472656
2012-12-24,37.529998779296875
2012-12-26,37.54999923706055
2012-12-27,37.29999923706055
2012-12-28,36.900001525878906
2012-12-31,37.68000030517578
2013-01-02,38.34000015258789
2013-01-03,37.75
2013-01-04,38.130001068115234
2013-01-07,37.939998626708984
2013-01-08,38.13999938964844
2013-01-09,38.65999984741211
2013-01-10,38.619998931884766
2013-01-11,38.09000015258789
2013-01-14,38.15999984741211
2013-01-15,38.150001525878906
2013-01-16,37.880001068115234
2013-01-17,37.72999954223633
2013-01-18,37.97999954223633
2013-01-22,37.95000076293945
2013-01-23,38.25
2013-01-24,38.11000061035156
2013-01-25,38.31999969482422
2013-01-28,38.2400016784668
2013-01-29,38.52000045776367
2013-01-30,37.939998626708984
2013-01-31,37.83000183105469
2013-02-01,38.34000015258789
2013-02-04,38.099998474121094
2013-02-05,38.5099983215332
2013-02-06,38.400001525878906
2013-02-07,38.06999969482422
2013-02-08,39.119998931884766
2013-02-11,38.63999938964844
2013-02-12,38.88999938964844
2013-02-13,38.810001373291016
2013-02-14,38.61000061035156
2013-02-15,38.630001068115234
2013-02-19,38.9900016784668
2013-02-20,38.77000045776367
2013-02-21,38.34000015258789
2013-02-22,38.54999923706055
2013-02-25,38.11000061035156
2013-02-26,38.59000015258789
2013-02-27,39.599998474121094
2013-02-28,39.310001373291016
2013-03-01,39.83000183105469
2013-03-04,40.459999084472656
2013-03-05,41.459999084472656
2013-03-06,41.290000915527344
2013-03-07,41.5
2013-03-08,41.5
2013-03-11,41.47999954223633
2013-03-12,41.400001525878906
2013-03-13,41.59000015258789
2013-03-14,41.619998931884766
2013-03-15,41.380001068115234
2013-03-18,41.060001373291016
2013-03-19,40.75
2013-03-20,42.459999084472656
2013-03-21,42.18000030517578
2013-03-22,42.970001220703125
2013-03-25,42.4900016784668
2013-03-26,42.75
2013-03-27,42.65999984741211
2013-03-28,43.52000045776367
2013-04-01,43.380001068115234
2013-04-02,43.849998474121094
2013-04-03,43.70000076293945
2013-04-04,44.209999084472656
2013-04-05,43.380001068115234
2013-04-08,43.790000915527344
2013-04-09,44.16999816894531
2013-04-10,44.70000076293945
2013-04-11,45.209999084472656
2013-04-12,45.029998779296875
2013-04-15,44.599998474121094
2013-04-16,45.279998779296875
2013-04-17,44.900001525878906
2013-04-18,44.459999084472656
2013-04-19,44.7400016784668
2013-04-22,44.529998779296875
2013-04-23,44.869998931884766
2013-04-24,44.66999816894531
2013-04-25,45.04999923706055
2013-04-26,44.90999984741211
2013-04-29,45.060001373291016
2013-04-30,45.08000183105469
2013-05-01,44.709999084472656
2013-05-02,45.689998626708984
2013-05-03,47.0099983215332
2013-05-06,46.4900016784668
2013-05-07,45.599998474121094
2013-05-08,45.31999969482422
2013-05-09,43.970001220703125
2013-05-10,44.02000045776367
2013-05-13,43.61000061035156
2013-05-14,44.040000915527344
2013-05-15,45.06999969482422
2013-05-16,44.560001373291016
2013-05-17,44.61000061035156
2013-05-20,44.290000915527344
2013-05-21,44.02000045776367
2013-05-22,43.16999816894531
2013-05-23,42.77000045776367
2013-05-24,42.43000030517578
2013-05-28,42.90999984741211
2013-05-29,42.599998474121094
2013-05-30,43.189998626708984
2013-05-31,42.90999984741211
2013-06-03,43.459999084472656
2013-06-04,44.38999938964844
2013-06-05,43.84000015258789
2013-06-06,43.56999969482422
2013-06-07,44.119998931884766
2013-06-10,44.09000015258789
2013-06-11,43.119998931884766
2013-06-12,42.720001220703125
2013-06-13,43.29999923706055
2013-06-14,42.84000015258789
2013-06-17,43.38999938964844
2013-06-18,43.36000061035156
2013-06-19,45.779998779296875
2013-06-20,44.900001525878906
2013-06-21,44.77000045776367
2013-06-24,43.599998474121094
2013-06-25,44.369998931884766
2013-06-26,45.68000030517578
2013-06-27,45.93000030517578
2013-06-28,45.560001373291016
2013-07-01,46.2400016784668
2013-07-02,46.029998779296875
2013-07-03,46.41999816894531
2013-07-05,47.0
2013-07-08,46.630001068115234
2013-07-09,47.2599983215332
2013-07-10,47.25
2013-07-11,47.9900016784668
2013-07-12,48.38999938964844
2013-07-15,48.119998931884766
2013-07-16,47.4900016784668
2013-07-17,48.040000915527344
2013-07-18,48.189998626708984
2013-07-19,48.06999969482422
2013-07-22,48.279998779296875
2013-07-23,48.06999969482422
2013-07-24,47.79999923706055
2013-07-25,47.790000915527344
2013-07-26,47.63999938964844
2013-07-29,47.16999816894531
2013-07-30,47.36000061035156
2013-07-31,47.279998779296875
2013-08-01,47.70000076293945
2013-08-02,47.45000076293945
2013-08-05,47.630001068115234
2013-08-06,47.38999938964844
2013-08-07,47.099998474121094
2013-08-08,47.5099983215332
2013-08-09,47.18000030517578
2013-08-12,47.20000076293945
2013-08-13,47.13999938964844
2013-08-14,46.84000015258789
2013-08-15,45.869998931884766
2013-08-16,45.400001525878906
2013-08-19,44.88999938964844
2013-08-20,45.06999969482422
2013-08-21,45.13999938964844
2013-08-22,45.68000030517578
2013-08-23,45.77000045776367
2013-08-26,46.060001373291016
2013-08-27,45.5
2013-08-28,45.529998779296875
2013-08-29,45.93000030517578
2013-08-30,45.75
2013-09-03,45.880001068115234
2013-09-04,46.93000030517578
2013-09-05,46.72999954223633
2013-09-06,46.869998931884766
2013-09-09,47.25
2013-09-10,48.02000045776367
2013-09-11,48.20000076293945
2013-09-12,47.63999938964844
2013-09-13,47.7599983215332
2013-09-16,48.13999938964844
2013-09-17,48.13999938964844
2013-09-18,52.58000183105469
2013-09-19,51.869998931884766
2013-09-20,52.310001373291016
2013-09-23,51.79999923706055
2013-09-24,51.41999816894531
2013-09-25,51.869998931884766
2013-09-26,52.099998474121094
2013-09-27,52.029998779296875
2013-09-30,51.939998626708984
2013-10-01,52.43000030517578
2013-10-02,51.52000045776367
2013-10-03,50.880001068115234
2013-10-04,51.56999969482422
2013-10-07,50.81999969482422
2013-10-08,49.58000183105469
2013-10-09,49.45000076293945
2013-10-10,51.16999816894531
2013-10-11,52.189998626708984
2013-10-14,52.630001068115234
2013-10-15,51.93000030517578
2013-10-16,51.90999984741211
2013-10-17,52.06999969482422
2013-10-18,52.630001068115234
2013-10-21,53.08000183105469
2013-10-22,53.16999816894531
2013-10-23,53.060001373291016
2013-10-24,54.209999084472656
2013-10-25,53.810001373291016
2013-10-28,53.93000030517578
2013-10-29,54.86000061035156
2013-10-30,54.099998474121094
2013-10-31,54.220001220703125
2013-11-01,54.61000061035156
2013-11-04,55.38999938964844
2013-11-05,54.790000915527344
2013-11-06,54.880001068115234
2013-11-07,53.16999816894531
2013-11-08,54.84000015258789
2013-11-11,56.18000030517578
2013-11-12,56.2400016784668
2013-11-13,57.54999923706055
2013-11-14,57.16999816894531
2013-11-15,57.349998474121094
2013-11-18,56.599998474121094
2013-11-19,55.77000045776367
2013-11-20,55.939998626708984
2013-11-21,56.22999954223633
2013-11-22,56.40999984741211
2013-11-25,56.95000076293945
2013-11-26,56.70000076293945
2013-11-27,56.90999984741211
2013-11-29,56.779998779296875
2013-12-02,56.7599983215332
2013-12-03,56.400001525878906
2013-12-04,56.04999923706055
2013-12-05,55.040000915527344
2013-12-06,55.599998474121094
2013-12-09,55.439998626708984
2013-12-10,55.31999969482422
2013-12-11,54.63999938964844
2013-12-12,53.9900016784668
2013-12-13,60.88999938964844
2013-12-16,58.5
2013-12-17,57.66999816894531
2013-12-18,59.040000915527344
2013-12-19,58.130001068115234
2013-12-20,59.2599983215332
2013-12-23,59.470001220703125
2013-12-24,59.529998779296875
2013-12-26,59.58000183105469
2013-12-27,59.5099983215332
2013-12-30,59.54999923706055
2013-12-31,59.880001068115234
2014-01-02,59.290000915527344
2014-01-03,59.15999984741211
2014-01-06,58.119998931884766
2014-01-07,58.970001220703125
2014-01-08,58.900001525878906
2014-01-09,59.09000015258789
2014-01-10,59.529998779296875
2014-01-13,58.599998474121094
2014-01-14,60.369998931884766
2014-01-15,61.68000030517578
2014-01-16,61.630001068115234
2014-01-17,61.369998931884766
2014-01-21,60.849998474121094
2014-01-22,61.77000045776367
2014-01-23,60.880001068115234
2014-01-24,59.09000015258789
2014-01-27,58.36000061035156
2014-01-28,59.11000061035156
2014-01-29,58.459999084472656
2014-01-30,59.38999938964844
2014-01-31,59.189998626708984
2014-02-03,58.09000015258789
2014-02-04,59.720001220703125
2014-02-05,61.0
2014-02-06,61.34000015258789
2014-02-07,62.880001068115234
2014-02-10,63.779998779296875
2014-02-11,63.970001220703125
2014-02-12,65.13999938964844
2014-02-13,67.04000091552734
2014-02-14,68.33999633789062
2014-02-18,68.66000366210938
2014-02-19,67.98999786376953
2014-02-20,68.4800033569336
2014-02-21,68.22000122070312
2014-02-24,68.7699966430664
2014-02-25,68.01000213623047
2014-02-26,67.81999969482422
2014-02-27,69.91999816894531
2014-02-28,68.62999725341797
2014-03-03,67.86000061035156
2014-03-04,68.5999984741211
2014-03-05,68.9000015258789
2014-03-06,68.91999816894531
2014-03-07,68.5199966430664
2014-03-10,68.04000091552734
2014-03-11,67.47000122070312
2014-03-12,68.05999755859375
2014-03-13,67.08000183105469
2014-03-14,67.19000244140625
2014-03-17,68.16999816894531
2014-03-18,68.5199966430664
2014-03-19,67.62999725341797
2014-03-20,68.48999786376953
2014-03-21,67.13999938964844
2014-03-24,65.23999786376953
2014-03-25,65.80999755859375
2014-03-26,63.900001525878906
2014-03-27,64.52999877929688
2014-03-28,64.87999725341797
2014-03-31,65.73999786376953
2014-04-01,65.93000030517578
2014-04-02,65.4800033569336
2014-04-03,62.45000076293945
2014-04-04,61.31999969482422
2014-04-07,60.470001220703125
2014-04-08,61.81999969482422
2014-04-09,63.459999084472656
2014-04-10,61.4900016784668
2014-04-11,60.5
2014-04-14,61.38999938964844
2014-04-15,62.11000061035156
2014-04-16,63.040000915527344
2014-04-17,64.04000091552734
2014-04-21,64.30000305175781
2014-04-22,64.4800033569336
2014-04-23,64.38999938964844
2014-04-24,63.220001220703125
2014-04-25,61.61000061035156
2014-04-28,60.400001525878906
2014-04-29,60.90999984741211
2014-04-30,61.689998626708984
2014-05-01,62.59000015258789
2014-05-02,61.560001373291016
2014-05-05,61.439998626708984
2014-05-06,59.439998626708984
2014-05-07,58.630001068115234
2014-05-08,59.08000183105469
2014-05-09,59.59000015258789
2014-05-12,60.70000076293945
2014-05-13,60.810001373291016
2014-05-14,60.880001068115234
2014-05-15,60.20000076293945
2014-05-16,61.63999938964844
2014-05-19,62.20000076293945
2014-05-20,61.709999084472656
2014-05-21,62.470001220703125
2014-05-22,63.150001525878906
2014-05-23,64.30000305175781
2014-05-27,65.25
2014-05-28,64.83999633789062
2014-05-29,65.44999694824219
2014-05-30,64.54000091552734
2014-06-02,64.63999938964844
2014-06-03,64.08999633789062
2014-06-04,64.16999816894531
2014-06-05,65.47000122070312
2014-06-06,66.91000366210938
2014-06-09,66.93000030517578
2014-06-10,66.95999908447266
2014-06-11,67.45999908447266
2014-06-12,66.55999755859375
2014-06-13,66.81999969482422
2014-06-16,67.62000274658203
2014-06-17,67.54000091552734
2014-06-18,73.08000183105469
2014-06-19,72.94999694824219
2014-06-20,72.61000061035156
2014-06-23,72.88999938964844
2014-06-24,72.37999725341797
2014-06-25,72.44000244140625
2014-06-26,72.8499984741211
2014-06-27,72.0
2014-06-30,72.36000061035156
2014-07-01,73.01000213623047
2014-07-02,72.76000213623047
2014-07-03,73.56999969482422
2014-07-07,72.68000030517578
2014-07-08,71.13999938964844
2014-07-09,71.56999969482422
2014-07-10,71.69999694824219
2014-07-11,72.26000213623047
2014-07-14,72.87999725341797
2014-07-15,72.29000091552734
2014-07-16,72.37999725341797
2014-07-17,71.38999938964844
2014-07-18,72.55000305175781
2014-07-21,71.95999908447266
2014-07-22,72.26000213623047
2014-07-23,72.04000091552734
2014-07-24,72.80000305175781
2014-07-25,72.62000274658203
2014-07-28,72.69999694824219
2014-07-29,72.2699966430664
2014-07-30,71.88999938964844
2014-07-31,69.25
2014-08-01,68.94000244140625
2014-08-04,68.7699966430664
2014-08-05,68.97000122070312
2014-08-06,68.2300033569336
2014-08-07,67.83000183105469
2014-08-08,68.38999938964844
2014-08-11,68.97000122070312
2014-08-12,68.79000091552734
2014-08-13,69.79000091552734
2014-08-14,70.05000305175781
2014-08-15,70.06999969482422
2014-08-18,71.05999755859375
2014-08-19,72.05000305175781
2014-08-20,71.0199966430664
2014-08-21,71.7300033569336
2014-08-22,72.04000091552734
2014-08-25,71.81999969482422
2014-08-26,71.52999877929688
2014-08-27,71.55000305175781
2014-08-28,71.37000274658203
2014-08-29,71.9000015258789
2014-09-02,72.0999984741211
2014-09-03,72.43000030517578
2014-09-04,72.45999908447266
2014-09-05,73.12999725341797
2014-09-08,73.38999938964844
2014-09-09,72.41999816894531
2014-09-10,72.33000183105469
2014-09-11,72.41999816894531
2014-09-12,70.9800033569336
2014-09-15,70.2699966430664
2014-09-16,70.7300033569336
2014-09-17,67.30000305175781
2014-09-18,67.91000366210938
2014-09-19,66.94000244140625
2014-09-22,67.19999694824219
2014-09-23,67.79000091552734
2014-09-24,69.02999877929688
2014-09-25,67.70999908447266
2014-09-26,68.36000061035156
2014-09-29,69.22000122070312
2014-09-30,69.19000244140625
2014-10-01,67.54000091552734
2014-10-02,67.05999755859375
2014-10-03,68.4000015258789
2014-10-06,67.66999816894531
2014-10-07,65.95999908447266
2014-10-08,67.98999786376953
2014-10-09,65.66000366210938
2014-10-10,63.290000915527344
2014-10-13,61.68000030517578
2014-10-14,60.880001068115234
2014-10-15,62.189998626708984
2014-10-16,62.86000061035156
2014-10-17,64.5199966430664
2014-10-20,64.68000030517578
2014-10-21,66.43000030517578
2014-10-22,65.04000091552734
2014-10-23,65.91999816894531
2014-10-24,67.01000213623047
2014-10-27,67.02999877929688
2014-10-28,68.37000274658203
2014-10-29,67.93000030517578
2014-10-30,68.56999969482422
2014-10-31,70.12000274658203
2014-11-03,69.91000366210938
2014-11-04,71.06999969482422
2014-11-05,71.37000274658203
2014-11-06,72.0999984741211
2014-11-07,71.5999984741211
2014-11-10,71.69999694824219
2014-11-11,71.69999694824219
2014-11-12,71.41000366210938
2014-11-13,71.72000122070312
2014-11-14,71.41999816894531
2014-11-17,69.97000122070312
2014-11-18,70.83000183105469
2014-11-19,70.81999969482422
2014-11-20,70.44000244140625
2014-11-21,71.31999969482422
2014-11-24,71.22000122070312
2014-11-25,72.0
2014-11-26,72.9800033569336
2014-11-28,73.68000030517578
2014-12-01,73.75
2014-12-02,73.47000122070312
2014-12-03,73.18000030517578
2014-12-04,73.02999877929688
2014-12-05,72.4000015258789
2014-12-08,72.05000305175781
2014-12-09,71.56999969482422
2014-12-10,69.8499984741211
2014-12-11,69.73999786376953
2014-12-12,76.0199966430664
2014-12-15,73.04000091552734
2014-12-16,72.31999969482422
2014-12-17,74.0
2014-12-18,74.88999938964844
2014-12-19,74.44999694824219
2014-12-22,74.5
2014-12-23,74.37999725341797
2014-12-24,74.73999786376953
2014-12-26,74.66999816894531
2014-12-29,74.12999725341797
2014-12-30,73.08000183105469
2014-12-31,72.69999694824219
2015-01-02,72.33999633789062
2015-01-05,71.9800033569336
2015-01-06,70.52999877929688
2015-01-07,71.11000061035156
2015-01-08,72.91999816894531
2015-01-09,71.83999633789062
2015-01-12,71.12000274658203
2015-01-13,70.58999633789062
2015-01-14,69.98999786376953
2015-01-15,70.29000091552734
2015-01-16,71.7300033569336
2015-01-20,71.48999786376953
2015-01-21,71.54000091552734
2015-01-22,73.4800033569336
2015-01-23,74.05999755859375
2015-01-26,72.73999786376953
2015-01-27,71.45999908447266
2015-01-28,70.25
2015-01-29,71.63999938964844
2015-01-30,70.12999725341797
2015-02-02,71.11000061035156
2015-02-03,71.91999816894531
2015-02-04,72.27999877929688
2015-02-05,73.0999984741211
2015-02-06,72.54000091552734
2015-02-09,72.33000183105469
2015-02-10,72.76000213623047
2015-02-11,73.01000213623047
2015-02-12,74.58999633789062
2015-02-13,76.51000213623047
2015-02-17,77.12999725341797
2015-02-18,77.7300033569336
2015-02-19,77.7300033569336
2015-02-20,78.55000305175781
2015-02-23,78.0999984741211
2015-02-24,77.68000030517578
2015-02-25,78.06999969482422
2015-02-26,78.95999908447266
2015-02-27,79.0999984741211
2015-03-02,79.79000091552734
2015-03-03,78.98999786376953
2015-03-04,77.62999725341797
2015-03-05,78.62000274658203
2015-03-06,77.55000305175781
2015-03-09,77.93000030517578
2015-03-10,76.01000213623047
2015-03-11,76.01000213623047
2015-03-12,77.4000015258789
2015-03-13,77.62000274658203
2015-03-16,78.33000183105469
2015-03-17,79.66000366210938
2015-03-18,76.88999938964844
2015-03-19,77.13999938964844
2015-03-20,77.36000061035156
2015-03-23,76.3499984741211
2015-03-24,75.44999694824219
2015-03-25,73.12999725341797
2015-03-26,72.97000122070312
2015-03-27,73.30999755859375
2015-03-30,73.5999984741211
2015-03-31,73.94000244140625
2015-04-01,75.06999969482422
2015-04-02,75.68000030517578
2015-04-06,76.2300033569336
2015-04-07,75.6500015258789
2015-04-08,75.44000244140625
2015-04-09,76.33000183105469
2015-04-10,76.52999877929688
2015-04-13,76.0199966430664
2015-04-14,75.94999694824219
2015-04-15,76.02999877929688
2015-04-16,75.1500015258789
2015-04-17,73.1500015258789
2015-04-20,73.91999816894531
2015-04-21,74.62000274658203
2015-04-22,75.5
2015-04-23,76.5199966430664
2015-04-24,76.54000091552734
2015-04-27,76.55000305175781
2015-04-28,76.0199966430664
2015-04-29,76.6500015258789
2015-04-30,76.05999755859375
2015-05-01,76.43000030517578
2015-05-04,75.8499984741211
2015-05-05,75.0
2015-05-06,74.4800033569336
2015-05-07,74.7300033569336
2015-05-08,76.30999755859375
2015-05-11,76.79000091552734
2015-05-12,76.56999969482422
2015-05-13,77.08000183105469
2015-05-14,79.43000030517578
2015-05-15,78.91999816894531
2015-05-18,79.41000366210938
2015-05-19,79.62000274658203
2015-05-20,79.61000061035156
2015-05-21,80.55999755859375
2015-05-22,80.04000091552734
2015-05-26,79.36000061035156
2015-05-27,80.16000366210938
2015-05-28,80.0199966430664
2015-05-29,79.08999633789062
2015-06-01,79.87000274658203
2015-06-02,79.81999969482422
2015-06-03,80.12999725341797
2015-06-04,78.75
2015-06-05,78.86000061035156
2015-06-08,78.16000366210938
2015-06-09,77.9000015258789
2015-06-10,79.55999755859375
2015-06-11,79.6500015258789
2015-06-12,79.86000061035156
2015-06-15,78.9000015258789
2015-06-16,79.94000244140625
2015-06-17,77.91000366210938
2015-06-18,79.38999938964844
2015-06-19,79.69999694824219
2015-06-22,82.27999877929688
2015-06-23,83.55000305175781
2015-06-24,83.4000015258789
2015-06-25,83.94000244140625
2015-06-26,82.73999786376953
2015-06-29,81.27999877929688
2015-06-30,81.01000213623047
2015-07-01,80.94000244140625
2015-07-02,80.75
2015-07-06,80.5
2015-07-07,80.58999633789062
2015-07-08,79.98999786376953
2015-07-09,80.47000122070312
2015-07-10,80.58999633789062
2015-07-13,81.44000244140625
2015-07-14,81.88999938964844
2015-07-15,82.12000274658203
2015-07-16,82.5199966430664
2015-07-17,82.0999984741211
2015-07-20,82.08999633789062
2015-07-21,81.19000244140625
2015-07-22,80.7300033569336
2015-07-23,80.63999938964844
2015-07-24,80.9800033569336
2015-07-27,79.93000030517578
2015-07-28,80.58999633789062
2015-07-29,80.25
2015-07-30,81.29000091552734
2015-07-31,81.98999786376953
2015-08-03,81.4000015258789
2015-08-04,82.05999755859375
2015-08-05,83.37999725341797
2015-08-06,82.19000244140625
2015-08-07,82.69000244140625
2015-08-10,83.62000274658203
2015-08-11,83.9000015258789
2015-08-12,83.81999969482422
2015-08-13,84.30999755859375
2015-08-14,86.12000274658203
2015-08-17,86.7699966430664
2015-08-18,86.44999694824219
2015-08-19,85.4800033569336
2015-08-20,82.69000244140625
2015-08-21,78.87000274658203
2015-08-24,74.2699966430664
2015-08-25,74.56999969482422
2015-08-26,77.33000183105469
2015-08-27,78.91000366210938
2015-08-28,79.4000015258789
2015-08-31,78.56999969482422
2015-09-01,75.98999786376953
2015-09-02,77.25
2015-09-03,78.31999969482422
2015-09-04,76.88999938964844
2015-09-08,79.77999877929688
2015-09-09,78.5199966430664
2015-09-10,78.69999694824219
2015-09-11,79.19000244140625
2015-09-14,78.45999908447266
2015-09-15,79.52999877929688
2015-09-16,80.52999877929688
2015-09-17,80.30999755859375
2015-09-18,81.25
2015-09-21,83.31999969482422
2015-09-22,84.66000366210938
2015-09-23,85.5
2015-09-24,83.91000366210938
2015-09-25,83.12999725341797
2015-09-28,80.5199966430664
2015-09-29,79.83000183105469
2015-09-30,82.22000122070312
2015-10-01,83.75
2015-10-02,83.98999786376953
2015-10-05,85.83999633789062
2015-10-06,85.1500015258789
2015-10-07,80.6500015258789
2015-10-08,82.26000213623047
2015-10-09,83.81999969482422
2015-10-12,83.91999816894531
2015-10-13,83.6500015258789
2015-10-14,83.80000305175781
2015-10-15,86.7699966430664
2015-10-16,88.66999816894531
2015-10-19,88.4000015258789
2015-10-20,86.83999633789062
2015-10-21,86.12999725341797
2015-10-22,88.45999908447266
2015-10-23,87.86000061035156
2015-10-26,88.83999633789062
2015-10-27,88.05000305175781
2015-10-28,88.5
2015-10-29,88.12000274658203
2015-10-30,88.66000366210938
2015-11-02,89.91000366210938
2015-11-03,90.36000061035156
2015-11-04,91.01000213623047
2015-11-05,90.55000305175781
2015-11-06,90.69000244140625
2015-11-09,89.80000305175781
2015-11-10,90.27999877929688
2015-11-11,91.20999908447266
2015-11-12,90.83999633789062
2015-11-13,89.0199966430664
2015-11-16,89.7699966430664
2015-11-17,90.29000091552734
2015-11-18,91.2699966430664
2015-11-19,91.76000213623047
2015-11-20,91.80999755859375
2015-11-23,91.95999908447266
2015-11-24,92.0
2015-11-25,91.7699966430664
2015-11-27,92.16999816894531
2015-11-30,91.45999908447266
2015-12-01,92.55000305175781
2015-12-02,92.0199966430664
2015-12-03,89.91000366210938
2015-12-04,92.58000183105469
2015-12-07,89.5999984741211
2015-12-08,91.72000122070312
2015-12-09,89.55999755859375
2015-12-10,88.95999908447266
2015-12-11,91.41999816894531
2015-12-14,93.26000213623047
2015-12-15,94.0199966430664
2015-12-16,95.55999755859375
2015-12-17,94.19999694824219
2015-12-18,91.30999755859375
2015-12-21,91.62000274658203
2015-12-22,93.81999969482422
2015-12-23,94.69999694824219
2015-12-24,94.30000305175781
2015-12-28,94.19999694824219
2015-12-29,95.33000183105469
2015-12-30,95.27999877929688
2015-12-31,93.94000244140625
2016-01-04,91.97000122070312
2016-01-05,92.33999633789062
2016-01-06,91.0199966430664
2016-01-07,89.11000061035156
2016-01-08,87.8499984741211
2016-01-11,89.37999725341797
2016-01-12,89.81999969482422
2016-01-13,88.30000305175781
2016-01-14,89.80000305175781
2016-01-15,89.16999816894531
2016-01-19,89.18000030517578
2016-01-20,87.94000244140625
2016-01-21,88.0
2016-01-22,89.62999725341797
2016-01-25,86.7699966430664
2016-01-26,86.88999938964844
2016-01-27,84.8499984741211
2016-01-28,84.5199966430664
2016-01-29,89.12999725341797
2016-02-01,89.61000061035156
2016-02-02,87.94999694824219
2016-02-03,87.98999786376953
2016-02-04,86.36000061035156
2016-02-05,79.19999694824219
2016-02-08,74.94000244140625
2016-02-09,73.8499984741211
2016-02-10,75.52999877929688
2016-02-11,74.94000244140625
2016-02-12,76.66999816894531
2016-02-16,78.87999725341797
2016-02-17,81.8499984741211
2016-02-18,80.52999877929688
2016-02-19,80.87000274658203
2016-02-22,83.80000305175781
2016-02-23,83.06999969482422
2016-02-24,83.41999816894531
2016-02-25,86.68000030517578
2016-02-26,86.5999984741211
2016-02-29,85.1500015258789
2016-03-01,88.37000274658203
2016-03-02,88.38999938964844
2016-03-03,87.20999908447266
2016-03-04,86.18000030517578
2016-03-07,85.11000061035156
2016-03-08,84.3499984741211
2016-03-09,85.2699966430664
2016-03-10,84.8499984741211
2016-03-11,86.0
2016-03-14,87.01000213623047
2016-03-15,86.83000183105469
2016-03-16,88.16999816894531
2016-03-17,89.95999908447266
2016-03-18,93.41999816894531
2016-03-21,92.5
2016-03-22,92.55999755859375
2016-03-23,92.16000366210938
2016-03-24,92.5199966430664
2016-03-28,92.4000015258789
2016-03-29,93.22000122070312
2016-03-30,93.77999877929688
2016-03-31,93.80000305175781
2016-04-01,95.16000366210938
2016-04-04,94.5
2016-04-05,94.16999816894531
2016-04-06,95.4000015258789
2016-04-07,93.77999877929688
2016-04-08,94.06999969482422
2016-04-11,92.94999694824219
2016-04-12,93.41999816894531
2016-04-13,94.52999877929688
2016-04-14,94.44000244140625
2016-04-15,95.16000366210938
2016-04-18,96.55000305175781
2016-04-19,96.5199966430664
2016-04-20,96.33000183105469
2016-04-21,96.37000274658203
2016-04-22,94.79000091552734
2016-04-25,95.80000305175781
2016-04-26,96.1500015258789
2016-04-27,95.63999938964844
2016-04-28,93.63999938964844
2016-04-29,94.22000122070312
2016-05-02,94.9000015258789
2016-05-03,93.66000366210938
2016-05-04,92.94000244140625
2016-05-05,93.5
2016-05-06,94.30000305175781
2016-05-09,94.61000061035156
2016-05-10,96.5199966430664
2016-05-11,96.0999984741211
2016-05-12,95.95999908447266
2016-05-13,95.97000122070312
2016-05-16,97.2300033569336
2016-05-17,95.93000030517578
2016-05-18,96.69999694824219
2016-05-19,95.87999725341797
2016-05-20,96.87999725341797
2016-05-23,96.62000274658203
2016-05-24,99.62999725341797
2016-05-25,99.61000061035156
2016-05-26,99.37000274658203
2016-05-27,100.13999938964844
2016-05-31,99.47000122070312
2016-06-01,100.04000091552734
2016-06-02,100.16999816894531
2016-06-03,98.69999694824219
2016-06-06,99.12000274658203
2016-06-07,98.5199966430664
2016-06-08,98.68000030517578
2016-06-09,98.06999969482422
2016-06-10,97.08999633789062
2016-06-13,96.95999908447266
2016-06-14,96.9800033569336
2016-06-15,97.0199966430664
2016-06-16,97.19000244140625
2016-06-17,95.58000183105469
2016-06-20,97.98999786376953
2016-06-21,99.72000122070312
2016-06-22,94.01000213623047
2016-06-23,96.20999908447266
2016-06-24,92.19999694824219
2016-06-27,90.8499984741211
2016-06-28,92.45999908447266
2016-06-29,94.38999938964844
2016-06-30,95.79000091552734
2016-07-01,95.31999969482422
2016-07-05,94.7300033569336
2016-07-06,95.18000030517578
2016-07-07,95.13999938964844
2016-07-08,96.79000091552734
2016-07-11,97.13999938964844
2016-07-12,97.54000091552734
2016-07-13,97.33999633789062
2016-07-14,97.69999694824219
2016-07-15,97.83000183105469
2016-07-18,97.79000091552734
2016-07-19,97.79000091552734
2016-07-20,98.4000015258789
2016-07-21,96.33999633789062
2016-07-22,98.05999755859375
2016-07-25,97.31999969482422
2016-07-26,97.91000366210938
2016-07-27,97.93000030517578
2016-07-28,98.44000244140625
2016-07-29,97.86000061035156
2016-08-01,97.72000122070312
2016-08-02,96.05000305175781
2016-08-03,96.66999816894531
2016-08-04,97.08999633789062
2016-08-05,99.04000091552734
2016-08-08,98.48999786376953
2016-08-09,98.87000274658203
2016-08-10,100.62000274658203
2016-08-11,101.66999816894531
2016-08-12,101.04000091552734
2016-08-15,100.93000030517578
2016-08-16,100.5999984741211
2016-08-17,99.69999694824219
2016-08-18,100.66999816894531
2016-08-19,100.31999969482422
2016-08-22,100.23999786376953
2016-08-23,101.13999938964844
2016-08-24,101.13999938964844
2016-08-25,101.69000244140625
2016-08-26,102.05999755859375
2016-08-29,102.30000305175781
2016-08-30,102.0
2016-08-31,102.30999755859375
2016-09-01,102.9000015258789
2016-09-02,103.56999969482422
2016-09-06,103.5
2016-09-07,103.0
2016-09-08,101.87999725341797
2016-09-09,99.37999725341797
2016-09-12,100.31999969482422
2016-09-13,98.7699966430664
2016-09-14,98.79000091552734
2016-09-15,99.62000274658203
2016-09-16,98.93000030517578
2016-09-19,99.68000030517578
2016-09-20,100.62000274658203
2016-09-21,107.77999877929688
2016-09-22,107.91999816894531
2016-09-23,107.47000122070312
2016-09-26,107.26000213623047
2016-09-27,109.69999694824219
2016-09-28,109.48999786376953
2016-09-29,107.80000305175781
2016-09-30,108.54000091552734
2016-10-03,108.44999694824219
2016-10-04,108.38999938964844
2016-10-05,108.80000305175781
2016-10-06,108.55999755859375
2016-10-07,108.63999938964844
2016-10-10,109.23999786376953
2016-10-11,107.37000274658203
2016-10-12,108.05000305175781
2016-10-13,108.01000213623047
2016-10-14,107.83999633789062
2016-10-17,107.48999786376953
2016-10-18,108.41999816894531
2016-10-19,108.38999938964844
2016-10-20,109.02999877929688
2016-10-21,109.02999877929688
2016-10-24,110.80999755859375
2016-10-25,109.02999877929688
2016-10-26,107.97000122070312
2016-10-27,107.06999969482422
2016-10-28,107.5999984741211
2016-10-31,107.51000213623047
2016-11-01,106.87000274658203
2016-11-02,105.88999938964844
2016-11-03,107.16999816894531
2016-11-04,106.19999694824219
2016-11-07,108.66000366210938
2016-11-08,108.38999938964844
2016-11-09,107.86000061035156
2016-11-10,104.08000183105469
2016-11-11,103.68000030517578
2016-11-14,102.41999816894531
2016-11-15,103.66000366210938
2016-11-16,104.08000183105469
2016-11-17,105.80999755859375
2016-11-18,105.0199966430664
2016-11-21,105.6500015258789
2016-11-22,105.20999908447266
2016-11-23,104.20999908447266
2016-11-25,105.0199966430664
2016-11-28,104.5
2016-11-29,104.94999694824219
2016-11-30,102.80999755859375
2016-12-01,99.51000213623047
2016-12-02,99.7300033569336
2016-12-05,101.94999694824219
2016-12-06,101.55000305175781
2016-12-07,103.36000061035156
2016-12-08,103.5
2016-12-09,104.30999755859375
2016-12-12,105.16000366210938
2016-12-13,106.1500015258789
2016-12-14,105.80999755859375
2016-12-15,105.0999984741211
2016-12-16,103.55000305175781
2016-12-19,105.29000091552734
2016-12-20,105.7699966430664
2016-12-21,105.51000213623047
2016-12-22,104.72000122070312
2016-12-23,105.0199966430664
2016-12-27,104.9800033569336
2016-12-28,103.7699966430664
2016-12-29,103.68000030517578
2016-12-30,102.94999694824219
2017-01-03,103.4800033569336
2017-01-04,104.13999938964844
2017-01-05,105.91000366210938
2017-01-06,108.30000305175781
2017-01-09,108.56999969482422
2017-01-10,108.26000213623047
2017-01-11,108.98999786376953
2017-01-12,108.58999633789062
2017-01-13,108.52999877929688
2017-01-17,108.0
2017-01-18,108.79000091552734
2017-01-19,109.79000091552734
2017-01-20,110.70999908447266
2017-01-23,110.97000122070312
2017-01-24,113.72000122070312
2017-01-25,114.25
2017-01-26,112.87999725341797
2017-01-27,113.98999786376953
2017-01-30,113.81999969482422
2017-01-31,113.37999725341797
2017-02-01,113.36000061035156
2017-02-02,113.16000366210938
2017-02-03,115.16999816894531
2017-02-06,114.45999908447266
2017-02-07,114.95999908447266
2017-02-08,116.12999725341797
2017-02-09,116.44000244140625
2017-02-10,116.8499984741211
2017-02-13,117.6500015258789
2017-02-14,117.58000183105469
2017-02-15,118.7300033569336
2017-02-16,118.93000030517578
2017-02-17,119.66999816894531
2017-02-21,119.62999725341797
2017-02-22,119.47000122070312
2017-02-23,118.83000183105469
2017-02-24,119.30999755859375
2017-02-27,118.77999877929688
2017-02-28,118.33999633789062
2017-03-01,120.3499984741211
2017-03-02,119.9000015258789
2017-03-03,120.04000091552734
2017-03-06,120.1500015258789
2017-03-07,119.9800033569336
2017-03-08,119.5999984741211
2017-03-09,119.91000366210938
2017-03-10,121.08999633789062
2017-03-13,121.80000305175781
2017-03-14,121.44000244140625
2017-03-15,122.11000061035156
2017-03-16,122.3499984741211
2017-03-17,127.01000213623047
2017-03-20,126.30999755859375
2017-03-21,125.06999969482422
2017-03-22,126.20999908447266
2017-03-23,126.87000274658203
2017-03-24,127.69999694824219
2017-03-27,128.25
2017-03-28,128.69000244140625
2017-03-29,129.5800018310547
2017-03-30,129.61000061035156
2017-03-31,130.1300048828125
2017-04-03,129.58999633789062
2017-04-04,130.0399932861328
2017-04-05,129.88999938964844
2017-04-06,130.14999389648438
2017-04-07,130.22000122070312
2017-04-10,130.16000366210938
2017-04-11,129.9499969482422
2017-04-12,129.3800048828125
2017-04-13,129.0500030517578
2017-04-17,129.99000549316406
2017-04-18,129.80999755859375
2017-04-19,130.22000122070312
2017-04-20,131.4199981689453
2017-04-21,131.52000427246094
2017-04-24,132.88999938964844
2017-04-25,133.49000549316406
2017-04-26,132.7899932861328
2017-04-27,133.3800048828125
2017-04-28,133.74000549316406
2017-05-01,135.11000061035156
2017-05-02,135.0
2017-05-03,134.85000610351562
2017-05-04,134.61000061035156
2017-05-05,134.83999633789062
2017-05-08,135.1199951171875
2017-05-09,135.60000610351562
2017-05-10,136.14999389648438
2017-05-11,136.2899932861328
2017-05-12,136.83999633789062
2017-05-15,137.60000610351562
2017-05-16,138.02999877929688
2017-05-17,134.3300018310547
2017-05-18,134.5399932861328
2017-05-19,136.42999267578125
2017-05-22,138.86000061035156
2017-05-23,139.52000427246094
2017-05-24,141.1199951171875
2017-05-25,142.85000610351562
2017-05-26,141.88999938964844
2017-05-30,142.41000366210938
2017-05-31,141.86000061035156
2017-06-01,141.3800048828125
2017-06-02,143.47999572753906
2017-06-05,143.58999633789062
2017-06-06,143.02999877929688
2017-06-07,143.6199951171875
2017-06-08,142.6300048828125
2017-06-09,138.0500030517578
2017-06-12,137.25
2017-06-13,139.08999633789062
2017-06-14,138.25
2017-06-15,137.52000427246094
2017-06-16,137.83999633789062
2017-06-19,140.35000610351562
2017-06-20,140.91000366210938
2017-06-21,144.24000549316406
2017-06-22,143.69000244140625
2017-06-23,145.41000366210938
2017-06-26,144.9600067138672
2017-06-27,142.5399932861328
2017-06-28,143.80999755859375
2017-06-29,141.24000549316406
2017-06-30,141.44000244140625
2017-07-03,138.41000366210938
2017-07-05,141.2100067138672
2017-07-06,140.75
2017-07-07,142.22000122070312
2017-07-10,143.33999633789062
2017-07-11,142.92999267578125
2017-07-12,145.91000366210938
2017-07-13,145.0500030517578
2017-07-14,146.16000366210938
2017-07-17,146.39999389648438
2017-07-18,147.88999938964844
2017-07-19,148.9199981689453
2017-07-20,149.94000244140625
2017-07-21,149.52000427246094
2017-07-24,149.52999877929688
2017-07-25,148.2100067138672
2017-07-26,149.77999877929688
2017-07-27,146.1999969482422
2017-07-28,146.72999572753906
2017-07-31,146.49000549316406
2017-08-01,147.36000061035156
2017-08-02,147.1300048828125
2017-08-03,147.7899932861328
2017-08-04,147.7100067138672
2017-08-07,148.44000244140625
2017-08-08,147.80999755859375
2017-08-09,148.35000610351562
2017-08-10,144.9199981689453
2017-08-11,146.47000122070312
2017-08-14,149.16000366210938
2017-08-15,150.36000061035156
2017-08-16,151.8000030517578
2017-08-17,148.22999572753906
2017-08-18,147.97000122070312
2017-08-21,149.25999450683594
2017-08-22,152.25
2017-08-23,151.10000610351562
2017-08-24,150.80999755859375
2017-08-25,151.4499969482422
2017-08-28,151.7899932861328
2017-08-29,152.13999938964844
2017-08-30,153.6699981689453
2017-08-31,155.16000366210938
2017-09-01,155.05999755859375
2017-09-05,154.27999877929688
2017-09-06,153.75999450683594
2017-09-07,155.47000122070312
2017-09-08,155.33999633789062
2017-09-11,156.8699951171875
2017-09-12,156.30999755859375
2017-09-13,156.24000549316406
2017-09-14,154.9499969482422
2017-09-15,154.49000549316406
2017-09-18,155.77000427246094
2017-09-19,156.60000610351562
2017-09-20,149.9600067138672
2017-09-21,149.3000030517578
2017-09-22,148.5
2017-09-25,144.57000732421875
2017-09-26,145.39999389648438
2017-09-27,146.42999267578125
2017-09-28,146.8300018310547
2017-09-29,149.17999267578125
2017-10-02,147.94000244140625
2017-10-03,148.60000610351562
2017-10-04,147.9499969482422
2017-10-05,150.25
2017-10-06,151.1199951171875
2017-10-09,151.5
2017-10-10,152.14999389648438
2017-10-11,153.64999389648438
2017-10-12,153.61000061035156
2017-10-13,153.92999267578125
2017-10-16,150.4600067138672
2017-10-17,150.3800048828125
2017-10-18,153.0
2017-10-19,171.72999572753906
2017-10-20,175.63999938964844
2017-10-23,172.16000366210938
2017-10-24,171.5800018310547
2017-10-25,171.8300018310547
2017-10-26,173.75
2017-10-27,177.3300018310547
2017-10-30,176.02999877929688
2017-10-31,175.16000366210938
2017-11-01,176.25
2017-11-02,180.94000244140625
2017-11-03,182.3000030517578
2017-11-06,180.8000030517578
2017-11-07,180.8800048828125
2017-11-08,184.05999755859375
2017-11-09,181.9199981689453
2017-11-10,181.72000122070312
2017-11-13,181.85000610351562
2017-11-14,181.32000732421875
2017-11-15,180.0800018310547
2017-11-16,182.3000030517578
2017-11-17,182.24000549316406
2017-11-20,182.33999633789062
2017-11-21,184.14999389648438
2017-11-22,182.89999389648438
2017-11-24,184.4600067138672
2017-11-27,185.0
2017-11-28,185.39999389648438
2017-11-29,176.85000610351562
2017-11-30,181.47000122070312
2017-12-01,179.52000427246094
2017-12-04,168.44000244140625
2017-12-05,167.5399932861328
2017-12-06,173.52000427246094
2017-12-07,174.61000061035156
2017-12-08,173.57000732421875
2017-12-11,174.30999755859375
2017-12-12,172.5399932861328
2017-12-13,176.8300018310547
2017-12-14,175.0
2017-12-15,177.50999450683594
2017-12-18,176.74000549316406
2017-12-19,174.97000122070312
2017-12-20,174.25
2017-12-21,174.55999755859375
2017-12-22,175.0
2017-12-26,174.44000244140625
2017-12-27,175.36000061035156
2017-12-28,175.5500030517578
2017-12-29,175.24000549316406
2018-01-02,177.6999969482422
2018-01-03,181.0399932861328
2018-01-04,183.22000122070312
2018-01-05,185.33999633789062
2018-01-08,185.0399932861328
2018-01-09,186.6999969482422
2018-01-10,187.11000061035156
2018-01-11,188.9199981689453
2018-01-12,195.0500030517578
2018-01-16,192.4600067138672
2018-01-17,196.49000549316406
2018-01-18,196.1999969482422
2018-01-19,195.72999572753906
2018-01-22,197.83999633789062
2018-01-23,200.08999633789062
2018-01-24,197.77999877929688
2018-01-25,197.50999450683594
2018-01-26,201.3000030517578
2018-01-29,198.22999572753906
2018-01-30,196.89999389648438
2018-01-31,199.75999450683594
2018-02-01,199.3800048828125
2018-02-02,195.63999938964844
2018-02-05,190.27000427246094
2018-02-06,194.47000122070312
2018-02-07,192.33999633789062
2018-02-08,185.16000366210938
2018-02-09,187.99000549316406
2018-02-12,192.14999389648438
2018-02-13,193.47999572753906
2018-02-14,197.1300048828125
2018-02-15,202.97000122070312
2018-02-16,201.55999755859375
2018-02-20,202.97999572753906
2018-02-21,202.08999633789062
2018-02-22,202.61000061035156
2018-02-23,209.74000549316406
2018-02-26,212.14999389648438
2018-02-27,208.82000732421875
2018-02-28,209.1300048828125
2018-03-01,206.02999877929688
2018-03-02,209.7899932861328
2018-03-05,211.16000366210938
2018-03-06,212.00999450683594
2018-03-07,216.86000061035156
2018-03-08,216.39999389648438
2018-03-09,221.11000061035156
2018-03-12,220.94000244140625
2018-03-13,219.75999450683594
2018-03-14,218.44000244140625
2018-03-15,218.8699951171875
2018-03-16,225.5500030517578
2018-03-19,222.17999267578125
2018-03-20,229.75
2018-03-21,226.85000610351562
2018-03-22,220.52000427246094
2018-03-23,215.02000427246094
2018-03-26,228.91000366210938
2018-03-27,213.8000030517578
2018-03-28,212.5399932861328
2018-03-29,216.0800018310547
2018-04-02,212.27999877929688
2018-04-03,215.92999267578125
2018-04-04,225.0500030517578
2018-04-05,223.5399932861328
2018-04-06,218.61000061035156
2018-04-09,219.1699981689453
2018-04-10,224.52999877929688
2018-04-11,223.6300048828125
2018-04-12,226.9600067138672
2018-04-13,224.05999755859375
2018-04-16,226.52000427246094
2018-04-17,231.16000366210938
2018-04-18,231.10000610351562
2018-04-19,227.6199951171875
2018-04-20,225.24000549316406
2018-04-23,225.3000030517578
2018-04-24,217.88999938964844
2018-04-25,217.32000732421875
2018-04-26,221.91000366210938
2018-04-27,221.89999389648438
2018-04-30,221.60000610351562
2018-05-01,224.0800018310547
2018-05-02,221.10000610351562
2018-05-03,226.0500030517578
2018-05-04,228.50999450683594
2018-05-07,230.99000549316406
2018-05-08,234.55999755859375
2018-05-09,239.74000549316406
2018-05-10,241.14999389648438
2018-05-11,241.8800048828125
2018-05-14,238.3699951171875
2018-05-15,236.60000610351562
2018-05-16,237.38999938964844
2018-05-17,236.85000610351562
2018-05-18,238.08999633789062
2018-05-21,238.10000610351562
2018-05-22,238.7899932861328
2018-05-23,243.91000366210938
2018-05-24,245.14999389648438
2018-05-25,243.55999755859375
2018-05-29,242.19000244140625
2018-05-30,247.39999389648438
2018-05-31,249.27999877929688
2018-06-01,251.30999755859375
2018-06-04,253.33999633789062
2018-06-05,252.6999969482422
2018-06-06,253.9499969482422
2018-06-07,247.50999450683594
2018-06-08,251.2100067138672
2018-06-11,251.0
2018-06-12,252.58999633789062
2018-06-13,256.1300048828125
2018-06-14,258.1000061035156
2018-06-15,251.82000732421875
2018-06-18,255.69000244140625
2018-06-19,251.74000549316406
2018-06-20,251.24000549316406
2018-06-21,248.8300018310547
2018-06-22,243.6300048828125
2018-06-25,239.67999267578125
2018-06-26,242.25
2018-06-27,237.67999267578125
2018-06-28,239.80999755859375
2018-06-29,243.80999755859375
2018-07-02,243.25999450683594
2018-07-03,242.00999450683594
2018-07-05,244.17999267578125
2018-07-06,248.19000244140625
2018-07-09,249.77000427246094
2018-07-10,248.6300048828125
2018-07-11,248.1199951171875
2018-07-12,254.8699951171875
2018-07-13,258.5899963378906
2018-07-16,254.67999267578125
2018-07-17,258.30999755859375
2018-07-18,259.7799987792969
2018-07-19,257.67999267578125
2018-07-20,257.5400085449219
2018-07-23,259.4700012207031
2018-07-24,257.489990234375
2018-07-25,263.1700134277344
2018-07-26,261.92999267578125
2018-07-27,254.80999755859375
2018-07-30,242.32000732421875
2018-07-31,244.67999267578125
2018-08-01,248.00999450683594
2018-08-02,252.22000122070312
2018-08-03,253.27999877929688
2018-08-06,254.11000061035156
2018-08-07,253.38999938964844
2018-08-08,253.8300018310547
2018-08-09,253.8000030517578
2018-08-10,253.6999969482422
2018-08-13,253.5399932861328
2018-08-14,256.04998779296875
2018-08-15,250.52000427246094
2018-08-16,248.88999938964844
2018-08-17,245.6999969482422
2018-08-20,249.75999450683594
2018-08-21,251.5
2018-08-22,255.5399932861328
2018-08-23,257.0
2018-08-24,261.510009765625
2018-08-27,262.3999938964844
2018-08-28,263.0400085449219
2018-08-29,268.3599853515625
2018-08-30,266.42999267578125
2018-08-31,263.510009765625
2018-09-04,266.67999267578125
2018-09-05,256.1400146484375
2018-09-06,259.75
2018-09-07,260.8699951171875
2018-09-10,265.3699951171875
2018-09-11,267.0
2018-09-12,267.7900085449219
2018-09-13,268.5199890136719
2018-09-14,274.69000244140625
2018-09-17,268.25
2018-09-18,270.7900085449219
2018-09-19,264.8800048828125
2018-09-20,266.3399963378906
2018-09-21,260.8800048828125
2018-09-24,264.0899963378906
2018-09-25,267.8399963378906
2018-09-26,268.4700012207031
2018-09-27,269.9100036621094
2018-09-28,269.95001220703125
2018-10-01,275.489990234375
2018-10-02,272.0
2018-10-03,270.510009765625
2018-10-04,263.7099914550781
2018-10-05,263.2200012207031
2018-10-08,254.69000244140625
2018-10-09,254.16000366210938
2018-10-10,237.91000366210938
2018-10-11,238.58999633789062
2018-10-12,248.8699951171875
2018-10-15,238.00999450683594
2018-10-16,260.6700134277344
2018-10-17,258.9100036621094
2018-10-18,250.35000610351562
2018-10-19,245.02999877929688
2018-10-22,251.05999755859375
2018-10-23,251.75999450683594
2018-10-24,238.44000244140625
2018-10-25,252.9199981689453
2018-10-26,245.8000030517578
2018-10-29,239.75
2018-10-30,238.41000366210938
2018-10-31,245.75999450683594
2018-11-01,245.27999877929688
2018-11-02,239.63999938964844
2018-11-05,239.88999938964844
2018-11-06,240.55999755859375
2018-11-07,253.42999267578125
2018-11-08,249.9600067138672
2018-11-09,244.83999633789062
2018-11-12,236.6699981689453
2018-11-13,238.74000549316406
2018-11-14,235.22000122070312
2018-11-15,239.9499969482422
2018-11-16,238.88999938964844
2018-11-19,219.69000244140625
2018-11-20,219.72999572753906
2018-11-21,225.97999572753906
2018-11-23,225.55999755859375
2018-11-26,231.9600067138672
2018-11-27,232.25
2018-11-28,249.2100067138672
2018-11-29,249.08999633789062
2018-11-30,250.88999938964844
2018-12-03,255.25999450683594
2018-12-04,245.82000732421875
2018-12-06,250.6300048828125
2018-12-07,238.0
2018-12-10,244.08999633789062
2018-12-11,245.33999633789062
2018-12-12,245.5500030517578
2018-12-13,248.0800018310547
2018-12-14,230.0
2018-12-17,221.3800048828125
2018-12-18,226.17999267578125
2018-12-19,224.64999389648438
2018-12-20,218.64999389648438
2018-12-21,208.8000030517578
2018-12-24,205.16000366210938
2018-12-26,222.9499969482422
2018-12-27,225.13999938964844
2018-12-28,223.1300048828125
2018-12-31,226.24000549316406
2019-01-02,224.57000732421875
2019-01-03,215.6999969482422
2019-01-04,226.19000244140625
2019-01-07,229.25999450683594
2019-01-08,232.67999267578125
2019-01-09,235.42999267578125
2019-01-10,237.77000427246094
2019-01-11,237.5500030517578
2019-01-14,234.55999755859375
2019-01-15,242.36000061035156
2019-01-16,241.9499969482422
2019-01-17,244.39999389648438
2019-01-18,247.50999450683594
2019-01-22,243.85000610351562
2019-01-23,245.13999938964844
2019-01-24,242.55999755859375
2019-01-25,244.9499969482422
2019-01-28,241.85000610351562
2019-01-29,238.27000427246094
2019-01-30,242.6699981689453
2019-01-31,247.82000732421875
2019-02-01,247.3800048828125
2019-02-04,254.74000549316406
2019-02-05,254.82000732421875
2019-02-06,254.35000610351562
2019-02-07,253.74000549316406
2019-02-08,257.0
2019-02-11,258.3900146484375
2019-02-12,261.3699951171875
2019-02-13,260.2300109863281
2019-02-14,260.1400146484375
2019-02-15,259.45001220703125
2019-02-19,257.80999755859375
2019-02-20,258.1000061035156
2019-02-21,257.760009765625
2019-02-22,258.8999938964844
2019-02-25,258.6199951171875
2019-02-26,261.2200012207031
2019-02-27,262.8999938964844
2019-02-28,262.5
2019-03-01,264.010009765625
2019-03-04,258.1600036621094
2019-03-05,257.3800048828125
2019-03-06,256.3999938964844
2019-03-07,255.4600067138672
2019-03-08,254.74000549316406
2019-03-11,260.9599914550781
2019-03-12,263.510009765625
2019-03-13,264.3800048828125
2019-03-14,267.69000244140625
2019-03-15,257.0899963378906
2019-03-18,257.760009765625
2019-03-19,260.4200134277344
2019-03-20,259.739990234375
2019-03-21,264.17999267578125
2019-03-22,259.69000244140625
2019-03-25,262.2699890136719
2019-03-26,265.5899963378906
2019-03-27,262.3399963378906
2019-03-28,263.5299987792969
2019-03-29,266.489990234375
2019-04-01,272.1700134277344
2019-04-02,271.3500061035156
2019-04-03,271.5
2019-04-04,267.8900146484375
2019-04-05,267.45001220703125
2019-04-08,268.80999755859375
2019-04-09,268.989990234375
2019-04-10,271.5799865722656
2019-04-11,271.8999938964844
2019-04-12,271.8599853515625
2019-04-15,272.2200012207031
2019-04-16,271.42999267578125
2019-04-17,269.45001220703125
2019-04-18,270.57000732421875
2019-04-22,272.2099914550781
2019-04-23,278.489990234375
2019-04-24,275.45001220703125
2019-04-25,277.6600036621094
2019-04-26,281.9599914550781
2019-04-29,286.1400146484375
2019-04-30,289.25
2019-05-01,283.3500061035156
2019-05-02,279.6400146484375
2019-05-03,285.5799865722656
2019-05-06,283.6600036621094
2019-05-07,277.07000732421875
2019-05-08,276.7699890136719
2019-05-09,275.7900085449219
2019-05-10,278.4800109863281
2019-05-13,267.70001220703125
2019-05-14,271.8599853515625
2019-05-15,276.82000732421875
2019-05-16,283.54998779296875
2019-05-17,279.8500061035156
2019-05-20,275.45001220703125
2019-05-21,278.07000732421875
2019-05-22,281.82000732421875
2019-05-23,274.25
2019-05-24,274.7699890136719
2019-05-28,278.25
2019-05-29,273.3800048828125
2019-05-30,274.510009765625
2019-05-31,270.8999938964844
2019-06-03,259.0299987792969
2019-06-04,268.7099914550781
2019-06-05,272.8599853515625
2019-06-06,274.79998779296875
2019-06-07,278.1600036621094
2019-06-10,280.3399963378906
2019-06-11,275.989990234375
2019-06-12,276.8399963378906
2019-06-13,276.29998779296875
2019-06-14,274.2799987792969
2019-06-17,275.6000061035156
2019-06-18,276.7799987792969
2019-06-19,291.2099914550781
2019-06-20,302.1099853515625
2019-06-21,299.3299865722656
2019-06-24,299.8699951171875
2019-06-25,287.9700012207031
2019-06-26,288.7200012207031
2019-06-27,293.2300109863281
2019-06-28,294.6499938964844
2019-07-01,300.9700012207031
2019-07-02,301.3900146484375
2019-07-03,305.70001220703125
2019-07-05,303.9800109863281
2019-07-08,302.9200134277344
2019-07-09,304.20001220703125
2019-07-10,306.9800109863281
2019-07-11,307.6000061035156
2019-07-12,309.4200134277344
2019-07-15,308.760009765625
2019-07-16,305.70001220703125
2019-07-17,309.3900146484375
2019-07-18,310.0799865722656
2019-07-19,306.8699951171875
2019-07-22,308.54998779296875
2019-07-23,307.8800048828125
2019-07-24,310.2699890136719
2019-07-25,308.7300109863281
2019-07-26,311.2699890136719
2019-07-29,307.2200012207031
2019-07-30,303.6400146484375
2019-07-31,298.8599853515625
2019-08-01,298.44000244140625
2019-08-02,293.7099914550781
2019-08-05,280.3599853515625
2019-08-06,286.2099914550781
2019-08-07,289.0199890136719
2019-08-08,297.7799987792969
2019-08-09,294.8299865722656
2019-08-12,288.6499938964844
2019-08-13,293.1700134277344
2019-08-14,283.6600036621094
2019-08-15,282.7099914550781
2019-08-16,287.45001220703125
2019-08-19,287.9700012207031
2019-08-20,285.7099914550781
2019-08-21,291.5299987792969
2019-08-22,287.69000244140625
2019-08-23,282.44000244140625
2019-08-26,288.739990234375
2019-08-27,289.45001220703125
2019-08-28,282.1300048828125
2019-08-29,286.6300048828125
2019-08-30,284.510009765625
2019-09-03,282.45001220703125
2019-09-04,284.6000061035156
2019-09-05,287.75
2019-09-06,284.94000244140625
2019-09-09,279.29998779296875
2019-09-10,276.1400146484375
2019-09-11,277.7799987792969
2019-09-12,278.0199890136719
2019-09-13,278.3500061035156
2019-09-16,282.92999267578125
2019-09-17,284.69000244140625
2019-09-18,279.7200012207031
2019-09-19,281.260009765625
2019-09-20,277.9100036621094
2019-09-23,277.44000244140625
2019-09-24,272.4700012207031
2019-09-25,277.42999267578125
2019-09-26,283.80999755859375
2019-09-27,277.5400085449219
2019-09-30,276.25
2019-10-01,272.7099914550781
2019-10-02,266.6600036621094
2019-10-03,272.3999938964844
2019-10-04,276.9599914550781
2019-10-07,276.8999938964844
2019-10-08,270.8299865722656
2019-10-09,274.2699890136719
2019-10-10,274.9800109863281
2019-10-11,278.2900085449219
2019-10-14,277.7799987792969
2019-10-15,279.3900146484375
2019-10-16,272.70001220703125
2019-10-17,269.239990234375
2019-10-18,265.5199890136719
2019-10-21,266.8399963378906
2019-10-22,261.0899963378906
2019-10-23,261.32000732421875
2019-10-24,269.70001220703125
2019-10-25,270.9800109863281
2019-10-28,271.3500061035156
2019-10-29,271.45001220703125
2019-10-30,278.4100036621094
2019-10-31,277.92999267578125
2019-11-01,277.82000732421875
2019-11-04,277.5
2019-11-05,289.2900085449219
2019-11-06,287.3999938964844
2019-11-07,290.7699890136719
2019-11-08,292.4599914550781
2019-11-11,290.2699890136719
2019-11-12,291.7200012207031
2019-11-13,293.5400085449219
2019-11-14,294.5299987792969
2019-11-15,297.5
2019-11-18,297.1600036621094
2019-11-19,300.6000061035156
2019-11-20,300.1000061035156
2019-11-21,298.79998779296875
2019-11-22,299.29998779296875
2019-11-25,305.2799987792969
2019-11-26,307.8999938964844
2019-11-27,309.05999755859375
2019-11-29,309.5299987792969
2019-12-02,302.75
2019-12-03,303.9100036621094
2019-12-04,302.510009765625
2019-12-05,303.0299987792969
2019-12-06,306.2300109863281
2019-12-09,307.04998779296875
2019-12-10,304.1700134277344
2019-12-11,303.739990234375
2019-12-12,305.9599914550781
2019-12-13,317.94000244140625
2019-12-16,323.79998779296875
2019-12-17,322.8500061035156
2019-12-18,324.3800048828125
2019-12-19,327.6300048828125
2019-12-20,327.6099853515625
2019-12-23,328.95001220703125
2019-12-24,329.6400146484375
2019-12-26,331.20001220703125
2019-12-27,330.7900085449219
2019-12-30,328.3399963378906
2019-12-31,329.80999755859375
2020-01-02,334.42999267578125
2020-01-03,331.80999755859375
2020-01-06,333.7099914550781
2020-01-07,333.3900146484375
2020-01-08,337.8699951171875
2020-01-09,340.45001220703125
2020-01-10,339.80999755859375
2020-01-13,345.6300048828125
2020-01-14,344.6300048828125
2020-01-15,342.94000244140625
2020-01-16,345.3800048828125
2020-01-17,349.739990234375
2020-01-21,350.0
2020-01-22,350.05999755859375
2020-01-23,351.760009765625
2020-01-24,351.3699951171875
2020-01-27,346.8999938964844
2020-01-28,354.6300048828125
2020-01-29,351.6600036621094
2020-01-30,356.739990234375
2020-01-31,351.1400146484375
2020-02-03,358.0
2020-02-04,366.739990234375
2020-02-05,365.54998779296875
2020-02-06,367.4599914550781
2020-02-07,366.0899963378906
2020-02-10,370.0
2020-02-11,369.2799987792969
2020-02-12,374.2900085449219
2020-02-13,374.8399963378906
2020-02-14,379.6700134277344
2020-02-18,378.8500061035156
2020-02-19,383.2799987792969
2020-02-20,378.9599914550781
2020-02-21,372.95001220703125
2020-02-24,357.4100036621094
2020-02-25,347.79998779296875
2020-02-26,351.3399963378906
2020-02-27,337.5199890136719
2020-02-28,345.1199951171875
2020-03-02,360.2799987792969
2020-03-03,348.3399963378906
2020-03-04,363.8500061035156
2020-03-05,351.0299987792969
2020-03-06,336.7699890136719
2020-03-09,305.7900085449219
2020-03-10,332.3800048828125
2020-03-11,315.2300109863281
2020-03-12,285.0
2020-03-13,335.5
2020-03-16,286.0299987792969
2020-03-17,311.80999755859375
2020-03-18,294.6099853515625
2020-03-19,307.510009765625
2020-03-20,295.3399963378906
2020-03-23,307.2699890136719
2020-03-24,310.0
2020-03-25,305.9100036621094
2020-03-26,322.6700134277344
2020-03-27,305.8299865722656
2020-03-30,318.3900146484375
2020-03-31,318.239990234375
2020-04-01,301.2099914550781
2020-04-02,303.9599914550781
2020-04-03,293.6099853515625
2020-04-06,319.1300048828125
2020-04-07,308.92999267578125
2020-04-08,317.17999267578125
2020-04-09,318.70001220703125
2020-04-13,320.6499938964844
2020-04-14,340.7699890136719
2020-04-15,332.54998779296875
2020-04-16,342.70001220703125
2020-04-17,344.1099853515625
2020-04-20,344.8800048828125
2020-04-21,328.989990234375
2020-04-22,336.7699890136719
2020-04-23,335.3699951171875
2020-04-24,344.1000061035156
2020-04-27,348.5
2020-04-28,333.45001220703125
2020-04-29,349.1700134277344
2020-04-30,353.6400146484375
2020-05-01,343.8399963378906
2020-05-04,349.1099853515625
2020-05-05,356.1300048828125
2020-05-06,362.5199890136719
2020-05-07,366.7799987792969
2020-05-08,367.510009765625
2020-05-11,371.4200134277344
2020-05-12,365.1000061035156
2020-05-13,358.55999755859375
2020-05-14,355.3900146484375
2020-05-15,365.29998779296875
2020-05-18,367.9700012207031
2020-05-19,372.20001220703125
2020-05-20,383.6300048828125
2020-05-21,382.1700134277344
2020-05-22,385.260009765625
2020-05-26,376.6300048828125
2020-05-27,375.1700134277344
2020-05-28,379.8299865722656
2020-05-29,386.6000061035156
2020-06-01,389.67999267578125
2020-06-02,390.44000244140625
2020-06-03,389.9200134277344
2020-06-04,385.79998779296875
2020-06-05,392.8999938964844
2020-06-08,397.7799987792969
2020-06-09,397.1600036621094
2020-06-10,406.82000732421875
2020-06-11,387.6700134277344
2020-06-12,406.5400085449219
2020-06-15,401.3399963378906
2020-06-16,411.6700134277344
2020-06-17,413.489990234375
2020-06-18,420.4599914550781
2020-06-19,428.010009765625
2020-06-22,438.6400146484375
2020-06-23,440.54998779296875
2020-06-24,431.67999267578125
2020-06-25,436.95001220703125
2020-06-26,426.9200134277344
2020-06-29,424.20001220703125
2020-06-30,435.30999755859375
2020-07-01,439.80999755859375
2020-07-02,442.95001220703125
2020-07-06,452.5899963378906
2020-07-07,449.3599853515625
2020-07-08,457.67999267578125
2020-07-09,460.8399963378906
2020-07-10,466.20001220703125
2020-07-13,442.4700012207031
2020-07-14,433.7799987792969
2020-07-15,433.010009765625
2020-07-16,426.2900085449219
2020-07-17,432.4200134277344
2020-07-20,455.2699890136719
2020-07-21,444.2799987792969
2020-07-22,445.04998779296875
2020-07-23,431.739990234375
2020-07-24,430.30999755859375
2020-07-27,437.1000061035156
2020-07-28,432.260009765625
2020-07-29,436.29998779296875
2020-07-30,438.8800048828125
2020-07-31,444.32000732421875
2020-08-03,447.9700012207031
2020-08-04,446.9200134277344
2020-08-05,449.510009765625
2020-08-06,464.1099853515625
2020-08-07,449.57000732421875
2020-08-10,443.2900085449219
2020-08-11,435.2300109863281
2020-08-12,445.3599853515625
2020-08-13,450.0199890136719
2020-08-14,447.6000061035156
2020-08-17,451.5799865722656
2020-08-18,463.510009765625
2020-08-19,462.010009765625
2020-08-20,478.4800109863281
2020-08-21,473.2200012207031
2020-08-24,476.29998779296875
2020-08-25,484.42999267578125
2020-08-26,528.489990234375
2020-08-27,510.32000732421875
2020-08-28,516.4400024414062
2020-08-31,513.3900146484375
2020-09-01,527.9500122070312
2020-09-02,533.7999877929688
2020-09-03,507.79998779296875
2020-09-04,491.94000244140625
2020-09-08,462.1300048828125
2020-09-09,479.4599914550781
2020-09-10,476.260009765625
2020-09-11,471.3500061035156
2020-09-14,485.9100036621094
2020-09-15,497.6700134277344
2020-09-16,476.0
2020-09-17,474.29998779296875
2020-09-18,467.54998779296875
2020-09-21,475.6400146484375
2020-09-22,486.7799987792969
2020-09-23,470.3900146484375
2020-09-24,467.6700134277344
2020-09-25,479.7799987792969
2020-09-28,488.510009765625
2020-09-29,489.3299865722656
2020-09-30,490.42999267578125
2020-10-01,499.510009765625
2020-10-02,478.989990234375
2020-10-05,486.4700012207031
2020-10-06,478.9800109863281
2020-10-07,493.1499938964844
2020-10-08,490.8399963378906
2020-10-09,502.1600036621094
2020-10-12,510.8900146484375
2020-10-13,514.3099975585938
2020-10-14,506.30999755859375
2020-10-15,501.1499938964844
2020-10-16,502.82000732421875
2020-10-19,495.20001220703125
2020-10-20,494.5799865722656
2020-10-21,495.9599914550781
2020-10-22,483.6000061035156
2020-10-23,488.5
2020-10-26,475.20001220703125
2020-10-27,478.55999755859375
2020-10-28,456.9700012207031
2020-10-29,461.1099853515625
2020-10-30,447.1000061035156
2020-11-02,444.94000244140625
2020-11-03,454.0199890136719
2020-11-04,487.2300109863281
2020-11-05,496.4700012207031
2020-11-06,494.6300048828125
2020-11-09,471.1400146484375
2020-11-10,452.0
2020-11-11,467.75
2020-11-12,462.5799865722656
2020-11-13,469.3399963378906
2020-11-16,460.95001220703125
2020-11-17,467.95001220703125
2020-11-18,459.4700012207031
2020-11-19,466.4100036621094
2020-11-20,462.9200134277344
2020-11-23,460.6099853515625
2020-11-24,462.70001220703125
2020-11-25,470.0799865722656
2020-11-27,477.0299987792969
2020-11-30,478.4700012207031
2020-12-01,479.1499938964844
2020-12-02,481.260009765625
2020-12-03,484.2799987792969
2020-12-04,486.0
2020-12-07,492.25
2020-12-08,495.2799987792969
2020-12-09,483.739990234375
2020-12-10,476.8699951171875
2020-12-11,475.9100036621094
2020-12-14,486.4200134277344
2020-12-15,482.6400146484375
2020-12-16,489.8999938964844
2020-12-17,495.3599853515625
2020-12-18,502.95001220703125
2020-12-21,498.3900146484375
2020-12-22,504.1700134277344
2020-12-23,496.9100036621094
2020-12-24,499.8599853515625
2020-12-28,498.95001220703125
2020-12-29,502.1099853515625
2020-12-30,497.45001220703125
2020-12-31,500.1199951171875
2021-01-04,485.3399963378906
2021-01-05,485.69000244140625
2021-01-06,466.30999755859375
2021-01-07,477.739990234375
2021-01-08,485.1000061035156
2021-01-11,474.239990234375
2021-01-12,471.6499938964844
2021-01-13,472.04998779296875
2021-01-14,463.2699890136719
2021-01-15,458.0799865722656
2021-01-19,456.5
2021-01-20,469.7300109863281
2021-01-21,472.0199890136719
2021-01-22,472.44000244140625
2021-01-25,473.44000244140625
2021-01-26,476.2799987792969
2021-01-27,460.0
2021-01-28,465.6700134277344
2021-01-29,458.7699890136719
2021-02-01,470.0
2021-02-02,484.92999267578125
2021-02-03,481.9200134277344
2021-02-04,489.3800048828125
2021-02-05,492.1199951171875
2021-02-08,493.760009765625
2021-02-09,496.04998779296875
2021-02-10,492.6700134277344
2021-02-11,496.6199951171875
2021-02-12,498.8399963378906
2021-02-16,501.6400146484375
2021-02-17,491.2300109863281
2021-02-18,488.3699951171875
2021-02-19,479.1199951171875
2021-02-22,467.3299865722656
2021-02-23,467.79998779296875
2021-02-24,476.6199951171875
2021-02-25,459.1600036621094
2021-02-26,459.6700134277344
2021-03-01,469.57000732421875
2021-03-02,466.5899963378906
2021-03-03,448.45001220703125
2021-03-04,439.05999755859375
2021-03-05,440.8299865722656
2021-03-08,421.20001220703125
2021-03-09,439.17999267578125
2021-03-10,437.010009765625
2021-03-11,451.05999755859375
2021-03-12,444.29998779296875
2021-03-15,447.5899963378906
2021-03-16,450.5400085449219
2021-03-17,451.010009765625
2021-03-18,439.17999267578125
2021-03-19,441.5
2021-03-22,452.4100036621094
2021-03-23,460.20001220703125
2021-03-24,451.510009765625
2021-03-25,450.989990234375
2021-03-26,469.0899963378906
2021-03-29,469.32000732421875
2021-03-30,465.4599914550781
2021-03-31,475.3699951171875
2021-04-01,483.3399963378906
2021-04-05,491.6199951171875
2021-04-06,491.3399963378906
2021-04-07,493.4100036621094
2021-04-08,499.8399963378906
2021-04-09,504.0400085449219
2021-04-12,506.0299987792969
2021-04-13,514.8599853515625
2021-04-14,510.6300048828125
2021-04-15,523.25
2021-04-16,525.0800170898438
2021-04-19,516.1699829101562
2021-04-20,514.2100219726562
2021-04-21,512.3400268554688
2021-04-22,507.2900085449219
2021-04-23,515.8400268554688
2021-04-26,515.7000122070312
2021-04-27,517.3200073242188
2021-04-28,515.47998046875
2021-04-29,516.0900268554688
2021-04-30,508.3399963378906
2021-05-03,503.4599914550781
2021-05-04,490.70001220703125
2021-05-05,486.69000244140625
2021-05-06,483.6099853515625
2021-05-07,488.7300109863281
2021-05-10,479.3800048828125
2021-05-11,485.19000244140625
2021-05-12,472.0899963378906
2021-05-13,474.1600036621094
2021-05-14,486.55999755859375
2021-05-17,482.739990234375
2021-05-18,480.6199951171875
2021-05-19,480.4700012207031
2021-05-20,491.6700134277344
2021-05-21,488.07000732421875
2021-05-24,497.8299865722656
2021-05-25,505.0799865722656
2021-05-26,506.9800109863281
2021-05-27,498.2799987792969
2021-05-28,504.5799865722656
2021-06-01,495.9100036621094
2021-06-02,495.7699890136719
2021-06-03,493.1400146484375
2021-06-04,504.5
2021-06-07,509.4700012207031
2021-06-08,509.20001220703125
2021-06-09,514.6799926757812
2021-06-10,535.52001953125
2021-06-11,541.260009765625
2021-06-14,556.9500122070312
2021-06-15,548.4600219726562
2021-06-16,543.3300170898438
2021-06-17,551.3599853515625
2021-06-18,565.5900268554688
2021-06-21,567.3499755859375
2021-06-22,575.739990234375
2021-06-23,574.22998046875
2021-06-24,578.260009765625
2021-06-25,579.6599731445312
2021-06-28,588.7999877929688
2021-06-29,590.75
2021-06-30,585.6400146484375
2021-07-01,584.72998046875
2021-07-02,593.0700073242188
2021-07-06,596.9000244140625
2021-07-07,605.77001953125
2021-07-08,605.9500122070312
2021-07-09,604.5
2021-07-12,600.2000122070312
2021-07-13,605.010009765625
2021-07-14,608.8300170898438
2021-07-15,606.1699829101562
2021-07-16,606.0999755859375
2021-07-19,602.0499877929688
2021-07-20,608.719970703125
2021-07-21,612.260009765625
2021-07-22,623.6799926757812
2021-07-23,625.8699951171875
2021-07-26,620.7999877929688
2021-07-27,618.280029296875
2021-07-28,620.9199829101562
2021-07-29,621.7000122070312
2021-07-30,621.6300048828125
2021-08-02,618.75
2021-08-03,621.280029296875
2021-08-04,625.6799926757812
2021-08-05,632.0800170898438
2021-08-06,631.3800048828125
2021-08-09,629.219970703125
2021-08-10,621.739990234375
2021-08-11,626.030029296875
2021-08-12,634.3499755859375
2021-08-13,637.3099975585938
2021-08-16,636.9400024414062
2021-08-17,635.010009765625
2021-08-18,626.77001953125
2021-08-19,637.6599731445312
2021-08-20,647.3400268554688
2021-08-23,656.8599853515625
2021-08-24,657.239990234375
2021-08-25,656.7999877929688
2021-08-26,652.3900146484375
2021-08-27,658.52001953125
2021-08-30,665.989990234375
2021-08-31,663.7000122070312
2021-09-01,665.8900146484375
2021-09-02,664.6400146484375
2021-09-03,666.5900268554688
2021-09-07,661.3900146484375
2021-09-08,663.219970703125
2021-09-09,661.6799926757812
2021-09-10,658.9400024414062
2021-09-13,645.1500244140625
2021-09-14,645.010009765625
2021-09-15,661.0800170898438
2021-09-16,665.1099853515625
2021-09-17,654.47998046875
2021-09-20,641.2899780273438
2021-09-21,645.8900146484375
2021-09-22,626.0800170898438
2021-09-23,630.8400268554688
2021-09-24,622.7100219726562
2021-09-27,603.6500244140625
2021-09-28,578.77001953125
2021-09-29,577.7000122070312
2021-09-30,575.719970703125
2021-10-01,577.469970703125
2021-10-04,558.489990234375
2021-10-05,566.7000122070312
2021-10-06,570.3099975585938
2021-10-07,578.9600219726562
2021-10-08,576.8599853515625
2021-10-11,573.0700073242188
2021-10-12,580.6900024414062
2021-10-13,591.1199951171875
2021-10-14,607.510009765625
2021-10-15,610.0900268554688
2021-10-18,622.8300170898438
2021-10-19,636.0700073242188
2021-10-20,632.3699951171875
2021-10-21,638.6599731445312
2021-10-22,643.5800170898438
2021-10-25,646.969970703125
2021-10-26,642.5
2021-10-27,640.0800170898438
2021-10-28,639.280029296875
2021-10-29,650.3599853515625
2021-11-01,640.2000122070312
2021-11-02,640.4000244140625
2021-11-03,655.1799926757812
2021-11-04,674.0800170898438
2021-11-05,662.719970703125
2021-11-08,666.02001953125
2021-11-09,667.9199829101562
2021-11-10,647.5
2021-11-11,643.1699829101562
2021-11-12,657.5999755859375
2021-11-15,659.72998046875
2021-11-16,671.030029296875
2021-11-17,670.6699829101562
2021-11-18,670.9600219726562
2021-11-19,688.3699951171875
2021-11-22,673.5700073242188
2021-11-23,665.1599731445312
2021-11-24,668.3200073242188
2021-11-26,662.0999755859375
2021-11-29,687.489990234375
2021-11-30,669.8499755859375
2021-12-01,657.4099731445312
2021-12-02,671.8800048828125
2021-12-03,616.530029296875
2021-12-06,622.0399780273438
2021-12-07,649.9600219726562
2021-12-08,653.0999755859375
2021-12-09,632.5700073242188
2021-12-10,654.4500122070312
2021-12-13,658.2999877929688
2021-12-14,614.8599853515625
2021-12-15,630.3300170898438
2021-12-16,566.0900268554688
2021-12-17,556.6400146484375
2021-12-20,549.77001953125
2021-12-21,557.52001953125
2021-12-22,563.97998046875
2021-12-23,569.6199951171875
2021-12-27,577.6799926757812
2021-12-28,569.3599853515625
2021-12-29,569.2899780273438
2021-12-30,570.530029296875
2021-12-31,567.0599975585938
2022-01-03,564.3699951171875
2022-01-04,554.0
2022-01-05,514.4299926757812
2022-01-06,514.1199951171875
2022-01-07,510.70001220703125
2022-01-10,525.8300170898438
2022-01-11,529.8900146484375
2022-01-12,532.3699951171875
2022-01-13,516.9000244140625
2022-01-14,520.5999755859375
2022-01-18,513.3400268554688
2022-01-19,516.5800170898438
2022-01-20,510.8500061035156
2022-01-21,499.9100036621094
2022-01-24,519.6599731445312
2022-01-25,502.7200012207031
2022-01-26,500.80999755859375
2022-01-27,493.04998779296875
2022-01-28,518.1599731445312
2022-01-31,534.2999877929688
2022-02-01,535.97998046875
2022-02-02,533.0900268554688
2022-02-03,510.8299865722656
2022-02-04,513.5399780273438
2022-02-07,507.1000061035156
2022-02-08,511.30999755859375
2022-02-09,521.75
2022-02-10,495.0199890136719
2022-02-11,473.9700012207031
2022-02-14,474.010009765625
2022-02-15,479.5
2022-02-16,477.70001220703125
2022-02-17,457.7099914550781
2022-02-18,442.55999755859375
2022-02-22,438.3999938964844
2022-02-23,429.45001220703125
2022-02-24,463.82000732421875
2022-02-25,465.5400085449219
2022-02-28,467.67999267578125
2022-03-01,466.67999267578125
2022-03-02,471.17999267578125
2022-03-03,459.0799865722656
2022-03-04,452.1300048828125
2022-03-07,437.9700012207031
2022-03-08,431.5299987792969
2022-03-09,450.8699951171875
2022-03-10,438.95001220703125
2022-03-11,416.3800048828125
2022-03-14,411.5
2022-03-15,421.6600036621094
2022-03-16,442.3599853515625
2022-03-17,444.3599853515625
2022-03-18,453.3299865722656
2022-03-21,453.5899963378906
2022-03-22,466.45001220703125
2022-03-23,422.8999938964844
2022-03-24,432.1400146484375
2022-03-25,431.6199951171875
2022-03-28,450.010009765625
2022-03-29,466.3299865722656
2022-03-30,460.05999755859375
2022-03-31,455.6199951171875
2022-04-01,458.19000244140625
2022-04-04,468.80999755859375
2022-04-05,458.5799865722656
2022-04-06,444.3299865722656
2022-04-07,452.7200012207031
2022-04-08,445.3399963378906
2022-04-11,434.44000244140625
2022-04-12,426.7699890136719
2022-04-13,431.6700134277344
2022-04-14,420.44000244140625
2022-04-18,425.4700012207031
2022-04-19,436.3999938964844
2022-04-20,428.1099853515625
2022-04-21,417.4800109863281
2022-04-22,408.6700134277344
2022-04-25,413.95001220703125
2022-04-26,399.1199951171875
2022-04-27,397.8999938964844
2022-04-28,410.5299987792969
2022-04-29,395.95001220703125
2022-05-02,407.2900085449219
2022-05-03,407.5799865722656
2022-05-04,423.3500061035156
2022-05-05,400.510009765625
2022-05-06,391.010009765625
2022-05-09,376.9100036621094
2022-05-10,393.0299987792969
2022-05-11,379.3299865722656
2022-05-12,388.489990234375
2022-05-13,405.45001220703125
2022-05-16,402.8599853515625
2022-05-17,409.6499938964844
2022-05-18,397.8800048828125
2022-05-19,394.3800048828125
2022-05-20,399.0899963378906
2022-05-23,406.760009765625
2022-05-24,398.4100036621094
2022-05-25,402.5
2022-05-26,408.6000061035156
2022-05-27,428.2200012207031
2022-05-31,416.4800109863281
2022-06-01,418.1600036621094
2022-06-02,441.2799987792969
2022-06-03,429.760009765625
2022-06-06,429.4599914550781
2022-06-07,433.4200134277344
2022-06-08,428.8399963378906
2022-06-09,426.4200134277344
2022-06-10,393.8399963378906
2022-06-13,371.6499938964844
2022-06-14,370.82000732421875
2022-06-15,376.9200134277344
2022-06-16,365.0799865722656
2022-06-17,360.7900085449219
2022-06-21,362.989990234375
2022-06-22,365.3299865722656
2022-06-23,376.6400146484375
2022-06-24,387.7200012207031
2022-06-27,381.07000732421875
2022-06-28,365.6300048828125
2022-06-29,368.5
2022-06-30,366.05999755859375
2022-07-01,368.4800109863281
2022-07-05,376.489990234375
2022-07-06,382.8299865722656
2022-07-07,390.8900146484375
2022-07-08,389.44000244140625
2022-07-11,384.1600036621094
2022-07-12,375.5400085449219
2022-07-13,371.94000244140625
2022-07-14,372.9599914550781
2022-07-15,379.8599853515625
2022-07-18,375.2300109863281
2022-07-19,387.8299865722656
2022-07-20,401.489990234375
2022-07-21,408.9100036621094
2022-07-22,401.8999938964844
2022-07-25,391.9599914550781
2022-07-26,379.260009765625
2022-07-27,392.7799987792969
2022-07-28,403.5
2022-07-29,410.1199951171875
2022-08-01,411.0899963378906
2022-08-02,409.9599914550781
2022-08-03,424.5400085449219
2022-08-04,430.5899963378906
2022-08-05,433.42999267578125
2022-08-08,434.3399963378906
2022-08-09,426.57000732421875
2022-08-10,438.3999938964844
2022-08-11,434.8900146484375
2022-08-12,445.6700134277344
2022-08-15,451.0199890136719
2022-08-16,447.55999755859375
2022-08-17,437.82000732421875
2022-08-18,439.0299987792969
2022-08-19,425.05999755859375
2022-08-22,411.3500061035156
2022-08-23,410.4100036621094
2022-08-24,405.6499938964844
2022-08-25,403.92999267578125
2022-08-26,381.0199890136719
2022-08-29,375.260009765625
2022-08-30,375.07000732421875
2022-08-31,373.44000244140625
2022-09-01,370.5299987792969
2022-09-02,368.1400146484375
2022-09-06,368.29998779296875
2022-09-07,379.7200012207031
2022-09-08,383.6300048828125
2022-09-09,394.7799987792969
2022-09-12,396.3599853515625
2022-09-13,368.3900146484375
2022-09-14,371.5199890136719
2022-09-15,309.1300048828125
2022-09-16,299.5
2022-09-19,296.05999755859375
2022-09-20,291.05999755859375
2022-09-21,286.29998779296875
2022-09-22,287.05999755859375
2022-09-23,284.55999755859375
2022-09-26,276.9599914550781
2022-09-27,277.57000732421875
2022-09-28,281.3999938964844
2022-09-29,278.25
2022-09-30,275.20001220703125
2022-10-03,285.239990234375
2022-10-04,294.9700012207031
2022-10-05,297.3800048828125
2022-10-06,298.4100036621094
2022-10-07,288.7699890136719
2022-10-10,285.7200012207031
2022-10-11,284.8299865722656
2022-10-12,286.1499938964844
2022-10-13,294.739990234375
2022-10-14,287.94000244140625
2022-10-17,293.5
2022-10-18,292.9800109863281
2022-10-19,299.8299865722656
2022-10-20,302.3800048828125
2022-10-21,306.3699951171875
2022-10-24,316.2200012207031
2022-10-25,323.7900085449219
2022-10-26,320.4800109863281
2022-10-27,318.6499938964844
2022-10-28,325.67999267578125
2022-10-31,318.5
2022-11-01,316.0199890136719
2022-11-02,301.2200012207031
2022-11-03,285.92999267578125
2022-11-04,285.75
2022-11-07,299.5400085449219
2022-11-08,302.1700134277344
2022-11-09,298.8699951171875
2022-11-10,329.95001220703125
2022-11-11,341.1499938964844
2022-11-14,340.3699951171875
2022-11-15,345.9599914550781
2022-11-16,338.4100036621094
2022-11-17,337.8299865722656
2022-11-18,330.8599853515625
2022-11-21,321.489990234375
2022-11-22,330.8800048828125
2022-11-23,335.7799987792969
2022-11-25,334.29998779296875
2022-11-28,328.9700012207031
2022-11-29,326.7799987792969
2022-11-30,344.92999267578125
2022-12-01,344.1099853515625
2022-12-02,341.5299987792969
2022-12-05,334.0899963378906
2022-12-06,331.1499938964844
2022-12-07,326.67999267578125
2022-12-08,332.5799865722656
2022-12-09,330.6400146484375
2022-12-12,338.1700134277344
2022-12-13,342.4599914550781
2022-12-14,339.9200134277344
2022-12-15,328.7099914550781
2022-12-16,338.5400085449219
2022-12-19,328.760009765625
2022-12-20,338.2200012207031
2022-12-21,341.3800048828125
2022-12-22,336.5199890136719
2022-12-23,338.45001220703125
2022-12-27,335.0899963378906
2022-12-28,328.3299865722656
2022-12-29,337.5799865722656
2022-12-30,336.5299987792969
2023-01-03,336.9200134277344
2023-01-04,341.4100036621094
2023-01-05,328.44000244140625
2023-01-06,332.75
2023-01-09,341.9800109863281
2023-01-10,338.70001220703125
2023-01-11,342.92999267578125
2023-01-12,344.5400085449219
2023-01-13,344.3800048828125
2023-01-17,344.3800048828125
2023-01-18,341.30999755859375
2023-01-19,342.5299987792969
2023-01-20,356.3800048828125
2023-01-23,364.9800109863281
2023-01-24,361.32000732421875
2023-01-25,358.1700134277344
2023-01-26,365.82000732421875
2023-01-27,370.7099914550781
2023-01-30,363.4200134277344
2023-01-31,370.3399963378906
2023-02-01,383.9200134277344
2023-02-02,392.2300109863281
2023-02-03,379.3299865722656
2023-02-06,375.2300109863281
2023-02-07,383.82000732421875
2023-02-08,378.3599853515625
2023-02-09,375.80999755859375
2023-02-10,370.989990234375
2023-02-13,375.0
2023-02-14,377.8999938964844
2023-02-15,375.94000244140625
2023-02-16,365.1600036621094
2023-02-17,356.8500061035156
2023-02-21,346.70001220703125
2023-02-22,348.7200012207031
2023-02-23,347.0199890136719
2023-02-24,320.5400085449219
2023-02-27,322.32000732421875
2023-02-28,323.95001220703125
2023-03-01,323.3800048828125
2023-03-02,333.5
2023-03-03,344.0400085449219
2023-03-06,347.0199890136719
2023-03-07,344.79998779296875
2023-03-08,345.8399963378906
2023-03-09,338.3699951171875
2023-03-10,329.29998779296875
2023-03-13,324.2699890136719
2023-03-14,333.3299865722656
2023-03-15,333.6099853515625
2023-03-16,353.2900085449219
2023-03-17,358.1400146484375
2023-03-20,362.8800048828125
2023-03-21,374.2200012207031
2023-03-22,361.7099914550781
2023-03-23,369.0
2023-03-24,374.9599914550781
2023-03-27,373.1499938964844
2023-03-28,373.3999938964844
2023-03-29,379.1600036621094
2023-03-30,381.8999938964844
2023-03-31,385.3699951171875
2023-04-03,380.0799865722656
2023-04-04,385.1499938964844
2023-04-05,382.0199890136719
2023-04-06,380.6000061035156
2023-04-10,376.25
2023-04-11,371.1099853515625
2023-04-12,369.8900146484375
2023-04-13,378.79998779296875
2023-04-14,379.3800048828125
2023-04-17,377.9200134277344
2023-04-18,377.54998779296875
2023-04-19,380.1099853515625
2023-04-20,380.260009765625
2023-04-21,377.6700134277344
2023-04-24,377.3399963378906
2023-04-25,369.5899963378906
2023-04-26,363.05999755859375
2023-04-27,371.4200134277344
2023-04-28,377.55999755859375
2023-05-01,374.1499938964844
2023-05-02,368.6600036621094
2023-05-03,345.25
2023-05-04,335.8299865722656
2023-05-05,348.3999938964844
2023-05-08,344.05999755859375
2023-05-09,342.6499938964844
2023-05-10,344.0199890136719
2023-05-11,341.5799865722656
2023-05-12,335.45001220703125
2023-05-15,345.6700134277344
2023-05-16,345.1099853515625
2023-05-17,356.6300048828125
2023-05-18,360.42999267578125
2023-05-19,371.25
2023-05-22,372.04998779296875
2023-05-23,370.4200134277344
2023-05-24,365.760009765625
2023-05-25,392.05999755859375
2023-05-26,415.3900146484375
2023-05-30,417.2099914550781
2023-05-31,417.7900085449219
2023-06-01,426.75
2023-06-02,436.3699951171875
2023-06-05,434.17999267578125
2023-06-06,432.8900146484375
2023-06-07,418.32000732421875
2023-06-08,439.0299987792969
2023-06-09,454.0
2023-06-12,474.6300048828125
2023-06-13,478.989990234375
2023-06-14,479.5299987792969
2023-06-15,490.9100036621094
2023-06-16,495.17999267578125
2023-06-20,485.8599853515625
2023-06-21,477.4800109863281
2023-06-22,477.5799865722656
2023-06-23,484.7200012207031
2023-06-26,479.510009765625
2023-06-27,489.2699890136719
2023-06-28,482.42999267578125
2023-06-29,483.7699890136719
2023-06-30,488.989990234375
2023-07-03,485.2099914550781
2023-07-05,487.260009765625
2023-07-06,481.2900085449219
2023-07-07,485.2699890136719
2023-07-10,496.3500061035156
2023-07-11,504.739990234375
2023-07-12,507.3599853515625
2023-07-13,517.280029296875
2023-07-14,514.8300170898438
2023-07-17,522.0
2023-07-18,532.22998046875
2023-07-19,527.1699829101562
2023-07-20,516.8800048828125
2023-07-21,520.22998046875
2023-07-24,523.8599853515625
2023-07-25,525.3400268554688
2023-07-26,514.5499877929688
2023-07-27,513.969970703125
2023-07-28,528.8699951171875
2023-07-31,546.1699829101562
2023-08-01,549.0999755859375
2023-08-02,530.2999877929688
2023-08-03,523.760009765625
2023-08-04,526.8800048828125
2023-08-07,529.72998046875
2023-08-08,520.5999755859375
2023-08-09,513.780029296875
2023-08-10,515.8300170898438
2023-08-11,508.45001220703125
2023-08-14,522.25
2023-08-15,518.7000122070312
2023-08-16,514.489990234375
2023-08-17,511.6700134277344
2023-08-18,508.1300048828125
2023-08-21,520.469970703125
2023-08-22,519.47998046875
2023-08-23,530.7100219726562
2023-08-24,512.4299926757812
2023-08-25,525.0599975585938
2023-08-28,529.9199829101562
2023-08-29,540.5700073242188
2023-08-30,545.3599853515625
2023-08-31,559.3400268554688
2023-09-01,563.2100219726562
2023-09-05,564.8800048828125
2023-09-06,561.9400024414062
2023-09-07,560.4600219726562
2023-09-08,560.3599853515625
2023-09-11,564.5
2023-09-12,542.2100219726562
2023-09-13,553.5599975585938
2023-09-14,552.1599731445312
2023-09-15,528.8900146484375
2023-09-18,532.4199829101562
2023-09-19,541.6900024414062
2023-09-20,535.780029296875
2023-09-21,513.8800048828125
2023-09-22,512.9000244140625
2023-09-25,511.6000061035156
2023-09-26,506.29998779296875
2023-09-27,502.6000061035156
2023-09-28,504.6700134277344
2023-09-29,509.8999938964844
2023-10-02,521.1300048828125
2023-10-03,507.0299987792969
2023-10-04,518.4199829101562
2023-10-05,516.4400024414062
2023-10-06,526.6799926757812
2023-10-09,529.2899780273438
2023-10-10,532.719970703125
2023-10-11,549.9099731445312
2023-10-12,559.6300048828125
2023-10-13,548.760009765625
2023-10-16,550.739990234375
2023-10-17,560.0900268554688
2023-10-18,557.8699951171875
2023-10-19,555.739990234375
2023-10-20,540.9600219726562
2023-10-23,540.4099731445312
2023-10-24,539.5599975585938
2023-10-25,521.1400146484375
2023-10-26,514.280029296875
2023-10-27,508.1199951171875
2023-10-30,526.9400024414062
2023-10-31,532.0599975585938
2023-11-01,544.5
2023-11-02,558.7100219726562
2023-11-03,563.6599731445312
2023-11-06,565.4500122070312
2023-11-07,585.2000122070312
2023-11-08,585.3099975585938
2023-11-09,577.739990234375
2023-11-10,597.219970703125
2023-11-13,590.3400268554688
2023-11-14,604.3300170898438
2023-11-15,595.3099975585938
2023-11-16,602.0599975585938
2023-11-17,602.6599731445312
2023-11-20,612.7000122070312
2023-11-21,610.989990234375
2023-11-22,619.719970703125
2023-11-24,619.4299926757812
2023-11-27,619.27001953125
2023-11-28,623.3200073242188
2023-11-29,617.3900146484375
2023-11-30,611.010009765625
2023-12-01,612.469970703125
2023-12-04,604.5599975585938
2023-12-05,602.219970703125
2023-12-06,595.7000122070312
2023-12-07,608.780029296875
2023-12-08,610.010009765625
2023-12-11,625.2000122070312
2023-12-12,633.6599731445312
2023-12-13,624.260009765625
2023-12-14,584.6400146484375
2023-12-15,584.6799926757812
2023-12-18,599.1300048828125
2023-12-19,604.6400146484375
2023-12-20,596.0599975585938
2023-12-21,600.1400146484375
2023-12-22,598.75
2023-12-26,598.260009765625
2023-12-27,596.0800170898438
2023-12-28,595.52001953125
2023-12-29,596.5999755859375
2024-01-02,580.0700073242188
2024-01-03,571.7899780273438
2024-01-04,567.0499877929688
2024-01-05,564.5999755859375
2024-01-08,580.5499877929688
2024-01-09,586.2000122070312
2024-01-10,591.030029296875
2024-01-11,597.489990234375
2024-01-12,596.5399780273438
2024-01-16,597.6799926757812
2024-01-17,596.0999755859375
2024-01-18,593.7000122070312
2024-01-19,611.5499877929688
2024-01-22,603.5900268554688
2024-01-23,597.1799926757812
2024-01-24,606.47998046875
2024-01-25,622.5800170898438
2024-01-26,613.9299926757812
2024-01-29,630.22998046875
2024-01-30,627.9600219726562
2024-01-31,617.780029296875
2024-02-01,627.9099731445312
2024-02-02,634.760009765625
2024-02-05,630.5
2024-02-06,607.1400146484375
2024-02-07,615.8499755859375
2024-02-08,615.8599853515625
2024-02-09,627.2100219726562
2024-02-12,611.8400268554688
2024-02-13,601.8900146484375
2024-02-14,604.6599731445312
2024-02-15,590.4400024414062
2024-02-16,546.6599731445312
2024-02-20,541.9099731445312
2024-02-21,538.52001953125
2024-02-22,537.5700073242188
2024-02-23,553.4400024414062
2024-02-26,560.47998046875
2024-02-27,552.489990234375
2024-02-28,551.8200073242188
2024-02-29,560.280029296875
2024-03-01,570.9299926757812
2024-03-04,567.9400024414062
2024-03-05,544.8400268554688
2024-03-06,543.0900268554688
2024-03-07,556.0399780273438
2024-03-08,551.6900024414062
2024-03-11,560.4199829101562
2024-03-12,579.1400146484375
2024-03-13,573.5499877929688
2024-03-14,570.4500122070312
2024-03-15,492.4599914550781
2024-03-18,513.8599853515625
2024-03-19,521.1900024414062
2024-03-20,519.1400146484375
2024-03-21,511.25
2024-03-22,499.5199890136719
2024-03-25,507.2300109863281
2024-03-26,507.6000061035156
2024-03-27,504.3999938964844
2024-03-28,504.6000061035156
2024-04-01,502.0899963378906
2024-04-02,499.2099914550781
2024-04-03,497.010009765625
2024-04-04,487.1099853515625
2024-04-05,485.1199951171875
2024-04-08,484.2799987792969
2024-04-09,492.54998779296875
2024-04-10,487.2200012207031
2024-04-11,484.2799987792969
2024-04-12,474.0899963378906
2024-04-15,470.1000061035156
2024-04-16,476.2200012207031
2024-04-17,474.45001220703125
2024-04-18,473.17999267578125
2024-04-19,465.0199890136719
2024-04-22,466.8900146484375
2024-04-23,472.8999938964844
2024-04-24,477.1199951171875
2024-04-25,473.44000244140625
2024-04-26,477.55999755859375
2024-04-29,473.07000732421875
2024-04-30,462.8299865722656
2024-05-01,469.3900146484375
2024-05-02,476.57000732421875
2024-05-03,486.17999267578125
2024-05-06,493.5899963378906
2024-05-07,492.2699890136719
2024-05-08,488.1000061035156
2024-05-09,482.6499938964844
2024-05-10,482.2900085449219
2024-05-13,483.1099853515625
2024-05-14,475.95001220703125
2024-05-15,485.3500061035156
2024-05-16,482.8800048828125
2024-05-17,483.42999267578125
2024-05-20,484.69000244140625
2024-05-21,481.8500061035156
2024-05-22,483.92999267578125
2024-05-23,483.30999755859375
2024-05-24,475.42999267578125
2024-05-28,478.42999267578125
2024-05-29,477.6000061035156
2024-05-30,445.8699951171875
2024-05-31,444.760009765625
2024-06-03,439.0199890136719
2024-06-04,448.3699951171875
2024-06-05,455.79998779296875
2024-06-06,458.1300048828125
2024-06-07,465.42999267578125
2024-06-10,459.94000244140625
2024-06-11,462.69000244140625
2024-06-12,459.8699951171875
2024-06-13,458.739990234375
2024-06-14,525.3099975585938
2024-06-17,518.739990234375
2024-06-18,522.25
2024-06-20,522.9500122070312
2024-06-21,533.4400024414062
2024-06-24,524.1699829101562
2024-06-25,526.8800048828125
2024-06-26,528.6599731445312
2024-06-27,546.760009765625
2024-06-28,555.5399780273438
2024-07-01,560.010009765625
2024-07-02,567.7100219726562
2024-07-03,570.1500244140625
2024-07-05,578.3400268554688
2024-07-08,575.4000244140625
2024-07-09,566.02001953125
2024-07-10,564.5499877929688
2024-07-11,557.6300048828125
2024-07-12,559.0499877929688
2024-07-15,565.7100219726562
2024-07-16,566.5399780273438
2024-07-17,563.0900268554688
2024-07-18,556.8499755859375
2024-07-19,551.0
2024-07-22,554.8200073242188
2024-07-23,546.010009765625
2024-07-24,531.0399780273438
2024-07-25,532.1500244140625
2024-07-26,542.4400024414062
2024-07-29,536.6099853515625
2024-07-30,538.7100219726562
2024-07-31,551.6500244140625
2024-08-01,546.4099731445312
2024-08-02,526.1699829101562
2024-08-05,509.32000732421875
2024-08-06,514.2000122070312
2024-08-07,513.6199951171875
2024-08-08,530.239990234375
2024-08-09,536.2999877929688
2024-08-12,530.9299926757812
2024-08-13,535.219970703125
2024-08-14,539.7899780273438
2024-08-15,554.1599731445312
2024-08-16,553.4600219726562
2024-08-19,563.1199951171875
2024-08-20,562.25
2024-08-21,565.7899780273438
2024-08-22,557.4400024414062
2024-08-23,558.2999877929688
2024-08-26,559.4400024414062
2024-08-27,567.8200073242188
2024-08-28,560.5399780273438
2024-08-29,569.6300048828125
2024-08-30,574.4099731445312
2024-09-03,571.0399780273438
2024-09-04,575.25
2024-09-05,567.9299926757812
2024-09-06,563.4099731445312
2024-09-09,569.8800048828125
2024-09-10,574.47998046875
2024-09-11,580.3800048828125
2024-09-12,586.5499877929688
2024-09-13,536.8699951171875
2024-09-16,521.5
2024-09-17,515.030029296875
2024-09-18,508.1300048828125
2024-09-19,526.4400024414062
2024-09-20,522.2999877929688
2024-09-23,527.8699951171875
2024-09-24,524.0700073242188
2024-09-25,517.9000244140625
2024-09-26,515.3800048828125
2024-09-27,515.47998046875
2024-09-30,517.780029296875
2024-10-01,502.79998779296875
2024-10-02,505.80999755859375
2024-10-03,503.79998779296875
2024-10-04,507.2200012207031
2024-10-07,487.29998779296875
2024-10-08,496.239990234375
2024-10-09,494.0799865722656
2024-10-10,503.57000732421875
2024-10-11,495.4200134277344
2024-10-14,509.6499938964844
2024-10-15,508.0299987792969
2024-10-16,502.5400085449219
2024-10-17,496.8299865722656
2024-10-18,494.8999938964844
2024-10-21,497.7099914550781
2024-10-22,493.1099853515625
2024-10-23,485.0299987792969
2024-10-24,482.8699951171875
2024-10-25,483.7200012207031
2024-10-28,481.0400085449219
2024-10-29,485.3900146484375
2024-10-30,486.67999267578125
2024-10-31,478.0799865722656
2024-11-01,482.79998779296875
2024-11-04,481.3500061035156
2024-11-05,486.4200134277344
2024-11-06,504.8299865722656
2024-11-07,500.9200134277344
2024-11-08,494.67999267578125
2024-11-11,504.4800109863281
2024-11-12,526.4199829101562
2024-11-13,532.5
2024-11-14,529.8699951171875
2024-11-15,503.3699951171875
2024-11-18,499.510009765625
2024-11-19,499.6099853515625
2024-11-20,499.5
2024-11-21,504.44000244140625
2024-11-22,512.1500244140625
2024-11-25,518.72998046875
2024-11-26,525.2999877929688
2024-11-27,513.6799926757812
2024-11-29,515.9299926757812
2024-12-02,516.2000122070312
2024-12-03,516.260009765625
2024-12-04,536.489990234375
2024-12-05,538.219970703125
2024-12-06,552.9600219726562
2024-12-09,547.9299926757812
2024-12-10,547.0499877929688
2024-12-11,549.9299926757812
2024-12-12,474.6300048828125
2024-12-13,465.69000244140625
2024-12-16,461.5299987792969
2024-12-17,455.2300109863281
2024-12-18,441.30999755859375
2024-12-19,437.3900146484375
2024-12-20,447.1700134277344
2024-12-23,446.739990234375
2024-12-24,447.94000244140625
2024-12-26,450.1600036621094
2024-12-27,446.4800109863281
2024-12-30,445.79998779296875
2024-12-31,444.67999267578125
2025-01-02,441.0
2025-01-03,430.57000732421875
2025-01-06,431.17999267578125
2025-01-07,422.6300048828125
2025-01-08,419.5799865722656
2025-01-10,405.9200134277344
2025-01-13,408.5
2025-01-14,412.7099914550781
2025-01-15,417.2799987792969
2025-01-16,426.92999267578125
2025-01-17,429.989990234375
2025-01-21,436.3599853515625
2025-01-22,437.32000732421875
2025-01-23,437.2799987792969
2025-01-24,435.3800048828125
2025-01-27,438.6000061035156
2025-01-28,442.8399963378906
2025-01-29,441.67999267578125
2025-01-30,446.0
2025-01-31,437.45001220703125
2025-02-03,438.6000061035156
2025-02-04,440.2300109863281
2025-02-05,437.6300048828125
2025-02-06,435.3999938964844
2025-02-07,433.07000732421875
2025-02-10,451.1000061035156
2025-02-11,458.82000732421875
2025-02-12,462.760009765625
2025-02-13,459.2200012207031
2025-02-14,460.1600036621094
2025-02-18,464.1099853515625
2025-02-19,456.989990234375
2025-02-20,454.69000244140625
2025-02-21,444.32000732421875
2025-02-24,444.4200134277344
2025-02-25,443.4100036621094
2025-02-26,441.5
2025-02-27,437.19000244140625
2025-02-28,438.55999755859375
2025-03-03,440.7200012207031
2025-03-04,446.0299987792969
2025-03-05,451.239990234375
2025-03-06,444.7799987792969
2025-03-07,449.3999938964844
2025-03-10,435.0799865722656
2025-03-11,433.6600036621094
2025-03-12,438.6000061035156
2025-03-13,377.8399963378906
2025-03-14,394.739990234375
2025-03-17,399.3399963378906
2025-03-18,391.3699951171875
2025-03-19,387.8900146484375
2025-03-20,389.6099853515625
2025-03-21,387.260009765625
2025-03-24,394.4700012207031
2025-03-25,403.6400146484375
2025-03-26,397.80999755859375
2025-03-27,396.1499938964844
2025-03-28,385.7099914550781
2025-03-31,383.5299987792969
2025-04-01,383.20001220703125
2025-04-02,385.7799987792969
2025-04-03,367.25
2025-04-04,349.07000732421875
2025-04-07,340.70001220703125
2025-04-08,340.0
2025-04-09,364.6400146484375
2025-04-10,350.04998779296875
2025-04-11,352.4700012207031
2025-04-14,350.9100036621094
2025-04-15,350.3800048828125
2025-04-16,344.19000244140625
2025-04-17,348.79998779296875
2025-04-21,343.2200012207031
2025-04-22,349.9100036621094
2025-04-23,351.9599914550781
2025-04-24,360.9100036621094
2025-04-25,367.7200012207031
2025-04-28,368.6199951171875
2025-04-29,370.9800109863281
2025-04-30,374.9800109863281
2025-05-01,374.6300048828125
2025-05-02,380.8699951171875
2025-05-05,381.05999755859375
2025-05-06,382.9800109863281
2025-05-07,384.9700012207031
2025-05-08,383.989990234375
2025-05-09,383.2799987792969
2025-05-12,395.94000244140625
2025-05-13,397.3999938964844
2025-05-14,399.4700012207031
2025-05-15,404.69000244140625
2025-05-16,417.1300048828125
2025-05-19,420.67999267578125
2025-05-20,417.6099853515625
2025-05-21,414.0299987792969
2025-05-22,414.3299865722656
2025-05-23,407.69000244140625
2025-05-27,413.1000061035156
2025-05-28,412.2300109863281
2025-05-29,413.3599853515625
2025-05-30,415.0899963378906
2025-06-02,403.3999938964844
2025-06-03,412.489990234375
2025-06-04,413.9100036621094
2025-06-05,415.20001220703125
2025-06-06,416.9200134277344
2025-06-09,416.260009765625
2025-06-10,416.05999755859375
2025-06-11,412.8399963378906
2025-06-12,413.67999267578125
2025-06-13,391.67999267578125
2025-06-16,401.7300109863281
2025-06-17,382.67999267578125
2025-06-18,378.0400085449219
2025-06-20,376.9200134277344
2025-06-23,380.1199951171875
2025-06-24,382.3399963378906
2025-06-25,387.54998779296875
2025-06-26,384.95001220703125
2025-06-27,385.8299865722656
2025-06-30,386.8800048828125
2025-07-01,392.1000061035156
2025-07-02,378.4700012207031
2025-07-03,379.30999755859375
2025-07-07,376.92999267578125
2025-07-08,382.239990234375
2025-07-09,373.3800048828125
2025-07-10,371.42999267578125
2025-07-11,363.3500061035156
2025-07-14,366.989990234375
2025-07-15,364.17999267578125
2025-07-16,361.7699890136719
2025-07-17,366.45001220703125
2025-07-18,365.7900085449219
2025-07-21,367.67999267578125
2025-07-22,372.8699951171875
2025-07-23,372.4599914550781
2025-07-24,371.69000244140625
2025-07-25,370.739990234375
2025-07-28,369.4700012207031
2025-07-29,370.70001220703125
2025-07-30,364.0
2025-07-31,357.69000244140625
2025-08-01,347.79998779296875
2025-08-04,338.8500061035156
2025-08-05,338.739990234375
2025-08-06,345.6199951171875
2025-08-07,338.2699890136719
2025-08-08,341.04998779296875
2025-08-11,333.6499938964844
2025-08-12,338.42999267578125
2025-08-13,351.07000732421875
2025-08-14,348.5799865722656
2025-08-15,354.8500061035156
2025-08-18,357.239990234375
2025-08-19,361.0299987792969
2025-08-20,353.42999267578125
2025-08-21,353.42999267578125
2025-08-22,362.0899963378906
2025-08-25,363.2099914550781
2025-08-26,354.9100036621094
2025-08-27,356.3500061035156
2025-08-28,353.9599914550781
2025-08-29,356.70001220703125
2025-09-02,345.6300048828125
2025-09-03,348.5
2025-09-04,344.30999755859375
2025-09-05,348.9700012207031
2025-09-08,358.6600036621094
2025-09-09,354.05999755859375
2025-09-10,350.1600036621094
2025-09-11,350.54998779296875
2025-09-12,349.3599853515625
2025-09-15,347.1000061035156
2025-09-16,352.7300109863281
2025-09-17,362.07000732421875
2025-09-18,367.4599914550781
2025-09-19,365.8999938964844
2025-09-22,364.0799865722656
2025-09-23,361.7799987792969
2025-09-24,353.2699890136719
2025-09-25,354.1600036621094
2025-09-26,360.3699951171875
2025-09-29,359.4200134277344
2025-09-30,352.75
2025-10-01,343.7200012207031
2025-10-02,351.4800109863281
2025-10-03,346.739990234375
2025-10-06,350.1400146484375
2025-10-07,348.30999755859375
2025-10-08,348.7699890136719
2025-10-09,347.4700012207031
2025-10-10,337.510009765625
2025-10-13,339.32000732421875
2025-10-14,335.94000244140625
2025-10-15,330.6300048828125
2025-10-16,329.2300109863281
2025-10-17,333.260009765625
2025-10-20,343.3999938964844
2025-10-21,357.54998779296875
2025-10-22,354.0899963378906
2025-10-23,354.1199951171875
2025-10-24,353.5199890136719
2025-10-27,357.79998779296875
2025-10-28,359.9100036621094
2025-10-29,337.8599853515625
2025-10-30,339.239990234375
2025-10-31,340.30999755859375
2025-11-03,337.4700012207031
2025-11-04,335.3500061035156
2025-11-05,335.5299987792969
2025-11-06,327.3500061035156
2025-11-07,326.95001220703125
2025-11-10,328.8500061035156
2025-11-11,333.2200012207031
2025-11-12,337.04998779296875
2025-11-13,333.6000061035156
2025-11-14,331.1099853515625
2025-11-17,325.07000732421875
2025-11-18,324.4700012207031
2025-11-19,318.1099853515625
2025-11-20,312.3999938964844
2025-11-21,324.19000244140625
2025-11-24,318.7300109863281
2025-11-25,319.54998779296875
2025-11-26,317.5199890136719
2025-11-28,320.1300048828125
2025-12-01,322.8500061035156
2025-12-02,322.80999755859375
2025-12-03,326.7799987792969
2025-12-04,328.7300109863281
2025-12-05,346.260009765625
2025-12-08,339.1199951171875
2025-12-09,344.32000732421875
2025-12-10,343.1300048828125
2025-12-11,350.42999267578125
2025-12-12,356.42999267578125
2025-12-15,351.1499938964844
2025-12-16,347.8900146484375
2025-12-17,354.6600036621094
2025-12-18,355.80999755859375
2025-12-19,355.8599853515625
2025-12-22,357.5299987792969
2025-12-23,352.4200134277344
2025-12-24,352.9800109863281
2025-12-26,353.79998779296875
2025-12-29,353.1600036621094
2025-12-30,352.510009765625
2025-12-31,349.989990234375
2026-01-02,333.29998779296875
2026-01-05,331.55999755859375
2026-01-06,335.989990234375
2026-01-07,338.1000061035156
2026-01-08,339.0400085449219
2026-01-09,333.95001220703125
2026-01-12,327.6499938964844
2026-01-13,309.92999267578125
2026-01-14,304.44000244140625
2026-01-15,304.0899963378906
2026-01-16,296.1199951171875
2026-01-20,290.3699951171875
2026-01-21,294.2300109863281
2026-01-22,299.7300109863281
2026-01-23,301.07000732421875
2026-01-26,304.7200012207031
2026-01-27,297.4200134277344
2026-01-28,299.5799865722656
2026-01-29,291.6499938964844
2026-01-30,293.25
2026-02-02,293.3800048828125
2026-02-03,271.92999267578125
2026-02-04,279.7099914550781
2026-02-05,269.3900146484375
2026-02-06,268.3800048828125
2026-02-09,266.8999938964844
2026-02-10,264.6700134277344
2026-02-11,257.1600036621094
2026-02-12,262.5
2026-02-13,263.9700012207031
2026-02-17,260.45001220703125
2026-02-18,263.1700134277344
2026-02-19,259.2099914550781
2026-02-20,258.6099853515625
2026-02-23,246.67999267578125
2026-02-24,255.1699981689453
2026-02-25,257.80999755859375
2026-02-26,259.0400085449219
2026-02-27,262.4100036621094
2026-03-02,260.8800048828125
2026-03-03,270.989990234375
2026-03-04,273.1199951171875
2026-03-05,281.739990234375
2026-03-06,283.6199951171875
2026-03-09,282.44000244140625
2026-03-10,275.1300048828125
2026-03-11,273.7099914550781
2026-03-12,269.7799987792969
2026-03-13,249.32000732421875
2026-03-16,251.86000061035156
2026-03-17,254.1999969482422
2026-03-18,246.0
2026-03-19,245.99000549316406
2026-03-20,248.14999389648438
2026-03-23,247.63999938964844
2026-03-24,238.8699951171875
2026-03-25,237.25
2026-03-26,240.8800048828125
2026-03-27,234.83999633789062
2026-03-30,241.1300048828125
2026-03-31,243.0800018310547
2026-04-01,241.3699951171875
2026-04-02,242.9199981689453
2026-04-06,244.36000061035156
2026-04-07,240.13999938964844
2026-04-08,239.30999755859375
2026-04-09,229.94000244140625
2026-04-10,225.35000610351562
2026-04-13,240.11000061035156
2026-04-14,235.72000122070312
2026-04-15,244.66000366210938
2026-04-16,248.16000366210938
2026-04-17,244.4499969482422
2026-04-20,248.6300048828125
2026-04-21,247.17999267578125
2026-04-22,255.94000244140625
2026-04-23,238.97999572753906
2026-04-24,245.44000244140625
2026-04-27,239.30999755859375
2026-04-28,243.1999969482422
2026-04-29,243.57000732421875
2026-04-30,246.10000610351562
2026-05-01,250.7100067138672
2026-05-04,253.9600067138672
2026-05-05,255.6199951171875
2026-05-06,250.1699981689453
2026-05-07,256.510009765625
2026-05-08,253.0399932861328
2026-05-11,246.14999389648438
2026-05-12,240.8300018310547
2026-05-13,236.07000732421875
2026-05-14,237.00999450683594
2026-05-15,247.60000610351562
2026-05-18,255.63999938964844
2026-05-19,254.99000549316406
2026-05-20,253.3699951171875
2026-05-21,244.10000610351562
2026-05-22,244.75999450683594
2026-05-26,240.49000549316406
2026-05-27,238.24000549316406
2026-05-28,241.44000244140625
2026-05-29,259.2099914550781
2026-06-01,274.0299987792969
2026-06-02,262.1099853515625
2026-06-03,256.239990234375
2026-06-04,258.4200134277344
2026-06-05,251.44000244140625
2026-06-08,244.99000549316406
2026-06-09,237.8800048828125
2026-06-10,233.3800048828125
2026-06-11,218.8000030517578
2026-06-12,204.02000427246094
2026-06-15,206.36000061035156
2026-06-16,207.32000732421875
2026-06-17,196.27999877929688
2026-06-18,195.16000366210938
2026-06-22,194.89999389648438
2026-06-23,197.42999267578125
2026-06-24,196.57000732421875
2026-06-25,193.41000366210938
2026-06-26,202.72999572753906
2026-06-29,206.42999267578125
2026-06-30,205.02000427246094
2026-07-01,210.97999572753906
2026-07-02,219.72000122070312
2026-07-06,218.07000732421875
2026-07-07,221.5399932861328
2026-07-08,220.94000244140625
2026-07-09,222.64999389648438
2026-07-10,223.63999938964844
2026-07-13,230.61000061035156
2026-07-14,220.77999877929688
2026-07-15,224.55999755859375
2026-07-16,235.30999755859375
2026-07-17,237.25
2026-07-20,234.74000549316406
2026-07-21,227.16000366210938
2026-07-22,218.36000061035156
2026-07-23,212.1699981689453
2026-07-24,225.11000061035156
2026-07-27,237.75
2026-07-28,249.17999267578125
2026-07-29,263.42999267578125
2026-07-30,247.89999389648438
2026-07-31,250.41000366210938
2026-08-03,251.33999633789062
2026-08-04,257.489990234375
2026-08-05,259.32000732421875
2026-08-06,260.239990234375
2026-08-07,265.2099914550781
2026-08-10,272.9599914550781
2026-08-11,263.7099914550781
2026-08-12,258.75
2026-08-13,270.489990234375
2026-08-14,264.0199890136719
2026-08-17,254.0399932861328
2026-08-18,263.1400146484375
2026-08-19,272.4700012207031
2026-08-20,272.2200012207031
2026-08-21,275.29998779296875
2026-08-24,276.2699890136719
2026-08-25,273.9200134277344
2026-08-26,273.4700012207031
2026-08-27,289.1499938964844
2026-08-28,291.5199890136719
2026-08-31,292.7900085449219
2026-09-01,286.0799865722656
2026-09-02,279.7900085449219
2026-09-03,285.75
2026-09-04,266.510009765625
2026-09-08,257.260009765625
2026-09-09,254.86000061035156
2026-09-10,248.8300018310547
2026-09-11,252.22999572753906
