Date,close
1980-03-17,0.06892307102680206
1980-03-18,0.06767000257968903
1980-03-19,0.06892307102680206
1980-03-20,0.07017611712217331
1980-03-21,0.07268226146697998
1980-03-24,0.06892307102680206
1980-03-25,0.0670434758067131
1980-03-26,0.06015085428953171
1980-03-27,0.055138587951660156
1980-03-28,0.061403948813676834
1980-03-31,0.06829652190208435
1980-04-01,0.06767000257968903
1980-04-02,0.06391078978776932
1980-04-03,0.06579041481018066
1980-04-07,0.061090659350156784
1980-04-08,0.06391078978776932
1980-04-09,0.06297101825475693
1980-04-10,0.06297101825475693
1980-04-11,0.06297101825475693
1980-04-14,0.06297101825475693
1980-04-15,0.06203116476535797
1980-04-16,0.06203116476535797
1980-04-17,0.06203116476535797
1980-04-18,0.06297101825475693
1980-04-21,0.061090659350156784
1980-04-22,0.06767000257968903
1980-04-23,0.0686097964644432
1980-04-24,0.07048936933279037
1980-04-25,0.06954962015151978
1980-04-28,0.06954962015151978
1980-04-29,0.07048936933279037
1980-04-30,0.07048936933279037
1980-05-01,0.06954962015151978
1980-05-02,0.06954962015151978
1980-05-05,0.06954962015151978
1980-05-06,0.06954962015151978
1980-05-07,0.06954962015151978
1980-05-08,0.06767000257968903
1980-05-09,0.06767000257968903
1980-05-12,0.0686097964644432
1980-05-13,0.06954962015151978
1980-05-14,0.07048936933279037
1980-05-15,0.07142923027276993
1980-05-16,0.07142923027276993
1980-05-19,0.06954962015151978
1980-05-20,0.0686097964644432
1980-05-21,0.06767000257968903
1980-05-22,0.07142923027276993
1980-05-23,0.07424931973218918
1980-05-27,0.07612891495227814
1980-05-28,0.07706873118877411
1980-05-29,0.07894829660654068
1980-05-30,0.07894829660654068
1980-06-02,0.07706873118877411
1980-06-03,0.07424931973218918
1980-06-04,0.07706873118877411
1980-06-05,0.07894829660654068
1980-06-06,0.07706873118877411
1980-06-09,0.07800852507352829
1980-06-10,0.07706873118877411
1980-06-11,0.07800852507352829
1980-06-12,0.07894829660654068
1980-06-13,0.07988811284303665
1980-06-16,0.07894829660654068
1980-06-17,0.07894829660654068
1980-06-18,0.07706873118877411
1980-06-19,0.07518912106752396
1980-06-20,0.07424931973218918
1980-06-23,0.07236899435520172
1980-06-24,0.073309525847435
1980-06-25,0.07424931973218918
1980-06-26,0.07706873118877411
1980-06-27,0.07612891495227814
1980-06-30,0.07424931973218918
1980-07-01,0.073309525847435
1980-07-02,0.073309525847435
1980-07-03,0.073309525847435
1980-07-07,0.07612891495227814
1980-07-08,0.07800852507352829
1980-07-09,0.08082789927721024
1980-07-10,0.08364733308553696
1980-07-11,0.08552765101194382
1980-07-14,0.09210626035928726
1980-07-15,0.09304603189229965
1980-07-16,0.09210626035928726
1980-07-17,0.09586618840694427
1980-07-18,0.09680594503879547
1980-07-21,0.09774577617645264
1980-07-22,0.09774577617645264
1980-07-23,0.09680594503879547
1980-07-24,0.09774577617645264
1980-07-25,0.09774577617645264
1980-07-28,0.0986856073141098
1980-07-29,0.0986856073141098
1980-07-30,0.10620402544736862
1980-07-31,0.10620402544736862
1980-08-01,0.1118435338139534
1980-08-04,0.11090371012687683
1980-08-05,0.11936268210411072
1980-08-06,0.12594129145145416
1980-08-07,0.1212422177195549
1980-08-08,0.11842281371355057
1980-08-11,0.11936268210411072
1980-08-12,0.1156027689576149
1980-08-13,0.1156027689576149
1980-08-14,0.1165425255894661
1980-08-15,0.11466290056705475
1980-08-18,0.1127832904458046
1980-08-19,0.11372312903404236
1980-08-20,0.11748228967189789
1980-08-21,0.11748228967189789
1980-08-22,0.1212422177195549
1980-08-25,0.11842281371355057
1980-08-26,0.11936268210411072
1980-08-27,0.11748228967189789
1980-08-28,0.1165425255894661
1980-08-29,0.1156027689576149
1980-09-02,0.1165425255894661
1980-09-03,0.12218205630779266
1980-09-04,0.12594129145145416
1980-09-05,0.12688104808330536
1980-09-08,0.12688104808330536
1980-09-09,0.12688104808330536
1980-09-10,0.12782086431980133
1980-09-11,0.13346043229103088
1980-09-12,0.1344001591205597
1980-09-15,0.1287606656551361
1980-09-16,0.129701167345047
1980-09-17,0.1325206160545349
1980-09-18,0.1325206160545349
1980-09-19,0.1372195929288864
1980-09-22,0.13534000515937805
1980-09-23,0.1325206160545349
1980-09-24,0.1306409388780594
1980-09-25,0.1287606656551361
1980-09-26,0.12030237913131714
1980-09-29,0.1127832904458046
1980-09-30,0.11842281371355057
1980-10-01,0.12688104808330536
1980-10-02,0.12594129145145416
1980-10-03,0.129701167345047
1980-10-06,0.1372195929288864
1980-10-07,0.13627974689006805
1980-10-08,0.14379891753196716
1980-10-09,0.14473870396614075
1980-10-10,0.1456785351037979
1980-10-13,0.15601705014705658
1980-10-14,0.15319760143756866
1980-10-15,0.155077263712883
1980-10-16,0.14943775534629822
1980-10-17,0.14849790930747986
1980-10-20,0.14661836624145508
1980-10-21,0.14661836624145508
1980-10-22,0.14661836624145508
1980-10-23,0.14473870396614075
1980-10-24,0.14097954332828522
1980-10-27,0.13346043229103088
1980-10-28,0.13346043229103088
1980-10-29,0.1344001591205597
1980-10-30,0.129701167345047
1980-10-31,0.1306409388780594
1980-11-03,0.13346043229103088
1980-11-05,0.14097954332828522
1980-11-06,0.13909924030303955
1980-11-07,0.13909924030303955
1980-11-10,0.1372195929288864
1980-11-11,0.1372195929288864
1980-11-12,0.14849790930747986
1980-11-13,0.15037751197814941
1980-11-14,0.15131732821464539
1980-11-17,0.15131732821464539
1980-11-18,0.15601705014705658
1980-11-19,0.155077263712883
1980-11-20,0.15601705014705658
1980-11-21,0.15601705014705658
1980-11-24,0.155077263712883
1980-11-25,0.16165579855442047
1980-11-26,0.16635556519031525
1980-11-28,0.17011477053165436
1980-12-01,0.16447600722312927
1980-12-02,0.1635362058877945
1980-12-03,0.16071602702140808
1980-12-04,0.16259565949440002
1980-12-05,0.15601705014705658
1980-12-08,0.1456785351037979
1980-12-09,0.1456785351037979
1980-12-10,0.14003902673721313
1980-12-11,0.1372195929288864
1980-12-12,0.14003902673721313
1980-12-15,0.1456785351037979
1980-12-16,0.14661836624145508
1980-12-17,0.14661836624145508
1980-12-18,0.14849790930747986
1980-12-19,0.1475580632686615
1980-12-22,0.1475580632686615
1980-12-23,0.14943775534629822
1980-12-24,0.15037751197814941
1980-12-26,0.15413746237754822
1980-12-29,0.15413746237754822
1980-12-30,0.155077263712883
1980-12-31,0.15601705014705658
1981-01-02,0.15601705014705658
1981-01-05,0.1635362058877945
1981-01-06,0.17857371270656586
1981-01-07,0.16823512315750122
1981-01-08,0.16729530692100525
1981-01-09,0.17011477053165436
1981-01-12,0.16729530692100525
1981-01-13,0.16447600722312927
1981-01-14,0.15695682168006897
1981-01-15,0.15883643925189972
1981-01-16,0.15883643925189972
1981-01-19,0.16071602702140808
1981-01-20,0.155077263712883
1981-01-21,0.155077263712883
1981-01-22,0.1475580632686615
1981-01-23,0.1475580632686615
1981-01-26,0.1475580632686615
1981-01-27,0.1475580632686615
1981-01-28,0.14285908639431
1981-01-29,0.14003902673721313
1981-01-30,0.1287606656551361
1981-02-02,0.11842281371355057
1981-02-03,0.12218205630779266
1981-02-04,0.12406162172555923
1981-02-05,0.129701167345047
1981-02-06,0.1339302808046341
1981-02-09,0.136749729514122
1981-02-10,0.14097954332828522
1981-02-11,0.14097954332828522
1981-02-12,0.136749729514122
1981-02-13,0.1339302808046341
1981-02-17,0.1339302808046341
1981-02-18,0.129701167345047
1981-02-19,0.1212422177195549
1981-02-20,0.1254713237285614
1981-02-23,0.12265188992023468
1981-02-24,0.11983253061771393
1981-02-25,0.11701244115829468
1981-02-26,0.11419301480054855
1981-02-27,0.1156027689576149
1981-03-02,0.12406162172555923
1981-03-03,0.1254713237285614
1981-03-04,0.12688104808330536
1981-03-05,0.11842281371355057
1981-03-06,0.10996389389038086
1981-03-09,0.11701244115829468
1981-03-10,0.11137361824512482
1981-03-11,0.10573406517505646
1981-03-12,0.10714449733495712
1981-03-13,0.10714449733495712
1981-03-16,0.10432437807321548
1981-03-17,0.10714449733495712
1981-03-18,0.11419301480054855
1981-03-19,0.11701244115829468
1981-03-20,0.11983253061771393
1981-03-23,0.11983253061771393
1981-03-24,0.11983253061771393
1981-03-25,0.1212422177195549
1981-03-26,0.12265188992023468
1981-03-27,0.1254713237285614
1981-03-30,0.12829075753688812
1981-03-31,0.13111086189746857
1981-04-01,0.1325206160545349
1981-04-02,0.1325206160545349
1981-04-03,0.12688104808330536
1981-04-06,0.12265188992023468
1981-04-07,0.1212422177195549
1981-04-08,0.1212422177195549
1981-04-09,0.12688104808330536
1981-04-10,0.13534000515937805
1981-04-13,0.13815942406654358
1981-04-14,0.13815942406654358
1981-04-15,0.136749729514122
1981-04-16,0.13815942406654358
1981-04-20,0.13815942406654358
1981-04-21,0.13956910371780396
1981-04-22,0.14379891753196716
1981-04-23,0.14520859718322754
1981-04-24,0.15084746479988098
1981-04-27,0.15225782990455627
1981-04-28,0.14802798628807068
1981-04-29,0.15084746479988098
1981-04-30,0.15789659321308136
1981-05-01,0.155077263712883
1981-05-04,0.14943775534629822
1981-05-05,0.15366752445697784
1981-05-06,0.15084746479988098
1981-05-07,0.1593063473701477
1981-05-08,0.16071602702140808
1981-05-11,0.155077263712883
1981-05-12,0.155077263712883
1981-05-13,0.15648697316646576
1981-05-14,0.15789659321308136
1981-05-15,0.16071602702140808
1981-05-18,0.15789659321308136
1981-05-19,0.155077263712883
1981-05-20,0.155077263712883
1981-05-21,0.155077263712883
1981-05-22,0.15366752445697784
1981-05-26,0.155077263712883
1981-05-27,0.16212575137615204
1981-05-28,0.1804533153772354
1981-05-29,0.18327268958091736
1981-06-01,0.18186303973197937
1981-06-02,0.17481450736522675
1981-06-03,0.17058469355106354
1981-06-04,0.1719943732023239
1981-06-05,0.17340406775474548
1981-06-08,0.16917498409748077
1981-06-09,0.1635362058877945
1981-06-10,0.16635556519031525
1981-06-11,0.16635556519031525
1981-06-12,0.16071602702140808
1981-06-15,0.16212575137615204
1981-06-16,0.15225782990455627
1981-06-17,0.15084746479988098
1981-06-18,0.14802798628807068
1981-06-19,0.14379891753196716
1981-06-22,0.13815942406654358
1981-06-23,0.129701167345047
1981-06-24,0.13111086189746857
1981-06-25,0.1325206160545349
1981-06-26,0.13815942406654358
1981-06-29,0.13815942406654358
1981-06-30,0.136749729514122
1981-07-01,0.13815942406654358
1981-07-02,0.1325206160545349
1981-07-06,0.13111086189746857
1981-07-07,0.13111086189746857
1981-07-08,0.12406162172555923
1981-07-09,0.12265188992023468
1981-07-10,0.11983253061771393
1981-07-13,0.11842281371355057
1981-07-14,0.1127832904458046
1981-07-15,0.10996389389038086
1981-07-16,0.10996389389038086
1981-07-17,0.10714449733495712
1981-07-20,0.10714449733495712
1981-07-21,0.10714449733495712
1981-07-22,0.10714449733495712
1981-07-23,0.10996389389038086
1981-07-24,0.1127832904458046
1981-07-27,0.11137361824512482
1981-07-28,0.10996389389038086
1981-07-29,0.10855423659086227
1981-07-30,0.10855423659086227
1981-07-31,0.1127832904458046
1981-08-03,0.1127832904458046
1981-08-04,0.1156027689576149
1981-08-05,0.1156027689576149
1981-08-06,0.11419301480054855
1981-08-07,0.11137361824512482
1981-08-10,0.11137361824512482
1981-08-11,0.10996389389038086
1981-08-12,0.10714449733495712
1981-08-13,0.10714449733495712
1981-08-14,0.10714449733495712
1981-08-17,0.10150498151779175
1981-08-18,0.10150498151779175
1981-08-19,0.1029147133231163
1981-08-20,0.10150498151779175
1981-08-21,0.09727586805820465
1981-08-24,0.09163634479045868
1981-08-25,0.09304603189229965
1981-08-26,0.09445571154356003
1981-08-27,0.0902266576886177
1981-08-28,0.09304603189229965
1981-08-31,0.0902266576886177
1981-09-01,0.09163634479045868
1981-09-02,0.09304603189229965
1981-09-03,0.0902266576886177
1981-09-04,0.08881700038909912
1981-09-08,0.08458787202835083
1981-09-09,0.08458787202835083
1981-09-10,0.08881700038909912
1981-09-11,0.08881700038909912
1981-09-14,0.08881700038909912
1981-09-15,0.08740725368261337
1981-09-16,0.0859975516796112
1981-09-17,0.08317742496728897
1981-09-18,0.08458787202835083
1981-09-21,0.08317742496728897
1981-09-22,0.08317742496728897
1981-09-23,0.08035801351070404
1981-09-24,0.08035801351070404
1981-09-25,0.08035801351070404
1981-09-28,0.08176771551370621
1981-09-29,0.08317742496728897
1981-09-30,0.08458787202835083
1981-10-01,0.08458787202835083
1981-10-02,0.08740725368261337
1981-10-05,0.08881700038909912
1981-10-06,0.0902266576886177
1981-10-07,0.09445571154356003
1981-10-08,0.09445571154356003
1981-10-09,0.09445571154356003
1981-10-12,0.09445571154356003
1981-10-13,0.09445571154356003
1981-10-14,0.08881700038909912
1981-10-15,0.08458787202835083
1981-10-16,0.0859975516796112
1981-10-19,0.08458787202835083
1981-10-20,0.0902266576886177
1981-10-21,0.09445571154356003
1981-10-22,0.09304603189229965
1981-10-23,0.09163634479045868
1981-10-26,0.09163634479045868
1981-10-27,0.09445571154356003
1981-10-28,0.09586618840694427
1981-10-29,0.09445571154356003
1981-10-30,0.09445571154356003
1981-11-02,0.09445571154356003
1981-11-03,0.09304603189229965
1981-11-04,0.0902266576886177
1981-11-05,0.0902266576886177
1981-11-06,0.0902266576886177
1981-11-09,0.09163634479045868
1981-11-10,0.09586618840694427
1981-11-11,0.09586618840694427
1981-11-12,0.0986856073141098
1981-11-13,0.09727586805820465
1981-11-16,0.09445571154356003
1981-11-17,0.09445571154356003
1981-11-18,0.09163634479045868
1981-11-19,0.09163634479045868
1981-11-20,0.09163634479045868
1981-11-23,0.09163634479045868
1981-11-24,0.09163634479045868
1981-11-25,0.08740725368261337
1981-11-27,0.0859975516796112
1981-11-30,0.08458787202835083
1981-12-01,0.08458787202835083
1981-12-02,0.08458787202835083
1981-12-03,0.08317742496728897
1981-12-04,0.08317742496728897
1981-12-07,0.08035801351070404
1981-12-08,0.07612891495227814
1981-12-09,0.07612891495227814
1981-12-10,0.0775386318564415
1981-12-11,0.08035801351070404
1981-12-14,0.0775386318564415
1981-12-15,0.08035801351070404
1981-12-16,0.08035801351070404
1981-12-17,0.08035801351070404
1981-12-18,0.08176771551370621
1981-12-21,0.08176771551370621
1981-12-22,0.08176771551370621
1981-12-23,0.08035801351070404
1981-12-24,0.07894829660654068
1981-12-28,0.0775386318564415
1981-12-29,0.07612891495227814
1981-12-30,0.0775386318564415
1981-12-31,0.07894829660654068
1982-01-04,0.07894829660654068
1982-01-05,0.073309525847435
1982-01-06,0.07612891495227814
1982-01-07,0.07612891495227814
1982-01-08,0.07471922785043716
1982-01-11,0.07471922785043716
1982-01-12,0.07471922785043716
1982-01-13,0.07189908623695374
1982-01-14,0.07189908623695374
1982-01-15,0.07471922785043716
1982-01-18,0.08035801351070404
1982-01-19,0.0775386318564415
1982-01-20,0.08035801351070404
1982-01-21,0.08176771551370621
1982-01-22,0.08035801351070404
1982-01-25,0.07894829660654068
1982-01-26,0.08458787202835083
1982-01-27,0.08740725368261337
1982-01-28,0.09163634479045868
1982-01-29,0.09304603189229965
1982-02-01,0.09163634479045868
1982-02-02,0.09163634479045868
1982-02-03,0.09445571154356003
1982-02-04,0.09445571154356003
1982-02-05,0.09445571154356003
1982-02-08,0.0902266576886177
1982-02-09,0.08740725368261337
1982-02-10,0.0859975516796112
1982-02-11,0.0859975516796112
1982-02-12,0.0859975516796112
1982-02-16,0.08176771551370621
1982-02-17,0.08176771551370621
1982-02-18,0.08176771551370621
1982-02-19,0.08035801351070404
1982-02-22,0.07894829660654068
1982-02-23,0.07612891495227814
1982-02-24,0.07471922785043716
1982-02-25,0.07471922785043716
1982-02-26,0.0775386318564415
1982-03-01,0.08176771551370621
1982-03-02,0.08176771551370621
1982-03-03,0.07471922785043716
1982-03-04,0.06767000257968903
1982-03-05,0.06626030802726746
1982-03-08,0.0648505836725235
1982-03-09,0.0648505836725235
1982-03-10,0.06626030802726746
1982-03-11,0.06767000257968903
1982-03-12,0.06767000257968903
1982-03-15,0.073309525847435
1982-03-16,0.073309525847435
1982-03-17,0.073309525847435
1982-03-18,0.08035801351070404
1982-03-19,0.07894829660654068
1982-03-22,0.07894829660654068
1982-03-23,0.07894829660654068
1982-03-24,0.07612891495227814
1982-03-25,0.07471922785043716
1982-03-26,0.07471922785043716
1982-03-29,0.07471922785043716
1982-03-30,0.07471922785043716
1982-03-31,0.07612891495227814
1982-04-01,0.0775386318564415
1982-04-02,0.07894829660654068
1982-04-05,0.08176771551370621
1982-04-06,0.08176771551370621
1982-04-07,0.08388261497020721
1982-04-08,0.0902266576886177
1982-04-12,0.0902266576886177
1982-04-13,0.09445571154356003
1982-04-14,0.09304603189229965
1982-04-15,0.09304603189229965
1982-04-16,0.09445571154356003
1982-04-19,0.09445571154356003
1982-04-20,0.0902266576886177
1982-04-21,0.08881700038909912
1982-04-22,0.09304603189229965
1982-04-23,0.09304603189229965
1982-04-26,0.09445571154356003
1982-04-27,0.09163634479045868
1982-04-28,0.09163634479045868
1982-04-29,0.08881700038909912
1982-04-30,0.08881700038909912
1982-05-03,0.09163634479045868
1982-05-04,0.09304603189229965
1982-05-05,0.09304603189229965
1982-05-06,0.09304603189229965
1982-05-07,0.09445571154356003
1982-05-10,0.09304603189229965
1982-05-11,0.09445571154356003
1982-05-12,0.09163634479045868
1982-05-13,0.09727586805820465
1982-05-14,0.0986856073141098
1982-05-17,0.09727586805820465
1982-05-18,0.09445571154356003
1982-05-19,0.08881700038909912
1982-05-20,0.08881700038909912
1982-05-21,0.08317742496728897
1982-05-24,0.08458787202835083
1982-05-25,0.08740725368261337
1982-05-26,0.08740725368261337
1982-05-27,0.08740725368261337
1982-05-28,0.08740725368261337
1982-06-01,0.0859975516796112
1982-06-02,0.08176771551370621
1982-06-03,0.08458787202835083
1982-06-04,0.08176771551370621
1982-06-07,0.08035801351070404
1982-06-08,0.08035801351070404
1982-06-09,0.07894829660654068
1982-06-10,0.08176771551370621
1982-06-11,0.0859975516796112
1982-06-14,0.08740725368261337
1982-06-15,0.08740725368261337
1982-06-16,0.0902266576886177
1982-06-17,0.0859975516796112
1982-06-18,0.08035801351070404
1982-06-21,0.07894829660654068
1982-06-22,0.08035801351070404
1982-06-23,0.08458787202835083
1982-06-24,0.08458787202835083
1982-06-25,0.08458787202835083
1982-06-28,0.08317742496728897
1982-06-29,0.08176771551370621
1982-06-30,0.08176771551370621
1982-07-01,0.08176771551370621
1982-07-02,0.08176771551370621
1982-07-06,0.08176771551370621
1982-07-07,0.08176771551370621
1982-07-08,0.08035801351070404
1982-07-09,0.08176771551370621
1982-07-12,0.08176771551370621
1982-07-13,0.08458787202835083
1982-07-14,0.08458787202835083
1982-07-15,0.08176771551370621
1982-07-16,0.08176771551370621
1982-07-19,0.08458787202835083
1982-07-20,0.09163634479045868
1982-07-21,0.08881700038909912
1982-07-22,0.08881700038909912
1982-07-23,0.08881700038909912
1982-07-26,0.08881700038909912
1982-07-27,0.08881700038909912
1982-07-28,0.0859975516796112
1982-07-29,0.08458787202835083
1982-07-30,0.0859975516796112
1982-08-02,0.08740725368261337
1982-08-03,0.0859975516796112
1982-08-04,0.0859975516796112
1982-08-05,0.08317742496728897
1982-08-06,0.08317742496728897
1982-08-09,0.08176771551370621
1982-08-10,0.08317742496728897
1982-08-11,0.08317742496728897
1982-08-12,0.08317742496728897
1982-08-13,0.08176771551370621
1982-08-16,0.07612891495227814
1982-08-17,0.07894829660654068
1982-08-18,0.08317742496728897
1982-08-19,0.08035801351070404
1982-08-20,0.08035801351070404
1982-08-23,0.08176771551370621
1982-08-24,0.08458787202835083
1982-08-25,0.08881700038909912
1982-08-26,0.0902266576886177
1982-08-27,0.08881700038909912
1982-08-30,0.08881700038909912
1982-08-31,0.0902266576886177
1982-09-01,0.08881700038909912
1982-09-02,0.09304603189229965
1982-09-03,0.0986856073141098
1982-09-07,0.09586618840694427
1982-09-08,0.0986856073141098
1982-09-09,0.10009525716304779
1982-09-10,0.10009525716304779
1982-09-13,0.0986856073141098
1982-09-14,0.09586618840694427
1982-09-15,0.09304603189229965
1982-09-16,0.09163634479045868
1982-09-17,0.09163634479045868
1982-09-20,0.09304603189229965
1982-09-21,0.09586618840694427
1982-09-22,0.10009525716304779
1982-09-23,0.10009525716304779
1982-09-24,0.10009525716304779
1982-09-27,0.0986856073141098
1982-09-28,0.0986856073141098
1982-09-29,0.09586618840694427
1982-09-30,0.09445571154356003
1982-10-01,0.09445571154356003
1982-10-04,0.09304603189229965
1982-10-05,0.09304603189229965
1982-10-06,0.09586618840694427
1982-10-07,0.09727586805820465
1982-10-08,0.10150498151779175
1982-10-11,0.1029147133231163
1982-10-12,0.10009525716304779
1982-10-13,0.10150498151779175
1982-10-14,0.0986856073141098
1982-10-15,0.0986856073141098
1982-10-18,0.10009525716304779
1982-10-19,0.10573406517505646
1982-10-20,0.1156027689576149
1982-10-21,0.11983253061771393
1982-10-22,0.11983253061771393
1982-10-25,0.11701244115829468
1982-10-26,0.11701244115829468
1982-10-27,0.1212422177195549
1982-10-28,0.1254713237285614
1982-10-29,0.1254713237285614
1982-11-01,0.12829075753688812
1982-11-02,0.1339302808046341
1982-11-03,0.1339302808046341
1982-11-04,0.129701167345047
1982-11-05,0.12829075753688812
1982-11-08,0.1254713237285614
1982-11-09,0.12265188992023468
1982-11-10,0.11983253061771393
1982-11-11,0.11842281371355057
1982-11-12,0.1254713237285614
1982-11-15,0.1212422177195549
1982-11-16,0.11983253061771393
1982-11-17,0.1212422177195549
1982-11-18,0.1212422177195549
1982-11-19,0.1212422177195549
1982-11-22,0.1156027689576149
1982-11-23,0.1156027689576149
1982-11-24,0.1156027689576149
1982-11-26,0.11842281371355057
1982-11-29,0.11983253061771393
1982-11-30,0.12265188992023468
1982-12-01,0.13111086189746857
1982-12-02,0.1339302808046341
1982-12-03,0.1325206160545349
1982-12-06,0.1325206160545349
1982-12-07,0.13111086189746857
1982-12-08,0.12829075753688812
1982-12-09,0.11842281371355057
1982-12-10,0.11419301480054855
1982-12-13,0.11419301480054855
1982-12-14,0.1127832904458046
1982-12-15,0.11137361824512482
1982-12-16,0.1127832904458046
1982-12-17,0.11701244115829468
1982-12-20,0.1156027689576149
1982-12-21,0.1156027689576149
1982-12-22,0.11701244115829468
1982-12-23,0.11842281371355057
1982-12-27,0.1212422177195549
1982-12-28,0.1254713237285614
1982-12-29,0.129701167345047
1982-12-30,0.129701167345047
1982-12-31,0.12829075753688812
1983-01-03,0.1254713237285614
1983-01-04,0.1254713237285614
1983-01-05,0.12688104808330536
1983-01-06,0.12829075753688812
1983-01-07,0.12829075753688812
1983-01-10,0.12829075753688812
1983-01-11,0.12829075753688812
1983-01-12,0.1325206160545349
1983-01-13,0.13815942406654358
1983-01-14,0.14661836624145508
1983-01-17,0.14943775534629822
1983-01-18,0.14943775534629822
1983-01-19,0.14802798628807068
1983-01-20,0.14802798628807068
1983-01-21,0.14661836624145508
1983-01-24,0.1423891931772232
1983-01-25,0.1423891931772232
1983-01-26,0.14379891753196716
1983-01-27,0.14943775534629822
1983-01-28,0.1593063473701477
1983-01-31,0.16776522994041443
1983-02-01,0.1635362058877945
1983-02-02,0.16494593024253845
1983-02-03,0.1635362058877945
1983-02-04,0.1719943732023239
1983-02-07,0.17340406775474548
1983-02-08,0.1719943732023239
1983-02-09,0.17058469355106354
1983-02-10,0.1719943732023239
1983-02-11,0.17340406775474548
1983-02-14,0.1804533153772354
1983-02-15,0.18609283864498138
1983-02-16,0.18468233942985535
1983-02-17,0.18327268958091736
1983-02-18,0.18327268958091736
1983-02-22,0.17904363572597504
1983-02-23,0.1804533153772354
1983-02-24,0.1804533153772354
1983-02-25,0.18186303973197937
1983-02-28,0.18609283864498138
1983-03-01,0.18468233942985535
1983-03-02,0.17763400077819824
1983-03-03,0.1719943732023239
1983-03-04,0.1635362058877945
1983-03-07,0.1635362058877945
1983-03-08,0.16212575137615204
1983-03-09,0.16635556519031525
1983-03-10,0.16776522994041443
1983-03-11,0.16776522994041443
1983-03-14,0.16635556519031525
1983-03-15,0.16635556519031525
1983-03-16,0.16776522994041443
1983-03-17,0.16635556519031525
1983-03-18,0.16776522994041443
1983-03-21,0.16776522994041443
1983-03-22,0.16776522994041443
1983-03-23,0.1804533153772354
1983-03-24,0.18327268958091736
1983-03-25,0.183977872133255
1983-03-28,0.18468233942985535
1983-03-29,0.18327268958091736
1983-03-30,0.18186303973197937
1983-03-31,0.1804533153772354
1983-04-04,0.16776522994041443
1983-04-05,0.17058469355106354
1983-04-06,0.17058469355106354
1983-04-07,0.17058469355106354
1983-04-08,0.17410928010940552
1983-04-11,0.1755189746618271
1983-04-12,0.17904363572597504
1983-04-13,0.17481450736522675
1983-04-14,0.1762242168188095
1983-04-15,0.17904363572597504
1983-04-18,0.17904363572597504
1983-04-19,0.17481450736522675
1983-04-20,0.17763400077819824
1983-04-21,0.17763400077819824
1983-04-22,0.17763400077819824
1983-04-25,0.17763400077819824
1983-04-26,0.17904363572597504
1983-04-27,0.17904363572597504
1983-04-28,0.18186303973197937
1983-04-29,0.18468233942985535
1983-05-02,0.18327268958091736
1983-05-03,0.18750254809856415
1983-05-04,0.20160016417503357
1983-05-05,0.2156980335712433
1983-05-06,0.22415690124034882
1983-05-09,0.21710777282714844
1983-05-10,0.21710777282714844
1983-05-11,0.21710777282714844
1983-05-12,0.21710777282714844
1983-05-13,0.21287859976291656
1983-05-16,0.21005915105342865
1983-05-17,0.21710777282714844
1983-05-18,0.22274723649024963
1983-05-19,0.21851740777492523
1983-05-20,0.21992778778076172
1983-05-23,0.21992778778076172
1983-05-24,0.22415690124034882
1983-05-25,0.2283860296010971
1983-05-26,0.2269763946533203
1983-05-27,0.2283860296010971
1983-05-31,0.2283860296010971
1983-06-01,0.2269763946533203
1983-06-02,0.2283860296010971
1983-06-03,0.2269763946533203
1983-06-06,0.2283860296010971
1983-06-07,0.2283860296010971
1983-06-08,0.22274723649024963
1983-06-09,0.22274723649024963
1983-06-10,0.2326158732175827
1983-06-13,0.23402565717697144
1983-06-14,0.23755024373531342
1983-06-15,0.2424844354391098
1983-06-16,0.2509426474571228
1983-06-17,0.2509426474571228
1983-06-20,0.24953314661979675
1983-06-21,0.2551724314689636
1983-06-22,0.2650412321090698
1983-06-23,0.2678605616092682
1983-06-24,0.273499459028244
1983-06-27,0.2664508521556854
1983-06-28,0.23684491217136383
1983-06-29,0.2438943088054657
1983-06-30,0.25376269221305847
1983-07-01,0.25799188017845154
1983-07-05,0.2551724314689636
1983-07-06,0.2636306881904602
1983-07-07,0.2664508521556854
1983-07-08,0.2650412321090698
1983-07-11,0.2650412321090698
1983-07-12,0.2650412321090698
1983-07-13,0.2594016492366791
1983-07-14,0.25658223032951355
1983-07-15,0.2509426474571228
1983-07-18,0.2438943088054657
1983-07-19,0.24812324345111847
1983-07-20,0.25446733832359314
1983-07-21,0.2636306881904602
1983-07-22,0.2664508521556854
1983-07-25,0.2650412321090698
1983-07-26,0.2664508521556854
1983-07-27,0.2650412321090698
1983-07-28,0.24107393622398376
1983-07-29,0.23966427147388458
1983-08-01,0.2424844354391098
1983-08-02,0.24107393622398376
1983-08-03,0.24530377984046936
1983-08-04,0.23966427147388458
1983-08-05,0.23402565717697144
1983-08-08,0.21005915105342865
1983-08-09,0.2072390466928482
1983-08-10,0.21428826451301575
1983-08-11,0.21710777282714844
1983-08-12,0.21851740777492523
1983-08-15,0.21851740777492523
1983-08-16,0.21710777282714844
1983-08-17,0.21710777282714844
1983-08-18,0.21005915105342865
1983-08-19,0.20864945650100708
1983-08-22,0.21005915105342865
1983-08-23,0.2093539535999298
1983-08-24,0.21005915105342865
1983-08-25,0.21146883070468903
1983-08-26,0.21146883070468903
1983-08-29,0.21428826451301575
1983-08-30,0.2156980335712433
1983-08-31,0.2156980335712433
1983-09-01,0.21851740777492523
1983-09-02,0.2283860296010971
1983-09-06,0.2269763946533203
1983-09-07,0.2283860296010971
1983-09-08,0.22274723649024963
1983-09-09,0.22274723649024963
1983-09-12,0.22274723649024963
1983-09-13,0.22133755683898926
1983-09-14,0.22133755683898926
1983-09-15,0.2269763946533203
1983-09-16,0.22415690124034882
1983-09-19,0.2255665808916092
1983-09-20,0.23543517291545868
1983-09-21,0.23402565717697144
1983-09-22,0.23684491217136383
1983-09-23,0.23543517291545868
1983-09-26,0.23543517291545868
1983-09-27,0.23543517291545868
1983-09-28,0.23543517291545868
1983-09-29,0.23966427147388458
1983-09-30,0.23684491217136383
1983-10-03,0.2326158732175827
1983-10-04,0.2382546216249466
1983-10-05,0.23684491217136383
1983-10-06,0.23684491217136383
1983-10-07,0.2382546216249466
1983-10-10,0.23543517291545868
1983-10-11,0.23543517291545868
1983-10-12,0.22979575395584106
1983-10-13,0.2269763946533203
1983-10-14,0.2283860296010971
1983-10-17,0.2283860296010971
1983-10-18,0.2255665808916092
1983-10-19,0.22133755683898926
1983-10-20,0.21146883070468903
1983-10-21,0.21287859976291656
1983-10-24,0.2072390466928482
1983-10-25,0.2072390466928482
1983-10-26,0.20441970229148865
1983-10-27,0.20441970229148865
1983-10-28,0.2058294266462326
1983-10-31,0.20441970229148865
1983-11-01,0.20441970229148865
1983-11-02,0.20160016417503357
1983-11-03,0.20019051432609558
1983-11-04,0.1973712146282196
1983-11-07,0.18468233942985535
1983-11-08,0.17763400077819824
1983-11-09,0.18186303973197937
1983-11-10,0.18538762629032135
1983-11-11,0.18468233942985535
1983-11-14,0.19314134120941162
1983-11-15,0.1973712146282196
1983-11-16,0.1973712146282196
1983-11-17,0.20441970229148865
1983-11-18,0.20441970229148865
1983-11-21,0.1952562779188156
1983-11-22,0.194551020860672
1983-11-23,0.19173164665699005
1983-11-25,0.19032186269760132
1983-11-28,0.18468233942985535
1983-11-29,0.18468233942985535
1983-11-30,0.18468233942985535
1983-12-01,0.18609283864498138
1983-12-02,0.18468233942985535
1983-12-05,0.183977872133255
1983-12-06,0.18186303973197937
1983-12-07,0.1804533153772354
1983-12-08,0.18186303973197937
1983-12-09,0.17904363572597504
1983-12-12,0.18186303973197937
1983-12-13,0.1804533153772354
1983-12-14,0.18186303973197937
1983-12-15,0.1804533153772354
1983-12-16,0.19596067070960999
1983-12-19,0.19314134120941162
1983-12-20,0.1973712146282196
1983-12-21,0.21146883070468903
1983-12-22,0.21428826451301575
1983-12-23,0.21428826451301575
1983-12-27,0.21851740777492523
1983-12-28,0.2156980335712433
1983-12-29,0.21781295537948608
1983-12-30,0.21710777282714844
1984-01-03,0.21710777282714844
1984-01-04,0.2156980335712433
1984-01-05,0.2156980335712433
1984-01-06,0.21992778778076172
1984-01-09,0.22133755683898926
1984-01-10,0.22133755683898926
1984-01-11,0.21992778778076172
1984-01-12,0.21992778778076172
1984-01-13,0.22274723649024963
1984-01-16,0.21851740777492523
1984-01-17,0.2156980335712433
1984-01-18,0.21287859976291656
1984-01-19,0.21287859976291656
1984-01-20,0.2058294266462326
1984-01-23,0.194551020860672
1984-01-24,0.18891221284866333
1984-01-25,0.19032186269760132
1984-01-26,0.18468233942985535
1984-01-27,0.18609283864498138
1984-01-30,0.17481450736522675
1984-01-31,0.17340406775474548
1984-02-01,0.17340406775474548
1984-02-02,0.1719943732023239
1984-02-03,0.1719943732023239
1984-02-06,0.16776522994041443
1984-02-07,0.1593063473701477
1984-02-08,0.1593063473701477
1984-02-09,0.15789659321308136
1984-02-10,0.1593063473701477
1984-02-13,0.16071602702140808
1984-02-14,0.1635362058877945
1984-02-15,0.1635362058877945
1984-02-16,0.16635556519031525
1984-02-17,0.16635556519031525
1984-02-21,0.16212575137615204
1984-02-22,0.15648697316646576
1984-02-23,0.14661836624145508
1984-02-24,0.15366752445697784
1984-02-27,0.15789659321308136
1984-02-28,0.16494593024253845
1984-02-29,0.16917498409748077
1984-03-01,0.1762242168188095
1984-03-02,0.18186303973197937
1984-03-05,0.1804533153772354
1984-03-06,0.17340406775474548
1984-03-07,0.16776522994041443
1984-03-08,0.16635556519031525
1984-03-09,0.16635556519031525
1984-03-12,0.16635556519031525
1984-03-13,0.17340406775474548
1984-03-14,0.17340406775474548
1984-03-15,0.17340406775474548
1984-03-16,0.17763400077819824
1984-03-19,0.1762242168188095
1984-03-20,0.18327268958091736
1984-03-21,0.18186303973197937
1984-03-22,0.17763400077819824
1984-03-23,0.17904363572597504
1984-03-26,0.17340406775474548
1984-03-27,0.17340406775474548
1984-03-28,0.17340406775474548
1984-03-29,0.1762242168188095
1984-03-30,0.17481450736522675
1984-04-02,0.1719943732023239
1984-04-03,0.16917498409748077
1984-04-04,0.16635556519031525
1984-04-05,0.16776522994041443
1984-04-06,0.1635362058877945
1984-04-09,0.16071602702140808
1984-04-10,0.155077263712883
1984-04-11,0.15225782990455627
1984-04-12,0.15648697316646576
1984-04-13,0.15789659321308136
1984-04-16,0.15225782990455627
1984-04-17,0.155077263712883
1984-04-18,0.15648697316646576
1984-04-19,0.155077263712883
1984-04-23,0.155077263712883
1984-04-24,0.155077263712883
1984-04-25,0.15648697316646576
1984-04-26,0.1642407476902008
1984-04-27,0.16494593024253845
1984-04-30,0.17058469355106354
1984-05-01,0.1762242168188095
1984-05-02,0.18327268958091736
1984-05-03,0.17763400077819824
1984-05-04,0.17763400077819824
1984-05-07,0.178338423371315
1984-05-08,0.18327268958091736
1984-05-09,0.18891221284866333
1984-05-10,0.18891221284866333
1984-05-11,0.18468233942985535
1984-05-14,0.18327268958091736
1984-05-15,0.1804533153772354
1984-05-16,0.17904363572597504
1984-05-17,0.17340406775474548
1984-05-18,0.16917498409748077
1984-05-21,0.16917498409748077
1984-05-22,0.16071602702140808
1984-05-23,0.16212575137615204
1984-05-24,0.155077263712883
1984-05-25,0.15366752445697784
1984-05-29,0.15225782990455627
1984-05-30,0.155077263712883
1984-05-31,0.15789659321308136
1984-06-01,0.16212575137615204
1984-06-04,0.16071602702140808
1984-06-05,0.15789659321308136
1984-06-06,0.1593063473701477
1984-06-07,0.15648697316646576
1984-06-08,0.15789659321308136
1984-06-11,0.1593063473701477
1984-06-12,0.16071602702140808
1984-06-13,0.16071602702140808
1984-06-14,0.15789659321308136
1984-06-15,0.16494593024253845
1984-06-18,0.1635362058877945
1984-06-19,0.16635556519031525
1984-06-20,0.1719943732023239
1984-06-21,0.1762242168188095
1984-06-22,0.1762242168188095
1984-06-25,0.1762242168188095
1984-06-26,0.17058469355106354
1984-06-27,0.16917498409748077
1984-06-28,0.1719943732023239
1984-06-29,0.17481450736522675
1984-07-02,0.17481450736522675
1984-07-03,0.17340406775474548
1984-07-05,0.17128992080688477
1984-07-06,0.16917498409748077
1984-07-09,0.16635556519031525
1984-07-10,0.17058469355106354
1984-07-11,0.16917498409748077
1984-07-12,0.1635362058877945
1984-07-13,0.1635362058877945
1984-07-16,0.16494593024253845
1984-07-17,0.1593063473701477
1984-07-18,0.15789659321308136
1984-07-19,0.15084746479988098
1984-07-20,0.13815942406654358
1984-07-23,0.1325206160545349
1984-07-24,0.13534000515937805
1984-07-25,0.13956910371780396
1984-07-26,0.14379891753196716
1984-07-27,0.15084746479988098
1984-07-30,0.14943775534629822
1984-07-31,0.14943775534629822
1984-08-01,0.1635362058877945
1984-08-02,0.17340406775474548
1984-08-03,0.17904363572597504
1984-08-06,0.18468233942985535
1984-08-07,0.18327268958091736
1984-08-08,0.18186303973197937
1984-08-09,0.18327268958091736
1984-08-10,0.18891221284866333
1984-08-13,0.18609283864498138
1984-08-14,0.1804533153772354
1984-08-15,0.18327268958091736
1984-08-16,0.18609283864498138
1984-08-17,0.19173164665699005
1984-08-20,0.194551020860672
1984-08-21,0.1987808495759964
1984-08-22,0.19032186269760132
1984-08-23,0.19596067070960999
1984-08-24,0.20160016417503357
1984-08-27,0.1973712146282196
1984-08-28,0.20019051432609558
1984-08-29,0.20019051432609558
1984-08-30,0.1980755478143692
1984-08-31,0.1987808495759964
1984-09-04,0.194551020860672
1984-09-05,0.194551020860672
1984-09-06,0.19596067070960999
1984-09-07,0.1952562779188156
1984-09-10,0.194551020860672
1984-09-11,0.1980755478143692
1984-09-12,0.20019051432609558
1984-09-13,0.20160016417503357
1984-09-14,0.1980755478143692
1984-09-17,0.1973712146282196
1984-09-18,0.19596067070960999
1984-09-19,0.1804533153772354
1984-09-20,0.17904363572597504
1984-09-21,0.17481450736522675
1984-09-24,0.16917498409748077
1984-09-25,0.1642407476902008
1984-09-26,0.1642407476902008
1984-09-27,0.1642407476902008
1984-09-28,0.1642407476902008
1984-10-01,0.15648697316646576
1984-10-02,0.15225782990455627
1984-10-03,0.15296229720115662
1984-10-04,0.155077263712883
1984-10-05,0.155077263712883
1984-10-08,0.15225782990455627
1984-10-09,0.15225782990455627
1984-10-10,0.15084746479988098
1984-10-11,0.15084746479988098
1984-10-12,0.15648697316646576
1984-10-15,0.15648697316646576
1984-10-16,0.155077263712883
1984-10-17,0.155077263712883
1984-10-18,0.15648697316646576
1984-10-19,0.16071602702140808
1984-10-22,0.16635556519031525
1984-10-23,0.1635362058877945
1984-10-24,0.15648697316646576
1984-10-25,0.13956910371780396
1984-10-26,0.129701167345047
1984-10-29,0.1304057091474533
1984-10-30,0.136749729514122
1984-10-31,0.13534000515937805
1984-11-01,0.1339302808046341
1984-11-02,0.12829075753688812
1984-11-05,0.12829075753688812
1984-11-06,0.1304057091474533
1984-11-07,0.1325206160545349
1984-11-08,0.13815942406654358
1984-11-09,0.14168395102024078
1984-11-12,0.14168395102024078
1984-11-13,0.1339302808046341
1984-11-14,0.13534000515937805
1984-11-15,0.1325206160545349
1984-11-16,0.12829075753688812
1984-11-19,0.12899594008922577
1984-11-20,0.12829075753688812
1984-11-21,0.1304057091474533
1984-11-23,0.1325206160545349
1984-11-26,0.1325206160545349
1984-11-27,0.1325206160545349
1984-11-28,0.1339302808046341
1984-11-29,0.13534000515937805
1984-11-30,0.13534000515937805
1984-12-03,0.136749729514122
1984-12-04,0.136749729514122
1984-12-05,0.136749729514122
1984-12-06,0.13534000515937805
1984-12-07,0.13534000515937805
1984-12-10,0.1339302808046341
1984-12-11,0.13534000515937805
1984-12-12,0.136749729514122
1984-12-13,0.13534000515937805
1984-12-14,0.1339302808046341
1984-12-17,0.129701167345047
1984-12-18,0.13534000515937805
1984-12-19,0.14097954332828522
1984-12-20,0.14097954332828522
1984-12-21,0.14168395102024078
1984-12-24,0.14097954332828522
1984-12-26,0.1423891931772232
1984-12-27,0.14379891753196716
1984-12-28,0.14520859718322754
1984-12-31,0.15225782990455627
1985-01-02,0.14802798628807068
1985-01-03,0.14802798628807068
1985-01-04,0.14661836624145508
1985-01-07,0.14379891753196716
1985-01-08,0.14379891753196716
1985-01-09,0.14661836624145508
1985-01-10,0.15084746479988098
1985-01-11,0.15296229720115662
1985-01-14,0.15648697316646576
1985-01-15,0.16071602702140808
1985-01-16,0.16635556519031525
1985-01-17,0.16776522994041443
1985-01-18,0.17058469355106354
1985-01-21,0.1719943732023239
1985-01-22,0.1719943732023239
1985-01-23,0.17481450736522675
1985-01-24,0.1804533153772354
1985-01-25,0.18186303973197937
1985-01-28,0.18186303973197937
1985-01-29,0.18327268958091736
1985-01-30,0.19173164665699005
1985-01-31,0.1973712146282196
1985-02-01,0.19596067070960999
1985-02-04,0.19173164665699005
1985-02-05,0.1973712146282196
1985-02-06,0.20019051432609558
1985-02-07,0.1980755478143692
1985-02-08,0.20160016417503357
1985-02-11,0.1973712146282196
1985-02-12,0.19173164665699005
1985-02-13,0.18679729104042053
1985-02-14,0.19032186269760132
1985-02-15,0.17904363572597504
1985-02-19,0.17904363572597504
1985-02-20,0.17904363572597504
1985-02-21,0.1719943732023239
1985-02-22,0.17340406775474548
1985-02-25,0.16917498409748077
1985-02-26,0.16776522994041443
1985-02-27,0.16706007719039917
1985-02-28,0.16635556519031525
1985-03-01,0.1635362058877945
1985-03-04,0.16212575137615204
1985-03-05,0.1593063473701477
1985-03-06,0.15225782990455627
1985-03-07,0.15084746479988098
1985-03-08,0.16071602702140808
1985-03-11,0.15648697316646576
1985-03-12,0.16071602702140808
1985-03-13,0.14943775534629822
1985-03-14,0.15225782990455627
1985-03-15,0.155077263712883
1985-03-18,0.1593063473701477
1985-03-19,0.1642407476902008
1985-03-20,0.16071602702140808
1985-03-21,0.1635362058877945
1985-03-22,0.1635362058877945
1985-03-25,0.155077263712883
1985-03-26,0.15084746479988098
1985-03-27,0.15225782990455627
1985-03-28,0.15296229720115662
1985-03-29,0.155077263712883
1985-04-01,0.155077263712883
1985-04-02,0.155077263712883
1985-04-03,0.15084746479988098
1985-04-04,0.15225782990455627
1985-04-08,0.15084746479988098
1985-04-09,0.15084746479988098
1985-04-10,0.14943775534629822
1985-04-11,0.14943775534629822
1985-04-12,0.14943775534629822
1985-04-15,0.14520859718322754
1985-04-16,0.14520859718322754
1985-04-17,0.14661836624145508
1985-04-18,0.14943775534629822
1985-04-19,0.14802798628807068
1985-04-22,0.14661836624145508
1985-04-23,0.14097954332828522
1985-04-24,0.14168395102024078
1985-04-25,0.13815942406654358
1985-04-26,0.13815942406654358
1985-04-29,0.12829075753688812
1985-04-30,0.129701167345047
1985-05-01,0.1339302808046341
1985-05-02,0.1304057091474533
1985-05-03,0.13534000515937805
1985-05-06,0.129701167345047
1985-05-07,0.1325206160545349
1985-05-08,0.13111086189746857
1985-05-09,0.136749729514122
1985-05-10,0.14168395102024078
1985-05-13,0.14379891753196716
1985-05-14,0.14520859718322754
1985-05-15,0.14520859718322754
1985-05-16,0.14520859718322754
1985-05-17,0.15084746479988098
1985-05-20,0.1593063473701477
1985-05-21,0.15225782990455627
1985-05-22,0.14802798628807068
1985-05-23,0.14802798628807068
1985-05-24,0.14943775534629822
1985-05-28,0.14943775534629822
1985-05-29,0.14802798628807068
1985-05-30,0.14520859718322754
1985-05-31,0.14379891753196716
1985-06-03,0.13956910371780396
1985-06-04,0.13534000515937805
1985-06-05,0.1339302808046341
1985-06-06,0.129701167345047
1985-06-07,0.129701167345047
1985-06-10,0.129701167345047
1985-06-11,0.12829075753688812
1985-06-12,0.11842281371355057
1985-06-13,0.11419301480054855
1985-06-14,0.1156027689576149
1985-06-17,0.11419301480054855
1985-06-18,0.1156027689576149
1985-06-19,0.11842281371355057
1985-06-20,0.1212422177195549
1985-06-21,0.12829075753688812
1985-06-24,0.1325206160545349
1985-06-25,0.1325206160545349
1985-06-26,0.1304057091474533
1985-06-27,0.11701244115829468
1985-06-28,0.11842281371355057
1985-07-01,0.1191273108124733
1985-07-02,0.12265188992023468
1985-07-03,0.12406162172555923
1985-07-05,0.12406162172555923
1985-07-08,0.12265188992023468
1985-07-09,0.12688104808330536
1985-07-10,0.12688104808330536
1985-07-11,0.12829075753688812
1985-07-12,0.12829075753688812
1985-07-15,0.12829075753688812
1985-07-16,0.12688104808330536
1985-07-17,0.1304057091474533
1985-07-18,0.1304057091474533
1985-07-19,0.1325206160545349
1985-07-22,0.13534000515937805
1985-07-23,0.13534000515937805
1985-07-24,0.13534000515937805
1985-07-25,0.136749729514122
1985-07-26,0.136749729514122
1985-07-29,0.1325206160545349
1985-07-30,0.136749729514122
1985-07-31,0.14097954332828522
1985-08-01,0.14168395102024078
1985-08-02,0.14168395102024078
1985-08-05,0.14097954332828522
1985-08-06,0.13956910371780396
1985-08-07,0.13956910371780396
1985-08-08,0.13956910371780396
1985-08-09,0.13956910371780396
1985-08-12,0.136749729514122
1985-08-13,0.1304057091474533
1985-08-14,0.129701167345047
1985-08-15,0.12265188992023468
1985-08-16,0.1191273108124733
1985-08-19,0.11419301480054855
1985-08-20,0.11842281371355057
1985-08-21,0.11842281371355057
1985-08-22,0.11701244115829468
1985-08-23,0.1156027689576149
1985-08-26,0.1254713237285614
1985-08-27,0.12406162172555923
1985-08-28,0.12406162172555923
1985-08-29,0.12406162172555923
1985-08-30,0.12406162172555923
1985-09-03,0.12829075753688812
1985-09-04,0.1254713237285614
1985-09-05,0.12406162172555923
1985-09-06,0.12688104808330536
1985-09-09,0.12688104808330536
1985-09-10,0.1254713237285614
1985-09-11,0.11842281371355057
1985-09-12,0.1156027689576149
1985-09-13,0.1156027689576149
1985-09-16,0.10784901678562164
1985-09-17,0.10714449733495712
1985-09-18,0.10996389389038086
1985-09-19,0.1156027689576149
1985-09-20,0.11842281371355057
1985-09-23,0.11842281371355057
1985-09-24,0.11419301480054855
1985-09-25,0.10714449733495712
1985-09-26,0.10714449733495712
1985-09-30,0.10714449733495712
1985-10-01,0.10996389389038086
1985-10-02,0.1127832904458046
1985-10-03,0.10784901678562164
1985-10-04,0.10573406517505646
1985-10-07,0.10150498151779175
1985-10-08,0.10150498151779175
1985-10-09,0.1029147133231163
1985-10-10,0.10432437807321548
1985-10-11,0.10432437807321548
1985-10-14,0.10784901678562164
1985-10-15,0.10784901678562164
1985-10-16,0.10573406517505646
1985-10-17,0.10573406517505646
1985-10-18,0.10714449733495712
1985-10-21,0.1029147133231163
1985-10-22,0.1029147133231163
1985-10-23,0.10573406517505646
1985-10-24,0.11419301480054855
1985-10-25,0.11419301480054855
1985-10-28,0.1127832904458046
1985-10-29,0.11419301480054855
1985-10-30,0.1127832904458046
1985-10-31,0.1127832904458046
1985-11-01,0.11137361824512482
1985-11-04,0.10784901678562164
1985-11-05,0.10784901678562164
1985-11-06,0.11137361824512482
1985-11-07,0.11419301480054855
1985-11-08,0.1127832904458046
1985-11-11,0.11419301480054855
1985-11-12,0.1212422177195549
1985-11-13,0.11842281371355057
1985-11-14,0.1212422177195549
1985-11-15,0.1212422177195549
1985-11-18,0.1212422177195549
1985-11-19,0.12406162172555923
1985-11-20,0.12406162172555923
1985-11-21,0.1254713237285614
1985-11-22,0.1254713237285614
1985-11-25,0.12688104808330536
1985-11-26,0.1254713237285614
1985-11-27,0.12688104808330536
1985-11-29,0.12829075753688812
1985-12-02,0.12688104808330536
1985-12-03,0.12829075753688812
1985-12-04,0.1339302808046341
1985-12-05,0.14379891753196716
1985-12-06,0.13956910371780396
1985-12-09,0.14097954332828522
1985-12-10,0.13815942406654358
1985-12-11,0.13956910371780396
1985-12-12,0.1339302808046341
1985-12-13,0.13534000515937805
1985-12-16,0.1339302808046341
1985-12-17,0.12829075753688812
1985-12-18,0.12406162172555923
1985-12-19,0.12265188992023468
1985-12-20,0.12406162172555923
1985-12-23,0.12406162172555923
1985-12-24,0.12406162172555923
1985-12-26,0.12265188992023468
1985-12-27,0.1191273108124733
1985-12-30,0.1191273108124733
1985-12-31,0.11701244115829468
1986-01-02,0.11701244115829468
1986-01-03,0.11701244115829468
1986-01-06,0.11701244115829468
1986-01-07,0.12688104808330536
1986-01-08,0.12829075753688812
1986-01-09,0.12829075753688812
1986-01-10,0.12829075753688812
1986-01-13,0.12829075753688812
1986-01-14,0.129701167345047
1986-01-15,0.1304057091474533
1986-01-16,0.1304057091474533
1986-01-17,0.1339302808046341
1986-01-20,0.1339302808046341
1986-01-21,0.1339302808046341
1986-01-22,0.1339302808046341
1986-01-23,0.1339302808046341
1986-01-24,0.13534000515937805
1986-01-27,0.13815942406654358
1986-01-28,0.136749729514122
1986-01-29,0.13534000515937805
1986-01-30,0.1325206160545349
1986-01-31,0.1325206160545349
1986-02-03,0.129701167345047
1986-02-04,0.1304057091474533
1986-02-05,0.129701167345047
1986-02-06,0.14168395102024078
1986-02-07,0.14379891753196716
1986-02-10,0.155077263712883
1986-02-11,0.1593063473701477
1986-02-12,0.15225782990455627
1986-02-13,0.14943775534629822
1986-02-14,0.15296229720115662
1986-02-18,0.1593063473701477
1986-02-19,0.155077263712883
1986-02-20,0.15648697316646576
1986-02-21,0.15648697316646576
1986-02-24,0.16071602702140808
1986-02-25,0.16071602702140808
1986-02-26,0.1593063473701477
1986-02-27,0.16635556519031525
1986-02-28,0.1642407476902008
1986-03-03,0.16071602702140808
1986-03-04,0.16071602702140808
1986-03-05,0.155077263712883
1986-03-06,0.15648697316646576
1986-03-07,0.155077263712883
1986-03-10,0.15296229720115662
1986-03-11,0.15789659321308136
1986-03-12,0.1642407476902008
1986-03-13,0.1642407476902008
1986-03-14,0.16635556519031525
1986-03-17,0.1642407476902008
1986-03-18,0.1642407476902008
1986-03-19,0.16212575137615204
1986-03-20,0.15789659321308136
1986-03-21,0.15789659321308136
1986-03-24,0.155077263712883
1986-03-25,0.14943775534629822
1986-03-26,0.15225782990455627
1986-03-27,0.15296229720115662
1986-03-31,0.15296229720115662
1986-04-01,0.14943775534629822
1986-04-02,0.14168395102024078
1986-04-03,0.14379891753196716
1986-04-04,0.14379891753196716
1986-04-07,0.14168395102024078
1986-04-08,0.14802798628807068
1986-04-09,0.14943775534629822
1986-04-10,0.14943775534629822
1986-04-11,0.15296229720115662
1986-04-14,0.155077263712883
1986-04-15,0.15789659321308136
1986-04-16,0.1635362058877945
1986-04-17,0.16635556519031525
1986-04-18,0.17904363572597504
1986-04-21,0.17481450736522675
1986-04-22,0.17058469355106354
1986-04-23,0.1642407476902008
1986-04-24,0.16776522994041443
1986-04-25,0.16917498409748077
1986-04-28,0.17058469355106354
1986-04-29,0.18186303973197937
1986-04-30,0.17904363572597504
1986-05-01,0.17763400077819824
1986-05-02,0.18327268958091736
1986-05-05,0.18327268958091736
1986-05-06,0.18468233942985535
1986-05-07,0.18327268958091736
1986-05-08,0.1804533153772354
1986-05-09,0.1804533153772354
1986-05-12,0.18186303973197937
1986-05-13,0.1804533153772354
1986-05-14,0.1804533153772354
1986-05-15,0.17481450736522675
1986-05-16,0.1719943732023239
1986-05-19,0.16917498409748077
1986-05-20,0.16635556519031525
1986-05-21,0.16635556519031525
1986-05-22,0.16635556519031525
1986-05-23,0.1635362058877945
1986-05-27,0.1635362058877945
1986-05-28,0.1635362058877945
1986-05-29,0.1642407476902008
1986-05-30,0.1635362058877945
1986-06-02,0.15789659321308136
1986-06-03,0.15789659321308136
1986-06-04,0.155077263712883
1986-06-05,0.15225782990455627
1986-06-06,0.15225782990455627
1986-06-09,0.14379891753196716
1986-06-10,0.14379891753196716
1986-06-11,0.14379891753196716
1986-06-12,0.14379891753196716
1986-06-13,0.14379891753196716
1986-06-16,0.14661836624145508
1986-06-17,0.14379891753196716
1986-06-18,0.13815942406654358
1986-06-19,0.13534000515937805
1986-06-20,0.13534000515937805
1986-06-23,0.129701167345047
1986-06-24,0.129701167345047
1986-06-25,0.13534000515937805
1986-06-26,0.12688104808330536
1986-06-27,0.129701167345047
1986-06-30,0.129701167345047
1986-07-01,0.1325206160545349
1986-07-02,0.129701167345047
1986-07-03,0.129701167345047
1986-07-07,0.1325206160545349
1986-07-08,0.129701167345047
1986-07-09,0.12688104808330536
1986-07-10,0.129701167345047
1986-07-11,0.12688104808330536
1986-07-14,0.12406162172555923
1986-07-15,0.1191273108124733
1986-07-16,0.11842281371355057
1986-07-17,0.1212422177195549
1986-07-18,0.1156027689576149
1986-07-21,0.1156027689576149
1986-07-22,0.1156027689576149
1986-07-23,0.1156027689576149
1986-07-24,0.1156027689576149
1986-07-25,0.1127832904458046
1986-07-28,0.10714449733495712
1986-07-29,0.10009525716304779
1986-07-30,0.10150498151779175
1986-07-31,0.10432437807321548
1986-08-01,0.10150498151779175
1986-08-04,0.0986856073141098
1986-08-05,0.0986856073141098
1986-08-06,0.0986856073141098
1986-08-07,0.09445571154356003
1986-08-08,0.0986856073141098
1986-08-11,0.10432437807321548
1986-08-12,0.10714449733495712
1986-08-13,0.10996389389038086
1986-08-14,0.10714449733495712
1986-08-15,0.10784901678562164
1986-08-18,0.10996389389038086
1986-08-19,0.10714449733495712
1986-08-20,0.10784901678562164
1986-08-21,0.10996389389038086
1986-08-22,0.1212422177195549
1986-08-25,0.11842281371355057
1986-08-26,0.1212422177195549
1986-08-27,0.11842281371355057
1986-08-28,0.1127832904458046
1986-08-29,0.1212422177195549
1986-09-02,0.1254713237285614
1986-09-03,0.1212422177195549
1986-09-04,0.12688104808330536
1986-09-05,0.12406162172555923
1986-09-08,0.11419301480054855
1986-09-09,0.1127832904458046
1986-09-10,0.1127832904458046
1986-09-11,0.1127832904458046
1986-09-12,0.1156027689576149
1986-09-15,0.1156027689576149
1986-09-16,0.11842281371355057
1986-09-17,0.11842281371355057
1986-09-18,0.11842281371355057
1986-09-19,0.1127832904458046
1986-09-22,0.1127832904458046
1986-09-23,0.1127832904458046
1986-09-24,0.1127832904458046
1986-09-25,0.10432437807321548
1986-09-26,0.10432437807321548
1986-09-29,0.10432437807321548
1986-09-30,0.10714449733495712
1986-10-01,0.10432437807321548
1986-10-02,0.10432437807321548
1986-10-03,0.10714449733495712
1986-10-06,0.10432437807321548
1986-10-07,0.10009525716304779
1986-10-08,0.0986856073141098
1986-10-09,0.0986856073141098
1986-10-10,0.0986856073141098
1986-10-13,0.10150498151779175
1986-10-14,0.10150498151779175
1986-10-15,0.10009525716304779
1986-10-16,0.09586618840694427
1986-10-17,0.09304603189229965
1986-10-20,0.09304603189229965
1986-10-21,0.09304603189229965
1986-10-22,0.0902266576886177
1986-10-23,0.09304603189229965
1986-10-24,0.0986856073141098
1986-10-27,0.10150498151779175
1986-10-28,0.10432437807321548
1986-10-29,0.1127832904458046
1986-10-30,0.1127832904458046
1986-10-31,0.1156027689576149
1986-11-03,0.1127832904458046
1986-11-04,0.1127832904458046
1986-11-05,0.1156027689576149
1986-11-06,0.1156027689576149
1986-11-07,0.1127832904458046
1986-11-10,0.11842281371355057
1986-11-11,0.11701244115829468
1986-11-12,0.1212422177195549
1986-11-13,0.11842281371355057
1986-11-14,0.1156027689576149
1986-11-17,0.1212422177195549
1986-11-18,0.11842281371355057
1986-11-19,0.10996389389038086
1986-11-20,0.1156027689576149
1986-11-21,0.1127832904458046
1986-11-24,0.10714449733495712
1986-11-25,0.10996389389038086
1986-11-26,0.10996389389038086
1986-11-28,0.10996389389038086
1986-12-01,0.10714449733495712
1986-12-02,0.10996389389038086
1986-12-03,0.1156027689576149
1986-12-04,0.1156027689576149
1986-12-05,0.1127832904458046
1986-12-08,0.1156027689576149
1986-12-09,0.1156027689576149
1986-12-10,0.1212422177195549
1986-12-11,0.1212422177195549
1986-12-12,0.1156027689576149
1986-12-15,0.11842281371355057
1986-12-16,0.1156027689576149
1986-12-17,0.11842281371355057
1986-12-18,0.1156027689576149
1986-12-19,0.11842281371355057
1986-12-22,0.11842281371355057
1986-12-23,0.1156027689576149
1986-12-24,0.1156027689576149
1986-12-26,0.1127832904458046
1986-12-29,0.10996389389038086
1986-12-30,0.10714449733495712
1986-12-31,0.10714449733495712
1987-01-02,0.10996389389038086
1987-01-05,0.1127832904458046
1987-01-06,0.11842281371355057
1987-01-07,0.1212422177195549
1987-01-08,0.12406162172555923
1987-01-09,0.13534000515937805
1987-01-12,0.13534000515937805
1987-01-13,0.13534000515937805
1987-01-14,0.15225782990455627
1987-01-15,0.15789659321308136
1987-01-16,0.15648697316646576
1987-01-19,0.15789659321308136
1987-01-20,0.16071602702140808
1987-01-21,0.155077263712883
1987-01-22,0.15648697316646576
1987-01-23,0.155077263712883
1987-01-26,0.14943775534629822
1987-01-27,0.15225782990455627
1987-01-28,0.14943775534629822
1987-01-29,0.14379891753196716
1987-01-30,0.14943775534629822
1987-02-02,0.16917498409748077
1987-02-03,0.18327268958091736
1987-02-04,0.18891221284866333
1987-02-05,0.18327268958091736
1987-02-06,0.17763400077819824
1987-02-09,0.1804533153772354
1987-02-10,0.17481450736522675
1987-02-11,0.194551020860672
1987-02-12,0.19173164665699005
1987-02-13,0.20019051432609558
1987-02-17,0.21710777282714844
1987-02-18,0.21992778778076172
1987-02-19,0.21710777282714844
1987-02-20,0.21146883070468903
1987-02-23,0.20864945650100708
1987-02-24,0.2030099630355835
1987-02-25,0.20019051432609558
1987-02-26,0.194551020860672
1987-02-27,0.18609283864498138
1987-03-02,0.18609283864498138
1987-03-03,0.18609283864498138
1987-03-04,0.19173164665699005
1987-03-05,0.18891221284866333
1987-03-06,0.19032186269760132
1987-03-09,0.18609283864498138
1987-03-10,0.18891221284866333
1987-03-11,0.19173164665699005
1987-03-12,0.18891221284866333
1987-03-13,0.18609283864498138
1987-03-16,0.18327268958091736
1987-03-17,0.18679729104042053
1987-03-18,0.18891221284866333
1987-03-19,0.194551020860672
1987-03-20,0.1973712146282196
1987-03-23,0.1980755478143692
1987-03-24,0.19173164665699005
1987-03-25,0.1973712146282196
1987-03-26,0.20019051432609558
1987-03-27,0.20019051432609558
1987-03-30,0.18609283864498138
1987-03-31,0.19173164665699005
1987-04-01,0.18609283864498138
1987-04-02,0.19173164665699005
1987-04-03,0.1973712146282196
1987-04-06,0.2072390466928482
1987-04-07,0.2058294266462326
1987-04-08,0.2058294266462326
1987-04-09,0.2072390466928482
1987-04-10,0.21992778778076172
1987-04-13,0.21710777282714844
1987-04-14,0.2072390466928482
1987-04-15,0.21428826451301575
1987-04-16,0.2255665808916092
1987-04-20,0.21710777282714844
1987-04-21,0.21428826451301575
1987-04-22,0.2255665808916092
1987-04-23,0.22274723649024963
1987-04-24,0.21992778778076172
1987-04-27,0.22274723649024963
1987-04-28,0.22274723649024963
1987-04-29,0.23966427147388458
1987-04-30,0.2594016492366791
1987-05-01,0.2650412321090698
1987-05-04,0.2678605616092682
1987-05-05,0.28195828199386597
1987-05-06,0.2805486023426056
1987-05-07,0.2791389226913452
1987-05-08,0.2791389226913452
1987-05-11,0.2791389226913452
1987-05-12,0.2650412321090698
1987-05-13,0.2763195335865021
1987-05-14,0.2763195335865021
1987-05-15,0.273499459028244
1987-05-18,0.2650412321090698
1987-05-19,0.2509426474571228
1987-05-20,0.2424844354391098
1987-05-21,0.24812324345111847
1987-05-22,0.25376269221305847
1987-05-26,0.25658223032951355
1987-05-27,0.2594016492366791
1987-05-28,0.26222091913223267
1987-05-29,0.2608114182949066
1987-06-01,0.26222091913223267
1987-06-02,0.25658223032951355
1987-06-03,0.2594016492366791
1987-06-04,0.25446733832359314
1987-06-05,0.2509426474571228
1987-06-08,0.2509426474571228
1987-06-09,0.2594016492366791
1987-06-10,0.2636306881904602
1987-06-11,0.2594016492366791
1987-06-12,0.2509426474571228
1987-06-15,0.2283860296010971
1987-06-16,0.2255665808916092
1987-06-17,0.24953314661979675
1987-06-18,0.24530377984046936
1987-06-19,0.23966427147388458
1987-06-22,0.23684491217136383
1987-06-23,0.23402565717697144
1987-06-24,0.23120616376399994
1987-06-25,0.23120616376399994
1987-06-26,0.2283860296010971
1987-06-29,0.2255665808916092
1987-06-30,0.22274723649024963
1987-07-01,0.21710777282714844
1987-07-02,0.23120616376399994
1987-07-06,0.23402565717697144
1987-07-07,0.23966427147388458
1987-07-08,0.23543517291545868
1987-07-09,0.2283860296010971
1987-07-10,0.2156980335712433
1987-07-13,0.21428826451301575
1987-07-14,0.23684491217136383
1987-07-15,0.2509426474571228
1987-07-16,0.26222091913223267
1987-07-17,0.28195828199386597
1987-07-20,0.28195828199386597
1987-07-21,0.2706800103187561
1987-07-22,0.26222091913223267
1987-07-23,0.2608114182949066
1987-07-24,0.2608114182949066
1987-07-27,0.2509426474571228
1987-07-28,0.25376269221305847
1987-07-29,0.2509426474571228
1987-07-30,0.2650412321090698
1987-07-31,0.26222091913223267
1987-08-03,0.25658223032951355
1987-08-04,0.25376269221305847
1987-08-05,0.2847776710987091
1987-08-06,0.30451494455337524
1987-08-07,0.3157931864261627
1987-08-10,0.3186126947402954
1987-08-11,0.32143279910087585
1987-08-12,0.3327111303806305
1987-08-13,0.34821856021881104
1987-08-14,0.34680885076522827
1987-08-17,0.3439894914627075
1987-08-18,0.33834996819496155
1987-08-19,0.3411693871021271
1987-08-20,0.3524477481842041
1987-08-21,0.3496282398700714
1987-08-24,0.3439894914627075
1987-08-25,0.34680885076522827
1987-08-26,0.3439894914627075
1987-08-27,0.3439894914627075
1987-08-28,0.3411693871021271
1987-08-31,0.3439894914627075
1987-09-01,0.3411693871021271
1987-09-02,0.3411693871021271
1987-09-03,0.33834996819496155
1987-09-04,0.32143279910087585
1987-09-08,0.3157931864261627
1987-09-09,0.3157931864261627
1987-09-10,0.3327111303806305
1987-09-11,0.3439894914627075
1987-09-14,0.33834996819496155
1987-09-15,0.3327111303806305
1987-09-16,0.3270716965198517
1987-09-17,0.3186126947402954
1987-09-18,0.310154527425766
1987-09-21,0.31085890531539917
1987-09-22,0.3157931864261627
1987-09-23,0.3172030448913574
1987-09-24,0.32143279910087585
1987-09-25,0.33553045988082886
1987-09-28,0.3327111303806305
1987-09-29,0.3327111303806305
1987-09-30,0.32989102602005005
1987-10-01,0.34680885076522827
1987-10-02,0.35597220063209534
1987-10-05,0.37500429153442383
1987-10-06,0.3609066307544708
1987-10-07,0.3609066307544708
1987-10-08,0.32989102602005005
1987-10-09,0.3327111303806305
1987-10-12,0.3270716965198517
1987-10-13,0.33553045988082886
1987-10-14,0.3327111303806305
1987-10-15,0.32989102602005005
1987-10-16,0.29323673248291016
1987-10-19,0.2678605616092682
1987-10-20,0.21428826451301575
1987-10-21,0.23402565717697144
1987-10-22,0.2058294266462326
1987-10-23,0.17481450736522675
1987-10-26,0.136749729514122
1987-10-27,0.129701167345047
1987-10-28,0.1325206160545349
1987-10-29,0.1635362058877945
1987-10-30,0.17481450736522675
1987-11-02,0.1804533153772354
1987-11-03,0.16071602702140808
1987-11-04,0.1635362058877945
1987-11-05,0.16917498409748077
1987-11-06,0.15789659321308136
1987-11-09,0.15225782990455627
1987-11-10,0.15084746479988098
1987-11-11,0.15789659321308136
1987-11-12,0.16917498409748077
1987-11-13,0.15789659321308136
1987-11-16,0.16071602702140808
1987-11-17,0.16071602702140808
1987-11-18,0.1719943732023239
1987-11-19,0.1635362058877945
1987-11-20,0.155077263712883
1987-11-23,0.1593063473701477
1987-11-24,0.18186303973197937
1987-11-25,0.18327268958091736
1987-11-27,0.17481450736522675
1987-11-30,0.1635362058877945
1987-12-01,0.16635556519031525
1987-12-02,0.17058469355106354
1987-12-03,0.16071602702140808
1987-12-04,0.15789659321308136
1987-12-07,0.16635556519031525
1987-12-08,0.17763400077819824
1987-12-09,0.18891221284866333
1987-12-10,0.1980755478143692
1987-12-11,0.20019051432609558
1987-12-14,0.21428826451301575
1987-12-15,0.2255665808916092
1987-12-16,0.24530377984046936
1987-12-17,0.23684491217136383
1987-12-18,0.23684491217136383
1987-12-21,0.23684491217136383
1987-12-22,0.22274723649024963
1987-12-23,0.2283860296010971
1987-12-24,0.21992778778076172
1987-12-28,0.21710777282714844
1987-12-29,0.21992778778076172
1987-12-30,0.2283860296010971
1987-12-31,0.21992778778076172
1988-01-04,0.2255665808916092
1988-01-05,0.2283860296010971
1988-01-06,0.2255665808916092
1988-01-07,0.24530377984046936
1988-01-08,0.2283860296010971
1988-01-11,0.23684491217136383
1988-01-12,0.22274723649024963
1988-01-13,0.22063234448432922
1988-01-14,0.21146883070468903
1988-01-15,0.21146883070468903
1988-01-18,0.21710777282714844
1988-01-19,0.2093539535999298
1988-01-20,0.194551020860672
1988-01-21,0.194551020860672
1988-01-22,0.194551020860672
1988-01-25,0.194551020860672
1988-01-26,0.194551020860672
1988-01-27,0.1973712146282196
1988-01-28,0.20864945650100708
1988-01-29,0.20864945650100708
1988-02-01,0.21710777282714844
1988-02-02,0.21146883070468903
1988-02-03,0.1973712146282196
1988-02-04,0.20019051432609558
1988-02-05,0.1980755478143692
1988-02-08,0.2030099630355835
1988-02-09,0.2093539535999298
1988-02-10,0.21992778778076172
1988-02-11,0.23120616376399994
1988-02-12,0.2424844354391098
1988-02-16,0.2424844354391098
1988-02-17,0.26222091913223267
1988-02-18,0.2791389226913452
1988-02-19,0.29605597257614136
1988-02-22,0.3073343336582184
1988-02-23,0.29887619614601135
1988-02-24,0.310154527425766
1988-02-25,0.29887619614601135
1988-02-26,0.2946462035179138
1988-02-29,0.29605597257614136
1988-03-01,0.30169564485549927
1988-03-02,0.30451494455337524
1988-03-03,0.3073343336582184
1988-03-04,0.310154527425766
1988-03-07,0.31085890531539917
1988-03-08,0.30169564485549927
1988-03-09,0.29887619614601135
1988-03-10,0.29887619614601135
1988-03-11,0.29323673248291016
1988-03-14,0.29605597257614136
1988-03-15,0.2904171943664551
1988-03-16,0.29323673248291016
1988-03-17,0.30169564485549927
1988-03-18,0.29887619614601135
1988-03-21,0.29182693362236023
1988-03-22,0.29605597257614136
1988-03-23,0.29605597257614136
1988-03-24,0.2791389226913452
1988-03-25,0.273499459028244
1988-03-28,0.28195828199386597
1988-03-29,0.29605597257614136
1988-03-30,0.2904171943664551
1988-03-31,0.2875978350639343
1988-04-04,0.2904171943664551
1988-04-05,0.29887619614601135
1988-04-06,0.310154527425766
1988-04-07,0.310154527425766
1988-04-08,0.310154527425766
1988-04-11,0.3186126947402954
1988-04-12,0.3129739463329315
1988-04-13,0.32425227761268616
1988-04-14,0.310154527425766
1988-04-15,0.30451494455337524
1988-04-18,0.29887619614601135
1988-04-19,0.30451494455337524
1988-04-20,0.30451494455337524
1988-04-21,0.29887619614601135
1988-04-22,0.29323673248291016
1988-04-25,0.3073343336582184
1988-04-26,0.3327111303806305
1988-04-27,0.3270716965198517
1988-04-28,0.3284814953804016
1988-04-29,0.3270716965198517
1988-05-02,0.32425227761268616
1988-05-03,0.3186126947402954
1988-05-04,0.3186126947402954
1988-05-05,0.3157931864261627
1988-05-06,0.32143279910087585
1988-05-09,0.3270716965198517
1988-05-10,0.3186126947402954
1988-05-11,0.310154527425766
1988-05-12,0.3129739463329315
1988-05-13,0.3129739463329315
1988-05-16,0.3129739463329315
1988-05-17,0.310154527425766
1988-05-18,0.30451494455337524
1988-05-19,0.29887619614601135
1988-05-20,0.29887619614601135
1988-05-23,0.29182693362236023
1988-05-24,0.29887619614601135
1988-05-25,0.30169564485549927
1988-05-26,0.30451494455337524
1988-05-27,0.29958057403564453
1988-05-31,0.32143279910087585
1988-06-01,0.33553045988082886
1988-06-02,0.33975955843925476
1988-06-03,0.3439894914627075
1988-06-06,0.3411693871021271
1988-06-07,0.3411693871021271
1988-06-08,0.35597220063209534
1988-06-09,0.3623163402080536
1988-06-10,0.3693655729293823
1988-06-13,0.366546094417572
1988-06-14,0.37500429153442383
1988-06-15,0.3834632933139801
1988-06-16,0.37218478322029114
1988-06-17,0.37218478322029114
1988-06-20,0.3707752525806427
1988-06-21,0.3834632933139801
1988-06-22,0.3919220566749573
1988-06-23,0.40320032835006714
1988-06-24,0.40038102865219116
1988-06-27,0.38628268241882324
1988-06-28,0.39474162459373474
1988-06-29,0.38628268241882324
1988-06-30,0.3891027569770813
1988-07-01,0.3834632933139801
1988-07-05,0.3919220566749573
1988-07-06,0.3919220566749573
1988-07-07,0.38487303256988525
1988-07-08,0.37500429153442383
1988-07-11,0.37218478322029114
1988-07-12,0.366546094417572
1988-07-13,0.3580872714519501
1988-07-14,0.3538574278354645
1988-07-15,0.3580872714519501
1988-07-18,0.3580872714519501
1988-07-19,0.34680885076522827
1988-07-20,0.3439894914627075
1988-07-21,0.3524477481842041
1988-07-22,0.3496282398700714
1988-07-25,0.3496282398700714
1988-07-26,0.33834996819496155
1988-07-27,0.3334157168865204
1988-07-28,0.33834996819496155
1988-07-29,0.34680885076522827
1988-08-01,0.34680885076522827
1988-08-02,0.344694048166275
1988-08-03,0.3411693871021271
1988-08-04,0.33694013953208923
1988-08-05,0.32425227761268616
1988-08-08,0.32143279910087585
1988-08-09,0.3186126947402954
1988-08-10,0.308743953704834
1988-08-11,0.308743953704834
1988-08-12,0.310154527425766
1988-08-15,0.29887619614601135
1988-08-16,0.310154527425766
1988-08-17,0.32143279910087585
1988-08-18,0.3270716965198517
1988-08-19,0.32425227761268616
1988-08-22,0.32143279910087585
1988-08-23,0.3221372365951538
1988-08-24,0.3327111303806305
1988-08-25,0.3284814953804016
1988-08-26,0.3270716965198517
1988-08-29,0.33553045988082886
1988-08-30,0.3327111303806305
1988-08-31,0.3186126947402954
1988-09-01,0.29958057403564453
1988-09-02,0.32143279910087585
1988-09-06,0.3157931864261627
1988-09-07,0.30592459440231323
1988-09-08,0.310154527425766
1988-09-09,0.32989102602005005
1988-09-12,0.33834996819496155
1988-09-13,0.33834996819496155
1988-09-14,0.3327111303806305
1988-09-15,0.310154527425766
1988-09-16,0.3186126947402954
1988-09-19,0.3186126947402954
1988-09-20,0.3157931864261627
1988-09-21,0.3157931864261627
1988-09-22,0.3129739463329315
1988-09-23,0.310154527425766
1988-09-26,0.308743953704834
1988-09-27,0.30592459440231323
1988-09-28,0.29605597257614136
1988-09-29,0.3073343336582184
1988-09-30,0.3073343336582184
1988-10-03,0.29605597257614136
1988-10-04,0.2875978350639343
1988-10-05,0.2657455801963806
1988-10-06,0.26222091913223267
1988-10-07,0.2424844354391098
1988-10-10,0.2424844354391098
1988-10-11,0.25376269221305847
1988-10-12,0.2509426474571228
1988-10-13,0.26222091913223267
1988-10-14,0.2706800103187561
1988-10-17,0.273499459028244
1988-10-18,0.2749091386795044
1988-10-19,0.2763195335865021
1988-10-20,0.273499459028244
1988-10-21,0.2763195335865021
1988-10-24,0.2791389226913452
1988-10-25,0.2509426474571228
1988-10-26,0.24812324345111847
1988-10-27,0.23402565717697144
1988-10-28,0.23966427147388458
1988-10-31,0.2509426474571228
1988-11-01,0.25376269221305847
1988-11-02,0.24812324345111847
1988-11-03,0.24530377984046936
1988-11-04,0.2424844354391098
1988-11-07,0.23684491217136383
1988-11-08,0.24530377984046936
1988-11-09,0.25376269221305847
1988-11-10,0.25658223032951355
1988-11-11,0.24530377984046936
1988-11-14,0.24530377984046936
1988-11-15,0.23402565717697144
1988-11-16,0.23120616376399994
1988-11-17,0.2255665808916092
1988-11-18,0.21428826451301575
1988-11-21,0.19032186269760132
1988-11-22,0.194551020860672
1988-11-23,0.1973712146282196
1988-11-25,0.19596067070960999
1988-11-28,0.1973712146282196
1988-11-29,0.20019051432609558
1988-11-30,0.2072390466928482
1988-12-01,0.22274723649024963
1988-12-02,0.23120616376399994
1988-12-05,0.2283860296010971
1988-12-06,0.23402565717697144
1988-12-07,0.23120616376399994
1988-12-08,0.2255665808916092
1988-12-09,0.22274723649024963
1988-12-12,0.21710777282714844
1988-12-13,0.21428826451301575
1988-12-14,0.21710777282714844
1988-12-15,0.23120616376399994
1988-12-16,0.2424844354391098
1988-12-19,0.2509426474571228
1988-12-20,0.24812324345111847
1988-12-21,0.24953314661979675
1988-12-22,0.24953314661979675
1988-12-23,0.24953314661979675
1988-12-27,0.24812324345111847
1988-12-28,0.24953314661979675
1988-12-29,0.25446733832359314
1988-12-30,0.2509426474571228
1989-01-03,0.25376269221305847
1989-01-04,0.2657455801963806
1989-01-05,0.2650412321090698
1989-01-06,0.26222091913223267
1989-01-09,0.25658223032951355
1989-01-10,0.25658223032951355
1989-01-11,0.2608114182949066
1989-01-12,0.26222091913223267
1989-01-13,0.26222091913223267
1989-01-16,0.2594016492366791
1989-01-17,0.25235238671302795
1989-01-18,0.2509426474571228
1989-01-19,0.26222091913223267
1989-01-20,0.2650412321090698
1989-01-23,0.2650412321090698
1989-01-24,0.2763195335865021
1989-01-25,0.2791389226913452
1989-01-26,0.2875978350639343
1989-01-27,0.29323673248291016
1989-01-30,0.2904171943664551
1989-01-31,0.29323673248291016
1989-02-01,0.2875978350639343
1989-02-02,0.2875978350639343
1989-02-03,0.2875978350639343
1989-02-06,0.2847776710987091
1989-02-07,0.29887619614601135
1989-02-08,0.2861873507499695
1989-02-09,0.2763195335865021
1989-02-10,0.2720896303653717
1989-02-13,0.2847776710987091
1989-02-14,0.2904171943664551
1989-02-15,0.2875978350639343
1989-02-16,0.2847776710987091
1989-02-17,0.28195828199386597
1989-02-21,0.2763195335865021
1989-02-22,0.2706800103187561
1989-02-23,0.2720896303653717
1989-02-24,0.2650412321090698
1989-02-27,0.2650412321090698
1989-02-28,0.2650412321090698
1989-03-01,0.2678605616092682
1989-03-02,0.26927024126052856
1989-03-03,0.2706800103187561
1989-03-06,0.2847776710987091
1989-03-07,0.2791389226913452
1989-03-08,0.26927024126052856
1989-03-09,0.273499459028244
1989-03-10,0.2763195335865021
1989-03-13,0.2847776710987091
1989-03-14,0.2805486023426056
1989-03-15,0.2770240902900696
1989-03-16,0.2805486023426056
1989-03-17,0.2791389226913452
1989-03-20,0.273499459028244
1989-03-21,0.2791389226913452
1989-03-22,0.2706800103187561
1989-03-23,0.25658223032951355
1989-03-27,0.25658223032951355
1989-03-28,0.26222091913223267
1989-03-29,0.2636306881904602
1989-03-30,0.2678605616092682
1989-03-31,0.2678605616092682
1989-04-03,0.26222091913223267
1989-04-04,0.2594016492366791
1989-04-05,0.2594016492366791
1989-04-06,0.2594016492366791
1989-04-07,0.26222091913223267
1989-04-10,0.2594016492366791
1989-04-11,0.2706800103187561
1989-04-12,0.2791389226913452
1989-04-13,0.2847776710987091
1989-04-14,0.29323673248291016
1989-04-17,0.2904171943664551
1989-04-18,0.29323673248291016
1989-04-19,0.29605597257614136
1989-04-20,0.2875978350639343
1989-04-21,0.29605597257614136
1989-04-24,0.30451494455337524
1989-04-25,0.30451494455337524
1989-04-26,0.30451494455337524
1989-04-27,0.310154527425766
1989-04-28,0.3129739463329315
1989-05-01,0.3157931864261627
1989-05-02,0.32425227761268616
1989-05-03,0.33553045988082886
1989-05-04,0.33553045988082886
1989-05-05,0.3327111303806305
1989-05-08,0.32143279910087585
1989-05-09,0.32425227761268616
1989-05-10,0.32425227761268616
1989-05-11,0.32989102602005005
1989-05-12,0.3524477481842041
1989-05-15,0.34680885076522827
1989-05-16,0.3496282398700714
1989-05-17,0.3524477481842041
1989-05-18,0.3439894914627075
1989-05-19,0.34821856021881104
1989-05-22,0.34680885076522827
1989-05-23,0.33834996819496155
1989-05-24,0.3496282398700714
1989-05-25,0.3552680015563965
1989-05-26,0.3496282398700714
1989-05-30,0.3524477481842041
1989-05-31,0.3552680015563965
1989-06-01,0.3609066307544708
1989-06-02,0.3693655729293823
1989-06-05,0.33975955843925476
1989-06-06,0.33834996819496155
1989-06-07,0.33975955843925476
1989-06-08,0.3327111303806305
1989-06-09,0.32425227761268616
1989-06-12,0.32989102602005005
1989-06-13,0.32143279910087585
1989-06-14,0.32143279910087585
1989-06-15,0.3157931864261627
1989-06-16,0.3129739463329315
1989-06-19,0.32989102602005005
1989-06-20,0.3186126947402954
1989-06-21,0.3073343336582184
1989-06-22,0.3129739463329315
1989-06-23,0.3157931864261627
1989-06-26,0.3186126947402954
1989-06-27,0.3186126947402954
1989-06-28,0.3073343336582184
1989-06-29,0.29323673248291016
1989-06-30,0.2904171943664551
1989-07-03,0.29887619614601135
1989-07-05,0.29887619614601135
1989-07-06,0.3073343336582184
1989-07-07,0.310154527425766
1989-07-10,0.3186126947402954
1989-07-11,0.3186126947402954
1989-07-12,0.3186126947402954
1989-07-13,0.3129739463329315
1989-07-14,0.310154527425766
1989-07-17,0.3186126947402954
1989-07-18,0.30169564485549927
1989-07-19,0.2875978350639343
1989-07-20,0.2706800103187561
1989-07-21,0.273499459028244
1989-07-24,0.2678605616092682
1989-07-25,0.2678605616092682
1989-07-26,0.2678605616092682
1989-07-27,0.2791389226913452
1989-07-28,0.2770240902900696
1989-07-31,0.2791389226913452
1989-08-01,0.2678605616092682
1989-08-02,0.2706800103187561
1989-08-03,0.28195828199386597
1989-08-04,0.2904171943664551
1989-08-07,0.2847776710987091
1989-08-08,0.29958057403564453
1989-08-09,0.28195828199386597
1989-08-10,0.2847776710987091
1989-08-11,0.2805486023426056
1989-08-14,0.2706800103187561
1989-08-15,0.273499459028244
1989-08-16,0.273499459028244
1989-08-17,0.2763195335865021
1989-08-18,0.2763195335865021
1989-08-21,0.2763195335865021
1989-08-22,0.273499459028244
1989-08-23,0.2720896303653717
1989-08-24,0.273499459028244
1989-08-25,0.2678605616092682
1989-08-28,0.2706800103187561
1989-08-29,0.2706800103187561
1989-08-30,0.2706800103187561
1989-08-31,0.2763195335865021
1989-09-01,0.2861873507499695
1989-09-05,0.2904171943664551
1989-09-06,0.29605597257614136
1989-09-07,0.29605597257614136
1989-09-08,0.29958057403564453
1989-09-11,0.3186126947402954
1989-09-12,0.32425227761268616
1989-09-13,0.3157931864261627
1989-09-14,0.30592459440231323
1989-09-15,0.30169564485549927
1989-09-18,0.29323673248291016
1989-09-19,0.29887619614601135
1989-09-20,0.29958057403564453
1989-09-21,0.29887619614601135
1989-09-22,0.2946462035179138
1989-09-25,0.29323673248291016
1989-09-26,0.29182693362236023
1989-09-27,0.2875978350639343
1989-09-28,0.29323673248291016
1989-09-29,0.30169564485549927
1989-10-02,0.30451494455337524
1989-10-03,0.30592459440231323
1989-10-04,0.30451494455337524
1989-10-05,0.3073343336582184
1989-10-06,0.3129739463329315
1989-10-09,0.3129739463329315
1989-10-10,0.32989102602005005
1989-10-11,0.32425227761268616
1989-10-12,0.310154527425766
1989-10-13,0.28195828199386597
1989-10-16,0.2791389226913452
1989-10-17,0.28336790204048157
1989-10-18,0.2847776710987091
1989-10-19,0.29605597257614136
1989-10-20,0.28195828199386597
1989-10-23,0.2763195335865021
1989-10-24,0.273499459028244
1989-10-25,0.2763195335865021
1989-10-26,0.273499459028244
1989-10-27,0.2791389226913452
1989-10-30,0.2791389226913452
1989-10-31,0.2875978350639343
1989-11-01,0.29182693362236023
1989-11-02,0.28195828199386597
1989-11-03,0.273499459028244
1989-11-06,0.2678605616092682
1989-11-07,0.2763195335865021
1989-11-08,0.2847776710987091
1989-11-09,0.2791389226913452
1989-11-10,0.2791389226913452
1989-11-13,0.2763195335865021
1989-11-14,0.2763195335865021
1989-11-15,0.2763195335865021
1989-11-16,0.2763195335865021
1989-11-17,0.28195828199386597
1989-11-20,0.28195828199386597
1989-11-21,0.2847776710987091
1989-11-22,0.28195828199386597
1989-11-24,0.2847776710987091
1989-11-27,0.2847776710987091
1989-11-28,0.28195828199386597
1989-11-29,0.29323673248291016
1989-11-30,0.29323673248291016
1989-12-01,0.3073343336582184
1989-12-04,0.310154527425766
1989-12-05,0.30451494455337524
1989-12-06,0.30169564485549927
1989-12-07,0.2946462035179138
1989-12-08,0.29605597257614136
1989-12-11,0.2861873507499695
1989-12-12,0.2847776710987091
1989-12-13,0.2875978350639343
1989-12-14,0.2875978350639343
1989-12-15,0.2847776710987091
1989-12-18,0.2847776710987091
1989-12-19,0.29887619614601135
1989-12-20,0.29746562242507935
1989-12-21,0.310154527425766
1989-12-22,0.31156423687934875
1989-12-26,0.3129739463329315
1989-12-27,0.29887619614601135
1989-12-28,0.3073343336582184
1989-12-29,0.32143279910087585
1990-01-02,0.32989102602005005
1990-01-03,0.32143279910087585
1990-01-04,0.3172030448913574
1990-01-05,0.3129739463329315
1990-01-08,0.3073343336582184
1990-01-09,0.30169564485549927
1990-01-10,0.30451494455337524
1990-01-11,0.29887619614601135
1990-01-12,0.29605597257614136
1990-01-15,0.29887619614601135
1990-01-16,0.3073343336582184
1990-01-17,0.3143836259841919
1990-01-18,0.310154527425766
1990-01-19,0.310154527425766
1990-01-22,0.29887619614601135
1990-01-23,0.3073343336582184
1990-01-24,0.30592459440231323
1990-01-25,0.30028584599494934
1990-01-26,0.3073343336582184
1990-01-29,0.30310529470443726
1990-01-30,0.30451494455337524
1990-01-31,0.3073343336582184
1990-02-01,0.30169564485549927
1990-02-02,0.30592459440231323
1990-02-05,0.3186126947402954
1990-02-06,0.3157931864261627
1990-02-07,0.3186126947402954
1990-02-08,0.3129739463329315
1990-02-09,0.310154527425766
1990-02-12,0.2904171943664551
1990-02-13,0.2763195335865021
1990-02-14,0.2791389226913452
1990-02-15,0.2791389226913452
1990-02-16,0.273499459028244
1990-02-20,0.273499459028244
1990-02-21,0.273499459028244
1990-02-22,0.2763195335865021
1990-02-23,0.2706800103187561
1990-02-26,0.2805486023426056
1990-02-27,0.28336790204048157
1990-02-28,0.29323673248291016
1990-03-01,0.30169564485549927
1990-03-02,0.308743953704834
1990-03-05,0.32002246379852295
1990-03-06,0.3270716965198517
1990-03-07,0.3157931864261627
1990-03-08,0.3186126947402954
1990-03-09,0.32284247875213623
1990-03-12,0.3186126947402954
1990-03-13,0.32143279910087585
1990-03-14,0.32143279910087585
1990-03-15,0.3270716965198517
1990-03-16,0.3270716965198517
1990-03-19,0.3186126947402954
1990-03-20,0.32143279910087585
1990-03-21,0.32425227761268616
1990-03-22,0.310154527425766
1990-03-23,0.3129739463329315
1990-03-26,0.3186126947402954
1990-03-27,0.3186126947402954
1990-03-28,0.3129739463329315
1990-03-29,0.3157931864261627
1990-03-30,0.32143279910087585
1990-04-02,0.32284247875213623
1990-04-03,0.32143279910087585
1990-04-04,0.3129739463329315
1990-04-05,0.3073343336582184
1990-04-06,0.30451494455337524
1990-04-09,0.29887619614601135
1990-04-10,0.2904171943664551
1990-04-11,0.30451494455337524
1990-04-12,0.3073343336582184
1990-04-16,0.31156423687934875
1990-04-17,0.31156423687934875
1990-04-18,0.3143836259841919
1990-04-19,0.3172030448913574
1990-04-20,0.3129739463329315
1990-04-23,0.30451494455337524
1990-04-24,0.3073343336582184
1990-04-25,0.3073343336582184
1990-04-26,0.3073343336582184
1990-04-27,0.29605597257614136
1990-04-30,0.30592459440231323
1990-05-01,0.3073343336582184
1990-05-02,0.30169564485549927
1990-05-03,0.30451494455337524
1990-05-04,0.3157931864261627
1990-05-07,0.33412083983421326
1990-05-08,0.3313007652759552
1990-05-09,0.34680885076522827
1990-05-10,0.3439894914627075
1990-05-11,0.34257903695106506
1990-05-14,0.3566775321960449
1990-05-15,0.366546094417572
1990-05-16,0.3919220566749573
1990-05-17,0.38064372539520264
1990-05-18,0.37782442569732666
1990-05-21,0.406019926071167
1990-05-22,0.42293766140937805
1990-05-23,0.4313960671424866
1990-05-24,0.4187079071998596
1990-05-25,0.4088394045829773
1990-05-29,0.42293766140937805
1990-05-30,0.42575719952583313
1990-05-31,0.42011749744415283
1990-06-01,0.4144788086414337
1990-06-04,0.4088394045829773
1990-06-05,0.39474162459373474
1990-06-06,0.39474162459373474
1990-06-07,0.3975609838962555
1990-06-08,0.39474162459373474
1990-06-11,0.40038102865219116
1990-06-12,0.4158884882926941
1990-06-13,0.42011749744415283
1990-06-14,0.42011749744415283
1990-06-15,0.42575719952583313
1990-06-18,0.4215274751186371
1990-06-19,0.4144788086414337
1990-06-20,0.41024914383888245
1990-06-21,0.4088394045829773
1990-06-22,0.4172981083393097
1990-06-25,0.4342162311077118
1990-06-26,0.4285765290260315
1990-06-27,0.4313960671424866
1990-06-28,0.4398549497127533
1990-06-29,0.4285765290260315
1990-07-02,0.4398549497127533
1990-07-03,0.43844515085220337
1990-07-05,0.4370356798171997
1990-07-06,0.4342162311077118
1990-07-09,0.442674458026886
1990-07-10,0.4398549497127533
1990-07-11,0.4511331617832184
1990-07-12,0.4553624987602234
1990-07-13,0.4398549497127533
1990-07-16,0.43844515085220337
1990-07-17,0.42998623847961426
1990-07-18,0.4187079071998596
1990-07-19,0.41024914383888245
1990-07-20,0.3975609838962555
1990-07-23,0.3919220566749573
1990-07-24,0.3961510956287384
1990-07-25,0.3975609838962555
1990-07-26,0.3891027569770813
1990-07-27,0.38064372539520264
1990-07-30,0.39474162459373474
1990-07-31,0.3919220566749573
1990-08-01,0.3834632933139801
1990-08-02,0.366546094417572
1990-08-03,0.3510379493236542
1990-08-06,0.3411693871021271
1990-08-07,0.3439894914627075
1990-08-08,0.3510379493236542
1990-08-09,0.3496282398700714
1990-08-10,0.3313007652759552
1990-08-13,0.3327111303806305
1990-08-14,0.310154527425766
1990-08-15,0.3327111303806305
1990-08-16,0.3186126947402954
1990-08-17,0.3157931864261627
1990-08-20,0.29605597257614136
1990-08-21,0.30169564485549927
1990-08-22,0.30451494455337524
1990-08-23,0.2904171943664551
1990-08-24,0.2875978350639343
1990-08-27,0.30169564485549927
1990-08-28,0.29605597257614136
1990-08-29,0.29746562242507935
1990-08-30,0.2875978350639343
1990-08-31,0.3073343336582184
1990-09-04,0.32425227761268616
1990-09-05,0.3270716965198517
1990-09-06,0.30451494455337524
1990-09-07,0.3186126947402954
1990-09-10,0.32989102602005005
1990-09-11,0.30451494455337524
1990-09-12,0.2875978350639343
1990-09-13,0.2805486023426056
1990-09-14,0.273499459028244
1990-09-17,0.28195828199386597
1990-09-18,0.273499459028244
1990-09-19,0.2706800103187561
1990-09-20,0.273499459028244
1990-09-21,0.28195828199386597
1990-09-24,0.2777290940284729
1990-09-25,0.2904171943664551
1990-09-26,0.28195828199386597
1990-09-27,0.2805486023426056
1990-09-28,0.2594016492366791
1990-10-01,0.273499459028244
1990-10-02,0.28195828199386597
1990-10-03,0.2594016492366791
1990-10-04,0.23120616376399994
1990-10-05,0.23966427147388458
1990-10-08,0.2382546216249466
1990-10-09,0.22133755683898926
1990-10-10,0.21851740777492523
1990-10-11,0.2255665808916092
1990-10-12,0.2283860296010971
1990-10-15,0.2255665808916092
1990-10-16,0.2283860296010971
1990-10-17,0.23402565717697144
1990-10-18,0.2594016492366791
1990-10-19,0.2156980335712433
1990-10-22,0.21428826451301575
1990-10-23,0.20864945650100708
1990-10-24,0.2072390466928482
1990-10-25,0.21146883070468903
1990-10-26,0.21428826451301575
1990-10-29,0.21146883070468903
1990-10-30,0.2058294266462326
1990-10-31,0.1973712146282196
1990-11-01,0.1973712146282196
1990-11-02,0.20160016417503357
1990-11-05,0.20160016417503357
1990-11-06,0.20019051432609558
1990-11-07,0.1973712146282196
1990-11-08,0.18750254809856415
1990-11-09,0.18891221284866333
1990-11-12,0.2156980335712433
1990-11-13,0.21710777282714844
1990-11-14,0.2255665808916092
1990-11-15,0.20441970229148865
1990-11-16,0.194551020860672
1990-11-19,0.1973712146282196
1990-11-20,0.20019051432609558
1990-11-21,0.1973712146282196
1990-11-23,0.20160016417503357
1990-11-26,0.2030099630355835
1990-11-27,0.2058294266462326
1990-11-28,0.1973712146282196
1990-11-29,0.20019051432609558
1990-11-30,0.2058294266462326
1990-12-03,0.21428826451301575
1990-12-04,0.21710777282714844
1990-12-05,0.21992778778076172
1990-12-06,0.20864945650100708
1990-12-07,0.2058294266462326
1990-12-10,0.20864945650100708
1990-12-11,0.2030099630355835
1990-12-12,0.21146883070468903
1990-12-13,0.21710777282714844
1990-12-14,0.21005915105342865
1990-12-17,0.21005915105342865
1990-12-18,0.22133755683898926
1990-12-19,0.21710777282714844
1990-12-20,0.23120616376399994
1990-12-21,0.24812324345111847
1990-12-24,0.25376269221305847
1990-12-26,0.2509426474571228
1990-12-27,0.2438943088054657
1990-12-28,0.2438943088054657
1990-12-31,0.2424844354391098
1991-01-02,0.2424844354391098
1991-01-03,0.2509426474571228
1991-01-04,0.24812324345111847
1991-01-07,0.2326158732175827
1991-01-08,0.2283860296010971
1991-01-09,0.22415690124034882
1991-01-10,0.2255665808916092
1991-01-11,0.2255665808916092
1991-01-14,0.22415690124034882
1991-01-15,0.2283860296010971
1991-01-16,0.24530377984046936
1991-01-17,0.2594016492366791
1991-01-18,0.26222091913223267
1991-01-21,0.2805486023426056
1991-01-22,0.2875978350639343
1991-01-23,0.2847776710987091
1991-01-24,0.2861873507499695
1991-01-25,0.2904171943664551
1991-01-28,0.29182693362236023
1991-01-29,0.3129739463329315
1991-01-30,0.32566192746162415
1991-01-31,0.3327111303806305
1991-02-01,0.32284247875213623
1991-02-04,0.3129739463329315
1991-02-05,0.30169564485549927
1991-02-06,0.3172030448913574
1991-02-07,0.3270716965198517
1991-02-08,0.3186126947402954
1991-02-11,0.3270716965198517
1991-02-12,0.3411693871021271
1991-02-13,0.3580872714519501
1991-02-14,0.3313007652759552
1991-02-15,0.33834996819496155
1991-02-19,0.33553045988082886
1991-02-20,0.33834996819496155
1991-02-21,0.33412083983421326
1991-02-22,0.3524477481842041
1991-02-25,0.34680885076522827
1991-02-26,0.32989102602005005
1991-02-27,0.33834996819496155
1991-02-28,0.3327111303806305
1991-03-01,0.33553045988082886
1991-03-04,0.33412083983421326
1991-03-05,0.38205358386039734
1991-03-06,0.3693655729293823
1991-03-07,0.3693655729293823
1991-03-08,0.3609066307544708
1991-03-11,0.3496282398700714
1991-03-12,0.3411693871021271
1991-03-13,0.3439894914627075
1991-03-14,0.32989102602005005
1991-03-15,0.3073343336582184
1991-03-18,0.3186126947402954
1991-03-19,0.3073343336582184
1991-03-20,0.3073343336582184
1991-03-21,0.30310529470443726
1991-03-22,0.30451494455337524
1991-03-25,0.30169564485549927
1991-03-26,0.3313007652759552
1991-03-27,0.34257903695106506
1991-03-28,0.33553045988082886
1991-04-01,0.3439894914627075
1991-04-02,0.3552680015563965
1991-04-03,0.3552680015563965
1991-04-04,0.3496282398700714
1991-04-05,0.3439894914627075
1991-04-08,0.3552680015563965
1991-04-09,0.3538574278354645
1991-04-10,0.3524477481842041
1991-04-11,0.37500429153442383
1991-04-12,0.37782442569732666
1991-04-15,0.3693655729293823
1991-04-16,0.3919220566749573
1991-04-17,0.42575719952583313
1991-04-18,0.42011749744415283
1991-04-19,0.41165950894355774
1991-04-22,0.4130691587924957
1991-04-23,0.42434757947921753
1991-04-24,0.38628268241882324
1991-04-25,0.366546094417572
1991-04-26,0.3609066307544708
1991-04-29,0.34680885076522827
1991-04-30,0.3524477481842041
1991-05-01,0.36795574426651
1991-05-02,0.3552680015563965
1991-05-03,0.3524477481842041
1991-05-06,0.3566775321960449
1991-05-07,0.34680885076522827
1991-05-08,0.3524477481842041
1991-05-09,0.3580872714519501
1991-05-10,0.34821856021881104
1991-05-13,0.3538574278354645
1991-05-14,0.3524477481842041
1991-05-15,0.33553045988082886
1991-05-16,0.34680885076522827
1991-05-17,0.33412083983421326
1991-05-20,0.3313007652759552
1991-05-21,0.32566192746162415
1991-05-22,0.3327111303806305
1991-05-23,0.3270716965198517
1991-05-24,0.3270716965198517
1991-05-28,0.3552680015563965
1991-05-29,0.34257903695106506
1991-05-30,0.366546094417572
1991-05-31,0.37782442569732666
1991-06-03,0.3919220566749573
1991-06-04,0.3891027569770813
1991-06-05,0.38628268241882324
1991-06-06,0.38064372539520264
1991-06-07,0.3834632933139801
1991-06-10,0.37782442569732666
1991-06-11,0.36372607946395874
1991-06-12,0.3439894914627075
1991-06-13,0.34680885076522827
1991-06-14,0.3693655729293823
1991-06-17,0.37218478322029114
1991-06-18,0.3580872714519501
1991-06-19,0.3524477481842041
1991-06-20,0.3439894914627075
1991-06-21,0.3411693871021271
1991-06-24,0.32425227761268616
1991-06-25,0.32002246379852295
1991-06-26,0.3270716965198517
1991-06-27,0.32143279910087585
1991-06-28,0.32143279910087585
1991-07-01,0.3327111303806305
1991-07-02,0.32989102602005005
1991-07-03,0.3270716965198517
1991-07-05,0.32989102602005005
1991-07-08,0.3411693871021271
1991-07-09,0.34257903695106506
1991-07-10,0.3411693871021271
1991-07-11,0.33834996819496155
1991-07-12,0.32425227761268616
1991-07-15,0.3327111303806305
1991-07-16,0.3327111303806305
1991-07-17,0.33694013953208923
1991-07-18,0.3439894914627075
1991-07-19,0.3439894914627075
1991-07-22,0.3411693871021271
1991-07-23,0.33412083983421326
1991-07-24,0.33694013953208923
1991-07-25,0.33553045988082886
1991-07-26,0.3411693871021271
1991-07-29,0.33975955843925476
1991-07-30,0.3496282398700714
1991-07-31,0.366546094417572
1991-08-01,0.37641414999961853
1991-08-02,0.3580872714519501
1991-08-05,0.33694013953208923
1991-08-06,0.33975955843925476
1991-08-07,0.32989102602005005
1991-08-08,0.33834996819496155
1991-08-09,0.33834996819496155
1991-08-12,0.32989102602005005
1991-08-13,0.3157931864261627
1991-08-14,0.3129739463329315
1991-08-15,0.3270716965198517
1991-08-16,0.32284247875213623
1991-08-19,0.3270716965198517
1991-08-20,0.3186126947402954
1991-08-21,0.33694013953208923
1991-08-22,0.33553045988082886
1991-08-23,0.33553045988082886
1991-08-26,0.3580872714519501
1991-08-27,0.3524477481842041
1991-08-28,0.3566775321960449
1991-08-29,0.3496282398700714
1991-08-30,0.33553045988082886
1991-09-03,0.32425227761268616
1991-09-04,0.32143279910087585
1991-09-05,0.32002246379852295
1991-09-06,0.3439894914627075
1991-09-09,0.3524477481842041
1991-09-10,0.3270716965198517
1991-09-11,0.3411693871021271
1991-09-12,0.3327111303806305
1991-09-13,0.32143279910087585
1991-09-16,0.32143279910087585
1991-09-17,0.32425227761268616
1991-09-18,0.32143279910087585
1991-09-19,0.32566192746162415
1991-09-20,0.3270716965198517
1991-09-23,0.32425227761268616
1991-09-24,0.3143836259841919
1991-09-25,0.310154527425766
1991-09-26,0.3157931864261627
1991-09-27,0.308743953704834
1991-09-30,0.29605597257614136
1991-10-01,0.2847776710987091
1991-10-02,0.28195828199386597
1991-10-03,0.26222091913223267
1991-10-04,0.2678605616092682
1991-10-07,0.273499459028244
1991-10-08,0.2706800103187561
1991-10-09,0.26222091913223267
1991-10-10,0.2706800103187561
1991-10-11,0.273499459028244
1991-10-14,0.2875978350639343
1991-10-15,0.3129739463329315
1991-10-16,0.3157931864261627
1991-10-17,0.2946462035179138
1991-10-18,0.29605597257614136
1991-10-21,0.2904171943664551
1991-10-22,0.29887619614601135
1991-10-23,0.2875978350639343
1991-10-24,0.2875978350639343
1991-10-25,0.2875978350639343
1991-10-28,0.2904171943664551
1991-10-29,0.28195828199386597
1991-10-30,0.273499459028244
1991-10-31,0.273499459028244
1991-11-01,0.2706800103187561
1991-11-04,0.2706800103187561
1991-11-05,0.2678605616092682
1991-11-06,0.2791389226913452
1991-11-07,0.2875978350639343
1991-11-08,0.2847776710987091
1991-11-11,0.29887619614601135
1991-11-12,0.29887619614601135
1991-11-13,0.2904171943664551
1991-11-14,0.28195828199386597
1991-11-15,0.2706800103187561
1991-11-18,0.2777290940284729
1991-11-19,0.2664508521556854
1991-11-20,0.2706800103187561
1991-11-21,0.2594016492366791
1991-11-22,0.30451494455337524
1991-11-25,0.32143279910087585
1991-11-26,0.3186126947402954
1991-11-27,0.3073343336582184
1991-11-29,0.30451494455337524
1991-12-02,0.32566192746162415
1991-12-03,0.3327111303806305
1991-12-04,0.32284247875213623
1991-12-05,0.3129739463329315
1991-12-06,0.3073343336582184
1991-12-09,0.30451494455337524
1991-12-10,0.3129739463329315
1991-12-11,0.30451494455337524
1991-12-12,0.3129739463329315
1991-12-13,0.3157931864261627
1991-12-16,0.30592459440231323
1991-12-17,0.30028584599494934
1991-12-18,0.30169564485549927
1991-12-19,0.3073343336582184
1991-12-20,0.3172030448913574
1991-12-23,0.3270716965198517
1991-12-24,0.33834996819496155
1991-12-26,0.36372607946395874
1991-12-27,0.36372607946395874
1991-12-30,0.40038102865219116
1991-12-31,0.3975609838962555
1992-01-02,0.37782442569732666
1992-01-03,0.37782442569732666
1992-01-06,0.3792340159416199
1992-01-07,0.38064372539520264
1992-01-08,0.40320032835006714
1992-01-09,0.42011749744415283
1992-01-10,0.4088394045829773
1992-01-13,0.3975609838962555
1992-01-14,0.406019926071167
1992-01-15,0.4088394045829773
1992-01-16,0.4144788086414337
1992-01-17,0.4313960671424866
1992-01-20,0.4144788086414337
1992-01-21,0.3989707827568054
1992-01-22,0.4313960671424866
1992-01-23,0.4342162311077118
1992-01-24,0.4285765290260315
1992-01-27,0.42575719952583313
1992-01-28,0.4313960671424866
1992-01-29,0.4398549497127533
1992-01-30,0.4313960671424866
1992-01-31,0.43280571699142456
1992-02-03,0.42575719952583313
1992-02-04,0.4398549497127533
1992-02-05,0.43844515085220337
1992-02-06,0.4398549497127533
1992-02-07,0.4271668791770935
1992-02-10,0.44549447298049927
1992-02-11,0.4370356798171997
1992-02-12,0.5131644606590271
1992-02-13,0.5103442072868347
1992-02-14,0.4906075596809387
1992-02-18,0.4906075596809387
1992-02-19,0.4990662932395935
1992-02-20,0.5117539763450623
1992-02-21,0.5117539763450623
1992-02-24,0.506115198135376
1992-02-25,0.5075249075889587
1992-02-26,0.5075249075889587
1992-02-27,0.5018860697746277
1992-02-28,0.4906075596809387
1992-03-02,0.4877878725528717
1992-03-03,0.49624648690223694
1992-03-04,0.5159837603569031
1992-03-05,0.5075249075889587
1992-03-06,0.5103442072868347
1992-03-09,0.4990662932395935
1992-03-10,0.5047054886817932
1992-03-11,0.5075249075889587
1992-03-12,0.4906075596809387
1992-03-13,0.4849681854248047
1992-03-16,0.4849681854248047
1992-03-17,0.5075249075889587
1992-03-18,0.532900869846344
1992-03-19,0.5230323076248169
1992-03-20,0.5286719799041748
1992-03-23,0.5188032984733582
1992-03-24,0.49624648690223694
1992-03-25,0.47509974241256714
1992-03-26,0.4765092432498932
1992-03-27,0.47087034583091736
1992-03-30,0.44408419728279114
1992-03-31,0.44972360134124756
1992-04-01,0.44831380248069763
1992-04-02,0.42575719952583313
1992-04-03,0.44549447298049927
1992-04-06,0.44549447298049927
1992-04-07,0.41165950894355774
1992-04-08,0.4172981083393097
1992-04-09,0.4342162311077118
1992-04-10,0.42011749744415283
1992-04-13,0.44549447298049927
1992-04-14,0.44831380248069763
1992-04-15,0.4595922827720642
1992-04-16,0.46241167187690735
1992-04-20,0.4342162311077118
1992-04-21,0.4144788086414337
1992-04-22,0.4172981083393097
1992-04-23,0.4342162311077118
1992-04-24,0.4285765290260315
1992-04-27,0.41165950894355774
1992-04-28,0.39474162459373474
1992-04-29,0.4285765290260315
1992-04-30,0.4172981083393097
1992-05-01,0.4285765290260315
1992-05-04,0.4172981083393097
1992-05-05,0.4144788086414337
1992-05-06,0.41165950894355774
1992-05-07,0.4285765290260315
1992-05-08,0.4313960671424866
1992-05-11,0.41165950894355774
1992-05-12,0.4285765290260315
1992-05-13,0.47368982434272766
1992-05-14,0.46805131435394287
1992-05-15,0.47368982434272766
1992-05-18,0.4567727744579315
1992-05-19,0.46523091197013855
1992-05-20,0.46805131435394287
1992-05-21,0.4567727744579315
1992-05-22,0.46241167187690735
1992-05-26,0.47087034583091736
1992-05-27,0.47932934761047363
1992-05-28,0.5018860697746277
1992-05-29,0.5075249075889587
1992-06-01,0.47932934761047363
1992-06-02,0.47932934761047363
1992-06-03,0.47368982434272766
1992-06-04,0.47368982434272766
1992-06-05,0.4906075596809387
1992-06-08,0.5018860697746277
1992-06-09,0.49624648690223694
1992-06-10,0.47932934761047363
1992-06-11,0.4821487367153168
1992-06-12,0.49624648690223694
1992-06-15,0.4821487367153168
1992-06-16,0.47932934761047363
1992-06-17,0.44549447298049927
1992-06-18,0.41165950894355774
1992-06-19,0.4342162311077118
1992-06-22,0.4088394045829773
1992-06-23,0.3891027569770813
1992-06-24,0.406019926071167
1992-06-25,0.4088394045829773
1992-06-26,0.41165950894355774
1992-06-29,0.44549447298049927
1992-06-30,0.4511331617832184
1992-07-01,0.4849681854248047
1992-07-02,0.4285765290260315
1992-07-06,0.4285765290260315
1992-07-07,0.4144788086414337
1992-07-08,0.4398549497127533
1992-07-09,0.4285765290260315
1992-07-10,0.4285765290260315
1992-07-13,0.4342162311077118
1992-07-14,0.4285765290260315
1992-07-15,0.4342162311077118
1992-07-16,0.4342162311077118
1992-07-17,0.42293766140937805
1992-07-20,0.4285765290260315
1992-07-21,0.42575719952583313
1992-07-22,0.4285765290260315
1992-07-23,0.42293766140937805
1992-07-24,0.4285765290260315
1992-07-27,0.4511331617832184
1992-07-28,0.46805131435394287
1992-07-29,0.47932934761047363
1992-07-30,0.4906075596809387
1992-07-31,0.49624648690223694
1992-08-03,0.5018860697746277
1992-08-04,0.5075249075889587
1992-08-05,0.5131644606590271
1992-08-06,0.49624648690223694
1992-08-07,0.49342721700668335
1992-08-10,0.5018860697746277
1992-08-11,0.49624648690223694
1992-08-12,0.5695560574531555
1992-08-13,0.5526383519172668
1992-08-14,0.5357211232185364
1992-08-17,0.5357211232185364
1992-08-18,0.5413600206375122
1992-08-19,0.5413600206375122
1992-08-20,0.5357211232185364
1992-08-21,0.5357211232185364
1992-08-24,0.5188032984733582
1992-08-25,0.5075249075889587
1992-08-26,0.5357211232185364
1992-08-27,0.5526383519172668
1992-08-28,0.5385404825210571
1992-08-31,0.5300816893577576
1992-09-01,0.5441792607307434
1992-09-02,0.555457592010498
1992-09-03,0.5469995141029358
1992-09-04,0.5469995141029358
1992-09-08,0.5498190522193909
1992-09-09,0.5526383519172668
1992-09-10,0.5864734649658203
1992-09-11,0.6033912897109985
1992-09-14,0.6203081607818604
1992-09-15,0.5921127200126648
1992-09-16,0.5864734649658203
1992-09-17,0.5836538672447205
1992-09-18,0.6033912897109985
1992-09-21,0.6174887418746948
1992-09-22,0.5977517366409302
1992-09-23,0.625947892665863
1992-09-24,0.6203081607818604
1992-09-25,0.5864734649658203
1992-09-28,0.5921127200126648
1992-09-29,0.6033912897109985
1992-09-30,0.6146692633628845
1992-10-01,0.5864734649658203
1992-10-02,0.5808343887329102
1992-10-05,0.5808343887329102
1992-10-06,0.6203081607818604
1992-10-07,0.6315863728523254
1992-10-08,0.6372259855270386
1992-10-09,0.6062105894088745
1992-10-12,0.6118491888046265
1992-10-13,0.6287672519683838
1992-10-14,0.6344060897827148
1992-10-15,0.6287672519683838
1992-10-16,0.6287672519683838
1992-10-19,0.6513238549232483
1992-10-20,0.6287672519683838
1992-10-21,0.6597827672958374
1992-10-22,0.6513238549232483
1992-10-23,0.6597827672958374
1992-10-26,0.6513238549232483
1992-10-27,0.6541433930397034
1992-10-28,0.6597827672958374
1992-10-29,0.6766999363899231
1992-10-30,0.6654216051101685
1992-11-02,0.6766999363899231
1992-11-03,0.6682409644126892
1992-11-04,0.6710609197616577
1992-11-05,0.7105351686477661
1992-11-06,0.7133542895317078
1992-11-09,0.750009298324585
1992-11-10,0.7556480765342712
1992-11-11,0.7528287768363953
1992-11-12,0.7612874507904053
1992-11-13,0.7894832491874695
1992-11-16,0.7810244560241699
1992-11-17,0.750009298324585
1992-11-18,0.7894832491874695
1992-11-19,0.812039852142334
1992-11-20,0.8289576172828674
1992-11-23,0.8064006567001343
1992-11-24,0.8092206716537476
1992-11-25,0.8176794648170471
1992-11-27,0.8204990029335022
1992-11-30,0.8176794648170471
1992-12-01,0.8176794648170471
1992-12-02,0.8176794648170471
1992-12-03,0.8007614016532898
1992-12-04,0.8176794648170471
1992-12-07,0.8740713596343994
1992-12-08,0.8515143990516663
1992-12-09,0.812039852142334
1992-12-10,0.8007614016532898
1992-12-11,0.7782047986984253
1992-12-14,0.7669265866279602
1992-12-15,0.7556480765342712
1992-12-16,0.7443695664405823
1992-12-17,0.823318362236023
1992-12-18,0.7979423403739929
1992-12-21,0.7725661396980286
1992-12-22,0.7669265866279602
1992-12-23,0.7669265866279602
1992-12-24,0.7810244560241699
1992-12-28,0.7725661396980286
1992-12-29,0.7697460651397705
1992-12-30,0.7697460651397705
1992-12-31,0.7612874507904053
1993-01-04,0.7584675550460815
1993-01-05,0.7782047986984253
1993-01-06,0.8402355909347534
1993-01-07,0.854333758354187
1993-01-08,0.8402355909347534
1993-01-11,0.857153058052063
1993-01-12,0.823318362236023
1993-01-13,0.8458746075630188
1993-01-14,0.8684316277503967
1993-01-15,0.8402355909347534
1993-01-18,0.857153058052063
1993-01-19,0.8345962166786194
1993-01-20,0.8064006567001343
1993-01-21,0.8345962166786194
1993-01-22,0.8345962166786194
1993-01-25,0.848694384098053
1993-01-26,0.8515143990516663
1993-01-27,0.8345962166786194
1993-01-28,0.7894832491874695
1993-01-29,0.7894832491874695
1993-02-01,0.8148592710494995
1993-02-02,0.857153058052063
1993-02-03,0.8684316277503967
1993-02-04,0.8712510466575623
1993-02-05,0.8458746075630188
1993-02-08,0.8458746075630188
1993-02-09,0.823318362236023
1993-02-10,0.8176794648170471
1993-02-11,0.8740713596343994
1993-02-12,0.8345962166786194
1993-02-16,0.7894832491874695
1993-02-17,0.8289576172828674
1993-02-18,0.8458746075630188
1993-02-19,0.8345962166786194
1993-02-22,0.8458746075630188
1993-02-23,0.857153058052063
1993-02-24,0.8881689310073853
1993-02-25,0.8909881114959717
1993-02-26,0.9079062342643738
1993-03-01,0.9191845655441284
1993-03-02,0.9389210939407349
1993-03-03,0.9614776372909546
1993-03-04,0.9755764603614807
1993-03-05,0.9924929738044739
1993-03-08,1.0094109773635864
1993-03-09,1.0094109773635864
1993-03-10,0.9840340614318848
1993-03-11,0.9812144041061401
1993-03-12,1.0094109773635864
1993-03-15,1.020688772201538
1993-03-16,1.012230396270752
1993-03-17,0.9586579203605652
1993-03-18,0.9840340614318848
1993-03-19,0.9530192017555237
1993-03-22,0.9473796486854553
1993-03-23,0.9755764603614807
1993-03-24,0.9755764603614807
1993-03-25,0.9953126907348633
1993-03-26,0.9924929738044739
1993-03-29,1.0009522438049316
1993-03-30,0.9840340614318848
1993-03-31,0.9699363708496094
1993-04-01,0.9304627180099487
1993-04-02,0.8966276049613953
1993-04-05,0.9022663235664368
1993-04-06,0.8994472026824951
1993-04-07,0.9276429414749146
1993-04-08,0.9558391571044922
1993-04-12,0.9586579203605652
1993-04-13,0.9642974734306335
1993-04-14,0.9135449528694153
1993-04-15,0.8825293779373169
1993-04-16,0.8627928495407104
1993-04-19,0.8938078880310059
1993-04-20,0.8853495121002197
1993-04-21,0.8909881114959717
1993-04-22,0.8966276049613953
1993-04-23,0.8627928495407104
1993-04-26,0.8261378407478333
1993-04-27,0.8740713596343994
1993-04-28,0.9163645505905151
1993-04-29,0.9530192017555237
1993-04-30,0.9614776372909546
1993-05-03,0.9699363708496094
1993-05-04,1.0376065969467163
1993-05-05,1.071441411972046
1993-05-06,1.051703929901123
1993-05-07,1.0629823207855225
1993-05-10,1.0601633787155151
1993-05-11,1.0601633787155151
1993-05-12,1.1278331279754639
1993-05-13,1.1362918615341187
1993-05-14,1.1475704908370972
1993-05-17,1.1532093286514282
1993-05-18,1.189863920211792
1993-05-19,1.189863920211792
1993-05-20,1.2067818641662598
1993-05-21,1.1729469299316406
1993-05-24,1.1278331279754639
1993-05-25,1.1447508335113525
1993-05-26,1.1926829814910889
1993-05-27,1.189863920211792
1993-05-28,1.167307734489441
1993-06-01,1.1983222961425781
1993-06-02,1.212421178817749
1993-06-03,1.218059778213501
1993-06-04,1.2067818641662598
1993-06-07,1.1926829814910889
1993-06-08,1.1306524276733398
1993-06-09,1.1306524276733398
1993-06-10,1.1503896713256836
1993-06-11,1.201142430305481
1993-06-14,1.212421178817749
1993-06-15,1.2293376922607422
1993-06-16,1.271632432937622
1993-06-17,1.265992522239685
1993-06-18,1.2349774837493896
1993-06-21,1.1955034732818604
1993-06-22,1.2349774837493896
1993-06-23,1.2067818641662598
1993-06-24,1.1447508335113525
1993-06-25,1.1757659912109375
1993-06-28,1.2293376922607422
1993-06-29,1.2518949508666992
1993-06-30,1.218059778213501
1993-07-01,1.2349774837493896
1993-07-02,1.2631727457046509
1993-07-06,1.2518949508666992
1993-07-07,1.2349774837493896
1993-07-08,1.220879077911377
1993-07-09,1.2406163215637207
1993-07-12,1.2998276948928833
1993-07-13,1.330843210220337
1993-07-14,1.3900541067123413
1993-07-15,1.3364826440811157
1993-07-16,1.2913694381713867
1993-07-19,1.3139265775680542
1993-07-20,1.330843210220337
1993-07-21,1.325204849243164
1993-07-22,1.3393025398254395
1993-07-23,1.3533998727798462
1993-07-26,1.3449411392211914
1993-07-27,1.3505803346633911
1993-07-28,1.3928742408752441
1993-07-29,1.4379878044128418
1993-07-30,1.4887391328811646
1993-08-02,1.4887391328811646
1993-08-03,1.4774614572525024
1993-08-04,1.4774614572525024
1993-08-05,1.4971988201141357
1993-08-06,1.5282143354415894
1993-08-09,1.578966498374939
1993-08-10,1.578966498374939
1993-08-11,1.5366727113723755
1993-08-12,1.5394927263259888
1993-08-13,1.5394927263259888
1993-08-16,1.5846052169799805
1993-08-17,1.5902444124221802
1993-08-18,1.666373610496521
1993-08-19,1.6381779909133911
1993-08-20,1.6409980058670044
1993-08-23,1.6297190189361572
1993-08-24,1.624079704284668
1993-08-25,1.5902444124221802
1993-08-26,1.5197550058364868
1993-08-27,1.5338531732559204
1993-08-30,1.576147437095642
1993-08-31,1.6184413433074951
1993-09-01,1.6297190189361572
1993-09-02,1.6381779909133911
1993-09-03,1.6015228033065796
1993-09-07,1.5225744247436523
1993-09-08,1.4718222618103027
1993-09-09,1.5338531732559204
1993-09-10,1.6156210899353027
1993-09-13,1.5705070495605469
1993-09-14,1.5423117876052856
1993-09-15,1.6156210899353027
1993-09-16,1.6015228033065796
1993-09-17,1.624079704284668
1993-09-20,1.680470585823059
1993-09-21,1.6579145193099976
1993-09-22,1.7509613037109375
1993-09-23,1.7453216314315796
1993-09-24,1.714306116104126
1993-09-27,1.6973894834518433
1993-09-28,1.7706985473632812
1993-09-29,1.6438168287277222
1993-09-30,1.6128009557724
1993-10-01,1.6720128059387207
1993-10-04,1.714306116104126
1993-10-05,1.6071627140045166
1993-10-06,1.5451314449310303
1993-10-07,1.4097915887832642
1993-10-08,1.578966498374939
1993-10-11,1.6691924333572388
1993-10-12,1.6522761583328247
1993-10-13,1.5620492696762085
1993-10-14,1.5620492696762085
1993-10-15,1.578966498374939
1993-10-18,1.4887391328811646
1993-10-19,1.3872346878051758
1993-10-20,1.2913694381713867
1993-10-21,1.330843210220337
1993-10-22,1.3872346878051758
1993-10-25,1.4097915887832642
1993-10-26,1.3533998727798462
1993-10-27,1.4097915887832642
1993-10-28,1.3872346878051758
1993-10-29,1.4210703372955322
1993-11-01,1.5338531732559204
1993-11-02,1.5564095973968506
1993-11-03,1.4097915887832642
1993-11-04,1.3590391874313354
1993-11-05,1.3985129594802856
1993-11-08,1.4943790435791016
1993-11-09,1.5112961530685425
1993-11-10,1.6579145193099976
1993-11-11,1.6128009557724
1993-11-12,1.624079704284668
1993-11-15,1.5846052169799805
1993-11-16,1.578966498374939
1993-11-17,1.5225744247436523
1993-11-18,1.4549049139022827
1993-11-19,1.4379878044128418
1993-11-22,1.3533998727798462
1993-11-23,1.4774614572525024
1993-11-24,1.5338531732559204
1993-11-26,1.5846052169799805
1993-11-29,1.578966498374939
1993-11-30,1.5902444124221802
1993-12-01,1.6635539531707764
1993-12-02,1.6691924333572388
1993-12-03,1.7030283212661743
1993-12-06,1.6128009557724
1993-12-07,1.6015228033065796
1993-12-08,1.5846052169799805
1993-12-09,1.5338531732559204
1993-12-10,1.5564095973968506
1993-12-13,1.5902444124221802
1993-12-14,1.5902444124221802
1993-12-15,1.5564095973968506
1993-12-16,1.5564095973968506
1993-12-17,1.5564095973968506
1993-12-20,1.5676875114440918
1993-12-21,1.5338531732559204
1993-12-22,1.5564095973968506
1993-12-23,1.5733275413513184
1993-12-27,1.6579145193099976
1993-12-28,1.7030283212661743
1993-12-29,1.714306116104126
1993-12-30,1.731224775314331
1993-12-31,1.7481420040130615
1994-01-03,1.7030283212661743
1994-01-04,1.6917492151260376
1994-01-05,1.7368632555007935
1994-01-06,1.714306116104126
1994-01-07,1.7030283212661743
1994-01-10,1.8045326471328735
1994-01-11,1.8045326471328735
1994-01-12,1.8722039461135864
1994-01-13,1.8947592973709106
1994-01-14,1.90603768825531
1994-01-17,1.922955870628357
1994-01-18,1.9116783142089844
1994-01-19,1.8552861213684082
1994-01-20,1.90603768825531
1994-01-21,1.9285943508148193
1994-01-24,1.973708152770996
1994-01-25,1.9680689573287964
1994-01-26,1.9398727416992188
1994-01-27,1.9624288082122803
1994-01-28,1.973708152770996
1994-01-31,1.990626335144043
1994-02-01,2.0357391834259033
1994-02-02,2.0752131938934326
1994-02-03,2.052656412124634
1994-02-04,1.90603768825531
1994-02-07,1.9624288082122803
1994-02-08,2.0752131938934326
1994-02-09,2.0752131938934326
1994-02-10,2.024460792541504
1994-02-11,2.052656412124634
1994-02-14,2.086491584777832
1994-02-15,2.142882823944092
1994-02-16,2.233109951019287
1994-02-17,2.1879966259002686
1994-02-18,2.2218310832977295
1994-02-22,2.266944169998169
1994-02-23,2.2105534076690674
1994-02-24,2.1823573112487793
1994-02-25,2.1372439861297607
1994-02-28,2.142882823944092
1994-03-01,2.1879966259002686
1994-03-02,2.063934087753296
1994-03-03,2.114687919616699
1994-03-04,2.1203267574310303
1994-03-07,2.142882823944092
1994-03-08,2.0752131938934326
1994-03-09,2.1259655952453613
1994-03-10,2.1034083366394043
1994-03-11,2.1823573112487793
1994-03-14,2.2105534076690674
1994-03-15,2.2556662559509277
1994-03-16,2.2725837230682373
1994-03-17,2.3346149921417236
1994-03-18,2.312058448791504
1994-03-21,2.2782232761383057
1994-03-22,2.2951409816741943
1994-03-23,2.2556662559509277
1994-03-24,2.1879966259002686
1994-03-25,2.0808520317077637
1994-03-28,2.0808520317077637
1994-03-29,2.007542610168457
1994-03-30,1.9173158407211304
1994-03-31,2.007542610168457
1994-04-04,2.030099630355835
1994-04-05,2.2105534076690674
1994-04-06,2.1598000526428223
1994-04-07,2.142882823944092
1994-04-08,2.086491584777832
1994-04-11,2.142882823944092
1994-04-12,1.9511522054672241
1994-04-13,1.8383681774139404
1994-04-14,1.8947592973709106
1994-04-15,1.8609246015548706
1994-04-18,1.7988944053649902
1994-04-19,1.6973894834518433
1994-04-20,1.7481420040130615
1994-04-21,1.9398727416992188
1994-04-22,1.914496660232544
1994-04-25,1.9511522054672241
1994-04-26,1.973708152770996
1994-04-28,1.9285943508148193
1994-04-29,2.007542610168457
1994-05-02,2.086491584777832
1994-05-03,2.007542610168457
1994-05-04,1.90603768825531
1994-05-05,1.973708152770996
1994-05-06,1.9962658882141113
1994-05-09,1.9285943508148193
1994-05-10,1.973708152770996
1994-05-11,1.9398727416992188
1994-05-12,2.0019044876098633
1994-05-13,1.9511522054672241
1994-05-16,1.8383681774139404
1994-05-17,1.8158119916915894
1994-05-18,1.9455134868621826
1994-05-19,1.9511522054672241
1994-05-20,1.9455134868621826
1994-05-23,1.9511522054672241
1994-05-24,1.973708152770996
1994-05-25,1.9624288082122803
1994-05-26,1.8947592973709106
1994-05-27,1.9342344999313354
1994-05-31,1.9680689573287964
1994-06-01,2.1090478897094727
1994-06-02,2.086491584777832
1994-06-03,2.041377305984497
1994-06-06,2.0752131938934326
1994-06-07,1.9849859476089478
1994-06-08,1.8383681774139404
1994-06-09,1.7481420040130615
1994-06-10,1.8045326471328735
1994-06-13,1.7988944053649902
1994-06-14,1.8270899057388306
1994-06-15,1.8609246015548706
1994-06-16,1.9173158407211304
1994-06-17,1.8609246015548706
1994-06-20,1.8101733922958374
1994-06-21,1.7537806034088135
1994-06-22,1.8158119916915894
1994-06-23,1.7594197988510132
1994-06-24,1.8101733922958374
1994-06-27,1.8863012790679932
1994-06-28,1.9680689573287964
1994-06-29,1.9849859476089478
1994-06-30,1.9285943508148193
1994-07-01,1.9398727416992188
1994-07-05,1.9285943508148193
1994-07-06,1.9511522054672241
1994-07-07,1.9962658882141113
1994-07-08,2.0808520317077637
1994-07-11,2.142882823944092
1994-07-12,2.1879966259002686
1994-07-13,2.2161929607391357
1994-07-14,2.1541614532470703
1994-07-15,2.041377305984497
1994-07-18,2.007542610168457
1994-07-19,1.9511522054672241
1994-07-20,1.9003996849060059
1994-07-21,1.9849859476089478
1994-07-22,2.024460792541504
1994-07-25,1.9962658882141113
1994-07-26,1.973708152770996
1994-07-27,1.9116783142089844
1994-07-28,1.9398727416992188
1994-07-29,2.0188212394714355
1994-08-01,2.0695745944976807
1994-08-02,2.097769260406494
1994-08-03,2.097769260406494
1994-08-04,2.097769260406494
1994-08-05,2.097769260406494
1994-08-08,2.1372439861297607
1994-08-09,2.1541614532470703
1994-08-10,2.2782232761383057
1994-08-11,2.300779342651367
1994-08-12,2.29232120513916
1994-08-15,2.3064191341400146
1994-08-16,2.357170343399048
1994-08-17,2.3458938598632812
1994-08-18,2.3346149921417236
1994-08-19,2.266944169998169
1994-08-22,2.3346149921417236
1994-08-23,2.3684494495391846
1994-08-24,2.300779342651367
1994-08-25,2.300779342651367
1994-08-26,2.3684494495391846
1994-08-29,2.2838618755340576
1994-08-30,2.3458938598632812
1994-08-31,2.2782232761383057
1994-09-01,2.1710784435272217
1994-09-02,2.2218310832977295
1994-09-06,2.1598000526428223
1994-09-07,2.1823573112487793
1994-09-08,2.2161929607391357
1994-09-09,2.199275493621826
1994-09-12,2.17671799659729
1994-09-13,2.204913377761841
1994-09-14,2.199275493621826
1994-09-15,2.2443881034851074
1994-09-16,2.300779342651367
1994-09-19,2.312058448791504
1994-09-20,2.165440082550049
1994-09-21,2.0752131938934326
1994-09-22,2.0752131938934326
1994-09-23,2.1005897521972656
1994-09-26,2.086491584777832
1994-09-27,2.052656412124634
1994-09-28,2.030099630355835
1994-09-29,2.052656412124634
1994-09-30,2.1090478897094727
1994-10-03,2.0695745944976807
1994-10-04,1.9398727416992188
1994-10-05,1.9962658882141113
1994-10-06,1.9680689573287964
1994-10-07,2.007542610168457
1994-10-10,2.1203267574310303
1994-10-11,2.1879966259002686
1994-10-12,2.1203267574310303
1994-10-13,2.0921308994293213
1994-10-14,2.0695745944976807
1994-10-17,2.007542610168457
1994-10-18,2.0188212394714355
1994-10-19,2.165440082550049
1994-10-20,2.097769260406494
1994-10-21,2.148522138595581
1994-10-24,2.1598000526428223
1994-10-25,2.199275493621826
1994-10-26,2.233109951019287
1994-10-27,2.300779342651367
1994-10-28,2.3458938598632812
1994-10-31,2.3458938598632812
1994-11-01,2.250028133392334
1994-11-02,2.3035988807678223
1994-11-03,2.2443881034851074
1994-11-04,2.204913377761841
1994-11-07,2.17671799659729
1994-11-08,2.312058448791504
1994-11-09,2.28668212890625
1994-11-10,2.238748550415039
1994-11-11,2.233109951019287
1994-11-14,2.2782232761383057
1994-11-15,2.3346149921417236
1994-11-16,2.3064191341400146
1994-11-17,2.2895009517669678
1994-11-18,2.3346149921417236
1994-11-21,2.300779342651367
1994-11-22,2.238748550415039
1994-11-23,2.2218310832977295
1994-11-25,2.312058448791504
1994-11-28,2.3346149921417236
1994-11-29,2.3684494495391846
1994-11-30,2.1598000526428223
1994-12-01,2.0470173358917236
1994-12-02,2.097769260406494
1994-12-05,2.0808520317077637
1994-12-06,2.041377305984497
1994-12-07,1.973708152770996
1994-12-08,1.8609246015548706
1994-12-09,1.9511522054672241
1994-12-12,1.90603768825531
1994-12-13,1.8947592973709106
1994-12-14,1.9849859476089478
1994-12-15,1.90603768825531
1994-12-16,1.8327298164367676
1994-12-19,1.8496466875076294
1994-12-20,1.8270899057388306
1994-12-21,1.8750228881835938
1994-12-22,1.8496466875076294
1994-12-23,1.8270899057388306
1994-12-27,1.90603768825531
1994-12-28,1.9398727416992188
1994-12-29,1.9511522054672241
1994-12-30,1.90603768825531
1995-01-03,1.8158119916915894
1995-01-04,1.8045326471328735
1995-01-05,1.8270899057388306
1995-01-06,1.8383681774139404
1995-01-09,1.8834811449050903
1995-01-10,1.9398727416992188
1995-01-11,1.9342344999313354
1995-01-12,1.9624288082122803
1995-01-13,1.9398727416992188
1995-01-16,2.007542610168457
1995-01-17,1.9962658882141113
1995-01-18,1.9849859476089478
1995-01-19,1.9567919969558716
1995-01-20,1.90603768825531
1995-01-23,1.8778431415557861
1995-01-24,1.9342344999313354
1995-01-25,1.8270899057388306
1995-01-26,1.7594197988510132
1995-01-27,1.821451187133789
1995-01-30,1.7368632555007935
1995-01-31,1.7368632555007935
1995-02-01,1.7594197988510132
1995-02-02,1.8270899057388306
1995-02-03,1.8496466875076294
1995-02-06,1.922955870628357
1995-02-07,1.9173158407211304
1995-02-08,1.90603768825531
1995-02-09,1.9680689573287964
1995-02-10,2.007542610168457
1995-02-13,2.030099630355835
1995-02-14,2.0188212394714355
1995-02-15,2.1203267574310303
1995-02-16,2.1203267574310303
1995-02-17,2.0611155033111572
1995-02-21,2.063934087753296
1995-02-22,2.063934087753296
1995-02-23,2.086491584777832
1995-02-24,2.1203267574310303
1995-02-27,2.052656412124634
1995-02-28,2.0808520317077637
1995-03-01,2.1090478897094727
1995-03-02,2.1541614532470703
1995-03-03,2.1879966259002686
1995-03-06,2.2218310832977295
1995-03-07,2.165440082550049
1995-03-08,2.165440082550049
1995-03-09,2.2218310832977295
1995-03-10,2.2443881034851074
1995-03-13,2.29232120513916
1995-03-14,2.3628101348876953
1995-03-15,2.351532459259033
1995-03-16,2.337435007095337
1995-03-17,2.469954013824463
1995-03-20,2.515068531036377
1995-03-21,2.577098846435547
1995-03-22,2.5376245975494385
1995-03-23,2.6052944660186768
1995-03-24,2.6729648113250732
1995-03-27,2.7067997455596924
1995-03-28,2.6729648113250732
1995-03-29,2.5714595317840576
1995-03-30,2.4586753845214844
1995-03-31,2.4868719577789307
1995-04-03,2.4755945205688477
1995-04-04,2.4248414039611816
1995-04-05,2.49251127243042
1995-04-06,2.49251127243042
1995-04-07,2.5714595317840576
1995-04-10,2.5940167903900146
1995-04-11,2.543264865875244
1995-04-12,2.582737922668457
1995-04-13,2.62785267829895
1995-04-17,2.5094285011291504
1995-04-18,2.4812326431274414
1995-04-19,2.4586753845214844
1995-04-20,2.4586753845214844
1995-04-21,2.498150587081909
1995-04-24,2.6165735721588135
1995-04-25,2.684242010116577
1995-04-26,2.785747766494751
1995-04-27,2.7406346797943115
1995-04-28,2.780109167098999
1995-05-01,2.7293567657470703
1995-05-02,2.7124404907226562
1995-05-03,2.751912832260132
1995-05-04,2.7970259189605713
1995-05-05,2.763190507888794
1995-05-08,2.8421406745910645
1995-05-09,2.8308615684509277
1995-05-10,2.8195831775665283
1995-05-11,2.9436440467834473
1995-05-12,3.0000357627868652
1995-05-15,3.0000357627868652
1995-05-16,3.1015422344207764
1995-05-17,3.6210498809814453
1995-05-18,3.6429014205932617
1995-05-19,3.609065294265747
1995-05-22,3.710571765899658
1995-05-23,3.8007988929748535
1995-05-24,3.755685329437256
1995-05-25,3.721849203109741
1995-05-26,3.57523250579834
1995-05-30,3.4116969108581543
1995-05-31,3.473726511001587
1995-06-01,3.5808699131011963
1995-06-02,3.704932928085327
1995-06-05,3.688014507293701
1995-06-06,3.609065294265747
1995-06-07,3.5865094661712646
1995-06-08,3.5977883338928223
1995-06-09,3.6429014205932617
1995-06-12,3.5413970947265625
1995-06-13,3.5075602531433105
1995-06-14,3.654179811477661
1995-06-15,3.744407892227173
1995-06-16,3.654179811477661
1995-06-19,3.744407892227173
1995-06-20,3.8459110260009766
1995-06-21,3.7782397270202637
1995-06-22,3.9079434871673584
1995-06-23,3.910761833190918
1995-06-26,3.8487308025360107
1995-06-27,3.8007988929748535
1995-06-28,3.7331278324127197
1995-06-29,3.9135830402374268
1995-06-30,3.9079434871673584
1995-07-03,3.8684685230255127
1995-07-05,3.947416305541992
1995-07-06,4.139148235321045
1995-07-07,4.432385444641113
1995-07-10,4.522609710693359
1995-07-11,4.443662166595459
1995-07-12,4.522609710693359
1995-07-13,4.635395050048828
1995-07-14,4.61847448348999
1995-07-17,4.669229984283447
1995-07-18,4.556446552276611
1995-07-19,4.392910480499268
1995-07-20,4.387270927429199
1995-07-21,4.285765647888184
1995-07-24,4.50005578994751
1995-07-25,4.652312755584717
1995-07-26,4.8440446853637695
1995-07-27,4.748178482055664
1995-07-28,4.595919609069824
1995-07-31,4.669229984283447
1995-08-01,4.454939842224121
1995-08-02,4.319599151611328
1995-08-03,4.172983169555664
1995-08-04,4.342155933380127
1995-08-07,4.375993251800537
1995-08-08,4.398550987243652
1995-08-09,4.522609710693359
1995-08-10,4.522609710693359
1995-08-11,4.590281009674072
1995-08-14,4.714340686798096
1995-08-15,4.680508613586426
1995-08-16,5.334651947021484
1995-08-17,5.244423866271973
1995-08-18,5.109084606170654
1995-08-21,4.736898899078369
1995-08-22,5.001940727233887
1995-08-23,5.086528778076172
1995-08-24,4.98502254486084
1995-08-25,4.849682807922363
1995-08-28,4.770731449127197
1995-08-29,4.725619316101074
1995-08-30,4.646671295166016
1995-08-31,4.6917877197265625
1995-09-01,4.714340686798096
1995-09-05,4.973743438720703
1995-09-06,5.018857002258301
1995-09-07,4.8947954177856445
1995-09-08,4.928630828857422
1995-09-11,5.063970565795898
1995-09-12,4.917350769042969
1995-09-13,4.922993183135986
1995-09-14,4.748178482055664
1995-09-15,4.533888339996338
1995-09-18,4.556446552276611
1995-09-19,4.669229984283447
1995-09-20,4.719983100891113
1995-09-21,4.601558685302734
1995-09-22,4.522609710693359
1995-09-25,4.550809860229492
1995-09-26,4.471858024597168
1995-09-27,4.454939842224121
1995-09-28,4.719983100891113
1995-09-29,4.612838268280029
1995-10-02,4.522609710693359
1995-10-03,4.409826755523682
1995-10-04,4.189900875091553
1995-10-05,4.297043323516846
1995-10-06,4.229374885559082
1995-10-09,4.094034194946289
1995-10-10,4.133510589599609
1995-10-11,4.297043323516846
1995-10-12,4.443662166595459
1995-10-13,4.285765647888184
1995-10-16,4.297043323516846
1995-10-17,4.5790019035339355
1995-10-18,4.533888339996338
1995-10-19,4.488776206970215
1995-10-20,4.297043323516846
1995-10-23,4.421106815338135
1995-10-24,4.35343599319458
1995-10-25,4.195538520812988
1995-10-26,4.218095779418945
1995-10-27,4.421106815338135
1995-10-30,4.601558685302734
1995-10-31,4.522609710693359
1995-11-01,4.454939842224121
1995-11-02,4.748178482055664
1995-11-03,4.99630069732666
1995-11-06,4.860959053039551
1995-11-07,4.398550987243652
1995-11-08,4.308322906494141
1995-11-09,4.6917877197265625
1995-11-10,4.680508613586426
1995-11-13,4.50005578994751
1995-11-14,4.150426387786865
1995-11-15,4.127868175506592
1995-11-16,4.308322906494141
1995-11-17,4.20681619644165
1995-11-20,3.8571887016296387
1995-11-21,3.947416305541992
1995-11-22,3.755685329437256
1995-11-24,3.8233556747436523
1995-11-27,3.8007988929748535
1995-11-28,4.172983169555664
1995-11-29,4.342155933380127
1995-11-30,4.387270927429199
1995-12-01,4.2406535148620605
1995-12-04,4.285765647888184
1995-12-05,4.195538520812988
1995-12-06,4.094034194946289
1995-12-07,4.00380802154541
1995-12-08,4.139148235321045
1995-12-11,4.297043323516846
1995-12-12,4.037642478942871
1995-12-13,4.105312824249268
1995-12-14,3.8797454833984375
1995-12-15,3.7895185947418213
1995-12-18,3.496284008026123
1995-12-19,3.8797454833984375
1995-12-20,3.6654586791992188
1995-12-21,3.8007988929748535
1995-12-22,3.8007988929748535
1995-12-26,3.8459110260009766
1995-12-27,3.7895185947418213
1995-12-28,3.6316239833831787
1995-12-29,3.552675247192383
1996-01-02,3.7331278324127197
1996-01-03,3.383498430252075
1996-01-04,3.434253454208374
1996-01-05,3.366581916809082
1996-01-08,3.3722221851348877
1996-01-09,3.0338711738586426
1996-01-10,3.0789847373962402
1996-01-11,3.248159408569336
1996-01-12,3.1804888248443604
1996-01-15,2.8308615684509277
1996-01-16,2.9210877418518066
1996-01-17,2.966201066970825
1996-01-18,3.011314630508423
1996-01-19,3.0564279556274414
1996-01-22,3.1692097187042236
1996-01-23,3.293273448944092
1996-01-24,3.496284008026123
1996-01-25,3.39477801322937
1996-01-26,3.3271069526672363
1996-01-29,3.248159408569336
1996-01-30,3.3722221851348877
1996-01-31,3.3383848667144775
1996-02-01,3.5977883338928223
1996-02-02,3.6429014205932617
1996-02-05,3.8797454833984375
1996-02-06,3.9812517166137695
1996-02-07,3.603426456451416
1996-02-08,3.6654586791992188
1996-02-09,3.552675247192383
1996-02-12,3.609065294265747
1996-02-13,3.4624485969543457
1996-02-14,3.5188395977020264
1996-02-15,3.57523250579834
1996-02-16,3.592149496078491
1996-02-20,3.5639524459838867
1996-02-21,3.6316239833831787
1996-02-22,3.8346316814422607
1996-02-23,3.7895185947418213
1996-02-26,3.7458157539367676
1996-02-27,3.4511704444885254
1996-02-28,3.473726511001587
1996-02-29,3.2256019115448
1996-03-01,3.1353750228881836
1996-03-04,3.0564279556274414
1996-03-05,3.1071789264678955
1996-03-06,2.932366132736206
1996-03-07,2.9492835998535156
1996-03-08,3.0451488494873047
1996-03-11,3.067706346511841
1996-03-12,2.9436440467834473
1996-03-13,3.0338711738586426
1996-03-14,2.8872530460357666
1996-03-15,3.124098300933838
1996-03-18,3.366581916809082
1996-03-19,3.2819950580596924
1996-03-20,3.236881971359253
1996-03-21,3.2763564586639404
1996-03-22,3.293273448944092
1996-03-25,3.157932996749878
1996-03-26,3.186128854751587
1996-03-27,3.2819950580596924
1996-03-28,3.1466541290283203
1996-03-29,3.1466541290283203
1996-04-01,3.214324474334717
1996-04-02,3.1353750228881836
1996-04-03,3.242521286010742
1996-04-04,3.1917688846588135
1996-04-08,3.3271069526672363
1996-04-09,3.360941171646118
1996-04-10,3.3271069526672363
1996-04-11,3.214324474334717
1996-04-12,3.1804888248443604
1996-04-15,3.2312426567077637
1996-04-16,3.3496642112731934
1996-04-17,3.304551601409912
1996-04-18,3.360941171646118
1996-04-19,3.360941171646118
1996-04-22,3.360941171646118
1996-04-23,3.5075602531433105
1996-04-24,3.81207537651062
1996-04-25,3.7331278324127197
1996-04-26,3.654179811477661
1996-04-29,3.654179811477661
1996-04-30,3.609065294265747
1996-05-01,3.552675247192383
1996-05-02,3.609065294265747
1996-05-03,3.5639524459838867
1996-05-06,3.5188395977020264
1996-05-07,3.4511704444885254
1996-05-08,3.552675247192383
1996-05-09,3.473726511001587
1996-05-10,3.4060566425323486
1996-05-13,3.5977883338928223
1996-05-14,3.614703893661499
1996-05-15,3.39477801322937
1996-05-16,3.428612232208252
1996-05-17,3.3722221851348877
1996-05-20,3.315829038619995
1996-05-21,3.203045606613159
1996-05-22,3.214324474334717
1996-05-23,3.1917688846588135
1996-05-24,3.203045606613159
1996-05-28,3.203045606613159
1996-05-29,3.157932996749878
1996-05-30,3.2256019115448
1996-05-31,3.360941171646118
1996-06-03,3.248159408569336
1996-06-04,3.1917688846588135
1996-06-05,3.1015422344207764
1996-06-06,2.966201066970825
1996-06-07,3.0902628898620605
1996-06-10,2.977478265762329
1996-06-11,2.977478265762329
1996-06-12,3.1353750228881836
1996-06-13,3.1804888248443604
1996-06-14,3.0902628898620605
1996-06-17,3.067706346511841
1996-06-18,2.8872530460357666
1996-06-19,2.7970259189605713
1996-06-20,2.8421406745910645
1996-06-21,2.7970259189605713
1996-06-24,2.8646974563598633
1996-06-25,2.751912832260132
1996-06-26,2.684242010116577
1996-06-27,2.7067997455596924
1996-06-28,2.751912832260132
1996-07-01,2.8421406745910645
1996-07-02,2.785747766494751
1996-07-03,2.763190507888794
1996-07-05,2.751912832260132
1996-07-08,2.763190507888794
1996-07-09,2.785747766494751
1996-07-10,2.7406346797943115
1996-07-11,2.5940167903900146
1996-07-12,2.5263454914093018
1996-07-15,2.2895009517669678
1996-07-16,2.3346149921417236
1996-07-17,2.357170343399048
1996-07-18,2.323335647583008
1996-07-19,2.233109951019287
1996-07-22,2.1203267574310303
1996-07-23,2.041377305984497
1996-07-24,2.030099630355835
1996-07-25,2.058295726776123
1996-07-26,2.261305093765259
1996-07-29,2.233109951019287
1996-07-30,2.2556662559509277
1996-07-31,2.1541614532470703
1996-08-01,2.1541614532470703
1996-08-02,2.233109951019287
1996-08-05,2.312058448791504
1996-08-06,2.266944169998169
1996-08-07,2.4755945205688477
1996-08-08,2.357170343399048
1996-08-09,2.2782232761383057
1996-08-12,2.266944169998169
1996-08-13,2.165440082550049
1996-08-14,2.2443881034851074
1996-08-15,2.2443881034851074
1996-08-16,2.2556662559509277
1996-08-19,2.261305093765259
1996-08-20,2.2218310832977295
1996-08-21,2.2556662559509277
1996-08-22,2.357170343399048
1996-08-23,2.300779342651367
1996-08-26,2.2443881034851074
1996-08-27,2.266944169998169
1996-08-28,2.2556662559509277
1996-08-29,2.2218310832977295
1996-08-30,2.1879966259002686
1996-09-03,2.2556662559509277
1996-09-04,2.199275493621826
1996-09-05,2.0752131938934326
1996-09-06,2.1203267574310303
1996-09-09,2.1203267574310303
1996-09-10,2.097769260406494
1996-09-11,2.1316041946411133
1996-09-12,2.1541614532470703
1996-09-13,2.2105534076690674
1996-09-16,2.323335647583008
1996-09-17,2.469954013824463
1996-09-18,2.4079229831695557
1996-09-19,2.469954013824463
1996-09-20,2.4022843837738037
1996-09-23,2.3458938598632812
1996-09-24,2.5037899017333984
1996-09-25,2.5319857597351074
1996-09-26,2.5714595317840576
1996-09-27,2.515068531036377
1996-09-30,2.49251127243042
1996-10-01,2.4135637283325195
1996-10-02,2.4473977088928223
1996-10-03,2.4248414039611816
1996-10-04,2.4022843837738037
1996-10-07,2.49251127243042
1996-10-08,2.5263454914093018
1996-10-09,2.639129638671875
1996-10-10,2.6504087448120117
1996-10-11,2.684242010116577
1996-10-14,2.661686420440674
1996-10-15,2.62785267829895
1996-10-16,2.5883774757385254
1996-10-17,2.548902750015259
1996-10-18,2.582737922668457
1996-10-21,2.5376245975494385
1996-10-22,2.4473977088928223
1996-10-23,2.436119556427002
1996-10-24,2.4135637283325195
1996-10-25,2.4135637283325195
1996-10-28,2.3684494495391846
1996-10-29,2.3346149921417236
1996-10-30,2.3458938598632812
1996-10-31,2.3853659629821777
1996-11-01,2.357170343399048
1996-11-04,2.374089241027832
1996-11-05,2.5037899017333984
1996-11-06,2.49251127243042
1996-11-07,2.5601818561553955
1996-11-08,2.5037899017333984
1996-11-11,2.582737922668457
1996-11-12,2.6165735721588135
1996-11-13,2.7406346797943115
1996-11-14,2.8872530460357666
1996-11-15,2.8759748935699463
1996-11-18,2.8195831775665283
1996-11-19,2.8421406745910645
1996-11-20,2.751912832260132
1996-11-21,2.8872530460357666
1996-11-22,3.4850051403045654
1996-11-25,3.39477801322937
1996-11-26,3.298912525177002
1996-11-27,3.383498430252075
1996-11-29,3.4398903846740723
1996-12-02,3.4511704444885254
1996-12-03,3.57523250579834
1996-12-04,3.57523250579834
1996-12-05,3.473726511001587
1996-12-06,3.4398903846740723
1996-12-09,3.5865094661712646
1996-12-10,3.4624485969543457
1996-12-11,3.4624485969543457
1996-12-12,3.5301175117492676
1996-12-13,3.3722221851348877
1996-12-16,3.2256019115448
1996-12-17,3.124098300933838
1996-12-18,3.2199630737304688
1996-12-19,3.270716905593872
1996-12-20,3.304551601409912
1996-12-23,3.203045606613159
1996-12-24,3.2256019115448
1996-12-26,3.1917688846588135
1996-12-27,3.236881971359253
1996-12-30,3.2256019115448
1996-12-31,3.242521286010742
1997-01-02,3.1804888248443604
1997-01-03,3.383498430252075
1997-01-06,3.473726511001587
1997-01-07,3.490643262863159
1997-01-08,3.5865094661712646
1997-01-09,3.688014507293701
1997-01-10,3.7782397270202637
1997-01-13,3.891026020050049
1997-01-14,3.9361369609832764
1997-01-15,4.04892110824585
1997-01-16,4.07147741317749
1997-01-17,4.11659049987793
1997-01-20,4.268849849700928
1997-01-21,4.359075546264648
1997-01-22,4.229374885559082
1997-01-23,4.2406535148620605
1997-01-24,4.04892110824585
1997-01-27,4.026363849639893
1997-01-28,4.11659049987793
1997-01-29,4.139148235321045
1997-01-30,4.364713668823242
1997-01-31,4.454939842224121
1997-02-03,4.330880165100098
1997-02-04,4.195538520812988
1997-02-05,3.9812517166137695
1997-02-06,4.297043323516846
1997-02-07,4.409826755523682
1997-02-10,4.195538520812988
1997-02-11,4.07147741317749
1997-02-12,4.703064441680908
1997-02-13,4.759454250335693
1997-02-14,4.770731449127197
1997-02-18,4.748178482055664
1997-02-19,4.911714553833008
1997-02-20,4.782013893127441
1997-02-21,4.567722797393799
1997-02-24,4.533888339996338
1997-02-25,4.646671295166016
1997-02-26,4.674870491027832
1997-02-27,4.285765647888184
1997-02-28,4.567722797393799
1997-03-03,4.6917877197265625
1997-03-04,4.669229984283447
1997-03-05,4.680508613586426
1997-03-06,4.5790019035339355
1997-03-07,4.669229984283447
1997-03-10,4.849682807922363
1997-03-11,4.657949447631836
1997-03-12,4.612838268280029
1997-03-13,4.680508613586426
1997-03-14,4.703064441680908
1997-03-17,4.522609710693359
1997-03-18,4.370353698730469
1997-03-19,4.150426387786865
1997-03-20,4.11659049987793
1997-03-21,4.11659049987793
1997-03-24,4.330880165100098
1997-03-25,4.443662166595459
1997-03-26,4.590281009674072
1997-03-27,4.35343599319458
1997-03-31,4.184260845184326
1997-04-01,4.242064476013184
1997-04-02,4.263208389282227
1997-04-03,4.375993251800537
1997-04-04,4.714340686798096
1997-04-07,4.827127456665039
1997-04-08,4.827127456665039
1997-04-09,4.793289661407471
1997-04-10,4.669229984283447
1997-04-11,4.533888339996338
1997-04-14,4.466219902038574
1997-04-15,4.308322906494141
1997-04-16,4.229374885559082
1997-04-17,4.483137130737305
1997-04-18,4.285765647888184
1997-04-21,4.127868175506592
1997-04-22,4.364713668823242
1997-04-23,4.4944167137146
1997-04-24,4.556446552276611
1997-04-25,4.387270927429199
1997-04-28,4.590281009674072
1997-04-29,4.849682807922363
1997-04-30,4.951188564300537
1997-05-01,4.917350769042969
1997-05-02,5.199311256408691
1997-05-05,5.571495532989502
1997-05-06,5.391040802001953
1997-05-07,5.469992637634277
1997-05-08,5.718113899230957
1997-05-09,5.68991756439209
1997-05-12,5.560217380523682
1997-05-13,5.453073024749756
1997-05-14,5.761818885803223
1997-05-15,6.112855911254883
1997-05-16,5.93240213394165
1997-05-19,5.9662370681762695
1997-05-20,6.310227394104004
1997-05-21,6.033905029296875
1997-05-22,6.0000715255737305
1997-05-23,6.180525779724121
1997-05-27,6.270750045776367
1997-05-28,6.2369184494018555
1997-05-29,5.93240213394165
1997-05-30,5.8872880935668945
1997-06-02,6.050824165344238
1997-06-03,5.55457878112793
1997-06-04,5.594051837921143
1997-06-05,5.639166355133057
1997-06-06,5.864732265472412
1997-06-09,5.8083415031433105
1997-06-10,5.481269359588623
1997-06-11,5.582773208618164
1997-06-12,5.413599491119385
1997-06-13,5.8083415031433105
1997-06-16,5.9154863357543945
1997-06-17,6.135412693023682
1997-06-18,6.180525779724121
1997-06-19,6.270750045776367
1997-06-20,6.338419437408447
1997-06-23,6.344064712524414
1997-06-24,6.496318817138672
1997-06-25,6.6203813552856445
1997-06-26,6.535794258117676
1997-06-27,6.563990116119385
1997-06-30,6.389174461364746
1997-07-01,6.6034650802612305
1997-07-02,6.817752361297607
1997-07-03,6.98128604888916
1997-07-07,6.851586818695068
1997-07-08,6.772636413574219
1997-07-09,6.891063213348389
1997-07-10,6.9136176109313965
1997-07-11,7.15046501159668
1997-07-14,7.488815784454346
1997-07-15,7.381670951843262
1997-07-16,7.5621256828308105
1997-07-17,7.488815784454346
1997-07-18,7.336554527282715
1997-07-21,7.223774433135986
1997-07-22,7.59031867980957
1997-07-23,7.968142509460449
1997-07-24,8.357243537902832
1997-07-25,8.137317657470703
1997-07-28,8.15423583984375
1997-07-29,7.985063552856445
1997-07-30,8.188068389892578
1997-07-31,8.28957462310791
1997-08-01,8.709688186645508
1997-08-04,8.48694133758545
1997-08-05,8.661760330200195
1997-08-06,8.447473526000977
1997-08-07,8.306490898132324
1997-08-08,8.23318099975586
1997-08-11,8.075284957885742
1997-08-12,8.14295482635498
1997-08-13,8.966273307800293
1997-08-14,9.107254981994629
1997-08-15,8.729427337646484
1997-08-18,8.988832473754883
1997-08-19,9.327180862426758
1997-08-20,9.744478225708008
1997-08-21,9.406128883361816
1997-08-22,9.169285774230957
1997-08-25,9.028305053710938
1997-08-26,8.876047134399414
1997-08-27,8.881684303283691
1997-08-28,8.695595741271973
1997-08-29,8.515141487121582
1997-09-02,8.864770889282227
1997-09-03,9.056497573852539
1997-09-04,8.89860725402832
1997-09-05,8.870410919189453
1997-09-08,8.503860473632812
1997-09-09,8.695595741271973
1997-09-10,8.515141487121582
1997-09-11,8.509502410888672
1997-09-12,8.71815013885498
1997-09-15,8.467208862304688
1997-09-16,8.825294494628906
1997-09-17,8.94371509552002
1997-09-18,8.627925872802734
1997-09-19,8.814017295837402
1997-09-22,8.988832473754883
1997-09-23,9.079056739807129
1997-09-24,8.819653511047363
1997-09-25,8.735066413879395
1997-09-26,8.537698745727539
1997-09-29,8.797101974487305
1997-09-30,8.594086647033691
1997-10-01,8.554617881774902
1997-10-02,8.723790168762207
1997-10-03,8.8309326171875
1997-10-06,8.70687198638916
1997-10-07,8.859129905700684
1997-10-08,9.270790100097656
1997-10-09,9.304624557495117
1997-10-10,9.389208793640137
1997-10-13,9.518908500671387
1997-10-14,9.180562019348145
1997-10-15,8.853492736816406
1997-10-16,7.985063552856445
1997-10-17,7.500092506408691
1997-10-20,7.297078609466553
1997-10-21,7.387309551239014
1997-10-22,7.308359622955322
1997-10-23,6.676769733428955
1997-10-24,6.011349678039551
1997-10-27,5.594051837921143
1997-10-28,6.1579694747924805
1997-10-29,6.067742347717285
1997-10-30,5.763229846954346
1997-10-31,6.022629261016846
1997-11-03,6.507599830627441
1997-11-04,6.744444370269775
1997-11-05,6.9361724853515625
1997-11-06,6.563990116119385
1997-11-07,6.349700927734375
1997-11-10,5.842175483703613
1997-11-11,5.616608619689941
1997-11-12,5.199311256408691
1997-11-13,5.616608619689941
1997-11-14,5.921125888824463
1997-11-17,6.338419437408447
1997-11-18,6.225638389587402
1997-11-19,6.304588794708252
1997-11-20,6.78955602645874
1997-11-21,6.563990116119385
1997-11-24,5.977514266967773
1997-11-25,6.067742347717285
1997-11-26,5.8083415031433105
1997-11-28,5.954956531524658
1997-12-01,5.870371341705322
1997-12-02,5.988794326782227
1997-12-03,5.9662370681762695
1997-12-04,5.977514266967773
1997-12-05,6.315865993499756
1997-12-08,6.349700927734375
1997-12-09,6.0564656257629395
1997-12-10,5.729394912719727
1997-12-11,4.928630828857422
1997-12-12,4.714340686798096
1997-12-15,5.063970565795898
1997-12-16,5.233147144317627
1997-12-17,5.0526909828186035
1997-12-18,5.075249195098877
1997-12-19,5.413599491119385
1997-12-22,5.503825664520264
1997-12-23,5.165475845336914
1997-12-24,5.221866607666016
1997-12-26,5.31209659576416
1997-12-29,5.334651947021484
1997-12-30,5.492547035217285
1997-12-31,5.436154842376709
1998-01-02,5.594051837921143
1998-01-05,5.977514266967773
1998-01-06,5.639166355133057
1998-01-07,5.323372840881348
1998-01-08,5.2895379066467285
1998-01-09,5.0526909828186035
1998-01-12,5.063970565795898
1998-01-13,5.402320384979248
1998-01-14,5.31209659576416
1998-01-15,5.379765510559082
1998-01-16,5.368484020233154
1998-01-20,5.548938751220703
1998-01-21,5.819619655609131
1998-01-22,5.4474334716796875
1998-01-23,5.515105724334717
1998-01-26,5.458713531494141
1998-01-27,5.560217380523682
1998-01-28,5.90984582901001
1998-01-29,5.729394912719727
1998-01-30,5.921125888824463
1998-02-02,6.259472370147705
1998-02-03,6.293308258056641
1998-02-04,6.654213905334473
1998-02-05,6.4399261474609375
1998-02-06,6.496318817138672
1998-02-09,6.270750045776367
1998-02-10,6.496318817138672
1998-02-11,6.485042572021484
1998-02-12,6.665493488311768
1998-02-13,6.76699686050415
1998-02-17,6.563990116119385
1998-02-18,6.642936706542969
1998-02-19,6.800835132598877
1998-02-20,6.563990116119385
1998-02-23,6.733162879943848
1998-02-24,6.496318817138672
1998-02-25,6.744444370269775
1998-02-26,6.834668159484863
1998-02-27,6.642936706542969
1998-03-02,6.394815444946289
1998-03-03,6.383537769317627
1998-03-04,6.406091213226318
1998-03-05,5.988794326782227
1998-03-06,6.04518461227417
1998-03-09,5.768867015838623
1998-03-10,6.011349678039551
1998-03-11,5.977514266967773
1998-03-12,5.9436821937561035
1998-03-13,6.112855911254883
1998-03-16,6.282028675079346
1998-03-17,6.011349678039551
1998-03-18,5.977514266967773
1998-03-19,6.112855911254883
1998-03-20,6.0000715255737305
1998-03-23,6.0564656257629395
1998-03-24,6.1579694747924805
1998-03-25,6.360977649688721
1998-03-26,6.541433811187744
1998-03-27,6.383537769317627
1998-03-30,6.372257232666016
1998-03-31,6.372257232666016
1998-04-01,6.78955602645874
1998-04-02,7.015120506286621
1998-04-03,6.76699686050415
1998-04-06,6.5978240966796875
1998-04-07,6.360977649688721
1998-04-08,6.360977649688721
1998-04-09,6.270750045776367
1998-04-13,6.180525779724121
1998-04-14,6.530152320861816
1998-04-15,6.688052177429199
1998-04-16,6.473763942718506
1998-04-17,6.394815444946289
1998-04-20,6.6203813552856445
1998-04-21,6.8797807693481445
1998-04-22,6.9136176109313965
1998-04-23,6.688052177429199
1998-04-24,6.665493488311768
1998-04-27,6.473763942718506
1998-04-28,6.4512038230896
1998-04-29,6.473763942718506
1998-04-30,6.518876075744629
1998-05-01,6.507599830627441
1998-05-04,6.473763942718506
1998-05-05,6.575266361236572
1998-05-06,6.552712917327881
1998-05-07,6.518876075744629
1998-05-08,6.63165807723999
1998-05-11,6.721882343292236
1998-05-12,6.845949649810791
1998-05-13,7.127904891967773
1998-05-14,6.958731174468994
1998-05-15,6.676769733428955
1998-05-18,6.823392868041992
1998-05-19,6.71060848236084
1998-05-20,6.4512038230896
1998-05-21,6.14669132232666
1998-05-22,6.0000715255737305
1998-05-26,5.921125888824463
1998-05-27,5.830898761749268
1998-05-28,6.090297698974609
1998-05-29,5.774506092071533
1998-06-01,5.402320384979248
1998-06-02,5.515105724334717
1998-06-03,5.300817489624023
1998-06-04,5.188033580780029
1998-06-05,5.3459296226501465
1998-06-08,5.436154842376709
1998-06-09,5.436154842376709
1998-06-10,5.188033580780029
1998-06-11,5.097805500030518
1998-06-12,5.165475845336914
1998-06-15,4.906075477600098
1998-06-16,5.2557053565979
1998-06-17,4.962465286254883
1998-06-18,5.041413307189941
1998-06-19,4.939908027648926
1998-06-22,5.154196739196777
1998-06-23,5.300817489624023
1998-06-24,5.548938751220703
1998-06-25,5.391040802001953
1998-06-26,5.413599491119385
1998-06-29,5.469992637634277
1998-06-30,5.323372840881348
1998-07-01,5.492547035217285
1998-07-02,5.3572096824646
1998-07-06,5.481269359588623
1998-07-07,5.6617231369018555
1998-07-08,5.413599491119385
1998-07-09,5.233147144317627
1998-07-10,5.323372840881348
1998-07-13,5.154196739196777
1998-07-14,5.142919063568115
1998-07-15,5.526381015777588
1998-07-16,5.627889156341553
1998-07-17,5.560217380523682
1998-07-20,5.526381015777588
1998-07-21,5.763229846954346
1998-07-22,5.650444984436035
1998-07-23,5.515105724334717
1998-07-24,5.481269359588623
1998-07-27,5.605329513549805
1998-07-28,5.921125888824463
1998-07-29,5.774506092071533
1998-07-30,5.954956531524658
1998-07-31,6.04518461227417
1998-08-03,6.101579666137695
1998-08-04,5.864732265472412
1998-08-05,6.14669132232666
1998-08-06,6.338419437408447
1998-08-07,6.338419437408447
1998-08-10,6.079019546508789
1998-08-11,5.93240213394165
1998-08-12,5.797062873840332
1998-08-13,5.6617231369018555
1998-08-14,5.616608619689941
1998-08-17,6.011349678039551
1998-08-18,6.14669132232666
1998-08-19,5.898566722869873
1998-08-20,5.639166355133057
1998-08-21,5.503825664520264
1998-08-24,5.53765869140625
1998-08-25,5.672999858856201
1998-08-26,5.334651947021484
1998-08-27,4.928630828857422
1998-08-28,4.804568767547607
1998-08-31,4.432385444641113
1998-09-01,4.714340686798096
1998-09-02,4.488776206970215
1998-09-03,4.330880165100098
1998-09-04,4.285765647888184
1998-09-08,4.612838268280029
1998-09-09,4.35343599319458
1998-09-10,4.364713668823242
1998-09-11,4.50005578994751
1998-09-14,4.375993251800537
1998-09-15,4.274487495422363
1998-09-16,4.342155933380127
1998-09-17,4.330880165100098
1998-09-18,4.421106815338135
1998-09-21,4.466219902038574
1998-09-22,4.50005578994751
1998-09-23,4.635395050048828
1998-09-24,4.601558685302734
1998-09-25,4.849682807922363
1998-09-28,4.793289661407471
1998-09-29,4.827127456665039
1998-09-30,4.556446552276611
1998-10-01,4.285765647888184
1998-10-02,4.319599151611328
1998-10-05,4.172983169555664
1998-10-06,4.251930236816406
1998-10-07,4.150426387786865
1998-10-08,4.037642478942871
1998-10-09,4.263208389282227
1998-10-12,4.838404178619385
1998-10-13,4.770731449127197
1998-10-14,4.928630828857422
1998-10-15,5.199311256408691
1998-10-16,5.2895379066467285
1998-10-19,5.515105724334717
1998-10-20,5.2895379066467285
1998-10-21,5.469992637634277
1998-10-22,5.93240213394165
1998-10-23,6.1241326332092285
1998-10-26,6.011349678039551
1998-10-27,5.751949787139893
1998-10-28,6.169246196746826
1998-10-29,6.394815444946289
1998-10-30,6.259472370147705
1998-11-02,6.033905029296875
1998-11-03,5.90984582901001
1998-11-04,6.360977649688721
1998-11-05,6.293308258056641
1998-11-06,6.665493488311768
1998-11-09,6.530152320861816
1998-11-10,6.428648948669434
1998-11-11,6.77827787399292
1998-11-12,6.992568016052246
1998-11-13,6.902340888977051
1998-11-16,6.552712917327881
1998-11-17,6.744444370269775
1998-11-18,6.665493488311768
1998-11-19,6.857224464416504
1998-11-20,7.0940728187561035
1998-11-23,7.229407787322998
1998-11-24,7.635429382324219
1998-11-25,7.3421950340271
1998-11-27,7.4662556648254395
1998-11-30,6.992568016052246
1998-12-01,7.116625785827637
1998-12-02,7.906110763549805
1998-12-03,7.725657939910889
1998-12-04,7.973780632019043
1998-12-07,7.985063552856445
1998-12-08,8.199349403381348
1998-12-09,7.838439464569092
1998-12-10,7.432419776916504
1998-12-11,7.567759037017822
1998-12-14,7.060235023498535
1998-12-15,7.3309173583984375
1998-12-16,7.139183044433594
1998-12-17,7.421143531799316
1998-12-18,8.199349403381348
1998-12-21,8.064009666442871
1998-12-22,7.838439464569092
1998-12-23,8.064009666442871
1998-12-24,7.92866325378418
1998-12-28,7.883553504943848
1998-12-29,7.849715232849121
1998-12-30,7.556479454040527
1998-12-31,7.703101634979248
1999-01-04,7.996336936950684
1999-01-05,8.97755241394043
1999-01-06,9.66552734375
1999-01-07,9.857261657714844
1999-01-08,10.015159606933594
1999-01-11,10.015159606933594
1999-01-12,9.642976760864258
1999-01-13,9.902377128601074
1999-01-14,9.609137535095215
1999-01-15,10.1392183303833
1999-01-19,9.902377128601074
1999-01-20,10.387346267700195
1999-01-21,9.981321334838867
1999-01-22,9.857261657714844
1999-01-25,9.744478225708008
1999-01-26,10.567792892456055
1999-01-27,10.1392183303833
1999-01-28,10.646745681762695
1999-01-29,11.402392387390137
1999-02-01,11.221940040588379
1999-02-02,10.680578231811523
1999-02-03,11.436227798461914
1999-02-04,11.142991065979004
1999-02-05,10.951261520385742
1999-02-08,12.169321060180664
1999-02-09,11.41367244720459
1999-02-10,10.9738130569458
1999-02-11,12.10164737701416
1999-02-12,12.06781005859375
1999-02-16,12.248265266418457
1999-02-17,12.158039093017578
1999-02-18,11.955028533935547
1999-02-19,12.394885063171387
1999-02-22,12.304657936096191
1999-02-23,12.349771499633789
1999-02-24,12.315938949584961
1999-02-25,11.503899574279785
1999-02-26,10.037714004516602
1999-03-01,10.297118186950684
1999-03-02,10.342229843139648
1999-03-03,10.5114107131958
1999-03-04,10.387346267700195
1999-03-05,11.131712913513184
1999-03-08,11.41367244720459
1999-03-09,10.62419319152832
1999-03-10,11.007651329040527
1999-03-11,11.120434761047363
1999-03-12,10.98509407043457
1999-03-15,10.928699493408203
1999-03-16,11.481340408325195
1999-03-17,11.53773307800293
1999-03-18,11.526459693908691
1999-03-19,10.99637222290039
1999-03-22,10.83847427368164
1999-03-23,10.590353965759277
1999-03-24,10.353508949279785
1999-03-25,11.018928527832031
1999-03-26,10.432456970214844
1999-03-29,11.0753173828125
1999-03-30,11.278332710266113
1999-03-31,11.131712913513184
1999-04-01,11.616683006286621
1999-04-05,11.8648042678833
1999-04-06,12.25954532623291
1999-04-07,11.684350967407227
1999-04-08,11.752021789550781
1999-04-09,12.000143051147461
1999-04-12,11.312170028686523
1999-04-13,10.793359756469727
1999-04-14,10.646745681762695
1999-04-15,11.188103675842285
1999-04-16,11.0753173828125
1999-04-19,10.590353965759277
1999-04-20,10.240727424621582
1999-04-21,11.0753173828125
1999-04-22,11.15427017211914
1999-04-23,10.962538719177246
1999-04-26,10.962538719177246
1999-04-27,10.635464668273926
1999-04-28,9.778316497802734
1999-04-29,9.361017227172852
1999-04-30,9.67680835723877
1999-05-03,9.97004508972168
1999-05-04,9.575304985046387
1999-05-05,10.364789962768555
1999-05-06,9.733201026916504
1999-05-07,10.240727424621582
1999-05-10,10.1392183303833
1999-05-11,10.229446411132812
1999-05-12,10.883589744567871
1999-05-13,10.652389526367188
1999-05-14,10.951261520385742
1999-05-17,11.41367244720459
1999-05-18,11.391112327575684
1999-05-19,11.78585433959961
1999-05-20,11.109156608581543
1999-05-21,10.748247146606445
1999-05-24,10.150498390197754
1999-05-25,9.981321334838867
1999-05-26,9.834701538085938
1999-05-27,9.97004508972168
1999-05-28,9.924930572509766
1999-06-01,9.755758285522461
1999-06-02,10.398622512817383
1999-06-03,10.330951690673828
1999-06-04,10.9738130569458
1999-06-07,11.15427017211914
1999-06-08,11.15427017211914
1999-06-09,11.695624351501465
1999-06-10,11.909913063049316
1999-06-11,11.876084327697754
1999-06-14,11.909913063049316
1999-06-15,12.158039093017578
1999-06-16,12.665559768676758
1999-06-17,12.485114097595215
1999-06-18,12.022699356079102
1999-06-21,12.631731986999512
1999-06-22,12.394885063171387
1999-06-23,12.51894474029541
1999-06-24,11.876084327697754
1999-06-25,11.695624351501465
1999-06-28,11.977588653564453
1999-06-29,12.473836898803711
1999-06-30,13.330986976623535
1999-07-01,13.060304641723633
1999-07-02,13.015199661254883
1999-07-06,13.443764686584473
1999-07-07,12.721955299377441
1999-07-08,13.161815643310547
1999-07-09,13.376104354858398
1999-07-12,13.173093795776367
1999-07-13,13.082867622375488
1999-07-14,13.985136032104492
1999-07-15,13.782126426696777
1999-07-16,14.176859855651855
1999-07-19,13.99640941619873
1999-07-20,13.049029350280762
1999-07-21,13.116703987121582
1999-07-22,12.315938949584961
1999-07-23,12.812182426452637
1999-07-26,12.51894474029541
1999-07-27,13.094144821166992
1999-07-28,13.567831993103027
1999-07-29,12.958805084228516
1999-07-30,12.981361389160156
1999-08-02,12.970085144042969
1999-08-03,13.308427810668945
1999-08-04,13.150532722473145
1999-08-05,13.071586608886719
1999-08-06,13.477607727050781
1999-08-09,14.052799224853516
1999-08-10,13.88362979888916
1999-08-11,14.030241012573242
1999-08-12,13.105425834655762
1999-08-13,12.586616516113281
1999-08-16,12.721955299377441
1999-08-17,12.947527885437012
1999-08-18,11.740741729736328
1999-08-19,11.78585433959961
1999-08-20,11.53773307800293
1999-08-23,12.06781005859375
1999-08-24,12.586616516113281
1999-08-25,12.304657936096191
1999-08-26,12.214433670043945
1999-08-27,12.439995765686035
1999-08-30,12.631731986999512
1999-08-31,12.823460578918457
1999-09-01,13.35353946685791
1999-09-02,13.43249225616455
1999-09-03,13.96257209777832
1999-09-07,13.928739547729492
1999-09-08,13.827235221862793
1999-09-09,14.255809783935547
1999-09-10,14.210700988769531
1999-09-13,13.714448928833008
1999-09-14,14.718223571777344
1999-09-15,14.09791374206543
1999-09-16,14.695664405822754
1999-09-17,15.30470085144043
1999-09-20,15.124249458312988
1999-09-21,14.673107147216797
1999-09-22,15.1016845703125
1999-09-23,14.233251571655273
1999-09-24,14.233251571655273
1999-09-27,14.864839553833008
1999-09-28,14.560319900512695
1999-09-29,14.391153335571289
1999-09-30,14.018959999084473
1999-10-01,14.109193801879883
1999-10-04,14.808454513549805
1999-10-05,15.44003677368164
1999-10-06,15.654332160949707
1999-10-07,14.87611198425293
1999-10-08,14.842287063598633
1999-10-11,14.932511329650879
1999-10-12,14.661834716796875
1999-10-13,14.357322692871094
1999-10-14,14.487018585205078
1999-10-15,14.413703918457031
1999-10-18,14.030241012573242
1999-10-19,13.48888874053955
1999-10-20,14.16558837890625
1999-10-21,14.289649963378906
1999-10-22,14.221979141235352
1999-10-25,14.492654800415039
1999-10-26,14.458815574645996
1999-10-27,14.312203407287598
1999-10-28,15.112958908081055
1999-10-29,16.206968307495117
1999-11-01,15.8347806930542
1999-11-02,16.443815231323242
1999-11-03,17.041568756103516
1999-11-04,16.737043380737305
1999-11-05,17.68442726135254
1999-11-08,17.53780746459961
1999-11-09,17.943832397460938
1999-11-10,18.36112403869629
1999-11-11,19.579181671142578
1999-11-12,19.669403076171875
1999-11-15,18.992713928222656
1999-11-16,19.037817001342773
1999-11-17,19.84986114501953
1999-11-18,19.308509826660156
1999-11-19,19.35361671447754
1999-11-22,18.643083572387695
1999-11-23,18.564136505126953
1999-11-24,18.485193252563477
1999-11-26,18.406234741210938
1999-11-29,18.282169342041016
1999-11-30,17.58292007446289
1999-12-01,18.13555335998535
1999-12-02,19.443836212158203
1999-12-03,19.894973754882812
1999-12-06,20.628063201904297
1999-12-07,20.075428009033203
1999-12-08,20.71830177307129
1999-12-09,20.33482551574707
1999-12-10,19.748355865478516
1999-12-13,19.500234603881836
1999-12-14,18.868650436401367
1999-12-15,18.631797790527344
1999-12-16,19.951366424560547
1999-12-17,19.98520278930664
1999-12-20,20.988975524902344
1999-12-21,22.30854034423828
1999-12-22,21.823566436767578
1999-12-23,21.9476261138916
1999-12-27,23.04163360595703
1999-12-28,22.748395919799805
1999-12-29,22.804784774780273
1999-12-30,22.443880081176758
1999-12-31,22.861181259155273
2000-01-03,22.82734489440918
2000-01-04,21.699520111083984
2000-01-05,20.887466430664062
2000-01-06,20.921310424804688
2000-01-07,21.10176658630371
2000-01-10,22.804784774780273
2000-01-11,21.80101776123047
2000-01-12,22.92884635925293
2000-01-13,22.466434478759766
2000-01-14,24.473976135253906
2000-01-18,24.383747100830078
2000-01-19,25.692033767700195
2000-01-20,25.263463973999023
2000-01-21,25.489028930664062
2000-01-24,25.35367774963379
2000-01-25,26.064233779907227
2000-01-26,24.237136840820312
2000-01-27,24.45142364501953
2000-01-28,23.413818359375
2000-01-31,24.767223358154297
2000-02-01,25.35367774963379
2000-02-02,25.951452255249023
2000-02-03,26.797313690185547
2000-02-04,26.233407974243164
2000-02-07,27.722139358520508
2000-02-08,29.075532913208008
2000-02-09,29.546403884887695
2000-02-10,31.53421401977539
2000-02-11,29.77479362487793
2000-02-14,29.064268112182617
2000-02-15,30.045482635498047
2000-02-16,31.286094665527344
2000-02-17,33.99287796020508
2000-02-18,32.075565338134766
2000-02-22,32.264488220214844
2000-02-23,32.66203689575195
2000-02-24,33.11318588256836
2000-02-25,31.094350814819336
2000-02-28,31.91767692565918
2000-02-29,33.01167297363281
2000-03-01,33.31618881225586
2000-03-02,32.57462692260742
2000-03-03,34.421470642089844
2000-03-06,33.20341110229492
2000-03-07,33.2259635925293
2000-03-08,32.36882400512695
2000-03-09,34.342506408691406
2000-03-10,34.83875274658203
2000-03-13,33.913944244384766
2000-03-14,32.256038665771484
2000-03-15,30.89134979248047
2000-03-16,31.737224578857422
2000-03-17,34.59629440307617
2000-03-20,33.925228118896484
2000-03-21,35.36885452270508
2000-03-22,37.804954528808594
2000-03-23,36.97038650512695
2000-03-24,38.5493278503418
2000-03-27,39.180908203125
2000-03-28,36.835025787353516
2000-03-29,34.94026565551758
2000-03-30,33.564308166503906
2000-03-31,34.01544189453125
2000-04-03,32.21091079711914
2000-04-04,35.413970947265625
2000-04-05,37.601951599121094
2000-04-06,38.50422286987305
2000-04-07,41.45915985107422
2000-04-10,37.30872344970703
2000-04-11,37.75986099243164
2000-04-12,35.2109489440918
2000-04-13,32.12068176269531
2000-04-14,28.985309600830078
2000-04-17,34.87260055541992
2000-04-18,36.45157241821289
2000-04-19,33.022945404052734
2000-04-20,33.60943603515625
2000-04-24,32.93272399902344
2000-04-25,34.3989143371582
2000-04-26,32.639488220214844
2000-04-27,36.20344543457031
2000-04-28,36.744789123535156
2000-05-01,36.068115234375
2000-05-02,34.692134857177734
2000-05-03,34.10566711425781
2000-05-04,35.27861404418945
2000-05-05,36.76735305786133
2000-05-08,34.53425979614258
2000-05-09,32.707149505615234
2000-05-10,30.541717529296875
2000-05-11,30.767288208007812
2000-05-12,30.474027633666992
2000-05-15,32.12068176269531
2000-05-16,33.54176712036133
2000-05-17,32.346248626708984
2000-05-18,30.677053451538086
2000-05-19,28.940196990966797
2000-05-22,28.624406814575195
2000-05-23,25.940170288085938
2000-05-24,28.30862045288086
2000-05-25,27.67702293395996
2000-05-26,26.819869995117188
2000-05-30,30.65450668334961
2000-05-31,30.135698318481445
2000-06-01,31.6695613861084
2000-06-02,33.76730728149414
2000-06-05,33.789894104003906
2000-06-06,32.23347091674805
2000-06-07,33.76730728149414
2000-06-08,33.4515266418457
2000-06-09,34.241031646728516
2000-06-12,32.865047454833984
2000-06-13,33.24852752685547
2000-06-14,31.060516357421875
2000-06-15,31.91767692565918
2000-06-16,33.58686447143555
2000-06-19,34.82748794555664
2000-06-20,34.71469497680664
2000-06-21,35.346290588378906
2000-06-22,33.8801155090332
2000-06-23,32.75227355957031
2000-06-26,32.30113983154297
2000-06-27,31.804889678955078
2000-06-28,32.68459701538086
2000-06-29,32.14324188232422
2000-06-30,32.707149505615234
2000-07-03,33.40641403198242
2000-07-05,30.113147735595703
2000-07-06,31.286094665527344
2000-07-07,32.323699951171875
2000-07-10,31.985347747802734
2000-07-11,31.398860931396484
2000-07-12,32.12068176269531
2000-07-13,31.6695613861084
2000-07-14,32.007904052734375
2000-07-17,33.925228118896484
2000-07-18,32.075565338134766
2000-07-19,31.286094665527344
2000-07-20,30.02292251586914
2000-07-21,28.19582748413086
2000-07-24,29.05299186706543
2000-07-25,30.49660301208496
2000-07-26,29.549238204956055
2000-07-27,26.819869995117188
2000-07-28,26.70707893371582
2000-07-31,27.383798599243164
2000-08-01,26.910097122192383
2000-08-02,26.188289642333984
2000-08-03,24.90255355834961
2000-08-04,24.45142364501953
2000-08-07,25.24090576171875
2000-08-08,25.466472625732422
2000-08-09,26.030399322509766
2000-08-10,24.992786407470703
2000-08-11,24.97022819519043
2000-08-14,27.000316619873047
2000-08-15,28.083049774169922
2000-08-16,29.21087646484375
2000-08-17,30.31614875793457
2000-08-18,30.293596267700195
2000-08-21,29.391328811645508
2000-08-22,29.59434700012207
2000-08-23,30.83495330810547
2000-08-24,30.88007354736328
2000-08-25,30.56428337097168
2000-08-28,30.02292251586914
2000-08-29,30.69961929321289
2000-08-30,30.45150375366211
2000-08-31,31.150760650634766
2000-09-01,30.60940170288086
2000-09-05,30.474027633666992
2000-09-06,28.73719596862793
2000-09-07,29.00786781311035
2000-09-08,27.24845314025879
2000-09-11,27.135663986206055
2000-09-12,25.872495651245117
2000-09-13,26.70707893371582
2000-09-14,27.045440673828125
2000-09-15,26.39129638671875
2000-09-18,26.075504302978516
2000-09-19,27.76725959777832
2000-09-20,28.15071678161621
2000-09-21,26.52663230895996
2000-09-22,25.263463973999023
2000-09-25,24.338642120361328
2000-09-26,23.616836547851562
2000-09-27,23.052919387817383
2000-09-28,23.052919387817383
2000-09-29,21.40627098083496
2000-10-02,20.458892822265625
2000-10-03,18.631797790527344
2000-10-04,19.55663299560547
2000-10-05,19.173158645629883
2000-10-06,19.55663299560547
2000-10-09,20.120548248291016
2000-10-10,17.706985473632812
2000-10-11,18.609249114990234
2000-10-12,17.346067428588867
2000-10-13,19.308509826660156
2000-10-16,17.59420394897461
2000-10-17,16.060340881347656
2000-10-18,15.18063735961914
2000-10-19,18.225786209106445
2000-10-20,18.225786209106445
2000-10-23,19.285953521728516
2000-10-24,17.84231948852539
2000-10-25,17.59420394897461
2000-10-26,19.150609970092773
2000-10-27,17.368623733520508
2000-10-30,17.909988403320312
2000-10-31,19.173158645629883
2000-11-01,18.49646759033203
2000-11-02,18.76715087890625
2000-11-03,17.84231948852539
2000-11-06,17.79721450805664
2000-11-07,16.917499542236328
2000-11-08,15.676878929138184
2000-11-09,15.654332160949707
2000-11-10,14.774619102478027
2000-11-13,14.526495933532715
2000-11-14,14.955060005187988
2000-11-15,15.428754806518555
2000-11-16,15.022741317749023
2000-11-17,14.842287063598633
2000-11-20,14.842287063598633
2000-11-21,15.270858764648438
2000-11-22,15.24830150604248
2000-11-24,16.849828720092773
2000-11-27,15.925006866455078
2000-11-28,14.819729804992676
2000-11-29,15.49642562866211
2000-11-30,14.594157218933105
2000-12-01,13.917462348937988
2000-12-04,13.894906044006348
2000-12-05,15.925006866455078
2000-12-06,14.639270782470703
2000-12-07,14.436261177062988
2000-12-08,15.947561264038086
2000-12-11,18.383676528930664
2000-12-12,16.42125129699707
2000-12-13,15.406203269958496
2000-12-14,14.571605682373047
2000-12-15,14.255809783935547
2000-12-18,14.346037864685059
2000-12-19,14.075358390808105
2000-12-20,13.646785736083984
2000-12-21,12.767075538635254
2000-12-22,13.940020561218262
2000-12-26,13.714448928833008
2000-12-27,14.278366088867188
2000-12-28,14.233251571655273
2000-12-29,13.782126426696777
2001-01-02,14.255809783935547
2001-01-03,17.909988403320312
2001-01-04,16.01523208618164
2001-01-05,15.406203269958496
2001-01-08,16.511472702026367
2001-01-09,15.699430465698242
2001-01-10,16.150569915771484
2001-01-11,16.737043380737305
2001-01-12,16.737043380737305
2001-01-16,16.037782669067383
2001-01-17,17.391191482543945
2001-01-18,18.067880630493164
2001-01-19,18.022783279418945
2001-01-22,17.661865234375
2001-01-23,17.41374397277832
2001-01-24,17.909988403320312
2001-01-25,17.59420394897461
2001-01-26,17.278396606445312
2001-01-29,18.112995147705078
2001-01-30,18.925033569335938
2001-01-31,18.158113479614258
2001-02-01,18.24834442138672
2001-02-02,17.233291625976562
2001-02-05,16.534040451049805
2001-02-06,16.55659294128418
2001-02-07,16.150569915771484
2001-02-08,15.29342269897461
2001-02-09,15.383644104003906
2001-02-12,15.879887580871582
2001-02-13,14.887396812438965
2001-02-14,16.894947052001953
2001-02-15,17.84231948852539
2001-02-16,17.408100128173828
2001-02-20,16.57914924621582
2001-02-21,16.8272647857666
2001-02-22,16.894947052001953
2001-02-23,17.300954818725586
2001-02-26,17.25585174560547
2001-02-27,16.24079704284668
2001-02-28,15.24830150604248
2001-03-01,16.35921859741211
2001-03-02,16.331018447875977
2001-03-05,17.165624618530273
2001-03-06,17.977664947509766
2001-03-07,17.977664947509766
2001-03-08,18.158113479614258
2001-03-09,16.87238311767578
2001-03-12,16.714487075805664
2001-03-13,17.278396606445312
2001-03-14,17.391191482543945
2001-03-15,16.646814346313477
2001-03-16,15.97012710571289
2001-03-19,16.8272647857666
2001-03-20,15.451315879821777
2001-03-21,16.1956844329834
2001-03-22,17.84231948852539
2001-03-23,18.13555335998535
2001-03-26,17.79721450805664
2001-03-27,18.36112403869629
2001-03-28,17.210735321044922
2001-03-29,16.443815231323242
2001-03-30,15.699430465698242
2001-04-02,14.436261177062988
2001-04-03,14.481383323669434
2001-04-04,13.646785736083984
2001-04-05,15.24830150604248
2001-04-06,14.436261177062988
2001-04-09,14.010390281677246
2001-04-10,15.428754806518555
2001-04-11,16.61253547668457
2001-04-12,17.854049682617188
2001-04-16,17.294641494750977
2001-04-17,17.175540924072266
2001-04-18,19.13887596130371
2001-04-19,21.196044921875
2001-04-20,20.32264518737793
2001-04-23,19.030601501464844
2001-04-24,18.658876419067383
2001-04-25,19.193017959594727
2001-04-26,18.348487854003906
2001-04-27,19.449262619018555
2001-04-30,19.70549774169922
2001-05-01,19.864299774169922
2001-05-02,19.737987518310547
2001-05-03,18.98369026184082
2001-05-04,18.597517013549805
2001-05-07,18.31241226196289
2001-05-08,18.98369026184082
2001-05-09,18.42067527770996
2001-05-10,18.409849166870117
2001-05-11,18.662485122680664
2001-05-14,17.933441162109375
2001-05-15,18.00562858581543
2001-05-16,19.52503776550293
2001-05-17,19.45286750793457
2001-05-18,19.84986114501953
2001-05-21,20.75934600830078
2001-05-22,20.4237117767334
2001-05-23,19.10639762878418
2001-05-24,19.640535354614258
2001-05-25,19.38429069519043
2001-05-29,18.71300506591797
2001-05-30,17.666378021240234
2001-05-31,18.020061492919922
2001-06-01,18.521718978881836
2001-06-04,18.066991806030273
2001-06-05,18.95119285583496
2001-06-06,19.005342483520508
2001-06-07,20.217992782592773
2001-06-08,19.947311401367188
2001-06-11,19.3518123626709
2001-06-12,19.669403076171875
2001-06-13,19.40594482421875
2001-06-14,18.406234741210938
2001-06-15,18.012845993041992
2001-06-18,17.8071346282959
2001-06-19,17.435407638549805
2001-06-20,17.453445434570312
2001-06-21,17.186370849609375
2001-06-22,17.702472686767578
2001-06-25,17.9984073638916
2001-06-26,18.12112045288086
2001-06-27,17.493148803710938
2001-06-28,17.89013671875
2001-06-29,17.720521926879883
2001-07-02,18.030895233154297
2001-07-03,18.128337860107422
2001-07-05,17.568941116333008
2001-07-06,16.34906578063965
2001-07-09,16.175846099853516
2001-07-10,15.439591407775879
2001-07-11,15.901546478271484
2001-07-12,16.75688362121582
2001-07-13,16.73162841796875
2001-07-16,15.140031814575195
2001-07-17,16.08560562133789
2001-07-18,15.721090316772461
2001-07-19,16.34545135498047
2001-07-20,16.258838653564453
2001-07-23,15.728317260742188
2001-07-24,15.500940322875977
2001-07-25,15.800490379333496
2001-07-26,16.305755615234375
2001-07-27,16.695539474487305
2001-07-30,16.81464195251465
2001-07-31,16.551185607910156
2001-08-01,17.431793212890625
2001-08-02,18.045330047607422
2001-08-03,17.900964736938477
2001-08-06,17.58697509765625
2001-08-07,16.890426635742188
2001-08-08,16.14695930480957
2001-08-09,16.186655044555664
2001-08-10,16.053129196166992
2001-08-13,16.183048248291016
2001-08-14,15.753570556640625
2001-08-15,15.78605842590332
2001-08-16,16.132522583007812
2001-08-17,15.36379623413086
2001-08-20,15.605600357055664
2001-08-21,15.161684036254883
2001-08-22,15.843810081481934
2001-08-23,15.926812171936035
2001-08-24,16.922924041748047
2001-08-27,17.052833557128906
2001-08-28,16.3201961517334
2001-08-29,15.7932710647583
2001-08-30,15.555074691772461
2001-08-31,15.551468849182129
2001-09-04,15.132813453674316
2001-09-05,15.183340072631836
2001-09-06,14.508441925048828
2001-09-07,14.537321090698242
2001-09-10,14.447091102600098
2001-09-17,13.227231979370117
2001-09-18,11.953227043151855
2001-09-19,11.231411933898926
2001-09-20,10.643138885498047
2001-09-21,10.552912712097168
2001-09-24,10.588995933532715
2001-09-25,11.025697708129883
2001-09-26,10.513209342956543
2001-09-27,10.058466911315918
2001-09-28,10.26418399810791
2001-10-01,10.256969451904297
2001-10-02,9.924930572509766
2001-10-03,10.949905395507812
2001-10-04,11.184492111206055
2001-10-05,11.386603355407715
2001-10-08,12.220297813415527
2001-10-09,11.242238998413086
2001-10-10,11.69698429107666
2001-10-11,12.942111015319824
2001-10-12,12.689474105834961
2001-10-15,12.140893936157227
2001-10-16,12.433234214782715
2001-10-17,11.599536895751953
2001-10-18,11.40464973449707
2001-10-19,11.747507095336914
2001-10-22,12.548725128173828
2001-10-23,12.22390365600586
2001-10-24,12.75444221496582
2001-10-25,13.508734703063965
2001-10-26,13.306624412536621
2001-10-29,12.454888343811035
2001-10-30,12.000143051147461
2001-10-31,12.310525894165039
2001-11-01,13.349939346313477
2001-11-02,13.703627586364746
2001-11-05,13.880470275878906
2001-11-06,14.407392501831055
2001-11-07,14.198068618774414
2001-11-08,13.858818054199219
2001-11-09,13.920167922973633
2001-11-12,14.060924530029297
2001-11-13,14.724990844726562
2001-11-14,14.692500114440918
2001-11-15,14.107841491699219
2001-11-16,14.16919231414795
2001-11-19,14.017610549926758
2001-11-20,13.227231979370117
2001-11-21,13.710851669311523
2001-11-23,13.988740921020508
2001-11-26,14.457919120788574
2001-11-27,15.14725399017334
2001-11-28,14.454310417175293
2001-11-29,14.95958137512207
2001-11-30,14.342430114746094
2001-12-03,14.172805786132812
2001-12-04,15.313261032104492
2001-12-05,16.569223403930664
2001-12-06,16.41403579711914
2001-12-07,16.042299270629883
2001-12-10,15.724700927734375
2001-12-11,15.858236312866211
2001-12-12,16.193876266479492
2001-12-13,14.826048851013184
2001-12-14,15.273568153381348
2001-12-17,15.591167449951172
2001-12-18,15.428754806518555
2001-12-19,14.930703163146973
2001-12-20,14.27746868133545
2001-12-21,14.425435066223145
2001-12-24,14.479574203491211
2001-12-26,14.623931884765625
2001-12-27,14.804384231567383
2001-12-28,15.089508056640625
2001-12-31,14.472358703613281
2002-01-02,15.038979530334473
2002-01-03,16.417644500732422
2002-01-04,16.3201961517334
2002-01-07,16.14695930480957
2002-01-08,16.522308349609375
2002-01-09,16.847126007080078
2002-01-10,16.59809112548828
2002-01-11,16.244401931762695
2002-01-14,16.35267448425293
2002-01-15,16.46094512939453
2002-01-16,14.995665550231934
2002-01-17,15.013717651367188
2002-01-18,14.562579154968262
2002-01-22,14.252201080322266
2002-01-23,14.883782386779785
2002-01-24,14.447091102600098
2002-01-25,15.208603858947754
2002-01-28,15.479290008544922
2002-01-29,14.9090576171875
2002-01-30,15.576732635498047
2002-01-31,15.753570556640625
2002-02-01,15.500940322875977
2002-02-04,15.872671127319336
2002-02-05,16.038694381713867
2002-02-06,16.114479064941406
2002-02-07,15.093110084533691
2002-02-08,15.547856330871582
2002-02-11,16.4862117767334
2002-02-12,16.13614273071289
2002-02-13,17.30908966064453
2002-02-14,17.07810401916504
2002-02-15,17.034791946411133
2002-02-19,16.529525756835938
2002-02-20,16.807418823242188
2002-02-21,15.616419792175293
2002-02-22,15.331315040588379
2002-02-25,16.215530395507812
2002-02-26,16.08560562133789
2002-02-27,15.977338790893555
2002-02-28,15.688606262207031
2002-03-01,17.316301345825195
2002-03-04,18.066991806030273
2002-03-05,18.395414352416992
2002-03-06,18.240219116210938
2002-03-07,18.536161422729492
2002-03-08,19.3193302154541
2002-03-11,18.69135093688965
2002-03-12,18.283523559570312
2002-03-13,17.86127281188965
2002-03-14,17.78908920288086
2002-03-15,18.305187225341797
2002-03-18,18.702180862426758
2002-03-19,18.972862243652344
2002-03-20,18.406234741210938
2002-03-21,18.774354934692383
2002-03-22,18.597517013549805
2002-03-25,18.507280349731445
2002-03-26,18.893457412719727
2002-03-27,18.756319046020508
2002-03-28,19.58639907836914
2002-04-01,20.037532806396484
2002-04-02,19.49978256225586
2002-04-03,19.196619033813477
2002-04-04,19.52503776550293
2002-04-05,18.911514282226562
2002-04-08,19.13887596130371
2002-04-09,18.536161422729492
2002-04-10,18.409849166870117
2002-04-11,18.200523376464844
2002-04-12,18.261873245239258
2002-04-15,18.565040588378906
2002-04-16,19.54670524597168
2002-04-17,19.70549774169922
2002-04-18,19.279634475708008
2002-04-19,19.11360740661621
2002-04-22,18.810455322265625
2002-04-23,18.69495964050293
2002-04-24,18.045330047607422
2002-04-25,18.21134376525879
2002-04-26,17.157506942749023
2002-04-29,17.280214309692383
2002-04-30,17.554502487182617
2002-05-01,17.612241744995117
2002-05-02,16.507863998413086
2002-05-03,16.002599716186523
2002-05-06,15.966521263122559
2002-05-07,16.110872268676758
2002-05-08,18.449539184570312
2002-05-09,18.232999801635742
2002-05-10,17.106975555419922
2002-05-13,18.463991165161133
2002-05-14,19.229101181030273
2002-05-15,19.308509826660156
2002-05-16,19.582792282104492
2002-05-17,19.71271324157715
2002-05-20,19.330156326293945
2002-05-21,18.990903854370117
2002-05-22,18.882631301879883
2002-05-23,18.456762313842773
2002-05-24,17.179155349731445
2002-05-28,17.410140991210938
2002-05-29,16.67388916015625
2002-05-30,16.305755615234375
2002-05-31,16.009815216064453
2002-06-03,15.468466758728027
2002-06-04,15.879887580871582
2002-06-05,16.132522583007812
2002-06-06,15.100341796875
2002-06-07,14.883782386779785
2002-06-10,14.768302917480469
2002-06-11,14.14031982421875
2002-06-12,14.941540718078613
2002-06-13,14.710556983947754
2002-06-14,14.313555717468262
2002-06-17,15.186945915222168
2002-06-18,14.768302917480469
2002-06-19,14.212501525878906
2002-06-20,13.851594924926758
2002-06-21,13.541213035583496
2002-06-24,14.342430114746094
2002-06-25,14.291903495788574
2002-06-26,13.707234382629395
2002-06-27,14.407392501831055
2002-06-28,13.728885650634766
2002-07-01,13.01429557800293
2002-07-02,12.249171257019043
2002-07-03,12.985426902770996
2002-07-05,14.385737419128418
2002-07-08,13.714448928833008
2002-07-09,12.790529251098633
2002-07-10,12.032626152038574
2002-07-11,13.158658027648926
2002-07-12,13.339103698730469
2002-07-15,14.003174781799316
2002-07-16,13.281362533569336
2002-07-17,12.985426902770996
2002-07-18,12.379095077514648
2002-07-19,12.126458168029785
2002-07-22,12.148115158081055
2002-07-23,11.245853424072266
2002-07-24,11.946011543273926
2002-07-25,10.271401405334473
2002-07-26,10.336362838745117
2002-07-29,10.89937973022461
2002-07-30,11.332467079162598
2002-07-31,10.733363151550293
2002-08-01,10.119821548461914
2002-08-02,9.888840675354004
2002-08-05,9.21033763885498
2002-08-06,9.787788391113281
2002-08-07,9.787788391113281
2002-08-08,10.358020782470703
2002-08-09,10.004329681396484
2002-08-12,9.802227020263672
2002-08-13,9.715605735778809
2002-08-14,10.408547401428223
2002-08-15,10.004329681396484
2002-08-16,10.610654830932617
2002-08-19,11.166451454162598
2002-08-20,10.848852157592773
2002-08-21,11.577884674072266
2002-08-22,11.671721458435059
2002-08-23,10.884943962097168
2002-08-26,10.798327445983887
2002-08-27,10.054859161376953
2002-08-28,9.564027786254883
2002-08-29,9.701172828674316
2002-08-30,9.643421173095703
2002-09-03,9.376354217529297
2002-09-04,9.167030334472656
2002-09-05,8.712284088134766
2002-09-06,9.340264320373535
2002-09-09,9.159812927246094
2002-09-10,9.722826957702637
2002-09-11,9.881621360778809
2002-09-12,9.195898056030273
2002-09-13,9.405227661132812
2002-09-16,9.145370483398438
2002-09-17,8.806120872497559
2002-09-18,8.820557594299316
2002-09-19,8.647320747375488
2002-09-20,8.618446350097656
2002-09-23,8.084310531616211
2002-09-24,8.46686840057373
2002-09-25,8.87108325958252
2002-09-26,8.474091529846191
2002-09-27,8.53183364868164
2002-09-30,8.336944580078125
2002-10-01,8.81334114074707
2002-10-02,9.022665023803711
2002-10-03,8.30085277557373
2002-10-04,8.178145408630371
2002-10-07,7.846113204956055
2002-10-08,7.470770359039307
2002-10-09,7.514076232910156
2002-10-10,8.019347190856934
2002-10-11,8.705070495605469
2002-10-14,8.661760330200195
2002-10-15,9.41966438293457
2002-10-16,8.647320747375488
2002-10-17,9.369131088256836
2002-10-18,9.701172828674316
2002-10-21,10.134255409240723
2002-10-22,9.448533058166504
2002-10-23,10.401328086853027
2002-10-24,9.79500675201416
2002-10-25,10.473508834838867
2002-10-28,10.913818359375
2002-10-29,10.358020782470703
2002-10-30,11.058177947998047
2002-10-31,10.848852157592773
2002-11-01,11.346904754638672
2002-11-04,11.873828887939453
2002-11-05,11.41186809539795
2002-11-06,12.162557601928711
2002-11-07,11.339680671691895
2002-11-08,11.346904754638672
2002-11-11,10.516819953918457
2002-11-12,10.877724647521973
2002-11-13,10.610654830932617
2002-11-14,11.375777244567871
2002-11-15,11.426304817199707
2002-11-18,11.065396308898926
2002-11-19,10.877724647521973
2002-11-20,11.44796371459961
2002-11-21,12.270825386047363
2002-11-22,12.162557601928711
2002-11-25,12.292478561401367
2002-11-26,11.953227043151855
2002-11-27,12.624515533447266
2002-11-29,12.306914329528809
2002-12-02,12.119242668151855
2002-12-03,11.527359008789062
2002-12-04,10.906598091125488
2002-12-05,10.74779987335205
2002-12-06,10.74779987335205
2002-12-09,9.888840675354004
2002-12-10,10.661179542541504
2002-12-11,10.516819953918457
2002-12-12,10.365236282348633
2002-12-13,9.787788391113281
2002-12-16,10.437421798706055
2002-12-17,10.004329681396484
2002-12-18,9.571242332458496
2002-12-19,9.766133308410645
2002-12-20,9.607335090637207
2002-12-23,10.062079429626465
2002-12-24,10.011548042297363
2002-12-26,9.968236923217773
2002-12-27,9.7589111328125
2002-12-30,9.592899322509766
2002-12-31,9.405227661132812
2003-01-02,10.09094524383545
2003-01-03,10.487943649291992
2003-01-06,11.123140335083008
2003-01-07,11.043740272521973
2003-01-08,10.560125350952148
2003-01-09,10.85606861114502
2003-01-10,11.332467079162598
2003-01-13,11.115921974182129
2003-01-14,11.08704948425293
2003-01-15,10.43019962310791
2003-01-16,10.350805282592773
2003-01-17,9.766133308410645
2003-01-21,9.7589111328125
2003-01-22,9.946588516235352
2003-01-23,10.14869499206543
2003-01-24,9.578460693359375
2003-01-27,9.585680961608887
2003-01-28,9.556803703308105
2003-01-29,9.816658020019531
2003-01-30,9.347479820251465
2003-01-31,8.640107154846191
2003-02-03,8.67619800567627
2003-02-04,8.7916841506958
2003-02-05,8.67619800567627
2003-02-06,8.661760330200195
2003-02-07,8.524615287780762
2003-02-10,8.69785213470459
2003-02-11,8.618446350097656
2003-02-12,8.524615287780762
2003-02-13,8.524615287780762
2003-02-14,8.950482368469238
2003-02-18,9.195898056030273
2003-02-19,8.957698822021484
2003-02-20,9.224769592285156
2003-02-21,9.239211082458496
2003-02-24,9.253640174865723
2003-02-25,9.130936622619629
2003-02-26,8.892741203308105
2003-02-27,9.08040714263916
2003-02-28,9.369131088256836
2003-03-03,9.123716354370117
2003-03-04,8.84221363067627
2003-03-05,8.834991455078125
2003-03-06,8.69785213470459
2003-03-07,8.632883071899414
2003-03-10,8.373032569885254
2003-03-11,8.380252838134766
2003-03-12,8.481307029724121
2003-03-13,9.138154983520508
2003-03-14,8.9288330078125
2003-03-17,9.470183372497559
2003-03-18,9.77335262298584
2003-03-19,9.77335262298584
2003-03-20,10.040424346923828
2003-03-21,10.271401405334473
2003-03-24,9.787788391113281
2003-03-25,9.823874473571777
2003-03-26,9.896059036254883
2003-03-27,9.744478225708008
2003-03-28,9.549586296081543
2003-03-31,9.08040714263916
2003-04-01,9.21033763885498
2003-04-02,9.809441566467285
2003-04-03,9.91771411895752
2003-04-04,9.7589111328125
2003-04-07,10.018766403198242
2003-04-08,9.679512977600098
2003-04-09,9.448533058166504
2003-04-10,9.556803703308105
2003-04-11,9.405227661132812
2003-04-14,9.730040550231934
2003-04-15,9.679512977600098
2003-04-16,10.127039909362793
2003-04-17,10.68283462524414
2003-04-21,10.819978713989258
2003-04-22,11.41186809539795
2003-04-23,11.238628387451172
2003-04-24,10.863290786743164
2003-04-25,10.242530822753906
2003-04-28,10.437421798706055
2003-04-29,10.74779987335205
2003-04-30,10.552912712097168
2003-05-01,10.646745681762695
2003-05-02,10.935468673706055
2003-05-05,10.884943962097168
2003-05-06,11.159233093261719
2003-05-07,10.935468673706055
2003-05-08,10.53125286102295
2003-05-09,10.884943962097168
2003-05-12,11.346904754638672
2003-05-13,11.231411933898926
2003-05-14,10.805545806884766
2003-05-15,10.74779987335205
2003-05-16,10.329151153564453
2003-05-19,9.924930572509766
2003-05-20,9.932149887084961
2003-05-21,9.859969139099121
2003-05-22,10.018766403198242
2003-05-23,9.989901542663574
2003-05-27,10.603434562683105
2003-05-28,10.661179542541504
2003-05-29,10.697272300720215
2003-05-30,11.231411933898926
2003-06-02,11.036526679992676
2003-06-03,11.426304817199707
2003-06-04,12.025404930114746
2003-06-05,12.176985740661621
2003-06-06,11.75833511352539
2003-06-09,11.419082641601562
2003-06-10,11.426304817199707
2003-06-11,11.375777244567871
2003-06-12,11.274728775024414
2003-06-13,10.99321174621582
2003-06-16,11.318028450012207
2003-06-17,11.382994651794434
2003-06-18,11.621194839477539
2003-06-19,11.534575462341309
2003-06-20,11.390210151672363
2003-06-23,11.253067970275879
2003-06-24,11.065396308898926
2003-06-25,11.123140335083008
2003-06-26,11.498482704162598
2003-06-27,11.56344985961914
2003-06-30,11.433521270751953
2003-07-01,11.678933143615723
2003-07-02,11.743904113769531
2003-07-03,11.556231498718262
2003-07-07,12.725567817687988
2003-07-08,12.848275184631348
2003-07-09,12.740002632141113
2003-07-10,12.588420867919922
2003-07-11,12.552330017089844
2003-07-14,13.093689918518066
2003-07-15,13.476248741149902
2003-07-16,13.873250961303711
2003-07-17,13.216401100158691
2003-07-18,13.122564315795898
2003-07-21,12.898802757263184
2003-07-22,13.541213035583496
2003-07-23,13.930991172790527
2003-07-24,13.642267227172852
2003-07-25,13.930991172790527
2003-07-28,14.226932525634766
2003-07-29,13.974303245544434
2003-07-30,13.873250961303711
2003-07-31,14.046485900878906
2003-08-01,14.118670463562012
2003-08-04,14.270254135131836
2003-08-05,13.620614051818848
2003-08-06,13.389633178710938
2003-08-07,13.555648803710938
2003-08-08,12.906017303466797
2003-08-11,13.238054275512695
2003-08-12,13.317455291748047
2003-08-13,13.764969825744629
2003-08-14,13.837158203125
2003-08-15,13.678365707397461
2003-08-18,14.24859619140625
2003-08-19,14.494009017944336
2003-08-20,14.465137481689453
2003-08-21,14.963188171386719
2003-08-22,15.374617576599121
2003-08-25,15.302434921264648
2003-08-26,15.121986389160156
2003-08-27,15.62725830078125
2003-08-28,15.569514274597168
2003-08-29,15.61281967163086
2003-09-02,15.367409706115723
2003-09-03,15.12920093536377
2003-09-04,15.316878318786621
2003-09-05,15.403489112854004
2003-09-08,16.038694381713867
2003-09-09,15.930401802062988
2003-09-10,14.941540718078613
2003-09-11,15.237475395202637
2003-09-12,15.136419296264648
2003-09-15,14.8549165725708
2003-09-16,15.432368278503418
2003-09-17,15.244701385498047
2003-09-18,15.00649642944336
2003-09-19,14.782732963562012
2003-09-22,14.198068618774414
2003-09-23,14.212501525878906
2003-09-24,13.339103698730469
2003-09-25,13.476248741149902
2003-09-26,13.29580020904541
2003-09-29,13.656708717346191
2003-09-30,13.086474418640137
2003-10-01,13.396852493286133
2003-10-02,13.389633178710938
2003-10-03,14.046485900878906
2003-10-06,13.938209533691406
2003-10-07,14.349648475646973
2003-10-08,14.530094146728516
2003-10-09,14.833271026611328
2003-10-10,14.977631568908691
2003-10-13,15.158074378967285
2003-10-14,15.085897445678711
2003-10-15,15.591167449951172
2003-10-16,15.78605842590332
2003-10-17,15.244701385498047
2003-10-20,15.591167449951172
2003-10-21,15.78605842590332
2003-10-22,15.396276473999023
2003-10-23,14.905440330505371
2003-10-24,14.905440330505371
2003-10-27,14.955975532531738
2003-10-28,16.276885986328125
2003-10-29,16.298538208007812
2003-10-30,16.77494239807129
2003-10-31,16.839902877807617
2003-11-03,17.727737426757812
2003-11-04,17.973155975341797
2003-11-05,18.009239196777344
2003-11-06,18.485639572143555
2003-11-07,18.225786209106445
2003-11-10,17.61946678161621
2003-11-11,17.973155975341797
2003-11-12,18.362930297851562
2003-11-13,17.857666015625
2003-11-14,16.948183059692383
2003-11-17,17.135847091674805
2003-11-18,16.623361587524414
2003-11-19,16.912084579467773
2003-11-20,16.493427276611328
2003-11-21,16.572834014892578
2003-11-24,17.171939849853516
2003-11-25,17.337955474853516
2003-11-26,17.135847091674805
2003-11-28,17.496755599975586
2003-12-01,17.475086212158203
2003-12-02,17.366825103759766
2003-12-03,17.135847091674805
2003-12-04,16.76050567626953
2003-12-05,16.125308990478516
2003-12-08,16.204708099365234
2003-12-09,15.417927742004395
2003-12-10,15.62725830078125
2003-12-11,16.067562103271484
2003-12-12,16.183048248291016
2003-12-15,15.61281967163086
2003-12-16,15.389054298400879
2003-12-17,15.158074378967285
2003-12-18,15.764396667480469
2003-12-19,15.778834342956543
2003-12-22,15.879887580871582
2003-12-23,16.118083953857422
2003-12-24,16.060340881347656
2003-12-26,16.002599716186523
2003-12-29,16.39960289001465
2003-12-30,16.233585357666016
2003-12-31,16.197484970092773
2004-01-02,15.952073097229004
2004-01-05,16.977048873901367
2004-01-06,17.265766143798828
2004-01-07,17.208024978637695
2004-01-08,17.5256290435791
2004-01-09,17.51119041442871
2004-01-12,17.778247833251953
2004-01-13,17.21525001525879
2004-01-14,16.883214950561523
2004-01-15,17.330734252929688
2004-01-16,17.61946678161621
2004-01-20,17.57614517211914
2004-01-21,17.316301345825195
2004-01-22,16.998695373535156
2004-01-23,16.255245208740234
2004-01-26,16.565608978271484
2004-01-27,15.901546478271484
2004-01-28,15.454015731811523
2004-01-29,15.526203155517578
2004-01-30,15.656129837036133
2004-02-02,15.583939552307129
2004-02-03,15.648911476135254
2004-02-04,15.432368278503418
2004-02-05,15.417927742004395
2004-02-06,16.1541805267334
2004-02-09,15.915987014770508
2004-02-10,15.901546478271484
2004-02-11,16.0964298248291
2004-02-12,15.915987014770508
2004-02-13,15.713881492614746
2004-02-17,15.836579322814941
2004-02-18,16.103652954101562
2004-02-19,15.973725318908691
2004-02-20,15.699430465698242
2004-02-23,15.30965518951416
2004-02-24,15.331315040588379
2004-02-25,15.699430465698242
2004-02-26,15.670565605163574
2004-02-27,15.338526725769043
2004-03-01,15.706657409667969
2004-03-02,15.641688346862793
2004-03-03,15.295217514038086
2004-03-04,15.562288284301758
2004-03-05,15.461246490478516
2004-03-08,14.955975532531738
2004-03-09,15.165303230285645
2004-03-10,15.165303230285645
2004-03-11,15.04258918762207
2004-03-12,15.374617576599121
2004-03-15,14.963188171386719
2004-03-16,15.259138107299805
2004-03-17,15.389054298400879
2004-03-18,15.251912117004395
2004-03-19,14.68168830871582
2004-03-22,14.580632209777832
2004-03-23,14.69611930847168
2004-03-24,14.992064476013184
2004-03-25,15.684998512268066
2004-03-26,15.468466758728027
2004-03-29,15.51176643371582
2004-03-30,15.439591407775879
2004-03-31,15.396276473999023
2004-04-01,15.67778491973877
2004-04-02,16.276885986328125
2004-04-05,16.356290817260742
2004-04-06,16.118083953857422
2004-04-07,15.99537467956543
2004-04-08,16.255245208740234
2004-04-12,16.4862117767334
2004-04-13,16.24079704284668
2004-04-14,16.168621063232422
2004-04-15,15.497332572937012
2004-04-16,15.013717651367188
2004-04-19,15.280789375305176
2004-04-20,14.595064163208008
2004-04-21,14.602287292480469
2004-04-22,14.241377830505371
2004-04-23,14.421822547912598
2004-04-26,14.032047271728516
2004-04-27,13.909337997436523
2004-04-28,13.671144485473633
2004-04-29,13.303019523620605
2004-04-30,13.187524795532227
2004-05-03,13.079264640808105
2004-05-04,13.461816787719727
2004-05-05,13.41128921508789
2004-05-06,13.44738483428955
2004-05-07,13.476248741149902
2004-05-10,13.77941608428955
2004-05-11,14.154754638671875
2004-05-12,13.967082977294922
2004-05-13,13.64948844909668
2004-05-14,13.382421493530273
2004-05-17,13.317455291748047
2004-05-18,13.606179237365723
2004-05-19,13.454601287841797
2004-05-20,13.2019624710083
2004-05-21,13.266934394836426
2004-05-24,13.512345314025879
2004-05-25,13.873250961303711
2004-05-26,14.039273262023926
2004-05-27,14.147537231445312
2004-05-28,14.41461181640625
2004-06-01,14.205293655395508
2004-06-02,13.75053596496582
2004-06-03,13.41128921508789
2004-06-04,13.541213035583496
2004-06-07,14.017610549926758
2004-06-08,13.793853759765625
2004-06-09,13.483468055725098
2004-06-10,13.656708717346191
2004-06-14,13.476248741149902
2004-06-15,13.66392707824707
2004-06-16,13.483468055725098
2004-06-17,13.245268821716309
2004-06-18,13.093689918518066
2004-06-21,13.01429557800293
2004-06-22,13.389633178710938
2004-06-23,13.692790985107422
2004-06-24,13.620614051818848
2004-06-25,13.909337997436523
2004-06-28,13.606179237365723
2004-06-29,14.16919231414795
2004-06-30,14.161968231201172
2004-07-01,13.714448928833008
2004-07-02,13.35353946685791
2004-07-06,12.999855041503906
2004-07-07,13.115349769592285
2004-07-08,13.266934394836426
2004-07-09,13.469037055969238
2004-07-12,13.122564315795898
2004-07-13,12.942111015319824
2004-07-14,12.140893936157227
2004-07-15,12.112027168273926
2004-07-16,12.018189430236816
2004-07-19,12.104808807373047
2004-07-20,12.45849609375
2004-07-21,11.996536254882812
2004-07-22,12.220297813415527
2004-07-23,11.808866500854492
2004-07-26,11.693377494812012
2004-07-27,11.678933143615723
2004-07-28,11.44796371459961
2004-07-29,11.881041526794434
2004-07-30,12.249171257019043
2004-08-02,12.314133644104004
2004-08-03,11.873828887939453
2004-08-04,12.270825386047363
2004-08-05,12.126458168029785
2004-08-06,11.787208557128906
2004-08-09,11.91713809967041
2004-08-10,12.19864559173584
2004-08-11,11.736684799194336
2004-08-12,11.267505645751953
2004-08-13,11.289158821105957
2004-08-16,11.289158821105957
2004-08-17,11.599536895751953
2004-08-18,11.664497375488281
2004-08-19,11.462396621704102
2004-08-20,11.56344985961914
2004-08-23,11.707808494567871
2004-08-24,11.498482704162598
2004-08-25,11.736684799194336
2004-08-26,11.534575462341309
2004-08-27,11.808866500854492
2004-08-30,11.541794776916504
2004-08-31,11.469614028930664
2004-09-01,11.585102081298828
2004-09-02,11.787208557128906
2004-09-03,11.332467079162598
2004-09-07,11.325252532958984
2004-09-08,11.397431373596191
2004-09-09,11.830514907836914
2004-09-10,12.19864559173584
2004-09-13,12.28526496887207
2004-09-14,12.4296236038208
2004-09-15,12.104808807373047
2004-09-16,12.112027168273926
2004-09-17,12.19864559173584
2004-09-20,12.696695327758789
2004-09-21,12.725567817687988
2004-09-22,12.35022258758545
2004-09-23,12.386313438415527
2004-09-24,12.018189430236816
2004-09-27,11.844959259033203
2004-09-28,11.700592994689941
2004-09-29,11.82330322265625
2004-09-30,11.902701377868652
2004-10-01,12.487375259399414
2004-10-04,12.386313438415527
2004-10-05,12.50902271270752
2004-10-06,12.444059371948242
2004-10-07,12.386313438415527
2004-10-08,11.700592994689941
2004-10-11,11.75833511352539
2004-10-12,11.664497375488281
2004-10-13,11.830514907836914
2004-10-14,11.332467079162598
2004-10-15,11.332467079162598
2004-10-18,11.44796371459961
2004-10-19,11.469614028930664
2004-10-20,11.635625839233398
2004-10-21,11.82330322265625
2004-10-22,11.520135879516602
2004-10-25,11.462396621704102
2004-10-26,11.325252532958984
2004-10-27,11.650068283081055
2004-10-28,11.693377494812012
2004-10-29,11.621194839477539
2004-11-01,11.541794776916504
2004-11-02,11.729464530944824
2004-11-03,11.635625839233398
2004-11-04,11.722248077392578
2004-11-05,11.751119613647461
2004-11-08,11.830514907836914
2004-11-09,11.816083908081055
2004-11-10,11.520135879516602
2004-11-11,11.606757164001465
2004-11-12,11.671721458435059
2004-11-15,12.112027168273926
2004-11-16,12.097589492797852
2004-11-17,12.51623821258545
2004-11-18,12.740002632141113
2004-11-19,12.263603210449219
2004-11-22,12.34300422668457
2004-11-23,12.19864559173584
2004-11-24,12.241948127746582
2004-11-26,12.263603210449219
2004-11-29,12.227513313293457
2004-11-30,12.010968208312988
2004-12-01,12.790529251098633
2004-12-02,12.631731986999512
2004-12-03,12.913238525390625
2004-12-06,12.891589164733887
2004-12-07,12.675040245056152
2004-12-08,12.465717315673828
2004-12-09,12.379095077514648
2004-12-10,12.292478561401367
2004-12-13,12.386313438415527
2004-12-14,12.57398509979248
2004-12-15,12.602864265441895
2004-12-16,12.321353912353516
2004-12-17,12.1553373336792
2004-12-20,12.097589492797852
2004-12-21,12.16977310180664
2004-12-22,12.263603210449219
2004-12-23,12.292478561401367
2004-12-27,12.13368034362793
2004-12-28,12.213085174560547
2004-12-29,12.292478561401367
2004-12-30,12.299701690673828
2004-12-31,12.34300422668457
2005-01-03,12.140893936157227
2005-01-04,11.909913063049316
2005-01-05,11.707808494567871
2005-01-06,11.621194839477539
2005-01-07,11.657281875610352
2005-01-10,11.671721458435059
2005-01-11,11.657281875610352
2005-01-12,11.931568145751953
2005-01-13,11.729464530944824
2005-01-14,11.931568145751953
2005-01-18,11.931568145751953
2005-01-19,11.556231498718262
2005-01-20,11.484050750732422
2005-01-21,11.253067970275879
2005-01-24,10.949905395507812
2005-01-25,11.296377182006836
2005-01-26,11.635625839233398
2005-01-27,11.895486831665039
2005-01-28,11.577884674072266
2005-01-31,11.476832389831543
2005-02-01,11.837736129760742
2005-02-02,11.736684799194336
2005-02-03,11.664497375488281
2005-02-04,12.119242668151855
2005-02-07,12.068719863891602
2005-02-08,12.176985740661621
2005-02-09,11.91713809967041
2005-02-10,12.025404930114746
2005-02-11,12.371874809265137
2005-02-14,12.364657402038574
2005-02-15,12.624515533447266
2005-02-16,12.631731986999512
2005-02-17,12.50902271270752
2005-02-18,12.559547424316406
2005-02-22,12.602864265441895
2005-02-23,12.451276779174805
2005-02-24,12.689474105834961
2005-02-25,12.934895515441895
2005-02-28,12.595637321472168
2005-03-01,12.75444221496582
2005-03-02,12.4296236038208
2005-03-03,12.34300422668457
2005-03-04,12.1842041015625
2005-03-07,12.379095077514648
2005-03-08,12.140893936157227
2005-03-09,12.025404930114746
2005-03-10,12.148115158081055
2005-03-11,11.837736129760742
2005-03-14,11.931568145751953
2005-03-15,11.693377494812012
2005-03-16,11.570671081542969
2005-03-17,11.671721458435059
2005-03-18,11.541794776916504
2005-03-21,11.556231498718262
2005-03-22,11.41186809539795
2005-03-23,11.700592994689941
2005-03-24,12.003753662109375
2005-03-28,11.873828887939453
2005-03-29,11.772770881652832
2005-03-30,12.010968208312988
2005-03-31,11.729464530944824
2005-04-01,11.556231498718262
2005-04-04,11.585102081298828
2005-04-05,11.56344985961914
2005-04-06,11.549012184143066
2005-04-07,11.657281875610352
2005-04-08,11.599536895751953
2005-04-11,11.549012184143066
2005-04-12,11.491260528564453
2005-04-13,11.15201473236084
2005-04-14,11.01486873626709
2005-04-15,10.466294288635254
2005-04-18,10.726141929626465
2005-04-19,10.82719898223877
2005-04-20,10.653961181640625
2005-04-21,10.92103385925293
2005-04-22,10.798327445983887
2005-04-25,10.819978713989258
2005-04-26,10.82719898223877
2005-04-27,10.776668548583984
2005-04-28,10.740578651428223
2005-04-29,10.733363151550293
2005-05-02,10.884943962097168
2005-05-03,10.89216136932373
2005-05-04,11.123140335083008
2005-05-05,11.166451454162598
2005-05-06,11.281939506530762
2005-05-09,11.318028450012207
2005-05-10,11.41186809539795
2005-05-11,11.368562698364258
2005-05-12,11.325252532958984
2005-05-13,11.664497375488281
2005-05-16,11.621112823486328
2005-05-17,11.599419593811035
2005-05-18,11.52710247039795
2005-05-19,11.368011474609375
2005-05-20,11.462016105651855
2005-05-23,11.592185974121094
2005-05-24,11.917609214782715
2005-05-25,11.85975456237793
2005-05-26,12.069466590881348
2005-05-27,12.040543556213379
2005-05-31,11.874213218688965
2005-06-01,12.018850326538086
2005-06-02,12.192400932312012
2005-06-03,12.199638366699219
2005-06-06,12.163479804992676
2005-06-07,11.989924430847168
2005-06-08,12.214099884033203
2005-06-09,12.582907676696777
2005-06-10,12.402115821838379
2005-06-13,12.279186248779297
2005-06-14,12.221332550048828
2005-06-15,12.206872940063477
2005-06-16,12.199638366699219
2005-06-17,12.221332550048828
2005-06-20,12.055005073547363
2005-06-21,12.069466590881348
2005-06-22,12.214099884033203
2005-06-23,12.228559494018555
2005-06-24,11.895912170410156
2005-06-27,11.73681640625
2005-06-28,11.794672012329102
2005-06-29,11.715126037597656
2005-06-30,11.700655937194824
2005-07-01,11.671732902526855
2005-07-05,11.765743255615234
2005-07-06,11.657270431518555
2005-07-07,11.816363334655762
2005-07-08,12.047773361206055
2005-07-11,12.438278198242188
2005-07-12,12.365961074829102
2005-07-13,12.387659072875977
2005-07-14,12.575676918029785
2005-07-15,12.5467529296875
2005-07-18,12.452738761901855
2005-07-19,12.792627334594727
2005-07-20,13.298834800720215
2005-07-21,13.15420150756836
2005-07-22,13.233749389648438
2005-07-25,13.146967887878418
2005-07-26,13.204824447631836
2005-07-27,13.096348762512207
2005-07-28,13.219285011291504
2005-07-29,13.36391830444336
2005-08-01,13.190363883972168
2005-08-02,13.43623161315918
2005-08-03,13.3132963180542
2005-08-04,12.980643272399902
2005-08-05,12.908330917358398
2005-08-08,12.749235153198242
2005-08-09,12.857709884643555
2005-08-10,12.582907676696777
2005-08-11,12.864940643310547
2005-08-12,12.597370147705078
2005-08-15,12.778473854064941
2005-08-16,12.438005447387695
2005-08-17,13.198623657226562
2005-08-18,13.126191139221191
2005-08-19,13.162405967712402
2005-08-22,13.415947914123535
2005-08-23,13.321776390075684
2005-08-24,13.053746223449707
2005-08-25,13.032014846801758
2005-08-26,13.010276794433594
2005-08-29,13.126191139221191
2005-08-30,13.111701011657715
2005-08-31,13.271069526672363
2005-09-01,12.84367561340332
2005-09-02,12.821929931640625
2005-09-06,12.879891395568848
2005-09-07,12.756741523742676
2005-09-08,12.872647285461426
2005-09-09,13.017523765563965
2005-09-12,12.879891395568848
2005-09-13,13.104451179504395
2005-09-14,12.916107177734375
2005-09-15,13.053746223449707
2005-09-16,12.981302261352539
2005-09-19,12.655324935913086
2005-09-20,12.372812271118164
2005-09-21,12.184463500976562
2005-09-22,12.242416381835938
2005-09-23,12.271390914916992
2005-09-26,12.220684051513672
2005-09-27,12.083044052124023
2005-09-28,12.112024307250977
2005-09-29,12.242416381835938
2005-09-30,12.285879135131836
2005-10-03,12.300368309020996
2005-10-04,12.2568998336792
2005-10-05,12.068557739257812
2005-10-06,12.075800895690918
2005-10-07,12.227931022644043
2005-10-10,12.206194877624512
2005-10-11,12.191706657409668
2005-10-12,12.278635025024414
2005-10-13,12.575640678405762
2005-10-14,12.553911209106445
2005-10-17,12.582883834838867
2005-10-18,12.481468200683594
2005-10-19,12.387293815612793
2005-10-20,12.314855575561523
2005-10-21,12.264147758483887
2005-10-24,12.351073265075684
2005-10-25,12.452491760253906
2005-10-26,12.264147758483887
2005-10-27,12.104775428771973
2005-10-28,11.85123348236084
2005-10-31,11.85123348236084
2005-11-01,11.612183570861816
2005-11-02,11.872969627380371
2005-11-03,12.2351713180542
2005-11-04,12.206194877624512
2005-11-07,12.401784896850586
2005-11-08,12.669815063476562
2005-11-09,12.981302261352539
2005-11-10,12.98855209350586
2005-11-11,13.010276794433594
2005-11-14,12.981302261352539
2005-11-15,12.872459411621094
2005-11-16,12.894234657287598
2005-11-17,12.582213401794434
2005-11-18,12.509651184082031
2005-11-21,12.633010864257812
2005-11-22,12.727339744567871
2005-11-23,13.024840354919434
2005-11-25,13.278809547424316
2005-11-28,13.133688926696777
2005-11-29,13.177223205566406
2005-11-30,13.140941619873047
2005-12-01,13.525516510009766
2005-12-02,13.66339111328125
2005-12-05,13.452959060668945
2005-12-06,13.750458717346191
2005-12-07,13.779485702514648
2005-12-08,13.590826034545898
2005-12-09,13.64161491394043
2005-12-12,13.866561889648438
2005-12-13,13.931862831115723
2005-12-14,13.779485702514648
2005-12-15,13.801251411437988
2005-12-16,13.735953330993652
2005-12-19,13.373143196105957
2005-12-20,13.278809547424316
2005-12-21,13.169963836669922
2005-12-22,13.30057430267334
2005-12-23,13.351367950439453
2005-12-27,13.198990821838379
2005-12-28,13.213506698608398
2005-12-29,13.104668617248535
2005-12-30,13.017585754394531
2006-01-03,13.30057430267334
2006-01-04,13.416682243347168
2006-01-05,13.569058418273926
2006-01-06,14.055224418640137
2006-01-09,14.164066314697266
2006-01-10,14.359980583190918
2006-01-11,14.9840087890625
2006-01-12,15.10737133026123
2006-01-13,14.621208190917969
2006-01-17,14.338210105895996
2006-01-18,14.323697090148926
2006-01-19,14.505101203918457
2006-01-20,13.837538719177246
2006-01-23,13.772231101989746
2006-01-24,13.772231101989746
2006-01-25,13.764971733093262
2006-01-26,14.316442489624023
2006-01-27,14.330957412719727
2006-01-30,14.207605361938477
2006-01-31,13.82302188873291
2006-02-01,14.026200294494629
2006-02-02,13.685162544250488
2006-02-03,13.554547309875488
2006-02-06,13.844793319702148
2006-02-07,14.149551391601562
2006-02-08,14.584921836853027
2006-02-09,14.570411682128906
2006-02-10,14.4833402633667
2006-02-13,14.410775184631348
2006-02-14,14.72326374053955
2006-02-15,14.86860179901123
2006-02-16,14.5052490234375
2006-02-17,14.33083724975586
2006-02-21,14.01834774017334
2006-02-22,13.97474479675293
2006-02-23,13.851204872131348
2006-02-24,13.662253379821777
2006-02-27,13.371565818786621
2006-02-28,13.313434600830078
2006-03-01,13.698594093322754
2006-03-02,13.822132110595703
2006-03-03,13.531450271606445
2006-03-06,13.487844467163086
2006-03-07,13.320697784423828
2006-03-08,12.993680953979492
2006-03-09,12.862861633300781
2006-03-10,12.92827320098877
2006-03-13,13.03001594543457
2006-03-14,13.342499732971191
2006-03-15,13.495111465454102
2006-03-16,12.862861633300781
2006-03-17,12.710262298583984
2006-03-20,12.710262298583984
2006-03-21,12.7247953414917
2006-03-22,12.841071128845215
2006-03-23,12.790200233459473
2006-03-24,13.03727912902832
2006-03-27,12.971878051757812
2006-03-28,12.652122497558594
2006-03-29,12.782933235168457
2006-03-30,12.913741111755371
2006-03-31,12.7247953414917
2006-04-03,12.935541152954102
2006-04-04,12.906469345092773
2006-04-05,13.269831657409668
2006-04-06,13.3933744430542
2006-04-07,13.109953880310059
2006-04-10,12.855603218078613
2006-04-11,12.7247953414917
2006-04-12,12.659385681152344
2006-04-13,13.160821914672852
2006-04-17,12.826529502868652
2006-04-18,13.182623863220215
2006-04-19,13.320697784423828
2006-04-20,13.5023775100708
2006-04-21,13.124490737915039
2006-04-24,13.000951766967773
2006-04-25,12.979143142700195
2006-04-26,13.015480041503906
2006-04-27,13.327971458435059
2006-04-28,13.04454517364502
2006-05-01,12.804732322692871
2006-05-02,12.855603218078613
2006-05-03,13.124490737915039
2006-05-04,13.480575561523438
2006-05-05,13.843934059143066
2006-05-08,13.74219036102295
2006-05-09,13.524181365966797
2006-05-10,13.218958854675293
2006-05-11,13.160821914672852
2006-05-12,13.146286010742188
2006-05-15,12.899203300476074
2006-05-16,13.008522987365723
2006-05-17,12.338053703308105
2006-05-18,12.228738784790039
2006-05-19,12.389067649841309
2006-05-22,12.294326782226562
2006-05-23,11.84977912902832
2006-05-24,12.24331283569336
2006-05-25,12.192299842834473
2006-05-26,12.32347583770752
2006-05-30,12.177717208862305
2006-05-31,12.32347583770752
2006-06-01,12.505670547485352
2006-06-02,12.418212890625
2006-06-05,12.104850769042969
2006-06-06,12.031973838806152
2006-06-07,11.929946899414062
2006-06-08,12.104850769042969
2006-06-09,12.002820014953613
2006-06-12,11.827917098999023
2006-06-13,11.7623291015625
2006-06-14,11.980958938598633
2006-06-15,12.265174865722656
2006-06-16,11.878928184509277
2006-06-19,11.88621711730957
2006-06-20,11.988241195678711
2006-06-21,12.206877708435059
2006-06-22,12.06112003326416
2006-06-23,11.755038261413574
2006-06-26,11.820624351501465
2006-06-27,11.616570472717285
2006-06-28,11.711310386657715
2006-06-29,12.06112003326416
2006-06-30,11.864358901977539
2006-07-03,12.04654598236084
2006-07-05,11.813336372375488
2006-07-06,11.937231063842773
2006-07-07,11.718600273132324
2006-07-10,11.507255554199219
2006-07-11,11.7623291015625
2006-07-12,11.427091598510742
2006-07-13,11.266763687133789
2006-07-14,11.237610816955566
2006-07-17,11.266763687133789
2006-07-18,11.288625717163086
2006-07-19,11.550978660583496
2006-07-20,10.865942001342773
2006-07-21,10.756627082824707
2006-07-24,11.026267051696777
2006-07-25,10.997123718261719
2006-07-26,10.967964172363281
2006-07-27,11.004404067993164
2006-07-28,11.361502647399902
2006-07-31,11.485396385192871
2006-08-01,11.274052619934082
2006-08-02,11.361502647399902
2006-08-03,11.448956489562988
2006-08-04,11.295913696289062
2006-08-07,11.223034858703613
2006-08-08,11.11372184753418
2006-08-09,11.018980979919434
2006-08-10,11.244902610778809
2006-08-11,11.055418014526367
2006-08-14,11.223034858703613
2006-08-15,11.471627235412598
2006-08-16,11.486245155334473
2006-08-17,11.55936050415039
2006-08-18,11.530116081237793
2006-08-21,11.413134574890137
2006-08-22,11.39850902557373
2006-08-23,11.632475852966309
2006-08-24,11.771391868591309
2006-08-25,11.793329238891602
2006-08-28,11.939558029174805
2006-08-29,12.202770233154297
2006-08-30,12.392861366271973
2006-08-31,12.35630989074707
2006-09-01,12.3124418258667
2006-09-05,12.29050064086914
2006-09-06,12.012674331665039
2006-09-07,11.998045921325684
2006-09-08,12.085779190063477
2006-09-11,12.012674331665039
2006-09-12,12.75112533569336
2006-09-13,12.678009033203125
2006-09-14,12.634148597717285
2006-09-15,12.575651168823242
2006-09-18,12.999711990356445
2006-09-19,12.758439064025879
2006-09-20,12.62683391571045
2006-09-21,12.385555267333984
2006-09-22,12.3124418258667
2006-09-25,12.685319900512695
2006-09-26,12.838863372802734
2006-09-27,12.824238777160645
2006-09-28,12.963153839111328
2006-09-29,12.963153839111328
2006-10-02,12.875420570373535
2006-10-03,12.926599502563477
2006-10-04,13.226365089416504
2006-10-05,13.2190523147583
2006-10-06,13.37990951538086
2006-10-09,13.504197120666504
2006-10-10,13.584625244140625
2006-10-11,13.613871574401855
2006-10-12,13.672368049621582
2006-10-13,13.906328201293945
2006-10-16,13.877082824707031
2006-10-17,13.657746315002441
2006-10-18,13.02895450592041
2006-10-19,12.685319900512695
2006-10-20,12.612211227416992
2006-10-23,12.729195594787598
2006-10-24,12.458669662475586
2006-10-25,12.590277671813965
2006-10-26,12.926599502563477
2006-10-27,12.619523048400879
2006-10-30,12.685319900512695
2006-10-31,12.714567184448242
2006-11-01,12.612211227416992
2006-11-02,12.502531051635742
2006-11-03,12.48791790008545
2006-11-06,12.641449928283691
2006-11-07,13.014338493347168
2006-11-08,13.050890922546387
2006-11-09,12.73649787902832
2006-11-10,12.882730484008789
2006-11-13,13.233680725097656
2006-11-14,13.563604354858398
2006-11-15,13.67358112335205
2006-11-16,13.182356834411621
2006-11-17,13.285004615783691
2006-11-20,13.372982025146484
2006-11-21,13.350984573364258
2006-11-22,13.482952117919922
2006-11-24,13.578265190124512
2006-11-27,13.182356834411621
2006-11-28,13.292335510253906
2006-11-29,13.306995391845703
2006-11-30,13.204355239868164
2006-12-01,12.999065399169922
2006-12-04,13.438966751098633
2006-12-05,13.600268363952637
2006-12-06,13.6222562789917
2006-12-07,13.512285232543945
2006-12-08,13.541604995727539
2006-12-11,13.490294456481934
2006-12-12,13.365649223327637
2006-12-13,13.153029441833496
2006-12-14,13.343648910522461
2006-12-15,13.292335510253906
2006-12-18,13.416971206665039
2006-12-19,13.306995391845703
2006-12-20,13.424300193786621
2006-12-21,13.197019577026367
2006-12-22,13.314329147338867
2006-12-26,13.666250228881836
2006-12-27,13.6222562789917
2006-12-28,13.600268363952637
2006-12-29,13.526947975158691
2007-01-03,13.5049467086792
2007-01-04,13.783548355102539
2007-01-05,13.688244819641113
2007-01-08,13.849542617797852
2007-01-09,14.113484382629395
2007-01-10,14.326103210449219
2007-01-11,14.31876277923584
2007-01-12,14.296774864196777
2007-01-16,14.282106399536133
2007-01-17,14.223454475402832
2007-01-18,13.380306243896484
2007-01-19,13.350984573364258
2007-01-22,13.167693138122559
2007-01-23,12.80111026763916
2007-01-24,12.903756141662598
2007-01-25,12.815770149230957
2007-01-26,13.035723686218262
2007-01-29,12.911083221435547
2007-01-30,13.043054580688477
2007-01-31,12.999065399169922
2007-02-01,13.153029441833496
2007-02-02,13.285004615783691
2007-02-05,13.292335510253906
2007-02-06,13.306995391845703
2007-02-07,13.380306243896484
2007-02-08,13.424300193786621
2007-02-09,13.175021171569824
2007-02-12,13.11637020111084
2007-02-13,13.366345405578613
2007-02-14,13.888355255126953
2007-02-15,14.035404205322266
2007-02-16,13.983932495117188
2007-02-20,13.792773246765137
2007-02-21,13.947173118591309
2007-02-22,14.116275787353516
2007-02-23,14.108922004699707
2007-02-26,14.035404205322266
2007-02-27,13.57221508026123
2007-02-28,13.653075218200684
2007-03-01,13.564858436584473
2007-03-02,13.219305038452148
2007-03-05,13.079612731933594
2007-03-06,13.366345405578613
2007-03-07,13.381051063537598
2007-03-08,13.55750560760498
2007-03-09,13.476632118225098
2007-03-12,13.653075218200684
2007-03-13,13.48398494720459
2007-03-14,13.520736694335938
2007-03-15,13.645729064941406
2007-03-16,13.594269752502441
2007-03-19,13.579560279846191
2007-03-20,13.601617813110352
2007-03-21,13.88100528717041
2007-03-22,13.829536437988281
2007-03-23,13.814841270446777
2007-03-26,13.88100528717041
2007-03-27,13.851593971252441
2007-03-28,13.711905479431152
2007-03-29,13.601617813110352
2007-03-30,13.469278335571289
2007-04-02,13.498686790466309
2007-04-03,13.491336822509766
2007-04-04,13.711905479431152
2007-04-05,13.73396110534668
2007-04-09,13.711905479431152
2007-04-10,14.270668029785156
2007-04-11,14.138331413269043
2007-04-12,14.226557731628418
2007-04-13,14.028053283691406
2007-04-16,14.145682334899902
2007-04-17,14.23391056060791
2007-04-18,14.469182014465332
2007-04-19,14.403009414672852
2007-04-20,14.322134971618652
2007-04-23,14.094216346740723
2007-04-24,14.329493522644043
2007-04-25,14.329493522644043
2007-04-26,14.189787864685059
2007-04-27,14.189787864685059
2007-04-30,14.1309814453125
2007-05-01,14.278022766113281
2007-05-02,14.314784049987793
2007-05-03,14.336845397949219
2007-05-04,14.520647048950195
2007-05-07,14.550057411193848
2007-05-08,14.29272747039795
2007-05-09,14.476533889770508
2007-05-10,14.101572036743164
2007-05-11,14.535346031188965
2007-05-14,15.057364463806152
2007-05-15,14.585436820983887
2007-05-16,14.135629653930664
2007-05-17,13.966026306152344
2007-05-18,13.899667739868164
2007-05-21,13.936538696289062
2007-05-22,14.135629653930664
2007-05-23,14.135629653930664
2007-05-24,14.032394409179688
2007-05-25,14.179876327514648
2007-05-29,14.165128707885742
2007-05-30,13.958661079406738
2007-05-31,14.084022521972656
2007-06-01,14.260991096496582
2007-06-04,14.194621086120605
2007-06-05,14.054519653320312
2007-06-06,14.032394409179688
2007-06-07,13.567848205566406
2007-06-08,13.855433464050293
2007-06-11,13.73006820678711
2007-06-12,13.641582489013672
2007-06-13,14.098761558532715
2007-06-14,14.319973945617676
2007-06-15,14.637055397033691
2007-06-18,14.622302055358887
2007-06-19,14.585436820983887
2007-06-20,14.474822998046875
2007-06-21,14.865640640258789
2007-06-22,14.932005882263184
2007-06-25,14.659174919128418
2007-06-26,14.548568725585938
2007-06-27,15.005744934082031
2007-06-28,14.72553825378418
2007-06-29,14.651803970336914
2007-07-02,14.873021125793457
2007-07-03,14.902514457702637
2007-07-05,14.784534454345703
2007-07-06,14.74028491973877
2007-07-09,14.873021125793457
2007-07-10,14.629679679870605
2007-07-11,14.755025863647461
2007-07-12,15.30069637298584
2007-07-13,15.101606369018555
2007-07-16,15.204840660095215
2007-07-17,16.0749454498291
2007-07-18,15.97171688079834
2007-07-19,16.060203552246094
2007-07-20,15.824239730834961
2007-07-23,15.809494018554688
2007-07-24,15.713628768920898
2007-07-25,16.038084030151367
2007-07-26,15.927474021911621
2007-07-27,15.897981643676758
2007-07-30,16.23717498779297
2007-07-31,16.25192642211914
2007-08-01,16.554248809814453
2007-08-02,16.458391189575195
2007-08-03,16.377273559570312
2007-08-06,16.849199295043945
2007-08-07,16.67223358154297
2007-08-08,16.93031120300293
2007-08-09,16.510000228881836
2007-08-10,16.111820220947266
2007-08-13,16.030704498291016
2007-08-14,15.705351829528809
2007-08-15,15.054671287536621
2007-08-16,15.032488822937012
2007-08-17,15.380006790161133
2007-08-20,15.483531951904297
2007-08-21,15.409589767456055
2007-08-22,15.209945678710938
2007-08-23,15.306070327758789
2007-08-24,15.424375534057617
2007-08-27,15.224732398986816
2007-08-28,14.891990661621094
2007-08-29,15.313464164733887
2007-08-30,15.490917205810547
2007-08-31,15.794082641601562
2007-09-04,16.104646682739258
2007-09-05,15.749728202819824
2007-09-06,15.771909713745117
2007-09-07,15.372614860534668
2007-09-10,15.461347579956055
2007-09-11,15.542680740356445
2007-09-12,15.195159912109375
2007-09-13,15.202543258666992
2007-09-14,15.032488822937012
2007-09-17,15.017688751220703
2007-09-18,15.594449996948242
2007-09-19,15.601839065551758
2007-09-20,15.542680740356445
2007-09-21,15.749728202819824
2007-09-24,15.557472229003906
2007-09-25,15.535292625427246
2007-09-26,15.291288375854492
2007-09-27,15.306070327758789
2007-09-28,15.306070327758789
2007-10-01,15.771909713745117
2007-10-02,15.986335754394531
2007-10-03,15.387407302856445
2007-10-04,15.269098281860352
2007-10-05,15.624019622802734
2007-10-08,15.461347579956055
2007-10-09,15.2764892578125
2007-10-10,14.928960800170898
2007-10-11,14.87720775604248
2007-10-12,15.557472229003906
2007-10-15,15.365227699279785
2007-10-16,15.41698932647705
2007-10-17,15.986335754394531
2007-10-18,15.431772232055664
2007-10-19,14.86241626739502
2007-10-22,15.12861156463623
2007-10-23,15.172969818115234
2007-10-24,14.87720775604248
2007-10-25,14.315239906311035
2007-10-26,13.945534706115723
2007-10-29,14.026866912841797
2007-10-30,14.1747465133667
2007-10-31,14.359604835510254
2007-11-01,13.886374473571777
2007-11-02,13.952924728393555
2007-11-05,13.679340362548828
2007-11-06,13.59799575805664
2007-11-07,13.243078231811523
2007-11-08,13.243078231811523
2007-11-09,13.834620475769043
2007-11-12,13.53884506225586
2007-11-13,13.80591869354248
2007-11-14,13.954283714294434
2007-11-15,13.998800277709961
2007-11-16,13.761404991149902
2007-11-19,13.575937271118164
2007-11-20,13.501751899719238
2007-11-21,13.353382110595703
2007-11-23,13.598193168640137
2007-11-26,13.219846725463867
2007-11-27,13.479499816894531
2007-11-28,13.93203067779541
2007-11-29,13.887518882751465
2007-11-30,13.969128608703613
2007-12-03,13.501751899719238
2007-12-04,13.420146942138672
2007-12-05,13.89493465423584
2007-12-06,13.84300422668457
2007-12-07,13.568524360656738
2007-12-10,13.828173637390137
2007-12-11,13.434990882873535
2007-12-12,13.635287284851074
2007-12-13,13.40531063079834
2007-12-14,13.182758331298828
2007-12-17,13.034384727478027
2007-12-18,13.138249397277832
2007-12-19,13.049223899841309
2007-12-20,13.331120491027832
2007-12-21,13.308874130249023
2007-12-24,13.464661598205566
2007-12-26,13.494333267211914
2007-12-27,13.175337791442871
2007-12-28,13.256949424743652
2007-12-31,13.175337791442871
2008-01-02,12.915692329406738
2008-01-03,12.685711860656738
2008-01-04,12.440901756286621
2008-01-07,12.411225318908691
2008-01-08,12.114486694335938
2008-01-09,12.344457626342773
2008-01-10,12.166415214538574
2008-01-11,12.166415214538574
2008-01-14,12.492831230163574
2008-01-15,12.574433326721191
2008-01-16,12.923108100891113
2008-01-17,13.004711151123047
2008-01-18,13.368220329284668
2008-01-22,13.353382110595703
2008-01-23,13.427569389343262
2008-01-24,13.323707580566406
2008-01-25,12.923108100891113
2008-01-28,13.316288948059082
2008-01-29,13.115986824035645
2008-01-30,13.294034004211426
2008-01-31,13.294034004211426
2008-02-01,14.00621223449707
2008-02-04,13.709474563598633
2008-02-05,13.427569389343262
2008-02-06,12.967617988586426
2008-02-07,13.093735694885254
2008-02-08,13.3014554977417
2008-02-11,13.716894149780273
2008-02-12,13.448951721191406
2008-02-13,14.81840991973877
2008-02-14,14.282538414001465
2008-02-15,14.170899391174316
2008-02-19,13.754105567932129
2008-02-20,14.468607902526855
2008-02-21,14.349522590637207
2008-02-22,14.64723014831543
2008-02-25,14.62490177154541
2008-02-26,14.77375316619873
2008-02-27,14.95982551574707
2008-02-28,14.758866310119629
2008-02-29,14.267646789550781
2008-03-03,14.051811218261719
2008-03-04,15.123563766479492
2008-03-05,15.257534980773926
2008-03-06,14.982144355773926
2008-03-07,14.95237922668457
2008-03-10,15.123563766479492
2008-03-11,15.585018157958984
2008-03-12,15.614778518676758
2008-03-13,15.67432689666748
2008-03-14,15.317072868347168
2008-03-17,15.384056091308594
2008-03-18,16.02412986755371
2008-03-19,15.384056091308594
2008-03-20,15.704093933105469
2008-03-24,15.562681198120117
2008-03-25,15.376616477966309
2008-03-26,15.131006240844727
2008-03-27,14.870506286621094
2008-03-28,14.528143882751465
2008-03-31,14.520703315734863
2008-04-01,14.95982551574707
2008-04-02,15.324516296386719
2008-04-03,15.518030166625977
2008-04-04,15.547796249389648
2008-04-07,15.026806831359863
2008-04-08,14.513256072998047
2008-04-09,14.64723014831543
2008-04-10,15.019362449645996
2008-04-11,14.223001480102539
2008-04-14,14.059260368347168
2008-04-15,13.96250057220459
2008-04-16,14.394183158874512
2008-04-17,14.267646789550781
2008-04-18,14.237881660461426
2008-04-21,14.141122817993164
2008-04-22,13.694565773010254
2008-04-23,13.99227237701416
2008-04-24,14.334640502929688
2008-04-25,14.215556144714355
2008-04-28,14.133683204650879
2008-04-29,14.141122817993164
2008-04-30,13.888071060180664
2008-05-01,14.520703315734863
2008-05-02,14.662116050720215
2008-05-05,14.483488082885742
2008-05-06,14.431387901306152
2008-05-07,14.334640502929688
2008-05-08,14.520703315734863
2008-05-09,14.356966018676758
2008-05-12,14.78864860534668
2008-05-13,14.825967788696289
2008-05-14,14.85582160949707
2008-05-15,14.661733627319336
2008-05-16,14.60947036743164
2008-05-19,14.557212829589844
2008-05-20,14.243675231933594
2008-05-21,14.10184097290039
2008-05-22,14.310860633850098
2008-05-23,14.124235153198242
2008-05-27,14.602005004882812
2008-05-28,14.587078094482422
2008-05-29,14.65426254272461
2008-05-30,14.788646697998047
2008-06-02,14.519891738891602
2008-06-03,14.14663028717041
2008-06-04,14.363120079040527
2008-06-05,14.407913208007812
2008-06-06,14.10184097290039
2008-06-09,14.131698608398438
2008-06-10,14.161561012268066
2008-06-11,13.982392311096191
2008-06-12,14.45271110534668
2008-06-13,14.99766731262207
2008-06-16,15.520227432250977
2008-06-17,15.266423225402832
2008-06-18,15.191763877868652
2008-06-19,15.303743362426758
2008-06-20,15.005134582519531
2008-06-23,14.74384593963623
2008-06-24,14.915555953979492
2008-06-25,15.385854721069336
2008-06-26,14.482563972473145
2008-06-27,14.400450706481934
2008-06-30,14.251142501831055
2008-07-01,14.392982482910156
2008-07-02,14.034649848937988
2008-07-03,13.959997177124023
2008-07-07,14.079449653625488
2008-07-08,14.064515113830566
2008-07-09,13.32544994354248
2008-07-10,13.691248893737793
2008-07-11,13.370246887207031
2008-07-14,13.265731811523438
2008-07-15,13.489688873291016
2008-07-16,13.676321983337402
2008-07-17,13.937609672546387
2008-07-18,13.646458625793457
2008-07-21,13.295591354370117
2008-07-22,12.982049942016602
2008-07-23,13.116425514221191
2008-07-24,12.661042213439941
2008-07-25,12.69837474822998
2008-07-28,12.46695327758789
2008-07-29,12.69090747833252
2008-07-30,12.847673416137695
2008-07-31,12.929793357849121
2008-08-01,13.086566925048828
2008-08-04,13.340387344360352
2008-08-05,13.489688873291016
2008-08-06,13.400102615356445
2008-08-07,13.795759201049805
2008-08-08,14.027193069458008
2008-08-11,13.825624465942383
2008-08-12,13.833109855651855
2008-08-13,14.477213859558105
2008-08-14,14.319931030273438
2008-08-15,14.454742431640625
2008-08-18,14.072781562805176
2008-08-19,13.803160667419434
2008-08-20,13.825624465942383
2008-08-21,13.750724792480469
2008-08-22,13.848094940185547
2008-08-25,13.570982933044434
2008-08-26,13.623408317565918
2008-08-27,13.713287353515625
2008-08-28,13.85558795928955
2008-08-29,13.42119026184082
2008-09-02,13.331315994262695
2008-09-03,12.814538955688477
2008-09-04,12.54491901397705
2008-09-05,12.85198974609375
2008-09-08,12.994292259216309
2008-09-09,12.657262802124023
2008-09-10,12.260322570800781
2008-09-11,12.44756031036377
2008-09-12,12.155468940734863
2008-09-15,12.2378511428833
2008-09-16,12.387643814086914
2008-09-17,11.758525848388672
2008-09-18,11.930781364440918
2008-09-19,11.908313751220703
2008-09-22,11.601239204406738
2008-09-23,11.653670310974121
2008-09-24,11.71358585357666
2008-09-25,11.998188018798828
2008-09-26,11.945757865905762
2008-09-29,10.957144737243652
2008-09-30,11.331620216369629
2008-10-01,11.204301834106445
2008-10-02,10.687520980834961
2008-10-03,10.627608299255371
2008-10-06,10.140789985656738
2008-10-07,9.24953556060791
2008-10-08,9.339411735534668
2008-10-09,9.586563110351562
2008-10-10,9.511674880981445
2008-10-13,10.028447151184082
2008-10-14,9.549118041992188
2008-10-15,8.620418548583984
2008-10-16,9.384349822998047
2008-10-17,8.979909896850586
2008-10-20,9.556611061096191
2008-10-21,9.15217399597168
2008-10-22,8.717784881591797
2008-10-23,8.508073806762695
2008-10-24,8.538034439086914
2008-10-27,8.463142395019531
2008-10-28,9.316944122314453
2008-10-29,8.972427368164062
2008-10-30,9.04731559753418
2008-10-31,9.668951988220215
2008-11-03,9.706402778625488
2008-11-04,9.968531608581543
2008-11-05,9.331920623779297
2008-11-06,8.1560697555542
2008-11-07,8.463142395019531
2008-11-10,8.064075469970703
2008-11-11,8.018901824951172
2008-11-12,7.491836071014404
2008-11-13,8.56102466583252
2008-11-14,7.702661991119385
2008-11-17,7.52948522567749
2008-11-18,7.153007507324219
2008-11-19,6.339827537536621
2008-11-20,6.128999710083008
2008-11-21,6.287118911743164
2008-11-24,6.656064510345459
2008-11-25,6.558182716369629
2008-11-26,7.326189041137695
2008-11-28,7.213244915008545
2008-12-01,6.6861796379089355
2008-12-02,6.769007205963135
2008-12-03,7.009949684143066
2008-12-04,7.168069362640381
2008-12-05,7.52948522567749
2008-12-08,7.537015438079834
2008-12-09,7.762899875640869
2008-12-10,7.793011665344238
2008-12-11,7.5746636390686035
2008-12-12,7.868312358856201
2008-12-15,7.672544002532959
2008-12-16,8.094193458557129
2008-12-17,8.033957481384277
2008-12-18,7.6047797203063965
2008-12-19,7.6273674964904785
2008-12-22,7.642423629760742
2008-12-23,7.31865930557251
2008-12-24,7.401486396789551
2008-12-26,7.296067714691162
2008-12-29,7.37889289855957
2008-12-30,7.642423629760742
2008-12-31,7.6273674964904785
2009-01-02,8.033957481384277
2009-01-05,8.033957481384277
2009-01-06,8.71914291381836
2009-01-07,7.9812517166137695
2009-01-08,8.086665153503418
2009-01-09,7.808073997497559
2009-01-12,7.52948522567749
2009-01-13,7.672544002532959
2009-01-14,7.326189041137695
2009-01-15,7.303598403930664
2009-01-16,7.665011882781982
2009-01-20,7.077714920043945
2009-01-21,7.092775821685791
2009-01-22,6.889476299285889
2009-01-23,7.311126708984375
2009-01-26,7.401486396789551
2009-01-27,7.589720726013184
2009-01-28,7.815601825714111
2009-01-29,7.228305816650391
2009-01-30,7.0551276206970215
2009-02-02,7.08524751663208
2009-02-03,7.213244915008545
2009-02-04,7.401486396789551
2009-02-05,7.702661991119385
2009-02-06,7.868312358856201
2009-02-09,7.6800737380981445
2009-02-10,7.3392438888549805
2009-02-11,7.3998332023620605
2009-02-12,7.1347432136535645
2009-02-13,7.202908515930176
2009-02-17,6.521245956420898
2009-02-18,6.506097793579102
2009-02-19,6.316744804382324
2009-02-20,6.634856700897217
2009-02-23,6.339468479156494
2009-02-24,6.619709491729736
2009-02-25,7.157464027404785
2009-02-26,7.452851295471191
2009-02-27,6.975686550140381
2009-03-02,6.703023910522461
2009-03-03,6.703023910522461
2009-03-04,7.043854713439941
2009-03-05,6.846928119659424
2009-03-06,6.589413642883301
2009-03-09,6.498523712158203
2009-03-10,6.9832658767700195
2009-03-11,7.271073818206787
2009-03-12,7.680072784423828
2009-03-13,8.020904541015625
2009-03-16,7.899719715118408
2009-03-17,8.104217529296875
2009-03-18,8.217832565307617
2009-03-19,8.104217529296875
2009-03-20,7.733089447021484
2009-03-23,8.376887321472168
2009-03-24,8.020904541015625
2009-03-25,8.323868751525879
2009-03-26,8.801029205322266
2009-03-27,8.505643844604492
2009-03-30,8.07392406463623
2009-03-31,8.14208984375
2009-04-01,8.149664878845215
2009-04-02,8.664700508117676
2009-04-03,8.944936752319336
2009-04-06,8.755587577819824
2009-04-07,7.9906086921691895
2009-04-08,8.14208984375
2009-04-09,8.672271728515625
2009-04-13,8.717716217041016
2009-04-14,8.907064437866211
2009-04-15,8.657126426696777
2009-04-16,8.960086822509766
2009-04-17,9.02824878692627
2009-04-20,8.42990493774414
2009-04-21,8.52078914642334
2009-04-22,8.79345703125
2009-04-23,8.672271728515625
2009-04-24,8.861624717712402
2009-04-27,8.778308868408203
2009-04-28,8.641977310180664
2009-04-29,8.778308868408203
2009-04-30,9.247900009155273
2009-05-01,9.225175857543945
2009-05-04,9.664472579956055
2009-05-05,9.384230613708496
2009-05-06,9.603880882263184
2009-05-07,8.975229263305664
2009-05-08,9.005531311035156
2009-05-11,8.922215461730957
2009-05-12,8.739507675170898
2009-05-13,8.366479873657227
2009-05-14,8.419772148132324
2009-05-15,8.153321266174316
2009-05-18,8.465450286865234
2009-05-19,8.473061561584473
2009-05-20,8.351255416870117
2009-05-21,8.100035667419434
2009-05-22,8.122870445251465
2009-05-26,8.320801734924316
2009-05-27,8.434993743896484
2009-05-28,8.602478981018066
2009-05-29,8.572030067443848
2009-06-01,9.181055068969727
2009-06-02,8.83847427368164
2009-06-03,8.663383483886719
2009-06-04,8.785189628601074
2009-06-05,8.358872413635254
2009-06-08,8.267518043518066
2009-06-09,8.396932601928711
2009-06-10,8.313190460205078
2009-06-11,8.488288879394531
2009-06-12,8.549190521240234
2009-06-15,8.45022201538086
2009-06-16,8.297966957092285
2009-06-17,8.328415870666504
2009-06-18,8.252290725708008
2009-06-19,8.358872413635254
2009-06-22,7.99345588684082
2009-06-23,8.077192306518555
2009-06-24,8.22183895111084
2009-06-25,8.351255416870117
2009-06-26,8.30557632446289
2009-06-29,8.412158012390137
2009-06-30,8.381707191467285
2009-07-01,8.473061561584473
2009-07-02,8.473061561584473
2009-07-06,8.564413070678711
2009-07-07,8.320801734924316
2009-07-08,8.160938262939453
2009-07-09,8.336029052734375
2009-07-10,8.374093055725098
2009-07-13,8.693831443786621
2009-07-14,8.861312866210938
2009-07-15,9.371374130249023
2009-07-16,9.698721885681152
2009-07-17,9.645430564880371
2009-07-20,9.73678970336914
2009-07-21,9.767236709594727
2009-07-22,10.086978912353516
2009-07-23,10.269684791564941
2009-07-24,10.04129695892334
2009-07-27,10.13265323638916
2009-07-28,10.185946464538574
2009-07-29,10.361038208007812
2009-07-30,10.376265525817871
2009-07-31,10.505681991577148
2009-08-03,10.665548324584961
2009-08-04,10.612258911132812
2009-08-05,10.45238971710205
2009-08-06,10.208783149719238
2009-08-07,10.292521476745605
2009-08-10,10.300130844116211
2009-08-11,10.108966827392578
2009-08-12,10.44542407989502
2009-08-13,10.682473182678223
2009-08-14,10.361310958862305
2009-08-17,10.032498359680176
2009-08-18,10.223668098449707
2009-08-19,10.17014217376709
2009-08-20,10.292488098144531
2009-08-21,10.506598472595215
2009-08-24,10.307785987854004
2009-08-25,10.13191032409668
2009-08-26,10.185433387756348
2009-08-27,10.162497520446777
2009-08-28,10.147200584411621
2009-08-31,10.07837963104248
2009-09-01,9.887208938598633
2009-09-02,9.917804718017578
2009-09-03,10.055440902709961
2009-09-04,10.284844398498535
2009-09-08,10.460719108581543
2009-09-09,10.628942489624023
2009-09-10,10.430131912231445
2009-09-11,10.330720901489258
2009-09-14,10.17014217376709
2009-09-15,10.2083740234375
2009-09-16,10.238964080810547
2009-09-17,9.963677406311035
2009-09-18,9.963677406311035
2009-09-21,9.680752754211426
2009-09-22,10.147200584411621
2009-09-23,10.124259948730469
2009-09-24,9.95603084564209
2009-09-25,10.017206192016602
2009-09-28,10.323073387145996
2009-09-29,10.15484619140625
2009-09-30,10.231318473815918
2009-10-01,9.856627464294434
2009-10-02,9.696043968200684
2009-10-05,9.757221221923828
2009-10-06,10.055440902709961
2009-10-07,9.948382377624512
2009-10-08,10.001913070678711
2009-10-09,10.108966827392578
2009-10-12,10.414841651916504
2009-10-13,10.277194023132324
2009-10-14,10.483654022216797
2009-10-15,10.391897201538086
2009-10-16,10.231318473815918
2009-10-19,10.353663444519043
2009-10-20,10.300135612487793
2009-10-21,10.032498359680176
2009-10-22,10.116613388061523
2009-10-23,9.902507781982422
2009-10-26,9.887208938598633
2009-10-27,9.650163650512695
2009-10-28,9.45899486541748
2009-10-29,9.749571800231934
2009-10-30,9.32900333404541
2009-11-02,9.40546703338623
2009-11-03,9.091954231262207
2009-11-04,9.13018798828125
2009-11-05,9.481938362121582
2009-11-06,9.481938362121582
2009-11-09,9.973706245422363
2009-11-10,9.989076614379883
2009-11-11,10.181171417236328
2009-11-12,9.8507661819458
2009-11-13,9.77392292022705
2009-11-16,10.027491569519043
2009-11-17,9.942970275878906
2009-11-18,9.88149356842041
2009-11-19,9.589509963989258
2009-11-20,9.435832977294922
2009-11-23,9.528037071228027
2009-11-24,9.489617347717285
2009-11-25,9.55108642578125
2009-11-27,9.443514823913574
2009-11-30,9.45888614654541
2009-12-01,9.90455150604248
2009-12-02,9.989076614379883
2009-12-03,10.042860984802246
2009-12-04,10.234956741333008
2009-12-07,10.181171417236328
2009-12-08,10.234956741333008
2009-12-09,10.365583419799805
2009-12-10,10.227277755737305
2009-12-11,10.281061172485352
2009-12-14,10.4193754196167
2009-12-15,10.396318435668945
2009-12-16,10.442424774169922
2009-12-17,10.258010864257812
2009-12-18,10.465476989746094
2009-12-21,10.634520530700684
2009-12-22,10.7113618850708
2009-12-23,10.719045639038086
2009-12-24,10.757463455200195
2009-12-28,10.649890899658203
2009-12-29,10.557684898376465
2009-12-30,10.80356502532959
2009-12-31,10.7113618850708
2010-01-04,10.987980842590332
2010-01-05,10.90345573425293
2010-01-06,10.880411148071289
2010-01-07,10.765149116516113
2010-01-08,11.180079460144043
2010-01-11,11.425966262817383
2010-01-12,10.911140441894531
2010-01-13,10.964925765991211
2010-01-14,11.026399612426758
2010-01-15,10.549997329711914
2010-01-19,10.73441219329834
2010-01-20,10.60378360748291
2010-01-21,10.434739112854004
2010-01-22,9.704766273498535
2010-01-25,9.712454795837402
2010-01-26,9.720130920410156
2010-01-27,10.019808769226074
2010-01-28,9.689403533935547
2010-01-29,9.358996391296387
2010-02-01,9.620244026184082
2010-02-02,9.612563133239746
2010-02-03,9.435832977294922
2010-02-04,9.067004203796387
2010-02-05,9.39741325378418
2010-02-08,9.274468421936035
2010-02-09,9.335945129394531
2010-02-10,9.39741325378418
2010-02-11,9.581827163696289
2010-02-12,9.581827163696289
2010-02-16,9.950654029846191
2010-02-17,9.9813871383667
2010-02-18,9.743189811706543
2010-02-19,9.604879379272461
2010-02-22,9.612600326538086
2010-02-23,9.272881507873535
2010-02-24,9.473625183105469
2010-02-25,9.435017585754395
2010-02-26,9.450458526611328
2010-03-01,9.651204109191895
2010-03-02,9.589433670043945
2010-03-03,9.566275596618652
2010-03-04,9.465902328491211
2010-03-05,9.489066123962402
2010-03-08,9.54311466217041
2010-03-09,9.489066123962402
2010-03-10,9.674370765686035
2010-03-11,9.58171558380127
2010-03-12,9.54311466217041
2010-03-15,9.44273853302002
2010-03-16,9.612600326538086
2010-03-17,9.774736404418945
2010-03-18,9.75157356262207
2010-03-19,9.643479347229004
2010-03-22,9.867395401000977
2010-03-23,10.222556114196777
2010-03-24,10.037257194519043
2010-03-25,10.160785675048828
2010-03-26,10.199390411376953
2010-03-29,10.276607513427734
2010-03-30,10.384697914123535
2010-03-31,10.400137901306152
2010-04-01,10.307485580444336
2010-04-05,10.438741683959961
2010-04-06,10.407855033874512
2010-04-07,10.485066413879395
2010-04-08,10.299764633178711
2010-04-09,10.400137901306152
2010-04-12,10.52367115020752
2010-04-13,10.654926300048828
2010-04-14,11.125911712646484
2010-04-15,11.071859359741211
2010-04-16,11.087306022644043
2010-04-19,11.040977478027344
2010-04-20,11.164514541625977
2010-04-21,11.141350746154785
2010-04-22,11.095026969909668
2010-04-23,11.172234535217285
2010-04-26,11.087306022644043
2010-04-27,10.755304336547852
2010-04-28,10.847956657409668
2010-04-29,11.01009464263916
2010-04-30,10.639486312866211
2010-05-03,10.809347152709961
2010-05-04,10.338372230529785
2010-05-05,10.207117080688477
2010-05-06,9.813343048095703
2010-05-07,9.651204109191895
2010-05-10,10.18394660949707
2010-05-11,10.315208435058594
2010-05-12,10.631768226623535
2010-05-13,10.21483325958252
2010-05-14,9.998652458190918
2010-05-17,10.176231384277344
2010-05-18,9.990924835205078
2010-05-19,10.052690505981445
2010-05-20,9.797900199890137
2010-05-21,9.821066856384277
2010-05-24,9.696844100952148
2010-05-25,9.836593627929688
2010-05-26,9.720133781433105
2010-05-27,10.147139549255371
2010-05-28,10.030684471130371
2010-06-01,9.77448558807373
2010-06-02,9.976343154907227
2010-06-03,10.11608600616455
2010-06-04,9.758959770202637
2010-06-07,9.456171035766602
2010-06-08,9.580394744873047
2010-06-09,9.463937759399414
2010-06-10,9.727900505065918
2010-06-11,9.852119445800781
2010-06-14,9.852119445800781
2010-06-15,10.294650077819824
2010-06-16,10.395581245422363
2010-06-17,10.403339385986328
2010-06-18,10.356760025024414
2010-06-21,10.294650077819824
2010-06-22,10.13937759399414
2010-06-23,10.185958862304688
2010-06-24,9.90646743774414
2010-06-25,10.053973197937012
2010-06-28,9.960814476013184
2010-06-29,9.564862251281738
2010-06-30,9.331951141357422
2010-07-01,9.316425323486328
2010-07-02,9.316425323486328
2010-07-06,9.145623207092285
2010-07-07,9.463937759399414
2010-07-08,9.401827812194824
2010-07-09,9.549337387084961
2010-07-12,9.557101249694824
2010-07-13,9.720133781433105
2010-07-14,9.727900505065918
2010-07-15,9.673555374145508
2010-07-16,9.463937759399414
2010-07-19,9.611444473266602
2010-07-20,9.580394744873047
2010-07-21,9.471698760986328
2010-07-22,9.665790557861328
2010-07-23,9.712374687194824
2010-07-26,9.751192092895508
2010-07-27,9.790010452270508
2010-07-28,9.588153839111328
2010-07-29,9.269845008850098
2010-07-30,9.161150932312012
2010-08-02,9.324188232421875
2010-08-03,9.176680564880371
2010-08-04,9.215496063232422
2010-08-05,9.168916702270508
2010-08-06,9.192208290100098
2010-08-09,9.215496063232422
2010-08-10,8.951533317565918
2010-08-11,8.703092575073242
2010-08-12,8.664273262023926
2010-08-13,8.672040939331055
2010-08-16,8.703092575073242
2010-08-17,8.842841148376465
2010-08-18,8.835076332092285
2010-08-19,8.819550514221191
2010-08-20,8.609931945800781
2010-08-23,8.5864896774292
2010-08-24,8.273971557617188
2010-08-25,8.367728233337402
2010-08-26,8.227094650268555
2010-08-27,8.352102279663086
2010-08-30,8.180214881896973
2010-08-31,8.102081298828125
2010-09-01,8.367728233337402
2010-09-02,8.430230140686035
2010-09-03,8.578680038452148
2010-09-07,8.453670501708984
2010-09-08,8.266157150268555
2010-09-09,8.422418594360352
2010-09-10,8.34428596496582
2010-09-13,8.422418594360352
2010-09-14,8.680246353149414
2010-09-15,8.625554084777832
2010-09-16,8.656806945800781
2010-09-17,8.609930992126465
2010-09-20,8.719310760498047
2010-09-21,8.789632797241211
2010-09-22,8.719310760498047
2010-09-23,8.820878982543945
2010-09-24,9.086525917053223
2010-09-27,9.016209602355957
2010-09-28,9.164650917053223
2010-09-29,9.125590324401855
2010-09-30,9.125590324401855
2010-10-01,9.149025917053223
2010-10-04,8.977142333984375
2010-10-05,9.266222953796387
2010-10-06,9.164650917053223
2010-10-07,9.164650917053223
2010-10-08,9.23497200012207
2010-10-11,9.23497200012207
2010-10-12,9.344352722167969
2010-10-13,9.35216999053955
2010-10-14,9.305288314819336
2010-10-15,9.391228675842285
2010-10-18,9.336539268493652
2010-10-19,9.203715324401855
2010-10-20,9.328726768493652
2010-10-21,9.297475814819336
2010-10-22,9.477171897888184
2010-10-25,9.492801666259766
2010-10-26,9.445919036865234
2010-10-27,9.563114166259766
2010-10-28,9.570930480957031
2010-10-29,9.64905834197998
2010-11-01,9.664685249328613
2010-11-02,9.750626564025879
2010-11-03,9.797507286071777
2010-11-04,10.070961952209473
2010-11-05,10.141282081604004
2010-11-08,10.000641822814941
2010-11-09,10.016268730163574
2010-11-10,10.03971004486084
2010-11-11,9.86782455444336
2010-11-12,9.83657455444336
2010-11-15,9.852200508117676
2010-11-16,9.735000610351562
2010-11-17,9.67249584197998
2010-11-18,9.88344955444336
2010-11-19,9.789692878723145
2010-11-22,9.84468936920166
2010-11-23,9.750409126281738
2010-11-24,9.891834259033203
2010-11-26,9.84468936920166
2010-11-29,9.836834907531738
2010-11-30,9.766121864318848
2010-12-01,10.033254623413086
2010-12-02,10.143254280090332
2010-12-03,10.2611083984375
2010-12-06,10.22967529296875
2010-12-07,10.206107139587402
2010-12-08,10.245392799377441
2010-12-09,10.4339599609375
2010-12-10,10.49681282043457
2010-12-13,10.386819839477539
2010-12-14,10.449670791625977
2010-12-15,10.371100425720215
2010-12-16,10.512528419494629
2010-12-17,10.693236351013184
2010-12-20,10.685379028320312
2010-12-21,10.92894172668457
2010-12-22,10.999655723571777
2010-12-23,10.999655723571777
2010-12-27,11.06251049041748
2010-12-28,11.078224182128906
2010-12-29,11.093940734863281
2010-12-30,11.101795196533203
2010-12-31,11.038941383361816
2011-01-03,11.046799659729004
2011-01-04,10.97608470916748
2011-01-05,10.811088562011719
2011-01-06,10.913228988647461
2011-01-07,10.968225479125977
2011-01-10,10.818948745727539
2011-01-11,11.06251049041748
2011-01-12,11.203933715820312
2011-01-13,11.18822193145752
2011-01-14,12.036765098571777
2011-01-18,11.942483901977539
2011-01-19,11.96605110168457
2011-01-20,11.832489013671875
2011-01-21,11.793206214904785
2011-01-24,12.076056480407715
2011-01-25,12.076056480407715
2011-01-26,12.146761894226074
2011-01-27,12.649604797363281
2011-01-28,12.390325546264648
2011-01-31,12.327470779418945
2011-02-01,12.743885040283203
2011-02-02,12.846028327941895
2011-02-03,12.681035995483398
2011-02-04,12.956027030944824
2011-02-07,12.877455711364746
2011-02-08,12.696742057800293
2011-02-09,12.46889591217041
2011-02-10,12.665315628051758
2011-02-11,12.578887939453125
2011-02-14,12.728178024291992
2011-02-15,12.665315628051758
2011-02-16,12.846028327941895
2011-02-17,12.901021003723145
2011-02-18,12.9403076171875
2011-02-22,12.303898811340332
2011-02-23,12.288187026977539
2011-02-24,12.437468528747559
2011-02-25,12.665315628051758
2011-02-28,12.965180397033691
2011-03-01,12.783684730529785
2011-03-02,12.95728874206543
2011-03-03,13.296615600585938
2011-03-04,13.201916694641113
2011-03-07,12.594297409057617
2011-03-08,12.460150718688965
2011-03-09,12.073482513427734
2011-03-10,11.805180549621582
2011-03-11,11.836746215820312
2011-03-14,11.805180549621582
2011-03-15,11.742055892944336
2011-03-16,11.410622596740723
2011-03-17,11.702595710754395
2011-03-18,11.710485458374023
2011-03-21,12.002459526062012
2011-03-22,11.92354965209961
2011-03-23,11.963005065917969
2011-03-24,12.183954238891602
2011-03-25,12.176065444946289
2011-03-28,12.207629203796387
2011-03-29,12.389124870300293
2011-03-30,12.412802696228027
2011-03-31,12.325997352600098
2011-04-01,12.254979133605957
2011-04-04,12.15239429473877
2011-04-05,12.254979133605957
2011-04-06,12.428584098815918
2011-04-07,12.231304168701172
2011-04-08,12.08137321472168
2011-04-11,12.097155570983887
2011-04-12,11.860419273376465
2011-04-13,11.742055892944336
2011-04-14,11.663141250610352
2011-04-15,11.615790367126465
2011-04-18,11.426403045654297
2011-04-19,11.528990745544434
2011-04-20,12.057697296142578
2011-04-21,12.034022331237793
2011-04-25,12.073482513427734
2011-04-26,12.318107604980469
2011-04-27,12.56273365020752
2011-04-28,12.381237030029297
2011-04-29,12.381237030029297
2011-05-02,11.95511245727539
2011-05-03,12.02613353729248
2011-05-04,11.90776538848877
2011-05-05,11.805180549621582
2011-05-06,12.018240928649902
2011-05-09,11.86831283569336
2011-05-10,11.884090423583984
2011-05-11,11.7736177444458
2011-05-12,11.90776538848877
2011-05-13,11.678922653198242
2011-05-16,11.457971572875977
2011-05-17,11.292258262634277
2011-05-18,11.442185401916504
2011-05-19,11.30803394317627
2011-05-20,11.118648529052734
2011-05-23,10.881916999816895
2011-05-24,10.8187837600708
2011-05-25,10.937152862548828
2011-05-26,10.763545036315918
2011-05-27,10.660357475280762
2011-05-31,10.938178062438965
2011-06-01,10.382539749145508
2011-06-02,10.438102722167969
2011-06-03,10.287284851074219
2011-06-06,10.231720924377441
2011-06-07,10.34284782409668
2011-06-08,10.104716300964355
2011-06-09,10.14440631866455
2011-06-10,9.985650062561035
2011-06-13,9.906271934509277
2011-06-14,10.080904960632324
2011-06-15,9.977712631225586
2011-06-16,9.898334503173828
2011-06-17,9.850708961486816
2011-06-20,9.858647346496582
2011-06-21,10.065028190612793
2011-06-22,9.985650062561035
2011-06-23,10.128530502319336
2011-06-24,9.842769622802734
2011-06-27,10.04915714263916
2011-06-28,10.088842391967773
2011-06-29,10.057095527648926
2011-06-30,10.326973915100098
2011-07-01,10.549230575561523
2011-07-05,10.390477180480957
2011-07-06,10.350784301757812
2011-07-07,10.668292045593262
2011-07-08,10.398407936096191
2011-07-11,10.303157806396484
2011-07-12,10.033280372619629
2011-07-13,9.874527931213379
2011-07-14,9.739579200744629
2011-07-15,9.882462501525879
2011-07-18,9.763392448425293
2011-07-19,10.04915714263916
2011-07-20,10.07296371459961
2011-07-21,10.263467788696289
2011-07-22,10.438102722167969
2011-07-25,10.398407936096191
2011-07-26,10.398407936096191
2011-07-27,10.033280372619629
2011-07-28,9.906271934509277
2011-07-29,9.779269218444824
2011-08-01,9.787210464477539
2011-08-02,9.588767051696777
2011-08-03,9.6919527053833
2011-08-04,9.11249828338623
2011-08-05,9.0807523727417
2011-08-08,8.802931785583496
2011-08-09,9.0807523727417
2011-08-10,8.929936408996582
2011-08-11,9.30300521850586
2011-08-12,9.207756996154785
2011-08-15,9.42207145690918
2011-08-16,9.271258354187012
2011-08-17,9.22362995147705
2011-08-18,8.723551750183105
2011-08-19,8.588611602783203
2011-08-22,8.620362281799316
2011-08-23,9.0807523727417
2011-08-24,9.017250061035156
2011-08-25,8.580676078796387
2011-08-26,8.7791166305542
2011-08-29,9.106934547424316
2011-08-30,9.13092041015625
2011-08-31,9.050965309143066
2011-09-01,8.843083381652832
2011-09-02,8.667180061340332
2011-09-06,8.531254768371582
2011-09-07,8.867070198059082
2011-09-08,8.675178527832031
2011-09-09,8.579232215881348
2011-09-12,8.683172225952148
2011-09-13,8.811097145080566
2011-09-14,8.994996070861816
2011-09-15,9.330812454223633
2011-09-16,9.250855445861816
2011-09-19,8.979004859924316
2011-09-20,8.89905071258545
2011-09-21,8.675178527832031
2011-09-22,8.283393859863281
2011-09-23,8.467291831970215
2011-09-26,8.299384117126465
2011-09-27,8.627201080322266
2011-09-28,8.48327922821045
2011-09-29,8.491275787353516
2011-09-30,8.283393859863281
2011-10-03,7.875622272491455
2011-10-04,8.211433410644531
2011-10-05,8.467291831970215
2011-10-06,8.595220565795898
2011-10-07,8.563238143920898
2011-10-10,8.803104400634766
2011-10-11,8.7791166305542
2011-10-12,9.034975051879883
2011-10-13,9.25885009765625
2011-10-14,9.27484130859375
2011-10-17,9.106934547424316
2011-10-18,9.3228120803833
2011-10-19,9.17889404296875
2011-10-20,9.058964729309082
2011-10-21,9.34679889678955
2011-10-24,9.538692474365234
2011-10-25,9.402770042419434
2011-10-26,9.466740608215332
2011-10-27,10.02642822265625
2011-10-28,10.090391159057617
2011-10-31,9.850520133972168
2011-11-01,9.53070068359375
2011-11-02,9.626648902893066
2011-11-03,9.8825044631958
2011-11-04,9.9304780960083
2011-11-07,9.922479629516602
2011-11-08,10.10638427734375
2011-11-09,9.7066011428833
2011-11-10,9.794550895690918
2011-11-11,10.178338050842285
2011-11-14,10.02642822265625
2011-11-15,10.10638427734375
2011-11-16,9.970454216003418
2011-11-17,9.218873977661133
2011-11-18,8.979004859924316
2011-11-21,8.769630432128906
2011-11-22,8.511935234069824
2011-11-23,8.222033500671387
2011-11-25,8.18176555633545
2011-11-28,8.375038146972656
2011-11-29,8.25424575805664
2011-11-30,8.681046485900879
2011-12-01,8.672994613647461
2011-12-02,8.721315383911133
2011-12-05,8.850157737731934
2011-12-06,8.93068790435791
2011-12-07,9.059536933898926
2011-12-08,8.785735130310059
2011-12-09,9.019270896911621
2011-12-12,8.471672058105469
2011-12-13,8.455565452575684
2011-12-14,8.31866455078125
2011-12-15,8.205924987792969
2011-12-16,8.31866455078125
2011-12-19,8.157609939575195
2011-12-20,8.391142845153809
2011-12-21,8.21397876739502
2011-12-22,8.479721069335938
2011-12-23,8.713255882263184
2011-12-27,8.721315383911133
2011-12-28,8.552203178405762
2011-12-29,8.60051441192627
2011-12-30,8.624675750732422
2012-01-03,8.616623878479004
2012-01-04,8.66494083404541
2012-01-05,8.721315383911133
2012-01-06,8.866263389587402
2012-01-09,9.132011413574219
2012-01-10,9.341385841369629
2012-01-11,9.429971694946289
2012-01-12,9.502447128295898
2012-01-13,9.260858535766602
2012-01-17,9.486337661743164
2012-01-18,9.76014232635498
2012-01-19,9.913145065307617
2012-01-20,10.041990280151367
2012-01-23,9.840667724609375
2012-01-24,9.913145065307617
2012-01-25,9.953409194946289
2012-01-26,9.985621452331543
2012-01-27,9.848719596862793
2012-01-30,9.711823463439941
2012-01-31,9.888985633850098
2012-02-01,10.122516632080078
2012-02-02,10.178893089294434
2012-02-03,10.29968547821045
2012-02-06,10.154732704162598
2012-02-07,10.259424209594727
2012-02-08,10.46880054473877
2012-02-09,10.557380676269531
2012-02-10,10.428532600402832
2012-02-13,10.412423133850098
2012-02-14,10.36410903930664
2012-02-15,10.388265609741211
2012-02-16,10.637906074523926
2012-02-17,10.460741996765137
2012-02-21,10.298686027526855
2012-02-22,10.452638626098633
2012-02-23,10.322999000549316
2012-02-24,10.233864784240723
2012-02-27,10.152839660644531
2012-02-28,10.177141189575195
2012-02-29,9.92595386505127
2012-03-01,9.91785717010498
2012-03-02,9.90164852142334
2012-03-05,9.747692108154297
2012-03-06,9.73149299621582
2012-03-07,9.80441665649414
2012-03-08,9.877342224121094
2012-03-09,10.02319049835205
2012-03-12,10.031294822692871
2012-03-13,10.128527641296387
2012-03-14,10.160938262939453
2012-03-15,10.36351203918457
2012-03-16,10.387816429138184
2012-03-19,10.395920753479004
2012-03-20,10.298686027526855
2012-03-21,10.306795120239258
2012-03-22,10.250070571899414
2012-03-23,10.282487869262695
2012-03-26,10.50125789642334
2012-03-27,10.387816429138184
2012-03-28,10.096117973327637
2012-03-29,10.112322807312012
2012-03-30,10.088011741638184
2012-04-02,10.128527641296387
2012-04-03,9.91785717010498
2012-04-04,9.772001266479492
2012-04-05,9.747692108154297
2012-04-09,9.609946250915527
2012-04-10,9.520816802978516
2012-04-11,9.658564567565918
2012-04-12,9.780106544494629
2012-04-13,9.561332702636719
2012-04-16,9.609946250915527
2012-04-17,9.747692108154297
2012-04-18,9.601842880249023
2012-04-19,9.618049621582031
2012-04-20,9.537019729614258
2012-04-23,9.383072853088379
2012-04-24,9.310145378112793
2012-04-25,9.431687355041504
2012-04-26,9.674768447875977
2012-04-27,9.747692108154297
2012-04-30,9.715285301208496
2012-05-01,9.609946250915527
2012-05-02,9.569436073303223
2012-05-03,9.342555046081543
2012-05-04,9.139985084533691
2012-05-07,9.067061424255371
2012-05-08,9.042749404907227
2012-05-09,8.977925300598145
2012-05-10,8.961722373962402
2012-05-11,8.896902084350586
2012-05-14,8.872587203979492
2012-05-15,8.75915241241455
2012-05-16,8.63760757446289
2012-05-17,8.491753578186035
2012-05-18,8.394521713256836
2012-05-21,8.63760757446289
2012-05-22,8.6130952835083
2012-05-23,8.719329833984375
2012-05-24,8.482343673706055
2012-05-25,8.6130952835083
2012-05-29,8.752013206481934
2012-05-30,8.547718048095703
2012-05-31,8.441481590270996
2012-06-01,8.179988861083984
2012-06-04,8.253532409667969
2012-06-05,8.408792495727539
2012-06-06,8.702982902526855
2012-06-07,8.670293807983398
2012-06-08,8.79287338256836
2012-06-11,8.653951644897461
2012-06-12,8.85007381439209
2012-06-13,8.79287338256836
2012-06-14,8.809218406677246
2012-06-15,8.980822563171387
2012-06-18,8.988998413085938
2012-06-19,9.136087417602539
2012-06-20,9.438446044921875
2012-06-21,9.127917289733887
2012-06-22,9.185117721557617
2012-06-25,8.93996810913086
2012-06-26,8.980822563171387
2012-06-27,9.095232009887695
2012-06-28,9.062541007995605
2012-06-29,9.35672664642334
2012-07-02,9.217805862426758
2012-07-03,9.37307357788086
2012-07-05,9.25049114227295
2012-07-06,9.021685600280762
2012-07-09,8.997170448303223
2012-07-10,8.752013206481934
2012-07-11,8.637606620788574
2012-07-12,8.474170684814453
2012-07-13,8.564064025878906
2012-07-16,8.482343673706055
2012-07-17,8.490517616271973
2012-07-18,8.727497100830078
2012-07-19,8.743840217590332
2012-07-20,8.588576316833496
2012-07-23,8.572233200073242
2012-07-24,8.482343673706055
2012-07-25,8.555891990661621
2012-07-26,8.69481372833252
2012-07-27,8.907279968261719
2012-07-30,8.841903686523438
2012-07-31,8.899106979370117
2012-08-01,8.923624992370605
2012-08-02,8.923624992370605
2012-08-03,9.168778419494629
2012-08-06,9.217805862426758
2012-08-07,9.699939727783203
2012-08-08,9.740802764892578
2012-08-09,9.716287612915039
2012-08-10,9.765318870544434
2012-08-13,9.650914192199707
2012-08-14,9.569193840026855
2012-08-15,9.642740249633789
2012-08-16,9.789835929870605
2012-08-17,9.80617904663086
2012-08-20,9.78166389465332
2012-08-21,9.699324607849121
2012-08-22,9.699324607849121
2012-08-23,9.715792655944824
2012-08-24,9.691093444824219
2012-08-27,9.567582130432129
2012-08-28,9.575820922851562
2012-08-29,9.633455276489258
2012-08-30,9.444079399108887
2012-08-31,9.625222206115723
2012-09-04,9.666388511657715
2012-09-05,9.64992618560791
2012-09-06,9.806365013122559
2012-09-07,9.765195846557617
2012-09-10,9.625222206115723
2012-09-11,9.592287063598633
2012-09-12,9.551115036010742
2012-09-13,9.756958961486816
2012-09-14,9.921636581420898
2012-09-17,9.83106517791748
2012-09-18,9.64168930053711
2012-09-19,9.468780517578125
2012-09-20,9.419380187988281
2012-09-21,9.42760944366455
2012-09-24,9.353510856628418
2012-09-25,9.180597305297852
2012-09-26,9.172369003295898
2012-09-27,9.295875549316406
2012-09-28,9.19706916809082
2012-10-01,9.164132118225098
2012-10-02,9.19706916809082
2012-10-03,9.188834190368652
2012-10-04,9.13943099975586
2012-10-05,9.164132118225098
2012-10-08,9.065330505371094
2012-10-09,8.974757194519043
2012-10-10,8.974757194519043
2012-10-11,9.015924453735352
2012-10-12,8.974757194519043
2012-10-15,9.02415943145752
2012-10-16,9.221771240234375
2012-10-17,9.188834190368652
2012-10-18,9.21353816986084
2012-10-19,8.925355911254883
2012-10-22,8.941822052001953
2012-10-23,8.89241886138916
2012-10-24,8.801848411560059
2012-10-25,8.793615341186523
2012-10-26,8.768915176391602
2012-10-31,8.727742195129395
2012-11-01,9.015924453735352
2012-11-02,8.900652885437012
2012-11-05,9.131196975708008
2012-11-06,9.435848236083984
2012-11-07,9.015924453735352
2012-11-08,8.645407676696777
2012-11-09,8.785384178161621
2012-11-12,8.752445220947266
2012-11-13,8.62894058227539
2012-11-14,8.530135154724121
2012-11-15,8.48073673248291
2012-11-16,8.357227325439453
2012-11-19,8.606447219848633
2012-11-20,8.631370544433594
2012-11-21,8.664604187011719
2012-11-23,8.639678001403809
2012-11-26,8.697831153869629
2012-11-27,8.606447219848633
2012-11-28,8.805826187133789
2012-11-29,8.922130584716797
2012-11-30,8.913820266723633
2012-12-03,8.855671882629395
2012-12-04,9.038433074951172
2012-12-05,8.971975326538086
2012-12-06,9.046740531921387
2012-12-07,9.113199234008789
2012-12-10,9.179657936096191
2012-12-11,9.204583168029785
2012-12-12,9.212888717651367
2012-12-13,9.229498863220215
2012-12-14,9.204583168029785
2012-12-17,9.229498863220215
2012-12-18,9.287653923034668
2012-12-19,9.420573234558105
2012-12-20,9.453807830810547
2012-12-21,9.55349349975586
2012-12-24,9.4454984664917
2012-12-26,9.462111473083496
2012-12-27,9.428881645202637
2012-12-28,9.354116439819336
2012-12-31,9.50365161895752
2013-01-02,9.835942268371582
2013-01-03,9.811023712158203
2013-01-04,9.811023712158203
2013-01-07,9.69471549987793
2013-01-08,9.561800003051758
2013-01-09,9.703025817871094
2013-01-10,9.66979694366455
2013-01-11,9.727946281433105
2013-01-14,9.76117992401123
2013-01-15,9.777790069580078
2013-01-16,9.910710334777832
2013-01-17,10.301153182983398
2013-01-18,10.508840560913086
2013-01-22,10.558686256408691
2013-01-23,10.550376892089844
2013-01-24,10.467308044433594
2013-01-25,10.658374786376953
2013-01-28,10.766372680664062
2013-01-29,10.633450508117676
2013-01-30,10.683293342590332
2013-01-31,10.724833488464355
2013-02-01,10.940825462341309
2013-02-04,10.79959774017334
2013-02-05,11.148510932922363
2013-02-06,11.131893157958984
2013-02-07,11.048822402954102
2013-02-08,11.306347846984863
2013-02-11,11.347885131835938
2013-02-12,11.347885131835938
2013-02-13,11.439268112182617
2013-02-14,11.538955688476562
2013-02-15,11.488786697387695
2013-02-19,11.614212036132812
2013-02-20,11.363365173339844
2013-02-21,11.079068183898926
2013-02-22,11.346640586853027
2013-02-25,11.062345504760742
2013-02-26,11.396807670593262
2013-02-27,11.488786697387695
2013-02-28,11.463702201843262
2013-03-01,11.363365173339844
2013-03-04,11.346640586853027
2013-03-05,11.488786697387695
2013-03-06,11.430253028869629
2013-03-07,11.32991886138916
2013-03-08,11.321556091308594
2013-03-11,11.304834365844727
2013-03-12,11.204495429992676
2013-03-13,11.396807670593262
2013-03-14,11.438617706298828
2013-03-15,11.129241943359375
2013-03-18,10.911840438842773
2013-03-19,10.83658504486084
2013-03-20,11.02054214477539
2013-03-21,10.83658504486084
2013-03-22,11.087433815002441
2013-03-25,11.137601852416992
2013-03-26,11.204495429992676
2013-03-27,11.212857246398926
2013-03-28,11.271385192871094
2013-04-01,11.171048164367676
2013-04-02,11.070711135864258
2013-04-03,10.99545669555664
2013-04-04,11.053985595703125
2013-04-05,11.03726577758789
2013-04-08,11.187772750854492
2013-04-09,11.120882987976074
2013-04-10,11.547318458557129
2013-04-11,11.538955688476562
2013-04-12,11.396807670593262
2013-04-15,11.129241943359375
2013-04-16,11.25466537475586
2013-04-17,10.911840438842773
2013-04-18,10.803139686584473
2013-04-19,10.811500549316406
2013-04-22,10.936922073364258
2013-04-23,11.229578971862793
2013-04-24,11.396807670593262
2013-04-25,11.831613540649414
2013-04-26,11.823248863220215
2013-04-29,12.040647506713867
2013-04-30,12.132630348205566
2013-05-01,12.09918212890625
2013-05-02,12.366754531860352
2013-05-03,12.400196075439453
2013-05-06,12.383476257324219
2013-05-07,12.308221817016602
2013-05-08,12.416921615600586
2013-05-09,12.475447654724121
2013-05-10,12.517255783081055
2013-05-13,12.283132553100586
2013-05-14,12.366754531860352
2013-05-15,12.375112533569336
2013-05-16,12.25805377960205
2013-05-17,12.50889778137207
2013-05-20,12.46709156036377
2013-05-21,12.349239349365234
2013-05-22,12.239805221557617
2013-05-23,12.290312767028809
2013-05-24,12.206132888793945
2013-05-28,12.517598152160645
2013-05-29,12.458670616149902
2013-05-30,12.837485313415527
2013-05-31,12.795390129089355
2013-06-03,12.989006996154785
2013-06-04,13.081607818603516
2013-06-05,12.753304481506348
2013-06-06,12.584941864013672
2013-06-07,13.039514541625977
2013-06-10,13.014260292053223
2013-06-11,12.78697681427002
2013-06-12,12.837485313415527
2013-06-13,13.132112503051758
2013-06-14,12.97217082977295
2013-06-17,13.283634185791016
2013-06-18,13.443583488464355
2013-06-19,13.21629524230957
2013-06-20,12.685956954956055
2013-06-21,12.694375038146973
2013-06-24,12.610197067260742
2013-06-25,12.854318618774414
2013-06-26,12.601778030395508
2013-06-27,12.55126667022705
2013-06-28,12.559687614440918
2013-07-01,12.475505828857422
2013-07-02,12.475505828857422
2013-07-03,12.627033233642578
2013-07-05,12.812227249145508
2013-07-08,12.74488639831543
2013-07-09,13.182621955871582
2013-07-10,13.721375465393066
2013-07-11,13.881319999694824
2013-07-12,14.024428367614746
2013-07-15,13.864477157592773
2013-07-16,13.957079887390137
2013-07-17,14.049680709838867
2013-07-18,13.940241813659668
2013-07-19,13.940241813659668
2013-07-22,13.76346492767334
2013-07-23,13.687703132629395
2013-07-24,13.55301570892334
2013-07-25,13.578269958496094
2013-07-26,13.578269958496094
2013-07-29,13.485671043395996
2013-07-30,13.696121215820312
2013-07-31,13.73820972442627
2013-08-01,13.881319999694824
2013-08-02,13.73820972442627
2013-08-05,13.55301570892334
2013-08-06,13.603523254394531
2013-08-07,13.376232147216797
2013-08-08,13.174206733703613
2013-08-09,13.191038131713867
2013-08-12,13.174206733703613
2013-08-13,13.241545677185059
2013-08-14,13.241545677185059
2013-08-15,12.896409034729004
2013-08-16,13.148950576782227
2013-08-19,13.090022087097168
2013-08-20,13.183221817016602
2013-08-21,13.174747467041016
2013-08-22,13.267946243286133
2013-08-23,13.234055519104004
2013-08-26,13.090023040771484
2013-08-27,12.768064498901367
2013-08-28,12.67487621307373
2013-08-29,12.827378273010254
2013-08-30,12.71723461151123
2013-09-03,12.801960945129395
2013-09-04,13.234055519104004
2013-09-05,13.284889221191406
2013-09-06,13.140859603881836
2013-09-09,13.208641052246094
2013-09-10,13.539068222045898
2013-09-11,13.496706008911133
2013-09-12,13.496706008911133
2013-09-13,13.479761123657227
2013-09-16,13.513649940490723
2013-09-17,13.471288681030273
2013-09-18,13.733936309814453
2013-09-19,13.632265090942383
2013-09-20,13.496706008911133
2013-09-23,13.547539710998535
2013-09-24,14.784524917602539
2013-09-25,15.114954948425293
2013-09-26,15.055644035339355
2013-09-27,14.911613464355469
2013-09-30,14.85230541229248
2013-10-01,14.801472663879395
2013-10-02,14.835363388061523
2013-10-03,14.682848930358887
2013-10-04,14.886197090148926
2013-10-07,15.055644035339355
2013-10-08,14.835363388061523
2013-10-09,14.691324234008789
2013-10-10,15.157317161560059
2013-10-11,15.250517845153809
2013-10-14,15.335236549377441
2013-10-15,15.09800910949707
2013-10-16,15.21662425994873
2013-10-17,15.326764106750488
2013-10-18,15.292871475219727
2013-10-21,15.140371322631836
2013-10-22,15.309823036193848
2013-10-23,14.742164611816406
2013-10-24,15.09800910949707
2013-10-25,14.996337890625
2013-10-28,15.02175521850586
2013-10-29,15.25898551940918
2013-10-30,15.148845672607422
2013-10-31,15.131892204284668
2013-11-01,14.996337890625
2013-11-04,15.038701057434082
2013-11-05,15.055644035339355
2013-11-06,15.182733535766602
2013-11-07,14.70827579498291
2013-11-08,15.038701057434082
2013-11-11,15.081062316894531
2013-11-12,14.9454984664917
2013-11-13,14.970913887023926
2013-11-14,14.877723693847656
2013-11-15,14.84383487701416
2013-11-18,14.352429389953613
2013-11-19,14.3353853225708
2013-11-20,14.343904495239258
2013-11-21,14.718908309936523
2013-11-22,14.701862335205078
2013-11-25,14.718908309936523
2013-11-26,14.931978225708008
2013-11-27,14.787091255187988
2013-11-29,14.744477272033691
2013-12-02,14.582548141479492
2013-12-03,14.591069221496582
2013-12-04,14.156407356262207
2013-12-05,14.062654495239258
2013-12-06,14.343904495239258
2013-12-09,14.343904495239258
2013-12-10,14.343904495239258
2013-12-11,14.343904495239258
2013-12-12,14.250152587890625
2013-12-13,14.233111381530762
2013-12-16,14.199018478393555
2013-12-17,14.31833553314209
2013-12-18,14.514362335205078
2013-12-19,14.386519432067871
2013-12-20,14.650732040405273
2013-12-23,14.92345905303955
2013-12-24,14.821178436279297
2013-12-26,14.863795280456543
2013-12-27,14.85527515411377
2013-12-30,14.906403541564941
2013-12-31,15.068340301513672
2014-01-02,14.957542419433594
2014-01-03,14.92345905303955
2014-01-06,14.735954284667969
2014-01-07,14.804142951965332
2014-01-08,14.84675407409668
2014-01-09,14.829703330993652
2014-01-10,14.88936710357666
2014-01-13,14.761528015136719
2014-01-14,15.025732040405273
2014-01-15,15.281414031982422
2014-01-16,15.025732040405273
2014-01-17,14.957542419433594
2014-01-21,15.008687973022461
2014-01-22,15.051294326782227
2014-01-23,14.940505027770996
2014-01-24,14.633683204650879
2014-01-27,14.250152587890625
2014-01-28,14.27571964263916
2014-01-29,14.258672714233398
2014-01-30,14.301288604736328
2014-01-31,14.3353853225708
2014-02-03,14.284247398376465
2014-02-04,14.301288604736328
2014-02-05,14.395040512084961
2014-02-06,14.531408309936523
2014-02-07,14.642199516296387
2014-02-10,14.701862335205078
2014-02-11,15.153576850891113
2014-02-12,15.26436710357666
2014-02-13,16.082551956176758
2014-02-14,16.24535369873047
2014-02-18,16.15110206604004
2014-02-19,16.065418243408203
2014-02-20,16.27105712890625
2014-02-21,16.365312576293945
2014-02-24,16.339614868164062
2014-02-25,16.296762466430664
2014-02-26,16.365312576293945
2014-02-27,16.288198471069336
2014-02-28,16.24535369873047
2014-03-03,16.03114891052246
2014-03-04,16.142534255981445
2014-03-05,16.425283432006836
2014-03-06,16.6052188873291
2014-03-07,16.827993392944336
2014-03-10,16.6052188873291
2014-03-11,16.391008377075195
2014-03-12,16.71660614013672
2014-03-13,16.17680549621582
2014-03-14,16.03971290588379
2014-03-17,16.262496948242188
2014-03-18,16.596651077270508
2014-03-19,16.682329177856445
2014-03-20,17.299245834350586
2014-03-21,17.2821102142334
2014-03-24,17.222137451171875
2014-03-25,17.44490623474121
2014-03-26,17.016498565673828
2014-03-27,16.870845794677734
2014-03-28,17.290679931640625
2014-03-31,17.496315002441406
2014-04-01,17.667688369750977
2014-04-02,17.813344955444336
2014-04-03,17.85618019104004
2014-04-04,17.350658416748047
2014-04-07,17.16214942932129
2014-04-08,17.0079288482666
2014-04-09,17.12788200378418
2014-04-10,16.35674476623535
2014-04-11,16.382448196411133
2014-04-14,16.296762466430664
2014-04-15,16.15967559814453
2014-04-16,16.211078643798828
2014-04-17,16.27105712890625
2014-04-21,16.39958381652832
2014-04-22,16.588077545166016
2014-04-23,16.493837356567383
2014-04-24,16.596651077270508
2014-04-25,15.954041481018066
2014-04-28,15.996879577636719
2014-04-29,16.339614868164062
2014-04-30,16.331035614013672
2014-05-01,16.17680549621582
2014-05-02,16.24535369873047
2014-05-05,16.25391960144043
2014-05-06,16.15967559814453
2014-05-07,16.27105712890625
2014-05-08,16.55380630493164
2014-05-09,16.545246124267578
2014-05-12,16.682329177856445
2014-05-13,16.37387466430664
2014-05-14,16.23678970336914
2014-05-15,16.014015197753906
2014-05-16,17.31638526916504
2014-05-19,17.23926544189453
2014-05-20,17.110105514526367
2014-05-21,17.2220458984375
2014-05-22,17.127330780029297
2014-05-23,17.256492614746094
2014-05-27,17.72148895263672
2014-05-28,17.68704605102539
2014-05-29,17.463151931762695
2014-05-30,17.38566017150879
2014-06-02,17.669824600219727
2014-06-03,18.444812774658203
2014-06-04,18.565372467041016
2014-06-05,18.75480842590332
2014-06-06,18.789255142211914
2014-06-09,18.866750717163086
2014-06-10,18.849536895751953
2014-06-11,18.849536895751953
2014-06-12,18.728975296020508
2014-06-13,19.262868881225586
2014-06-16,19.245641708374023
2014-06-17,19.36618995666504
2014-06-18,19.262868881225586
2014-06-19,19.340354919433594
2014-06-20,19.590070724487305
2014-06-23,19.719242095947266
2014-06-24,19.581470489501953
2014-06-25,19.452302932739258
2014-06-26,19.305917739868164
2014-06-27,19.288700103759766
2014-06-30,19.417858123779297
2014-07-01,19.51258087158203
2014-07-02,19.62452507019043
2014-07-03,19.641746520996094
2014-07-07,19.770912170410156
2014-07-08,19.581470489501953
2014-07-09,20.03785514831543
2014-07-10,19.69341278076172
2014-07-11,19.676185607910156
2014-07-14,19.857017517089844
2014-07-15,19.710628509521484
2014-07-16,19.676185607910156
2014-07-17,19.607301712036133
2014-07-18,19.80535316467285
2014-07-21,19.72784996032715
2014-07-22,19.392024993896484
2014-07-23,18.858142852783203
2014-07-24,18.73758888244629
2014-07-25,18.28120231628418
2014-07-28,18.393144607543945
2014-07-29,18.24675941467285
2014-07-30,18.324264526367188
2014-07-31,18.048707962036133
2014-08-01,18.16064453125
2014-08-04,18.195098876953125
2014-08-05,17.945369720458984
2014-08-06,18.21230697631836
2014-08-07,17.816211700439453
2014-08-08,17.93675994873047
2014-08-11,18.16064453125
2014-08-12,18.005643844604492
2014-08-13,18.057321548461914
2014-08-14,18.21230697631836
2014-08-15,19.357580184936523
2014-08-18,19.030363082885742
2014-08-19,19.0736083984375
2014-08-20,18.94386100769043
2014-08-21,19.203359603881836
2014-08-22,19.177417755126953
2014-08-25,19.134170532226562
2014-08-26,19.229312896728516
2014-08-27,19.575321197509766
2014-08-28,19.72237777709961
2014-08-29,19.990530014038086
2014-09-02,19.8348388671875
2014-09-03,19.808874130249023
2014-09-04,19.49747085571289
2014-09-05,19.68777847290039
2014-09-08,19.60993003845215
2014-09-09,19.42827033996582
2014-09-10,19.35042381286621
2014-09-11,19.8348388671875
2014-09-12,19.289859771728516
2014-09-15,19.0736083984375
2014-09-16,19.35042381286621
2014-09-17,19.41961669921875
2014-09-18,19.549373626708984
2014-09-19,19.506126403808594
2014-09-22,18.978464126586914
2014-09-23,18.71030616760254
2014-09-24,18.995756149291992
2014-09-25,18.606508255004883
2014-09-26,18.80545997619629
2014-09-29,18.814105987548828
2014-09-30,18.693002700805664
2014-10-01,18.13074493408203
2014-10-02,17.7587947845459
2014-10-03,17.94043731689453
2014-10-06,17.819339752197266
2014-10-07,17.620386123657227
2014-10-08,18.295101165771484
2014-10-09,18.052892684936523
2014-10-10,17.15327262878418
2014-10-13,16.36610984802246
2014-10-14,16.729419708251953
2014-10-15,16.807273864746094
2014-10-16,17.187870025634766
2014-10-17,17.1965274810791
2014-10-20,17.360876083374023
2014-10-21,17.975038528442383
2014-10-22,17.72418785095215
2014-10-23,18.07884407043457
2014-10-24,18.156696319580078
2014-10-27,18.19994354248047
2014-10-28,18.381603240966797
2014-10-29,18.580554962158203
2014-10-30,18.45945167541504
2014-10-31,19.108219146728516
2014-11-03,19.212017059326172
2014-11-04,19.09956169128418
2014-11-05,19.55801773071289
2014-11-06,19.540721893310547
2014-11-07,19.402320861816406
2014-11-10,19.575321197509766
2014-11-11,19.49747085571289
2014-11-12,19.454221725463867
2014-11-13,19.566675186157227
2014-11-14,19.739675521850586
2014-11-17,19.445568084716797
2014-11-18,19.706241607666016
2014-11-19,19.628040313720703
2014-11-20,19.662784576416016
2014-11-21,19.86263656616211
2014-11-24,20.192808151245117
2014-11-25,20.18412208557129
2014-11-26,20.74020767211914
2014-11-28,20.896602630615234
2014-12-01,20.627248764038086
2014-12-02,20.74020767211914
2014-12-03,21.36579704284668
2014-12-04,21.200706481933594
2014-12-05,21.756799697875977
2014-12-08,21.061687469482422
2014-12-09,21.21808624267578
2014-12-10,20.662012100219727
2014-12-11,20.670698165893555
2014-12-12,20.557743072509766
2014-12-15,20.32314109802246
2014-12-16,20.722827911376953
2014-12-17,21.252840042114258
2014-12-18,21.730730056762695
2014-12-19,21.626466751098633
2014-12-22,22.06959342956543
2014-12-23,22.06959342956543
2014-12-24,21.939260482788086
2014-12-26,21.887123107910156
2014-12-29,21.991397857666016
2014-12-30,21.913192749023438
2014-12-31,21.652538299560547
2015-01-02,21.687284469604492
2015-01-05,20.992185592651367
2015-01-06,20.20149803161621
2015-01-07,20.392648696899414
2015-01-08,21.044315338134766
2015-01-09,21.061687469482422
2015-01-12,20.557743072509766
2015-01-13,20.2710018157959
2015-01-14,20.001651763916016
2015-01-15,20.2710018157959
2015-01-16,20.392648696899414
2015-01-20,20.53166961669922
2015-01-21,21.131196975708008
2015-01-22,21.391862869262695
2015-01-23,20.94873046875
2015-01-26,21.061687469482422
2015-01-27,20.479536056518555
2015-01-28,20.314455032348633
2015-01-29,20.522981643676758
2015-01-30,19.845258712768555
2015-02-02,19.86263656616211
2015-02-03,20.37527084350586
2015-02-04,20.522981643676758
2015-02-05,20.81839370727539
2015-02-06,21.061687469482422
2015-02-09,20.42740249633789
2015-02-10,21.09644889831543
2015-02-11,21.079063415527344
2015-02-12,20.97480010986328
2015-02-13,21.044601440429688
2015-02-17,21.053329467773438
2015-02-18,21.027156829833984
2015-02-19,21.751327514648438
2015-02-20,21.925823211669922
2015-02-23,21.733877182006836
2015-02-24,22.126501083374023
2015-02-25,21.89965057373047
2015-02-26,21.733877182006836
2015-02-27,21.85602569580078
2015-03-02,22.362071990966797
2015-03-03,21.3674259185791
2015-03-04,21.175479888916016
2015-03-05,21.09695053100586
2015-03-06,20.86138343811035
2015-03-09,21.018430709838867
2015-03-10,20.51237678527832
2015-03-11,20.468748092651367
2015-03-12,20.739238739013672
2015-03-13,21.149303436279297
2015-03-16,21.437225341796875
2015-03-17,21.123132705688477
2015-03-18,21.262723922729492
2015-03-19,21.009708404541016
2015-03-20,21.044601440429688
2015-03-23,20.913726806640625
2015-03-24,20.85265350341797
2015-03-25,19.744577407836914
2015-03-26,19.543912887573242
2015-03-27,19.919086456298828
2015-03-30,19.866735458374023
2015-03-31,19.683513641357422
2015-04-01,19.53518295288086
2015-04-02,19.43048667907715
2015-04-06,19.334514617919922
2015-04-07,19.186185836791992
2015-04-08,19.52645492553711
2015-04-09,19.639883041381836
2015-04-10,19.631155014038086
2015-04-13,19.482833862304688
2015-04-14,19.369407653808594
2015-04-15,19.674787521362305
2015-04-16,19.0902099609375
2015-04-17,18.749940872192383
2015-04-20,18.985515594482422
2015-04-21,19.447933197021484
2015-04-22,19.46538734436035
2015-04-23,19.343231201171875
2015-04-24,19.020414352416992
2015-04-27,17.423742294311523
2015-04-28,17.484821319580078
2015-04-29,17.458648681640625
2015-04-30,17.266693115234375
2015-05-01,17.432470321655273
2015-05-04,17.345212936401367
2015-05-05,16.89151954650879
2015-05-06,16.970046997070312
2015-05-07,17.066020965576172
2015-05-08,17.179445266723633
2015-05-11,17.380123138427734
2015-05-12,17.353946685791016
2015-05-13,17.388845443725586
2015-05-14,17.3277645111084
2015-05-15,17.624418258666992
2015-05-18,17.61569595336914
2015-05-19,17.528011322021484
2015-05-20,17.45786476135254
2015-05-21,17.668302536010742
2015-05-22,17.65953826904297
2015-05-26,17.528011322021484
2015-05-27,17.834903717041016
2015-05-28,17.852434158325195
2015-05-29,17.650760650634766
2015-06-01,17.808603286743164
2015-06-02,17.869976043701172
2015-06-03,17.852434158325195
2015-06-04,17.589384078979492
2015-06-05,17.668302536010742
2015-06-08,17.42279624938965
2015-06-09,17.45786476135254
2015-06-10,17.57185173034668
2015-06-11,17.343873977661133
2015-06-12,17.203582763671875
2015-06-15,17.282499313354492
2015-06-16,17.378948211669922
2015-06-17,17.13343620300293
2015-06-18,17.396484375
2015-06-19,17.291263580322266
2015-06-22,17.414020538330078
2015-06-23,17.501708984375
2015-06-24,17.62446403503418
2015-06-25,17.589384078979492
2015-06-26,17.343873977661133
2015-06-29,16.844074249267578
2015-06-30,16.852840423583984
2015-07-01,17.107128143310547
2015-07-02,17.19481086730957
2015-07-06,16.89668846130371
2015-07-07,16.809005737304688
2015-07-08,16.265357971191406
2015-07-09,16.23905372619629
2015-07-10,16.458267211914062
2015-07-13,16.9317569732666
2015-07-14,16.563478469848633
2015-07-15,16.282896041870117
2015-07-16,15.669113159179688
2015-07-17,15.581425666809082
2015-07-20,15.581425666809082
2015-07-21,15.634034156799316
2015-07-22,15.335915565490723
2015-07-23,15.537583351135254
2015-07-24,15.230690956115723
2015-07-27,15.239459991455078
2015-07-28,15.449897766113281
2015-07-29,15.388524055480957
2015-07-30,15.406059265136719
2015-07-31,15.221921920776367
2015-08-03,15.046560287475586
2015-08-04,14.757197380065918
2015-08-05,14.932568550109863
2015-08-06,14.774731636047363
2015-08-07,14.888724327087402
2015-08-10,15.432366371154785
2015-08-11,15.204386711120605
2015-08-12,15.16931438446045
2015-08-13,14.950108528137207
2015-08-14,14.590601921081543
2015-08-17,14.932568550109863
2015-08-18,14.579760551452637
2015-08-19,14.50037956237793
2015-08-20,14.094647407531738
2015-08-21,13.653636932373047
2015-08-24,13.318475723266602
2015-08-25,13.089150428771973
2015-08-26,13.441953659057617
2015-08-27,14.059366226196289
2015-08-28,14.103471755981445
2015-08-31,14.191673278808594
2015-09-01,13.662458419799805
2015-09-02,13.83004379272461
2015-09-03,13.900605201721191
2015-09-04,13.574258804321289
2015-09-08,13.8741455078125
2015-09-09,13.635997772216797
2015-09-10,13.724205017089844
2015-09-11,13.671282768249512
2015-09-14,13.759482383728027
2015-09-15,14.041729927062988
2015-09-16,14.262234687805176
2015-09-17,14.12993049621582
2015-09-18,14.050551414489746
2015-09-21,13.794763565063477
2015-09-22,13.318475723266602
2015-09-23,12.886286735534668
2015-09-24,12.956846237182617
2015-09-25,12.877467155456543
2015-09-28,12.674598693847656
2015-09-29,12.833365440368652
2015-09-30,12.956846237182617
2015-10-01,12.939207077026367
2015-10-02,13.177350044250488
2015-10-05,13.318475723266602
2015-10-06,13.441953659057617
2015-10-07,13.574258804321289
2015-10-08,13.8212251663208
2015-10-09,13.803583145141602
2015-10-12,13.759482383728027
2015-10-13,13.353754997253418
2015-10-14,13.618358612060547
2015-10-15,13.865327835083008
2015-10-16,13.962347984313965
2015-10-19,13.944708824157715
2015-10-20,14.27987289428711
2015-10-21,14.174030303955078
2015-10-22,14.297511100769043
2015-10-23,14.50037956237793
2015-10-26,14.403353691101074
2015-10-27,14.350438117980957
2015-10-28,14.588582992553711
2015-10-29,14.764984130859375
2015-10-30,14.791444778442383
2015-11-02,14.897284507751465
2015-11-03,14.994308471679688
2015-11-04,14.879647254943848
2015-11-05,14.826723098754883
2015-11-06,15.038413047790527
2015-11-09,14.826723098754883
2015-11-10,14.782622337341309
2015-11-11,14.809087753295898
2015-11-12,14.579760551452637
2015-11-13,15.205987930297852
2015-11-16,15.647006034851074
2015-11-17,15.80666446685791
2015-11-18,16.081636428833008
2015-11-19,16.14373016357422
2015-11-20,16.12598991394043
2015-11-23,16.081636428833008
2015-11-24,16.30339813232422
2015-11-25,16.36549186706543
2015-11-27,16.516281127929688
2015-11-30,16.649330139160156
2015-12-01,17.013010025024414
2015-12-02,16.968650817871094
2015-12-03,16.640460968017578
2015-12-04,16.879953384399414
2015-12-07,16.773513793945312
2015-12-08,16.809001922607422
2015-12-09,16.879953384399414
2015-12-10,16.631593704223633
2015-12-11,16.25017547607422
2015-12-14,16.010679244995117
2015-12-15,16.374357223510742
2015-12-16,16.409835815429688
2015-12-17,16.019554138183594
2015-12-18,16.05503273010254
2015-12-21,16.427576065063477
2015-12-22,16.640460968017578
2015-12-23,16.933176040649414
2015-12-24,16.950916290283203
2015-12-28,16.853347778320312
2015-12-29,17.083974838256836
2015-12-30,16.817867279052734
2015-12-31,16.56063461303711
2016-01-04,16.383222579956055
2016-01-05,16.400964736938477
2016-01-06,15.726835250854492
2016-01-07,15.265586853027344
2016-01-08,14.893041610717773
2016-01-11,14.795467376708984
2016-01-12,14.857555389404297
2016-01-13,14.369697570800781
2016-01-14,14.910775184631348
2016-01-15,14.263253211975098
2016-01-19,14.591448783874512
2016-01-20,14.520489692687988
2016-01-21,14.910775184631348
2016-01-22,15.123664855957031
2016-01-25,14.999481201171875
2016-01-26,15.389765739440918
2016-01-27,15.15914249420166
2016-01-28,14.795467376708984
2016-01-29,15.655874252319336
2016-02-01,15.655874252319336
2016-02-02,15.123664855957031
2016-02-03,15.336549758911133
2016-02-04,15.593785285949707
2016-02-05,14.910775184631348
2016-02-08,14.360824584960938
2016-02-09,14.28099250793457
2016-02-10,14.183422088623047
2016-02-11,13.872965812683105
2016-02-12,14.245512008666992
2016-02-16,14.83094596862793
2016-02-17,15.2034912109375
2016-02-18,15.230104446411133
2016-02-19,16.30339813232422
2016-02-22,16.489669799804688
2016-02-23,16.507511138916016
2016-02-24,16.66803550720215
2016-02-25,16.846389770507812
2016-02-26,16.944496154785156
2016-02-29,16.828556060791016
2016-03-01,17.274465560913086
2016-03-02,17.381484985351562
2016-03-03,17.34581184387207
2016-03-04,17.29229736328125
2016-03-07,17.336898803710938
2016-03-08,16.748291015625
2016-03-09,17.096099853515625
2016-03-10,17.45283317565918
2016-03-11,17.871986389160156
2016-03-14,17.75604820251465
2016-03-15,17.747127532958984
2016-03-16,17.880901336669922
2016-03-17,18.086023330688477
2016-03-18,18.27329444885254
2016-03-21,18.487335205078125
2016-03-22,18.53193473815918
2016-03-23,18.086023330688477
2016-03-24,17.9700870513916
2016-03-28,18.014677047729492
2016-03-29,18.36248016357422
2016-03-30,18.7637996673584
2016-03-31,18.88865089416504
2016-04-01,19.102684020996094
2016-04-04,18.879732131958008
2016-04-05,18.683536529541016
2016-04-06,18.781633377075195
2016-04-07,18.549758911132812
2016-04-08,18.54084587097168
2016-04-11,18.674617767333984
2016-04-12,18.665699005126953
2016-04-13,19.00458526611328
2016-04-14,19.15619468688965
2016-04-15,19.14727783203125
2016-04-18,19.227548599243164
2016-04-19,18.906492233276367
2016-04-20,18.852981567382812
2016-04-21,18.683536529541016
2016-04-22,18.817306518554688
2016-04-25,18.674617767333984
2016-04-26,18.968915939331055
2016-04-27,19.102684020996094
2016-04-28,18.558677673339844
2016-04-29,18.255468368530273
2016-05-02,18.112777709960938
2016-05-03,17.925495147705078
2016-05-04,17.70253562927246
2016-05-05,17.70253562927246
2016-05-06,17.720375061035156
2016-05-09,17.73821258544922
2016-05-10,17.81847381591797
2016-05-11,17.84522819519043
2016-05-12,17.50634002685547
2016-05-13,17.488500595092773
2016-05-16,17.70253562927246
2016-05-17,17.515249252319336
2016-05-18,17.764972686767578
2016-05-19,17.75604820251465
2016-05-20,20.208541870117188
2016-05-23,20.422574996948242
2016-05-24,21.040632247924805
2016-05-25,21.192903518676758
2016-05-26,21.255603790283203
2016-05-27,21.891565322875977
2016-05-31,21.873653411865234
2016-06-01,21.83782196044922
2016-06-02,21.963232040405273
2016-06-03,21.846782684326172
2016-06-06,21.649717330932617
2016-06-07,21.649717330932617
2016-06-08,21.703460693359375
2016-06-09,21.873653411865234
2016-06-10,21.56014633178711
2016-06-13,21.44370460510254
2016-06-14,21.264562606811523
2016-06-15,21.228731155395508
2016-06-16,21.219772338867188
2016-06-17,20.986879348754883
2016-06-20,21.16602897644043
2016-06-21,21.345172882080078
2016-06-22,21.470577239990234
2016-06-23,21.963232040405273
2016-06-24,20.807743072509766
2016-06-27,19.965755462646484
2016-06-28,20.54798126220703
2016-06-29,21.10332489013672
2016-06-30,21.470577239990234
2016-07-01,21.398914337158203
2016-07-05,21.35413360595703
2016-07-06,21.497447967529297
2016-07-07,21.757205963134766
2016-07-08,22.330474853515625
2016-07-11,22.527530670166016
2016-07-12,22.760425567626953
2016-07-13,23.20827865600586
2016-07-14,23.37847328186035
2016-07-15,23.593448638916016
2016-07-18,23.826337814331055
2016-07-19,23.63823890686035
2016-07-20,23.871126174926758
2016-07-21,23.49491310119629
2016-07-22,23.62032127380371
2016-07-25,23.72780990600586
2016-07-26,24.01443862915039
2016-07-27,24.095054626464844
2016-07-28,23.844253540039062
2016-07-29,23.548669815063477
2016-08-01,23.530744552612305
2016-08-02,23.26203155517578
2016-08-03,23.468048095703125
2016-08-04,23.62032127380371
2016-08-05,24.01443862915039
2016-08-08,24.032363891601562
2016-08-09,23.99652862548828
2016-08-10,23.65615463256836
2016-08-11,24.023399353027344
2016-08-12,24.345857620239258
2016-08-15,24.60561752319336
2016-08-16,24.381690979003906
2016-08-17,24.444393157958984
2016-08-18,24.79372787475586
2016-08-19,26.54935073852539
2016-08-22,26.11044692993164
2016-08-23,26.919370651245117
2016-08-24,26.694673538208008
2016-08-25,26.649728775024414
2016-08-26,26.93734359741211
2016-08-29,27.00925636291504
2016-08-30,26.955331802368164
2016-08-31,26.82050132751465
2016-09-01,27.2249698638916
2016-09-02,26.982290267944336
2016-09-06,26.94633674621582
2016-09-07,26.8834171295166
2016-09-08,26.775562286376953
2016-09-09,25.93967056274414
2016-09-12,26.595800399780273
2016-09-13,26.40705108642578
2016-09-14,26.451993942260742
2016-09-15,27.099124908447266
2016-09-16,27.00925636291504
2016-09-19,27.23396110534668
2016-09-20,27.314849853515625
2016-09-21,27.476633071899414
2016-09-22,27.2249698638916
2016-09-23,26.65871810913086
2016-09-26,26.38008689880371
2016-09-27,26.64073944091797
2016-09-28,26.730621337890625
2016-09-29,26.586809158325195
2016-09-30,27.099124908447266
2016-10-03,26.892406463623047
2016-10-04,26.61377716064453
2016-10-05,26.910388946533203
2016-10-06,26.865442276000977
2016-10-07,26.73961067199707
2016-10-10,26.40705108642578
2016-10-11,25.74193572998047
2016-10-12,25.74193572998047
2016-10-13,25.040857315063477
2016-10-14,25.229610443115234
2016-10-17,24.98692512512207
2016-10-18,25.184667587280273
2016-10-19,25.454307556152344
2016-10-20,25.508243560791016
2016-10-21,25.553186416625977
2016-10-24,26.200326919555664
2016-10-25,25.93967056274414
2016-10-26,25.930681228637695
2016-10-27,25.93967056274414
2016-10-28,25.759910583496094
2016-10-31,26.137409210205078
2016-11-01,25.975624084472656
2016-11-02,25.696989059448242
2016-11-03,25.409378051757812
2016-11-04,25.36442756652832
2016-11-07,26.36210823059082
2016-11-08,26.52389907836914
2016-11-09,26.182344436645508
2016-11-10,25.328474044799805
2016-11-11,25.90372085571289
2016-11-14,26.056514739990234
2016-11-15,26.61377716064453
2016-11-16,26.982290267944336
2016-11-17,27.620447158813477
2016-11-18,27.629436492919922
2016-11-21,28.177709579467773
2016-11-22,28.556411743164062
2016-11-23,28.745779037475586
2016-11-25,28.745779037475586
2016-11-28,28.709697723388672
2016-11-29,28.99824333190918
2016-11-30,29.034313201904297
2016-12-01,27.14076805114746
2016-12-02,28.349031448364258
2016-12-05,28.43017578125
2016-12-06,28.502321243286133
2016-12-07,29.313831329345703
2016-12-08,29.49417495727539
2016-12-09,29.1695556640625
2016-12-12,28.85397720336914
2016-12-13,28.881027221679688
2016-12-14,28.980209350585938
2016-12-15,29.809762954711914
2016-12-16,29.313831329345703
2016-12-19,29.25071144104004
2016-12-20,29.40399742126465
2016-12-21,29.376949310302734
2016-12-22,29.764673233032227
2016-12-23,29.66548728942871
2016-12-27,30.053211212158203
2016-12-28,29.66548728942871
2016-12-29,29.44908332824707
2016-12-30,29.09743309020996
2017-01-03,28.79987144470215
2017-01-04,29.070377349853516
2017-01-05,28.944141387939453
2017-01-06,28.890045166015625
2017-01-09,29.557292938232422
2017-01-10,29.872882843017578
2017-01-11,30.1794490814209
2017-01-12,30.035184860229492
2017-01-13,30.467998504638672
2017-01-17,30.026165008544922
2017-01-18,30.377824783325195
2017-01-19,30.431922912597656
2017-01-20,30.513071060180664
2017-01-23,30.431922912597656
2017-01-24,30.68440818786621
2017-01-25,31.036062240600586
2017-01-26,30.63930892944336
2017-01-27,31.595096588134766
2017-01-30,30.963912963867188
2017-01-31,30.882768630981445
2017-02-01,31.586074829101562
2017-02-02,31.504919052124023
2017-02-03,31.838552474975586
2017-02-06,31.721332550048828
2017-02-07,32.04594421386719
2017-02-08,32.10003662109375
2017-02-09,31.928726196289062
2017-02-10,31.847570419311523
2017-02-13,31.97381591796875
2017-02-14,31.76642417907715
2017-02-15,32.000877380371094
2017-02-16,31.721332550048828
2017-02-17,32.254852294921875
2017-02-21,33.07772445678711
2017-02-22,33.01442337036133
2017-02-23,32.69794464111328
2017-02-24,32.82453155517578
2017-02-27,32.94208526611328
2017-02-28,32.75218200683594
2017-03-01,33.32189178466797
2017-03-02,32.996334075927734
2017-03-03,33.339962005615234
2017-03-06,33.33090591430664
2017-03-07,33.43038558959961
2017-03-08,33.62932586669922
2017-03-09,33.80112075805664
2017-03-10,34.47027587890625
2017-03-13,34.759639739990234
2017-03-14,34.60591506958008
2017-03-15,35.19369125366211
2017-03-16,35.31123352050781
2017-03-17,35.51921844482422
2017-03-20,35.78145217895508
2017-03-21,34.8862419128418
2017-03-22,35.1032600402832
2017-03-23,35.13037872314453
2017-03-24,35.23889923095703
2017-03-27,35.13943099975586
2017-03-28,35.1032600402832
2017-03-29,35.14846420288086
2017-03-30,35.16655731201172
2017-03-31,35.17559814453125
2017-04-03,35.16655731201172
2017-04-04,35.26602554321289
2017-04-05,34.70538330078125
2017-04-06,34.8862419128418
2017-04-07,35.202720642089844
2017-04-10,35.13943099975586
2017-04-11,34.54261016845703
2017-04-12,34.15379333496094
2017-04-13,33.9277229309082
2017-04-17,34.379844665527344
2017-04-18,34.4069709777832
2017-04-19,35.49208450317383
2017-04-20,36.07080841064453
2017-04-21,35.980384826660156
2017-04-24,36.56815719604492
2017-04-25,36.88465118408203
2017-04-26,36.81230545043945
2017-04-27,37.37295150756836
2017-04-28,36.72187805175781
2017-05-01,37.707515716552734
2017-05-02,37.716552734375
2017-05-03,37.571868896484375
2017-05-04,37.63518142700195
2017-05-05,37.825069427490234
2017-05-08,37.562835693359375
2017-05-09,38.01496887207031
2017-05-10,38.7654914855957
2017-05-11,39.31709289550781
2017-05-12,39.280921936035156
2017-05-15,40.076663970947266
2017-05-16,40.75486373901367
2017-05-17,38.6660270690918
2017-05-18,39.70592498779297
2017-05-19,39.859657287597656
2017-05-22,40.447418212890625
2017-05-23,40.701175689697266
2017-05-24,40.447418212890625
2017-05-25,40.800865173339844
2017-05-26,41.23588180541992
2017-05-30,41.29026412963867
2017-05-31,41.580284118652344
2017-06-01,41.68901824951172
2017-06-02,42.41404724121094
2017-06-05,42.341552734375
2017-06-06,42.20560836791992
2017-06-07,42.83094787597656
2017-06-08,42.985008239746094
2017-06-09,40.547119140625
2017-06-12,40.18460464477539
2017-06-13,40.64679718017578
2017-06-14,39.858333587646484
2017-06-15,39.11518096923828
2017-06-16,39.06988525390625
2017-06-19,40.139286041259766
2017-06-20,39.29643249511719
2017-06-21,39.532066345214844
2017-06-22,39.27831268310547
2017-06-23,39.95802307128906
2017-06-26,39.19675827026367
2017-06-27,37.964202880859375
2017-06-28,38.689231872558594
2017-06-29,37.556365966796875
2017-06-30,37.438560485839844
2017-07-03,37.16666793823242
2017-07-05,38.172637939453125
2017-07-06,38.16358947753906
2017-07-07,39.459571838378906
2017-07-10,40.06678009033203
2017-07-11,41.145259857177734
2017-07-12,41.036495208740234
2017-07-13,41.05462646484375
2017-07-14,41.797786712646484
2017-07-17,41.824974060058594
2017-07-18,42.250919342041016
2017-07-19,42.75844192504883
2017-07-20,42.82188034057617
2017-07-21,42.42311096191406
2017-07-24,42.39591979980469
2017-07-25,42.05153274536133
2017-07-26,43.00313186645508
2017-07-27,41.72527313232422
2017-07-28,41.00931167602539
2017-07-31,40.157405853271484
2017-08-01,39.96709442138672
2017-08-02,38.72547912597656
2017-08-03,38.698299407958984
2017-08-04,38.80704879760742
2017-08-07,39.840213775634766
2017-08-08,39.78582000732422
2017-08-09,39.70428466796875
2017-08-10,38.0910758972168
2017-08-11,39.04267501831055
2017-08-14,39.67707824707031
2017-08-15,39.76770782470703
2017-08-16,40.293338775634766
2017-08-17,39.07891845703125
2017-08-18,40.148345947265625
2017-08-21,39.25112533569336
2017-08-22,40.37751388549805
2017-08-23,39.98690414428711
2017-08-24,39.71440887451172
2017-08-25,39.34196472167969
2017-08-28,39.63264846801758
2017-08-29,39.98690414428711
2017-08-30,41.30406188964844
2017-08-31,40.98612594604492
2017-09-01,40.96796798706055
2017-09-05,40.40476608276367
2017-09-06,40.631866455078125
2017-09-07,41.07698059082031
2017-09-08,40.28668212890625
2017-09-11,41.40398025512695
2017-09-12,41.467567443847656
2017-09-13,41.894508361816406
2017-09-14,42.739315032958984
2017-09-15,42.82106399536133
2017-09-18,43.6476936340332
2017-09-19,43.838443756103516
2017-09-20,42.94823455810547
2017-09-21,42.83014678955078
2017-09-22,43.393341064453125
2017-09-25,42.08528137207031
2017-09-26,41.71283721923828
2017-09-27,44.36531448364258
2017-09-28,45.98222732543945
2017-09-29,47.31755447387695
2017-10-02,47.30846405029297
2017-10-03,47.0904541015625
2017-10-04,46.8724250793457
2017-10-05,46.7180061340332
2017-10-06,47.599143981933594
2017-10-09,47.862579345703125
2017-10-10,47.7717399597168
2017-10-11,48.35309982299805
2017-10-12,48.425785064697266
2017-10-13,48.99803924560547
2017-10-16,49.99726486206055
2017-10-17,50.079036712646484
2017-10-18,50.26978302001953
2017-10-19,50.26068878173828
2017-10-20,50.95107650756836
2017-10-23,51.205406188964844
2017-10-24,51.2144889831543
2017-10-25,50.23344802856445
2017-10-26,50.80573272705078
2017-10-27,51.496097564697266
2017-10-30,50.77848434448242
2017-10-31,51.259925842285156
2017-11-01,50.60588836669922
2017-11-02,51.10548400878906
2017-11-03,51.368927001953125
2017-11-06,51.16907501220703
2017-11-07,51.296260833740234
2017-11-08,51.70501708984375
2017-11-09,50.39695358276367
2017-11-10,51.196327209472656
2017-11-13,51.8049430847168
2017-11-14,51.25082015991211
2017-11-15,50.660377502441406
2017-11-16,52.54074478149414
2017-11-17,51.31442642211914
2017-11-20,52.34090042114258
2017-11-21,53.412776947021484
2017-11-22,52.484657287597656
2017-11-24,52.69393539428711
2017-11-27,51.81131362915039
2017-11-28,52.166175842285156
2017-11-29,48.1442985534668
2017-11-30,48.016902923583984
2017-12-01,47.23435974121094
2017-12-04,45.28711700439453
2017-12-05,45.56919860839844
2017-12-06,46.415435791015625
2017-12-07,47.589237213134766
2017-12-08,46.79759216308594
2017-12-11,46.97048568725586
2017-12-12,45.924068450927734
2017-12-13,46.187950134277344
2017-12-14,46.68841552734375
2017-12-15,47.80763244628906
2017-12-18,48.590152740478516
2017-12-19,48.189796447753906
2017-12-20,48.49007034301758
2017-12-21,47.21615982055664
2017-12-22,47.3708610534668
2017-12-26,46.45182800292969
2017-12-27,47.025089263916016
2017-12-28,47.06148910522461
2017-12-29,46.51552963256836
2018-01-02,48.26258850097656
2018-01-03,49.11790466308594
2018-01-04,49.39999771118164
2018-01-05,49.682071685791016
2018-01-08,50.88317108154297
2018-01-09,49.91865921020508
2018-01-10,48.499176025390625
2018-01-11,48.40817642211914
2018-01-12,48.63564682006836
2018-01-16,49.59107208251953
2018-01-17,52.1752815246582
2018-01-18,52.229881286621094
2018-01-19,52.229881286621094
2018-01-22,52.28447723388672
2018-01-23,52.584747314453125
2018-01-24,51.7567024230957
2018-01-25,50.73759460449219
2018-01-26,51.97509002685547
2018-01-29,50.34632110595703
2018-01-30,48.57196044921875
2018-01-31,48.79945373535156
2018-02-01,48.4809684753418
2018-02-02,46.115150451660156
2018-02-05,43.95863342285156
2018-02-06,45.7238883972168
2018-02-07,44.30439376831055
2018-02-08,41.62920379638672
2018-02-09,43.74934387207031
2018-02-12,45.04145050048828
2018-02-13,45.08692932128906
2018-02-14,47.27986145019531
2018-02-15,49.12702178955078
2018-02-16,50.073341369628906
2018-02-20,51.650394439697266
2018-02-21,51.1672477722168
2018-02-22,51.11254119873047
2018-02-23,51.96944046020508
2018-02-26,53.61030578613281
2018-02-27,52.54374313354492
2018-02-28,52.49814224243164
2018-03-01,52.024131774902344
2018-03-02,52.899253845214844
2018-03-05,52.53461456298828
2018-03-06,54.68595886230469
2018-03-07,54.16635513305664
2018-03-08,54.12077331542969
2018-03-09,56.16273498535156
2018-03-12,55.579315185546875
2018-03-13,54.41248321533203
2018-03-14,54.90473556518555
2018-03-15,54.95030975341797
2018-03-16,54.184593200683594
2018-03-19,53.32769012451172
2018-03-20,53.99314880371094
2018-03-21,55.4061164855957
2018-03-22,53.74702835083008
2018-03-23,50.483551025390625
2018-03-26,53.30034255981445
2018-03-27,50.53825759887695
2018-03-28,49.2802734375
2018-03-29,50.69322204589844
2018-04-02,48.213706970214844
2018-04-03,49.20732879638672
2018-04-04,50.647647857666016
2018-04-05,49.48992919921875
2018-04-06,47.71232986450195
2018-04-09,48.33222198486328
2018-04-10,49.954830169677734
2018-04-11,50.09157943725586
2018-04-12,51.44071960449219
2018-04-13,51.11254119873047
2018-04-16,51.841819763183594
2018-04-17,52.744285583496094
2018-04-18,49.89101791381836
2018-04-19,46.66400909423828
2018-04-20,46.57285690307617
2018-04-23,45.743324279785156
2018-04-24,44.41240310668945
2018-04-25,44.79528045654297
2018-04-26,46.025909423828125
2018-04-27,45.03228759765625
2018-04-30,45.27840042114258
2018-05-01,46.408782958984375
2018-05-02,46.062374114990234
2018-05-03,46.2264518737793
2018-05-04,47.91289138793945
2018-05-07,47.94022750854492
2018-05-08,48.72418212890625
2018-05-09,49.34408187866211
2018-05-10,50.62028884887695
2018-05-11,49.99130630493164
2018-05-14,50.37416076660156
2018-05-15,49.3076286315918
2018-05-16,50.29212951660156
2018-05-17,49.189109802246094
2018-05-18,45.13254165649414
2018-05-21,45.5792236328125
2018-05-22,45.80712890625
2018-05-23,46.07254409790039
2018-05-24,46.46608352661133
2018-05-25,46.539302825927734
2018-05-29,47.6101188659668
2018-05-30,47.21656799316406
2018-05-31,46.47523880004883
2018-06-01,47.81147384643555
2018-06-04,47.85723114013672
2018-06-05,48.4246826171875
2018-06-06,48.07689666748047
2018-06-07,46.90540313720703
2018-06-08,46.813873291015625
2018-06-11,45.66069793701172
2018-06-12,46.54845428466797
2018-06-13,46.65829086303711
2018-06-14,45.477638244628906
2018-06-15,45.129859924316406
2018-06-18,44.22378158569336
2018-06-19,44.434288024902344
2018-06-20,44.461753845214844
2018-06-21,44.83698272705078
2018-06-22,43.89430618286133
2018-06-25,42.7502555847168
2018-06-26,42.71364212036133
2018-06-27,41.414031982421875
2018-06-28,41.45064926147461
2018-06-29,42.27435302734375
2018-07-02,41.80757522583008
2018-07-03,41.0021858215332
2018-07-05,41.58793258666992
2018-07-06,42.21944046020508
2018-07-09,42.576377868652344
2018-07-10,42.7777099609375
2018-07-11,41.36827087402344
2018-07-12,41.80757522583008
2018-07-13,42.21944046020508
2018-07-16,42.38418960571289
2018-07-17,43.290245056152344
2018-07-18,44.187164306640625
2018-07-19,42.71364212036133
2018-07-20,42.7960319519043
2018-07-23,42.493995666503906
2018-07-24,42.01808547973633
2018-07-25,42.063838958740234
2018-07-26,43.171268463134766
2018-07-27,44.205474853515625
2018-07-30,43.84852981567383
2018-07-31,44.507503509521484
2018-08-01,43.903446197509766
2018-08-02,44.03158187866211
2018-08-03,44.69969940185547
2018-08-06,45.28544616699219
2018-08-07,45.422733306884766
2018-08-08,45.926116943359375
2018-08-09,44.992576599121094
2018-08-10,44.04990005493164
2018-08-13,44.15970993041992
2018-08-14,44.27869415283203
2018-08-15,43.48243713378906
2018-08-16,43.40922927856445
2018-08-17,40.05950164794922
2018-08-20,39.8398551940918
2018-08-21,40.05034255981445
2018-08-22,39.52626419067383
2018-08-23,39.34238052368164
2018-08-24,39.2872200012207
2018-08-27,40.225032806396484
2018-08-28,39.90324020385742
2018-08-29,39.627410888671875
2018-08-30,39.6641845703125
2018-08-31,39.553855895996094
2018-09-04,39.18608093261719
2018-09-05,39.07575988769531
2018-09-06,37.02544021606445
2018-09-07,36.63926315307617
2018-09-10,36.40940475463867
2018-09-11,36.02324295043945
2018-09-12,35.29689407348633
2018-09-13,35.756595611572266
2018-09-14,35.94969940185547
2018-09-17,35.581912994384766
2018-09-18,36.03244400024414
2018-09-19,35.89452362060547
2018-09-20,36.216331481933594
2018-09-21,36.4370002746582
2018-09-24,35.94969940185547
2018-09-25,35.47159194946289
2018-09-26,35.177371978759766
2018-09-27,35.260128021240234
2018-09-28,35.53594970703125
2018-10-01,35.250919342041016
2018-10-02,35.765804290771484
2018-10-03,35.78419876098633
2018-10-04,34.83717727661133
2018-10-05,34.23954391479492
2018-10-08,33.64192581176758
2018-10-09,32.842010498046875
2018-10-10,31.65595245361328
2018-10-11,30.148099899291992
2018-10-12,30.9755802154541
2018-10-15,30.736526489257812
2018-10-16,31.959369659423828
2018-10-17,32.14324951171875
2018-10-18,31.187044143676758
2018-10-19,31.5272274017334
2018-10-22,30.828474044799805
2018-10-23,30.81928062438965
2018-10-24,29.24704933166504
2018-10-25,30.01017189025879
2018-10-26,29.75273895263672
2018-10-29,28.61264419555664
2018-10-30,29.807897567749023
2018-10-31,30.230838775634766
2018-11-01,32.5018196105957
2018-11-02,32.42827606201172
2018-11-05,31.55482292175293
2018-11-06,32.06050109863281
2018-11-07,32.40989685058594
2018-11-08,32.1248664855957
2018-11-09,31.518033981323242
2018-11-12,29.991792678833008
2018-11-13,30.79169273376465
2018-11-14,30.87443733215332
2018-11-15,32.19841003417969
2018-11-16,32.54779815673828
2018-11-19,31.646759033203125
2018-11-20,32.88799285888672
2018-11-21,32.53665542602539
2018-11-23,32.407196044921875
2018-11-26,33.294822692871094
2018-11-27,33.285579681396484
2018-11-28,34.3118782043457
2018-11-29,33.78483963012695
2018-11-30,34.46905517578125
2018-12-03,35.449127197265625
2018-12-04,32.758548736572266
2018-12-06,32.0743408203125
2018-12-07,31.103515625
2018-12-10,31.593542098999023
2018-12-11,31.454856872558594
2018-12-12,31.621288299560547
2018-12-13,31.168230056762695
2018-12-14,30.188161849975586
2018-12-17,30.206649780273438
2018-12-18,30.770648956298828
2018-12-19,29.152606964111328
2018-12-20,28.57010841369629
2018-12-21,28.024595260620117
2018-12-24,26.80413246154785
2018-12-26,28.329721450805664
2018-12-27,29.171106338500977
2018-12-28,29.938520431518555
2018-12-31,30.271381378173828
2019-01-02,30.955568313598633
2019-01-03,29.1618595123291
2019-01-04,31.15899085998535
2019-01-07,31.71375274658203
2019-01-08,30.428558349609375
2019-01-09,31.71375274658203
2019-01-10,32.13906478881836
2019-01-11,32.15755081176758
2019-01-14,31.306922912597656
2019-01-15,31.205223083496094
2019-01-16,31.103515625
2019-01-17,31.93565559387207
2019-01-18,33.01744079589844
2019-01-22,31.84318733215332
2019-01-23,31.723012924194336
2019-01-24,34.96833801269531
2019-01-25,36.23504638671875
2019-01-28,35.781982421875
2019-01-29,35.31968307495117
2019-01-30,36.61412811279297
2019-01-31,36.133323669433594
2019-02-01,36.34599304199219
2019-02-04,35.9669075012207
2019-02-05,36.170310974121094
2019-02-06,37.24284362792969
2019-02-07,36.91000747680664
2019-02-08,36.78054428100586
2019-02-11,36.89150619506836
2019-02-12,37.62194061279297
2019-02-13,37.769874572753906
2019-02-14,37.64043045043945
2019-02-15,36.151832580566406
2019-02-19,36.33674621582031
2019-02-20,36.24380874633789
2019-02-21,36.08583450317383
2019-02-22,36.6434211730957
2019-02-25,36.857177734375
2019-02-26,36.78282165527344
2019-02-27,36.03935241699219
2019-02-28,35.63045120239258
2019-03-01,35.83491134643555
2019-03-04,36.31816101074219
2019-03-05,36.17875671386719
2019-03-06,35.379547119140625
2019-03-07,34.914878845214844
2019-03-08,35.07285690307617
2019-03-11,35.78844451904297
2019-03-12,35.974308013916016
2019-03-13,35.8720817565918
2019-03-14,36.17875671386719
2019-03-15,37.53557205200195
2019-03-18,37.173133850097656
2019-03-19,37.51699447631836
2019-03-20,36.773529052734375
2019-03-21,38.40915298461914
2019-03-22,37.043025970458984
2019-03-25,36.61554718017578
2019-03-26,36.82929611206055
2019-03-27,36.17875671386719
2019-03-28,35.78844451904297
2019-03-29,36.857177734375
2019-04-01,38.22328567504883
2019-04-02,38.09318161010742
2019-04-03,39.4314079284668
2019-04-04,39.60799026489258
2019-04-05,39.99831008911133
2019-04-08,39.886783599853516
2019-04-09,39.04108810424805
2019-04-10,39.18980026245117
2019-04-11,39.46858215332031
2019-04-12,39.95182800292969
2019-04-15,39.69162368774414
2019-04-16,40.63024139404297
2019-04-17,40.78822708129883
2019-04-18,40.843990325927734
2019-04-22,40.6953010559082
2019-04-23,40.73247146606445
2019-04-24,41.31793975830078
2019-04-25,41.308650970458984
2019-04-26,41.50381088256836
2019-04-29,41.113494873046875
2019-04-30,40.955501556396484
2019-05-01,40.31426239013672
2019-05-02,40.61164855957031
2019-05-03,40.85328674316406
2019-05-06,40.063350677490234
2019-05-07,39.07826614379883
2019-05-08,38.6414909362793
2019-05-09,38.04670333862305
2019-05-10,37.9166145324707
2019-05-13,36.32745361328125
2019-05-14,37.18243408203125
2019-05-15,38.567142486572266
2019-05-16,38.71582794189453
2019-05-17,39.68232727050781
2019-05-20,37.49840545654297
2019-05-21,38.35338592529297
2019-05-22,37.82095718383789
2019-05-23,37.307212829589844
2019-05-24,36.89622497558594
2019-05-28,36.438514709472656
2019-05-29,36.774784088134766
2019-05-30,37.12974548339844
2019-05-31,36.13960266113281
2019-06-03,36.22367477416992
2019-06-04,37.75557327270508
2019-06-05,37.914371490478516
2019-06-06,38.65229034423828
2019-06-07,38.77373123168945
2019-06-10,40.29627990722656
2019-06-11,40.86607360839844
2019-06-12,38.76438522338867
2019-06-13,38.90449142456055
2019-06-14,38.512184143066406
2019-06-17,37.830299377441406
2019-06-18,39.52098846435547
2019-06-19,39.72649002075195
2019-06-20,40.361671447753906
2019-06-21,40.12814712524414
2019-06-24,39.539669036865234
2019-06-25,39.21274185180664
2019-06-26,40.707275390625
2019-06-27,41.74410629272461
2019-06-28,41.94960403442383
2019-07-01,42.66883850097656
2019-07-02,41.716087341308594
2019-07-03,41.72542190551758
2019-07-05,41.08091354370117
2019-07-08,40.58583450317383
2019-07-09,41.07156753540039
2019-07-10,41.772132873535156
2019-07-11,42.29520034790039
2019-07-12,43.44411849975586
2019-07-15,43.229278564453125
2019-07-16,42.97707748413086
2019-07-17,43.17325210571289
2019-07-18,44.99470138549805
2019-07-19,44.65843200683594
2019-07-22,47.38595199584961
2019-07-23,47.66618347167969
2019-07-24,48.7030143737793
2019-07-25,47.47002410888672
2019-07-26,47.395301818847656
2019-07-29,47.32991409301758
2019-07-30,47.38595199584961
2019-07-31,46.115604400634766
2019-08-01,45.27492904663086
2019-08-02,44.415565490722656
2019-08-05,42.46335983276367
2019-08-06,43.276004791259766
2019-08-07,43.60292053222656
2019-08-08,44.705142974853516
2019-08-09,44.04194641113281
2019-08-12,43.397422790527344
2019-08-13,44.891963958740234
2019-08-14,43.63094711303711
2019-08-15,44.05128479003906
2019-08-16,43.55622100830078
2019-08-19,43.99524688720703
2019-08-20,43.64961624145508
2019-08-21,43.94050216674805
2019-08-22,44.128150939941406
2019-08-23,42.33600616455078
2019-08-26,42.7957763671875
2019-08-27,42.701942443847656
2019-08-28,43.06789016723633
2019-08-29,44.390892028808594
2019-08-30,45.05708312988281
2019-09-03,44.6723747253418
2019-09-04,46.45513153076172
2019-09-05,47.24331283569336
2019-09-06,47.00873565673828
2019-09-09,47.534175872802734
2019-09-10,47.093177795410156
2019-09-11,48.3786506652832
2019-09-12,48.08777618408203
2019-09-13,48.18160629272461
2019-09-16,47.77814483642578
2019-09-17,48.040863037109375
2019-09-18,48.87594985961914
2019-09-19,48.49126434326172
2019-09-20,47.815673828125
2019-09-23,48.566314697265625
2019-09-24,48.003326416015625
2019-09-25,48.72581481933594
2019-09-26,48.9322509765625
2019-09-27,46.38006591796875
2019-09-30,46.82107162475586
2019-10-01,46.933677673339844
2019-10-02,46.40822219848633
2019-10-03,46.57712173461914
2019-10-04,47.74060821533203
2019-10-07,47.52479934692383
2019-10-08,46.26749038696289
2019-10-09,47.70308303833008
2019-10-10,47.86259460449219
2019-10-11,48.55693435668945
2019-10-14,48.73521041870117
2019-10-15,49.645355224609375
2019-10-16,48.3786506652832
2019-10-17,48.92287063598633
2019-10-18,48.49126434326172
2019-10-21,49.39200973510742
2019-10-22,48.77273178100586
2019-10-23,47.412208557128906
2019-10-24,51.67207717895508
2019-10-25,52.281978607177734
2019-10-28,53.43608856201172
2019-10-29,52.09431457519531
2019-10-30,51.803428649902344
2019-10-31,50.91205978393555
2019-11-01,52.03802490234375
2019-11-04,52.300750732421875
2019-11-05,52.43209457397461
2019-11-06,52.37582015991211
2019-11-07,52.48838806152344
2019-11-08,52.57284164428711
2019-11-11,53.098289489746094
2019-11-12,52.93877029418945
2019-11-13,53.595584869384766
2019-11-14,53.44544982910156
2019-11-15,58.23078155517578
2019-11-18,58.50288772583008
2019-11-19,57.17988204956055
2019-11-20,56.16302490234375
2019-11-21,53.14066696166992
2019-11-22,52.669898986816406
2019-11-25,54.87310791015625
2019-11-26,54.20462417602539
2019-11-27,54.88252639770508
2019-11-29,54.51532745361328
2019-12-02,53.38546371459961
2019-12-03,52.1049690246582
2019-12-04,52.81113052368164
2019-12-05,52.575748443603516
2019-12-06,53.29130935668945
2019-12-09,53.29130935668945
2019-12-10,53.310150146484375
2019-12-11,55.58867263793945
2019-12-12,56.83152389526367
2019-12-13,56.37016296386719
2019-12-16,56.454898834228516
2019-12-17,57.236385345458984
2019-12-18,56.8503532409668
2019-12-19,57.123390197753906
2019-12-20,58.19675064086914
2019-12-23,57.509422302246094
2019-12-24,57.90486526489258
2019-12-26,57.725982666015625
2019-12-27,57.59416580200195
2019-12-30,57.36819839477539
2019-12-31,57.471771240234375
2020-01-02,58.56395721435547
2020-01-03,57.63182830810547
2020-01-06,56.38898849487305
2020-01-07,58.01784896850586
2020-01-08,57.980194091796875
2020-01-09,58.3474006652832
2020-01-10,57.87663650512695
2020-01-13,58.19675064086914
2020-01-14,58.7051887512207
2020-01-15,58.30974197387695
2020-01-16,59.51491928100586
2020-01-17,59.175960540771484
2020-01-21,59.5055046081543
2020-01-22,60.15515899658203
2020-01-23,60.15515899658203
2020-01-24,58.375640869140625
2020-01-27,55.59809494018555
2020-01-28,56.67145919799805
2020-01-29,56.32307052612305
2020-01-30,56.72794723510742
2020-01-31,54.600067138671875
2020-02-03,56.22892761230469
2020-02-04,59.326602935791016
2020-02-05,60.0704231262207
2020-02-06,59.49607849121094
2020-02-07,58.10260009765625
2020-02-10,59.24186706542969
2020-02-11,60.68240737915039
2020-02-12,61.54862976074219
2020-02-13,63.43173599243164
2020-02-14,62.94212341308594
2020-02-18,61.54426193237305
2020-02-19,63.66939926147461
2020-02-20,62.715450286865234
2020-02-21,60.70363998413086
2020-02-24,57.690650939941406
2020-02-25,55.59384536743164
2020-02-26,56.49113845825195
2020-02-27,53.83705139160156
2020-02-28,54.894901275634766
2020-03-02,56.82170867919922
2020-03-03,54.81935119628906
2020-03-04,57.161746978759766
2020-03-05,55.84885787963867
2020-03-06,54.583213806152344
2020-03-09,49.18061828613281
2020-03-10,53.0531005859375
2020-03-11,49.57731628417969
2020-03-12,42.60683059692383
2020-03-13,48.066104888916016
2020-03-16,38.28097915649414
2020-03-17,42.37070083618164
2020-03-18,37.00588607788086
2020-03-19,37.959835052490234
2020-03-20,35.88191223144531
2020-03-23,37.94095230102539
2020-03-24,42.635169982910156
2020-03-25,42.24790954589844
2020-03-26,46.469879150390625
2020-03-27,42.55016326904297
2020-03-30,44.67530822753906
2020-03-31,43.27743911743164
2020-04-01,40.89727020263672
2020-04-02,40.84058380126953
2020-04-03,39.93385696411133
2020-04-06,43.58911895751953
2020-04-07,44.920875549316406
2020-04-08,48.604461669921875
2020-04-09,46.83823776245117
2020-04-13,47.11214065551758
2020-04-14,49.55842590332031
2020-04-15,47.574954986572266
2020-04-16,49.331748962402344
2020-04-17,50.247920989990234
2020-04-20,47.820533752441406
2020-04-21,45.64815139770508
2020-04-22,49.2183952331543
2020-04-23,48.075538635253906
2020-04-24,48.86893081665039
2020-04-27,48.198326110839844
2020-04-28,47.6221809387207
2020-04-29,51.32466506958008
2020-04-30,46.92323684692383
2020-05-01,44.28805160522461
2020-05-04,44.93977355957031
2020-05-05,46.1392936706543
2020-05-06,47.6977424621582
2020-05-07,48.4061164855957
2020-05-08,50.824073791503906
2020-05-11,51.01296615600586
2020-05-12,49.42620849609375
2020-05-13,48.632808685302734
2020-05-14,51.409664154052734
2020-05-15,49.15228271484375
2020-05-18,51.34355545043945
2020-05-19,52.39195251464844
2020-05-20,53.9376335144043
2020-05-21,52.173851013183594
2020-05-22,51.57644271850586
2020-05-26,52.28764724731445
2020-05-27,53.48246765136719
2020-05-28,51.841949462890625
2020-05-29,53.27384567260742
2020-06-01,52.8091926574707
2020-06-02,52.90401840209961
2020-06-03,54.81951904296875
2020-06-04,55.12297439575195
2020-06-05,57.07640838623047
2020-06-08,56.80141067504883
2020-06-09,56.69709777832031
2020-06-10,56.76348876953125
2020-06-11,52.543678283691406
2020-06-12,53.62470245361328
2020-06-15,54.09884262084961
2020-06-16,55.51176071166992
2020-06-17,56.89623260498047
2020-06-18,57.256591796875
2020-06-19,57.79709243774414
2020-06-22,58.10055160522461
2020-06-23,57.69278335571289
2020-06-24,56.86778259277344
2020-06-25,56.87727355957031
2020-06-26,55.36003494262695
2020-06-29,56.004859924316406
2020-06-30,57.322967529296875
2020-07-01,56.592796325683594
2020-07-02,57.84450912475586
2020-07-06,60.1772575378418
2020-07-07,58.963470458984375
2020-07-08,59.522953033447266
2020-07-09,60.20570755004883
2020-07-10,59.352256774902344
2020-07-13,58.328125
2020-07-14,59.304847717285156
2020-07-15,58.88759994506836
2020-07-16,59.11518859863281
2020-07-17,59.07726287841797
2020-07-20,60.43329620361328
2020-07-21,60.5091552734375
2020-07-22,60.89794158935547
2020-07-23,60.338470458984375
2020-07-24,57.48416519165039
2020-07-27,59.75053405761719
2020-07-28,59.07726287841797
2020-07-29,59.978126525878906
2020-07-30,61.08759307861328
2020-07-31,61.00225830078125
2020-08-03,61.647064208984375
2020-08-04,61.495357513427734
2020-08-05,61.514312744140625
2020-08-06,60.31950378417969
2020-08-07,60.28156661987305
2020-08-10,61.865169525146484
2020-08-11,61.125526428222656
2020-08-12,63.06000518798828
2020-08-13,61.7039680480957
2020-08-14,64.12206268310547
2020-08-17,63.47722625732422
2020-08-18,62.99362564086914
2020-08-19,62.67013168334961
2020-08-20,60.691184997558594
2020-08-21,59.24501419067383
2020-08-24,60.643611907958984
2020-08-25,60.93854522705078
2020-08-26,60.662620544433594
2020-08-27,59.01667022705078
2020-08-28,60.00615310668945
2020-08-31,58.607566833496094
2020-09-01,58.883480072021484
2020-09-02,61.91852569580078
2020-09-03,58.47437286376953
2020-09-04,57.99864959716797
2020-09-08,52.92757797241211
2020-09-09,52.51846694946289
2020-09-10,52.442352294921875
2020-09-11,52.32818603515625
2020-09-14,53.717254638671875
2020-09-15,54.421295166015625
2020-09-16,53.726783752441406
2020-09-17,53.60309600830078
2020-09-18,53.42231750488281
2020-09-21,54.53547668457031
2020-09-22,55.07779312133789
2020-09-23,54.46887969970703
2020-09-24,54.98265075683594
2020-09-25,55.40127944946289
2020-09-28,56.47638702392578
2020-09-29,56.752296447753906
2020-09-30,56.56200408935547
2020-10-01,57.70372009277344
2020-10-02,55.38224792480469
2020-10-05,57.6561393737793
2020-10-06,57.46586227416992
2020-10-07,58.150882720947266
2020-10-08,59.55899429321289
2020-10-09,60.21546173095703
2020-10-12,61.53794860839844
2020-10-13,61.54747772216797
2020-10-14,60.871944427490234
2020-10-15,60.42477798461914
2020-10-16,59.93955993652344
2020-10-19,59.03571319580078
2020-10-20,59.235511779785156
2020-10-21,59.09279251098633
2020-10-22,58.702701568603516
2020-10-23,57.9891357421875
2020-10-26,56.61907958984375
2020-10-27,55.972129821777344
2020-10-28,54.53547668457031
2020-10-29,56.60958480834961
2020-10-30,56.352699279785156
2020-11-02,57.399261474609375
2020-11-03,58.82638931274414
2020-11-04,61.70920944213867
2020-11-05,66.55191802978516
2020-11-06,67.10375213623047
2020-11-09,67.83635711669922
2020-11-10,66.01911926269531
2020-11-11,67.70314025878906
2020-11-12,66.40923309326172
2020-11-13,69.27299499511719
2020-11-16,70.86186981201172
2020-11-17,70.7572021484375
2020-11-18,72.24583435058594
2020-11-19,73.71537017822266
2020-11-20,73.20962524414062
2020-11-23,76.81666564941406
2020-11-24,79.1545639038086
2020-11-25,77.42738342285156
2020-11-27,78.87781524658203
2020-11-30,78.70609283447266
2020-12-01,80.4141616821289
2020-12-02,81.38749694824219
2020-12-03,82.16045379638672
2020-12-04,84.77507781982422
2020-12-07,85.06134796142578
2020-12-08,85.64342498779297
2020-12-09,83.80172729492188
2020-12-10,83.8685302734375
2020-12-11,84.2597885131836
2020-12-14,84.45062255859375
2020-12-15,84.42200469970703
2020-12-16,84.49834442138672
2020-12-17,83.49636840820312
2020-12-18,82.15088653564453
2020-12-21,82.45624542236328
2020-12-22,81.72150421142578
2020-12-23,80.1851577758789
2020-12-24,81.4256820678711
2020-12-28,80.98672485351562
2020-12-29,80.4141616821289
2020-12-30,83.00019073486328
2020-12-31,82.35128021240234
2021-01-04,82.89519500732422
2021-01-05,85.50031280517578
2021-01-06,86.67400360107422
2021-01-07,90.23332977294922
2021-01-08,91.18757629394531
2021-01-11,93.4777603149414
2021-01-12,95.43397521972656
2021-01-13,93.56365203857422
2021-01-14,100.95906066894531
2021-01-15,98.4207763671875
2021-01-19,104.22257232666016
2021-01-20,102.90569305419922
2021-01-21,103.0297622680664
2021-01-22,101.46479797363281
2021-01-25,103.17291259765625
2021-01-26,100.70137786865234
2021-01-27,94.06941223144531
2021-01-28,96.5218276977539
2021-01-29,92.2563247680664
2021-02-01,96.57907104492188
2021-02-02,98.85016632080078
2021-02-03,95.3003921508789
2021-02-04,98.51618194580078
2021-02-05,96.1019287109375
2021-02-08,101.3311996459961
2021-02-09,100.55827331542969
2021-02-10,101.03539276123047
2021-02-11,107.8296127319336
2021-02-12,111.36030578613281
2021-02-16,112.93482208251953
2021-02-17,110.41560363769531
2021-02-18,108.23994445800781
2021-02-19,113.9940185546875
2021-02-22,109.95756530761719
2021-02-23,110.825927734375
2021-02-24,117.41315460205078
2021-02-25,108.92337799072266
2021-02-26,112.99618530273438
2021-03-01,116.87775421142578
2021-03-02,112.33651733398438
2021-03-03,110.36703491210938
2021-03-04,103.48345184326172
2021-03-05,108.46446990966797
2021-03-08,101.03591918945312
2021-03-09,109.20064544677734
2021-03-10,107.72833251953125
2021-03-11,112.04013061523438
2021-03-12,109.26757049560547
2021-03-15,109.8316421508789
2021-03-16,113.2925796508789
2021-03-17,114.63106536865234
2021-03-18,109.25801086425781
2021-03-19,109.81253814697266
2021-03-22,114.08609771728516
2021-03-23,111.26573181152344
2021-03-24,115.77831268310547
2021-03-25,114.45892333984375
2021-03-26,122.9869613647461
2021-03-29,120.18571472167969
2021-03-30,121.1895751953125
2021-03-31,127.72897338867188
2021-04-01,135.30096435546875
2021-04-05,136.76370239257812
2021-04-06,133.40794372558594
2021-04-07,133.0255584716797
2021-04-08,133.22634887695312
2021-04-09,132.80564880371094
2021-04-12,129.06748962402344
2021-04-13,129.16310119628906
2021-04-14,128.2452850341797
2021-04-15,128.5033721923828
2021-04-16,127.85328674316406
2021-04-19,125.13813781738281
2021-04-20,122.93914794921875
2021-04-21,129.1153106689453
2021-04-22,125.96029663085938
2021-04-23,128.9336395263672
2021-04-26,131.26641845703125
2021-04-27,130.76927185058594
2021-04-28,129.7271728515625
2021-04-29,129.44033813476562
2021-04-30,126.8781509399414
2021-05-03,127.01195526123047
2021-05-04,123.0634536743164
2021-05-05,124.56446075439453
2021-05-06,125.94114685058594
2021-05-07,127.1075668334961
2021-05-10,119.2105484008789
2021-05-11,118.12067413330078
2021-05-12,109.8316421508789
2021-05-13,114.6501693725586
2021-05-14,119.34442138671875
2021-05-17,118.13975524902344
2021-05-18,116.4571304321289
2021-05-19,119.31571960449219
2021-05-20,124.58358001708984
2021-05-21,123.00609588623047
2021-05-24,128.66595458984375
2021-05-25,131.45758056640625
2021-05-26,131.11285400390625
2021-05-27,131.9939422607422
2021-05-28,132.2908477783203
2021-06-01,132.36746215820312
2021-06-02,133.13365173339844
2021-06-03,130.6148223876953
2021-06-04,133.93812561035156
2021-06-07,133.09530639648438
2021-06-08,130.11680603027344
2021-06-09,128.95794677734375
2021-06-10,131.36187744140625
2021-06-11,131.0362091064453
2021-06-14,133.15283203125
2021-06-15,132.77926635742188
2021-06-16,131.189453125
2021-06-17,131.5150909423828
2021-06-18,125.68254089355469
2021-06-21,127.42559814453125
2021-06-22,127.79911041259766
2021-06-23,129.7720184326172
2021-06-24,132.41534423828125
2021-06-25,130.43284606933594
2021-06-28,135.0299530029297
2021-06-29,135.92063903808594
2021-06-30,136.38034057617188
2021-07-01,132.11842346191406
2021-07-02,132.31956481933594
2021-07-06,130.99789428710938
2021-07-07,129.1686248779297
2021-07-08,126.9275894165039
2021-07-09,129.19740295410156
2021-07-12,131.01705932617188
2021-07-13,130.5286102294922
2021-07-14,129.91567993164062
2021-07-15,127.5692367553711
2021-07-16,122.76145935058594
2021-07-19,123.18283081054688
2021-07-20,126.39122009277344
2021-07-21,132.16635131835938
2021-07-22,131.3809814453125
2021-07-23,132.57814025878906
2021-07-26,132.62603759765625
2021-07-27,129.19740295410156
2021-07-28,131.4097442626953
2021-07-29,131.6874542236328
2021-07-30,134.01473999023438
2021-08-02,136.00680541992188
2021-08-03,136.15048217773438
2021-08-04,136.72508239746094
2021-08-05,136.2558135986328
2021-08-06,136.61976623535156
2021-08-09,135.9972381591797
2021-08-10,132.2238006591797
2021-08-11,129.1207733154297
2021-08-12,123.75749969482422
2021-08-13,124.40875244140625
2021-08-16,126.12306213378906
2021-08-17,123.35525512695312
2021-08-18,121.9856948852539
2021-08-19,123.73834991455078
2021-08-20,121.82286834716797
2021-08-23,125.93157958984375
2021-08-24,125.88362884521484
2021-08-25,127.43803405761719
2021-08-26,127.1213607788086
2021-08-27,131.016845703125
2021-08-30,130.53713989257812
2021-08-31,129.65440368652344
2021-09-01,128.0520477294922
2021-09-02,129.001953125
2021-09-03,130.32603454589844
2021-09-07,130.95932006835938
2021-09-08,128.1479949951172
2021-09-09,129.52967834472656
2021-09-10,131.29510498046875
2021-09-13,133.7897491455078
2021-09-14,134.46141052246094
2021-09-15,135.5072021484375
2021-09-16,138.25132751464844
2021-09-17,135.09463500976562
2021-09-20,130.03817749023438
2021-09-21,129.702392578125
2021-09-22,132.50404357910156
2021-09-23,135.39208984375
2021-09-24,136.16928100585938
2021-09-27,136.95602416992188
2021-09-28,127.50515747070312
2021-09-29,123.07238006591797
2021-09-30,123.51370239257812
2021-10-01,123.89752197265625
2021-10-04,120.12678527832031
2021-10-05,122.88047790527344
2021-10-06,121.39327239990234
2021-10-07,122.69817352294922
2021-10-08,121.1054458618164
2021-10-11,122.33354949951172
2021-10-12,121.6235580444336
2021-10-13,123.01480102539062
2021-10-14,126.71837615966797
2021-10-15,126.25784301757812
2021-10-18,127.87931823730469
2021-10-19,129.1458740234375
2021-10-20,128.5509796142578
2021-10-21,127.93692016601562
2021-10-22,130.4219512939453
2021-10-25,130.25881958007812
2021-10-26,126.65121459960938
2021-10-27,126.80476379394531
2021-10-28,130.50836181640625
2021-10-29,131.11282348632812
2021-11-01,133.85690307617188
2021-11-02,135.488037109375
2021-11-03,136.9656524658203
2021-11-04,144.04653930664062
2021-11-05,147.07852172851562
2021-11-08,146.76190185546875
2021-11-09,149.9569549560547
2021-11-10,144.30564880371094
2021-11-11,147.663818359375
2021-11-12,150.4655303955078
2021-11-15,149.93780517578125
2021-11-16,151.46334838867188
2021-11-17,149.6595458984375
2021-11-18,152.3077392578125
2021-11-19,143.9506378173828
2021-11-22,141.57113647460938
2021-11-23,142.88560485839844
2021-11-24,143.20272827148438
2021-11-26,137.70565795898438
2021-11-29,145.32664489746094
2021-11-30,141.45367431640625
2021-12-01,145.75906372070312
2021-12-02,140.7809600830078
2021-12-03,140.1466522216797
2021-12-06,141.63629150390625
2021-12-07,150.775634765625
2021-12-08,151.16006469726562
2021-12-09,146.70086669921875
2021-12-10,146.77777099609375
2021-12-13,141.36720275878906
2021-12-14,141.97265625
2021-12-15,147.67153930664062
2021-12-16,140.98277282714844
2021-12-17,140.4542236328125
2021-12-20,139.35861206054688
2021-12-21,145.51878356933594
2021-12-22,146.38377380371094
2021-12-23,149.4302215576172
2021-12-27,156.37844848632812
2021-12-28,153.41845703125
2021-12-29,154.70628356933594
2021-12-30,151.8231658935547
2021-12-31,151.22732543945312
2022-01-03,153.69720458984375
2022-01-04,152.1884002685547
2022-01-05,147.74842834472656
2022-01-06,150.24708557128906
2022-01-07,144.93263244628906
2022-01-10,143.7601318359375
2022-01-11,146.5087127685547
2022-01-12,153.33201599121094
2022-01-13,151.05433654785156
2022-01-14,160.49160766601562
2022-01-18,146.4221954345703
2022-01-19,137.49429321289062
2022-01-20,133.7270050048828
2022-01-21,129.79641723632812
2022-01-24,133.86155700683594
2022-01-25,127.80707550048828
2022-01-26,130.29612731933594
2022-01-27,125.07776641845703
2022-01-28,127.28810119628906
2022-01-31,132.79481506347656
2022-02-01,133.2080535888672
2022-02-02,135.2742462158203
2022-02-03,131.1898956298828
2022-02-04,130.2865447998047
2022-02-07,130.82473754882812
2022-02-08,133.34263610839844
2022-02-09,138.5802001953125
2022-02-10,134.3228759765625
2022-02-11,127.32655334472656
2022-02-14,126.72110748291016
2022-02-15,134.3901824951172
2022-02-16,135.4664764404297
2022-02-17,131.1514434814453
2022-02-18,128.15306091308594
2022-02-22,125.4091567993164
2022-02-23,123.09857177734375
2022-02-24,128.45152282714844
2022-02-25,130.66586303710938
2022-02-28,129.20248413085938
2022-03-01,124.78338623046875
2022-03-02,128.22042846679688
2022-03-03,125.77503204345703
2022-03-04,121.05750274658203
2022-03-07,114.78031158447266
2022-03-08,119.52671813964844
2022-03-09,123.83026123046875
2022-03-10,120.3161849975586
2022-03-11,119.03570556640625
2022-03-14,115.65644073486328
2022-03-15,119.77703857421875
2022-03-16,125.62100982666016
2022-03-17,127.07476806640625
2022-03-18,130.10745239257812
2022-03-21,129.20248413085938
2022-03-22,130.43479919433594
2022-03-23,126.52596282958984
2022-03-24,133.42897033691406
2022-03-25,131.95594787597656
2022-03-28,132.5336151123047
2022-03-29,136.17283630371094
2022-03-30,130.74290466308594
2022-03-31,126.89183807373047
2022-04-01,122.66531372070312
2022-04-04,124.61973571777344
2022-04-05,117.17759704589844
2022-04-06,114.88621520996094
2022-04-07,117.8418960571289
2022-04-08,115.49275207519531
2022-04-11,111.91129302978516
2022-04-12,110.29383087158203
2022-04-13,112.50819396972656
2022-04-14,109.13854217529297
2022-04-18,110.59231567382812
2022-04-19,112.70073699951172
2022-04-20,113.49983978271484
2022-04-21,111.38177490234375
2022-04-22,108.599365234375
2022-04-25,110.20719909667969
2022-04-26,104.86387634277344
2022-04-27,104.75796508789062
2022-04-28,110.36123657226562
2022-04-29,106.24063110351562
2022-05-02,108.76306915283203
2022-05-03,109.56214904785156
2022-05-04,114.38556671142578
2022-05-05,109.24445343017578
2022-05-06,108.31056213378906
2022-05-09,101.81192779541016
2022-05-10,103.18866729736328
2022-05-11,100.05007934570312
2022-05-12,102.78430938720703
2022-05-13,107.69440460205078
2022-05-16,106.36578369140625
2022-05-17,112.48895263671875
2022-05-18,107.19373321533203
2022-05-19,106.6160888671875
2022-05-20,102.49549102783203
2022-05-23,105.83625793457031
2022-05-24,102.62065887451172
2022-05-25,104.74390411376953
2022-05-26,111.05573272705078
2022-05-27,115.31189727783203
2022-05-31,113.19830322265625
2022-06-01,110.467041015625
2022-06-02,113.2369155883789
2022-06-03,110.94959259033203
2022-06-06,110.98820495605469
2022-06-07,111.63481140136719
2022-06-08,108.53681182861328
2022-06-09,103.4989013671875
2022-06-10,98.32588195800781
2022-06-13,92.95984649658203
2022-06-14,93.24939727783203
2022-06-15,94.02147674560547
2022-06-16,86.46464538574219
2022-06-17,86.69625854492188
2022-06-21,91.84996795654297
2022-06-22,90.66288757324219
2022-06-23,90.02590942382812
2022-06-24,93.96356964111328
2022-06-27,94.20484924316406
2022-06-28,91.70519256591797
2022-06-29,88.73265075683594
2022-06-30,87.80612182617188
2022-07-01,83.26043701171875
2022-07-05,82.99987030029297
2022-07-06,83.54032135009766
2022-07-07,87.58415985107422
2022-07-08,88.0088119506836
2022-07-11,85.52848052978516
2022-07-12,85.63463592529297
2022-07-13,85.97242736816406
2022-07-14,88.47207641601562
2022-07-15,91.17439270019531
2022-07-18,89.89078521728516
2022-07-19,94.80323791503906
2022-07-20,98.66368103027344
2022-07-21,100.21751403808594
2022-07-22,98.12319946289062
2022-07-25,97.47660064697266
2022-07-26,95.45950317382812
2022-07-27,99.85076141357422
2022-07-28,101.49146270751953
2022-07-29,102.28286743164062
2022-08-01,102.68820190429688
2022-08-02,101.32738494873047
2022-08-03,105.2071762084961
2022-08-04,107.18563842773438
2022-08-05,105.79588317871094
2022-08-08,104.06832885742188
2022-08-09,96.1833267211914
2022-08-10,101.38530731201172
2022-08-11,101.84854888916016
2022-08-12,106.52935028076172
2022-08-15,105.9502944946289
2022-08-16,104.70527648925781
2022-08-17,102.30216979980469
2022-08-18,104.49295806884766
2022-08-19,100.97994995117188
2022-08-22,97.29320526123047
2022-08-23,98.37416076660156
2022-08-24,98.1903076171875
2022-08-25,101.59619903564453
2022-08-26,95.59716796875
2022-08-29,93.41044616699219
2022-08-30,91.4559326171875
2022-08-31,91.02051544189453
2022-09-01,88.83377075195312
2022-09-02,88.28226470947266
2022-09-06,87.36306762695312
2022-09-07,88.95956420898438
2022-09-08,90.74960327148438
2022-09-09,93.38140106201172
2022-09-12,93.17823028564453
2022-09-13,87.4598159790039
2022-09-14,87.70169830322266
2022-09-15,86.03746795654297
2022-09-16,85.98908233642578
2022-09-19,86.81151580810547
2022-09-20,85.26341247558594
2022-09-21,84.26679229736328
2022-09-22,82.28323364257812
2022-09-23,81.55756378173828
2022-09-26,80.2513198852539
2022-09-27,81.42208862304688
2022-09-28,83.21212768554688
2022-09-29,81.683349609375
2022-09-30,79.2740707397461
2022-10-03,83.45402526855469
2022-10-04,86.51158142089844
2022-10-05,86.3277359008789
2022-10-06,85.26341247558594
2022-10-07,79.9223403930664
2022-10-10,76.62287139892578
2022-10-11,73.82656860351562
2022-10-12,73.54596710205078
2022-10-13,76.84542083740234
2022-10-14,72.39454650878906
2022-10-17,71.99784088134766
2022-10-18,72.79124450683594
2022-10-19,74.75544738769531
2022-10-20,76.11006927490234
2022-10-21,79.7481689453125
2022-10-24,82.18649291992188
2022-10-25,84.69251251220703
2022-10-26,85.2827377319336
2022-10-27,83.73461151123047
2022-10-28,86.81151580810547
2022-10-31,85.4278793334961
2022-11-01,86.87925720214844
2022-11-02,84.91507720947266
2022-11-03,83.50238800048828
2022-11-04,88.72734832763672
2022-11-07,91.95906066894531
2022-11-08,94.3006362915039
2022-11-09,91.32044219970703
2022-11-10,101.39299774169922
2022-11-11,106.94691467285156
2022-11-14,104.12158203125
2022-11-15,106.87919616699219
2022-11-16,100.84149169921875
2022-11-17,101.06401824951172
2022-11-18,101.30591583251953
2022-11-21,101.73167419433594
2022-11-22,103.57006072998047
2022-11-23,104.43330383300781
2022-11-25,102.638916015625
2022-11-28,100.35956573486328
2022-11-29,100.14616394042969
2022-11-30,106.30528259277344
2022-12-01,103.79314422607422
2022-12-02,103.50215911865234
2022-12-05,103.23057556152344
2022-12-06,101.5622787475586
2022-12-07,102.92019653320312
2022-12-08,105.34505462646484
2022-12-09,104.11323547363281
2022-12-12,106.08221435546875
2022-12-13,108.5070571899414
2022-12-14,106.34408569335938
2022-12-15,101.41679382324219
2022-12-16,101.5816879272461
2022-12-19,100.86394500732422
2022-12-20,100.38865661621094
2022-12-21,102.71652221679688
2022-12-22,94.66602325439453
2022-12-23,94.29744720458984
2022-12-27,92.47396850585938
2022-12-28,91.3973388671875
2022-12-29,94.21984100341797
2022-12-30,94.45263671875
2023-01-03,93.82218933105469
2023-01-04,96.32462310791016
2023-01-05,94.97639465332031
2023-01-06,101.13550567626953
2023-01-09,103.28877258300781
2023-01-10,104.79218292236328
2023-01-11,106.75146484375
2023-01-12,106.88725280761719
2023-01-13,106.66417694091797
2023-01-17,106.12100219726562
2023-01-18,106.40226745605469
2023-01-19,102.96870422363281
2023-01-20,106.35377502441406
2023-01-23,110.72819519042969
2023-01-24,109.5933837890625
2023-01-25,110.52452850341797
2023-01-26,112.10552978515625
2023-01-27,109.11811065673828
2023-01-30,104.9473648071289
2023-01-31,108.13847351074219
2023-02-01,115.43242645263672
2023-02-02,120.52459716796875
2023-02-03,116.37326049804688
2023-02-06,114.15208435058594
2023-02-07,116.89701080322266
2023-02-08,112.46440124511719
2023-02-09,112.59048461914062
2023-02-10,111.31986999511719
2023-02-13,113.02696228027344
2023-02-14,114.87956237792969
2023-02-15,115.8688735961914
2023-02-16,111.92123413085938
2023-02-17,111.96974182128906
2023-02-21,107.9347915649414
2023-02-22,107.34174346923828
2023-02-23,109.77227020263672
2023-02-24,108.21673583984375
2023-02-27,108.95559692382812
2023-02-28,112.92223358154297
2023-03-01,114.00138092041016
2023-03-02,115.1583251953125
2023-03-03,115.65413665771484
2023-03-06,115.24580383300781
2023-03-07,113.1361083984375
2023-03-08,115.35275268554688
2023-03-09,113.78748321533203
2023-03-10,111.21112060546875
2023-03-13,112.62083435058594
2023-03-14,116.99577331542969
2023-03-15,115.18746948242188
2023-03-16,119.41658020019531
2023-03-17,119.19297790527344
2023-03-20,120.59296417236328
2023-03-21,117.05411529541016
2023-03-22,115.55690002441406
2023-03-23,119.36797332763672
2023-03-24,116.20828247070312
2023-03-27,115.566650390625
2023-03-28,113.16529083251953
2023-03-29,116.51941680908203
2023-03-30,118.71659851074219
2023-03-31,119.41658020019531
2023-04-03,118.92076110839844
2023-04-04,116.78190612792969
2023-04-05,114.0597152709961
2023-04-06,111.26947021484375
2023-04-10,113.26250457763672
2023-04-11,113.14582061767578
2023-04-12,110.01531219482422
2023-04-13,110.31670379638672
2023-04-14,109.7625503540039
2023-04-17,108.68340301513672
2023-04-18,108.17784118652344
2023-04-19,107.27366638183594
2023-04-20,111.21112060546875
2023-04-21,110.30697631835938
2023-04-24,110.45279693603516
2023-04-25,107.53617858886719
2023-04-26,107.2445068359375
2023-04-27,108.57644653320312
2023-04-28,109.8889389038086
2023-05-01,109.81116485595703
2023-05-02,109.04312133789062
2023-05-03,110.14170837402344
2023-05-04,109.32505798339844
2023-05-05,112.834716796875
2023-05-08,112.53335571289062
2023-05-09,110.67642211914062
2023-05-10,112.20278930664062
2023-05-11,112.25138854980469
2023-05-12,112.86388397216797
2023-05-15,117.74439239501953
2023-05-16,117.55967712402344
2023-05-17,122.20683288574219
2023-05-18,126.3095474243164
2023-05-19,123.4220962524414
2023-05-22,123.0332260131836
2023-05-23,121.03044891357422
2023-05-24,118.65216064453125
2023-05-25,127.17117309570312
2023-05-26,132.61985778808594
2023-05-30,133.11697387695312
2023-05-31,129.92959594726562
2023-06-01,131.42091369628906
2023-06-02,131.22598266601562
2023-06-05,130.3487548828125
2023-06-06,130.55345153808594
2023-06-07,131.5963897705078
2023-06-08,132.75631713867188
2023-06-09,132.67831420898438
2023-06-12,136.469970703125
2023-06-13,138.20497131347656
2023-06-14,137.60060119628906
2023-06-15,136.56744384765625
2023-06-16,135.4172821044922
2023-06-20,135.01760864257812
2023-06-21,133.21444702148438
2023-06-22,135.4075164794922
2023-06-23,132.6295928955078
2023-06-26,136.26528930664062
2023-06-27,142.84463500976562
2023-06-28,140.38832092285156
2023-06-29,140.583251953125
2023-06-30,140.8854217529297
2023-07-03,141.7919158935547
2023-07-05,138.66307067871094
2023-07-06,136.8306121826172
2023-07-07,136.0410919189453
2023-07-10,137.00604248046875
2023-07-11,134.0819091796875
2023-07-12,135.3782958984375
2023-07-13,139.04322814941406
2023-07-14,139.13095092773438
2023-07-17,141.82115173339844
2023-07-18,140.85618591308594
2023-07-19,138.19522094726562
2023-07-20,130.6509246826172
2023-07-21,132.9512176513672
2023-07-24,134.85195922851562
2023-07-25,136.51870727539062
2023-07-26,135.50497436523438
2023-07-27,142.4449462890625
2023-07-28,148.0885772705078
2023-07-31,147.7571563720703
2023-08-01,148.77088928222656
2023-08-02,143.60488891601562
2023-08-03,144.07273864746094
2023-08-04,141.97714233398438
2023-08-07,146.57778930664062
2023-08-08,144.2677001953125
2023-08-09,141.48976135253906
2023-08-10,140.95364379882812
2023-08-11,135.31980895996094
2023-08-14,138.30242919921875
2023-08-15,136.53817749023438
2023-08-16,134.75445556640625
2023-08-17,134.11114501953125
2023-08-18,139.052978515625
2023-08-21,145.0084686279297
2023-08-22,144.1117401123047
2023-08-23,144.57083129882812
2023-08-24,139.2178192138672
2023-08-25,141.01516723632812
2023-08-28,142.0506134033203
2023-08-29,146.50494384765625
2023-08-30,147.45248413085938
2023-08-31,149.22056579589844
2023-09-01,150.4220733642578
2023-09-05,150.05087280273438
2023-09-06,149.63079833984375
2023-09-07,144.79550170898438
2023-09-08,144.1117401123047
2023-09-11,143.31076049804688
2023-09-12,140.63421630859375
2023-09-13,141.23008728027344
2023-09-14,141.22032165527344
2023-09-15,135.04673767089844
2023-09-18,137.01995849609375
2023-09-19,134.51927185058594
2023-09-20,133.79641723632812
2023-09-21,132.05764770507812
2023-09-22,133.01492309570312
2023-09-25,133.4252166748047
2023-09-26,130.97335815429688
2023-09-27,131.9306640625
2023-09-28,135.01742553710938
2023-09-29,135.2421112060547
2023-10-02,136.2775421142578
2023-10-03,133.55218505859375
2023-10-04,136.0724334716797
2023-10-05,136.05287170410156
2023-10-06,137.0394744873047
2023-10-09,136.9027099609375
2023-10-10,138.12376403808594
2023-10-11,138.8856964111328
2023-10-12,141.6403350830078
2023-10-13,137.86978149414062
2023-10-16,137.73301696777344
2023-10-17,139.41317749023438
2023-10-18,138.172607421875
2023-10-19,131.3152313232422
2023-10-20,131.01246643066406
2023-10-23,131.11988830566406
2023-10-24,131.7743377685547
2023-10-25,127.0953598022461
2023-10-26,127.8084487915039
2023-10-27,128.25778198242188
2023-10-30,127.9940414428711
2023-10-31,129.283447265625
2023-11-01,132.15533447265625
2023-11-02,135.30072021484375
2023-11-03,136.51199340820312
2023-11-06,137.10787963867188
2023-11-07,138.45587158203125
2023-11-08,140.88819885253906
2023-11-09,139.85276794433594
2023-11-10,147.1887664794922
2023-11-13,146.27052307128906
2023-11-14,150.50997924804688
2023-11-15,151.77003479003906
2023-11-16,151.2230682373047
2023-11-17,145.14718627929688
2023-11-20,149.03497314453125
2023-11-21,145.79188537597656
2023-11-22,146.33029174804688
2023-11-24,147.17218017578125
2023-11-27,147.6322479248047
2023-11-28,144.94021606445312
2023-11-29,146.2128143310547
2023-11-30,146.6239776611328
2023-12-01,148.39585876464844
2023-12-04,145.14578247070312
2023-12-05,143.07044982910156
2023-12-06,141.65101623535156
2023-12-07,145.2632598876953
2023-12-08,144.60740661621094
2023-12-11,151.87103271484375
2023-12-12,153.90719604492188
2023-12-13,153.68206787109375
2023-12-14,158.33197021484375
2023-12-15,158.53753662109375
2023-12-18,156.9810333251953
2023-12-19,158.90953063964844
2023-12-20,153.61351013183594
2023-12-21,157.98934936523438
2023-12-22,158.6354217529297
2023-12-26,160.8184356689453
2023-12-27,160.74990844726562
2023-12-28,159.68287658691406
2023-12-29,158.655029296875
2024-01-02,151.11724853515625
2024-01-03,148.25877380371094
2024-01-04,146.16384887695312
2024-01-05,145.8603973388672
2024-01-08,148.36643981933594
2024-01-09,147.84764099121094
2024-01-10,146.65333557128906
2024-01-11,148.7482147216797
2024-01-12,148.06300354003906
2024-01-16,150.5200958251953
2024-01-17,150.13833618164062
2024-01-18,156.96145629882812
2024-01-19,164.40133666992188
2024-01-22,164.75375366210938
2024-01-23,163.53009033203125
2024-01-24,170.47071838378906
2024-01-25,168.9924774169922
2024-01-26,163.3832244873047
2024-01-29,164.92994689941406
2024-01-30,162.7371368408203
2024-01-31,160.83804321289062
2024-02-01,163.45175170898438
2024-02-02,164.63626098632812
2024-02-05,167.48495483398438
2024-02-06,165.1453094482422
2024-02-07,167.2989501953125
2024-02-08,170.2259521484375
2024-02-09,181.92413330078125
2024-02-12,181.63047790527344
2024-02-13,176.51065063476562
2024-02-14,182.2667694091797
2024-02-15,183.70579528808594
2024-02-16,195.36485290527344
2024-02-20,185.1546173095703
2024-02-21,186.63528442382812
2024-02-22,195.8528289794922
2024-02-23,193.33273315429688
2024-02-26,199.59866333007812
2024-02-27,198.9220733642578
2024-02-28,193.705322265625
2024-02-29,197.70614624023438
2024-03-01,206.16860961914062
2024-03-04,205.42340087890625
2024-03-05,203.36412048339844
2024-03-06,208.05136108398438
2024-03-07,208.48280334472656
2024-03-08,201.56967163085938
2024-03-11,197.46099853515625
2024-03-12,200.961669921875
2024-03-13,196.66671752929688
2024-03-14,196.85302734375
2024-03-15,194.7937774658203
2024-03-18,196.83338928222656
2024-03-19,197.43157958984375
2024-03-20,201.07937622070312
2024-03-21,206.70794677734375
2024-03-22,206.16860961914062
2024-03-25,204.41336059570312
2024-03-26,202.65809631347656
2024-03-27,203.96229553222656
2024-03-28,202.22665405273438
2024-04-01,204.63888549804688
2024-04-02,202.10899353027344
2024-04-03,203.3543243408203
2024-04-04,199.44178771972656
2024-04-05,203.81520080566406
2024-04-08,204.98208618164062
2024-04-09,206.32550048828125
2024-04-10,205.1880340576172
2024-04-11,208.8456268310547
2024-04-12,203.82498168945312
2024-04-15,201.68731689453125
2024-04-16,205.41354370117188
2024-04-17,196.00970458984375
2024-04-18,190.5478515625
2024-04-19,186.08615112304688
2024-04-22,185.7821807861328
2024-04-23,189.48880004882812
2024-04-24,192.2540740966797
2024-04-25,193.66610717773438
2024-04-26,199.43199157714844
2024-04-29,201.27549743652344
2024-04-30,194.7937774658203
2024-05-01,190.22425842285156
2024-05-02,194.0681610107422
2024-05-03,200.12820434570312
2024-05-06,204.80560302734375
2024-05-07,203.2954864501953
2024-05-08,203.334716796875
2024-05-09,202.32470703125
2024-05-10,205.65870666503906
2024-05-13,202.61888122558594
2024-05-14,205.74697875976562
2024-05-15,213.26808166503906
2024-05-16,209.87522888183594
2024-05-17,207.96310424804688
2024-05-20,215.6802978515625
2024-05-21,215.53323364257812
2024-05-22,214.3052520751953
2024-05-23,214.10879516601562
2024-05-24,216.99696350097656
2024-05-28,217.4193878173828
2024-05-29,215.1894073486328
2024-05-30,212.7236328125
2024-05-31,211.28936767578125
2024-06-03,210.4346923828125
2024-06-04,208.47976684570312
2024-06-05,219.43325805664062
2024-06-06,217.841796875
2024-06-07,217.82215881347656
2024-06-10,224.1388702392578
2024-06-11,225.91693115234375
2024-06-12,233.4615936279297
2024-06-13,233.3633575439453
2024-06-14,232.85252380371094
2024-06-17,238.57977294921875
2024-06-18,243.462158203125
2024-06-20,235.7603302001953
2024-06-21,231.2610626220703
2024-06-24,225.78921508789062
2024-06-25,230.14114379882812
2024-06-26,228.07815551757812
2024-06-27,228.4318389892578
2024-06-28,231.8308563232422
2024-07-01,233.225830078125
2024-07-02,236.61500549316406
2024-07-03,239.02182006835938
2024-07-05,238.31451416015625
2024-07-08,241.94931030273438
2024-07-09,247.03799438476562
2024-07-10,250.47633361816406
2024-07-11,237.00796508789062
2024-07-12,239.11021423339844
2024-07-15,241.22235107421875
2024-07-16,241.50723266601562
2024-07-17,216.19143676757812
2024-07-18,213.81410217285156
2024-07-19,206.55429077148438
2024-07-22,219.53147888183594
2024-07-23,215.77880859375
2024-07-24,202.89004516601562
2024-07-25,198.7542724609375
2024-07-26,202.83111572265625
2024-07-29,201.9469757080078
2024-07-30,193.27261352539062
2024-07-31,208.46011352539062
2024-08-01,192.84033203125
2024-08-02,178.60572814941406
2024-08-05,178.68429565429688
2024-08-06,180.0792999267578
2024-08-07,175.36387634277344
2024-08-08,187.19168090820312
2024-08-09,187.81056213378906
2024-08-12,189.6869354248047
2024-08-13,197.2610321044922
2024-08-14,198.076416015625
2024-08-15,208.0966339111328
2024-08-16,204.23593139648438
2024-08-19,207.2223358154297
2024-08-20,202.52659606933594
2024-08-21,205.4344024658203
2024-08-22,197.04852294921875
2024-08-23,199.47964477539062
2024-08-26,193.1410369873047
2024-08-27,192.6882781982422
2024-08-28,189.85360717773438
2024-08-29,189.94216918945312
2024-08-30,194.15481567382812
2024-09-03,180.48345947265625
2024-09-04,179.50904846191406
2024-09-05,177.40272521972656
2024-09-06,171.99917602539062
2024-09-09,174.75506591796875
2024-09-10,175.24720764160156
2024-09-11,183.0129852294922
2024-09-12,180.32598876953125
2024-09-13,185.503173828125
2024-09-16,184.627197265625
2024-09-17,185.6212615966797
2024-09-18,183.2098388671875
2024-09-19,193.6134796142578
2024-09-20,189.13510131835938
2024-09-23,190.98550415039062
2024-09-24,193.68234252929688
2024-09-25,194.2040252685547
2024-09-26,206.31040954589844
2024-09-27,201.69422912597656
2024-09-30,198.869384765625
2024-10-01,194.09576416015625
2024-10-02,197.98358154296875
2024-10-03,196.4481201171875
2024-10-04,198.79066467285156
2024-10-07,196.9796142578125
2024-10-08,197.71783447265625
2024-10-09,201.83203125
2024-10-10,200.7493438720703
2024-10-11,201.83203125
2024-10-14,210.5230255126953
2024-10-15,188.01304626464844
2024-10-16,181.6842498779297
2024-10-17,180.35549926757812
2024-10-18,183.4263916015625
2024-10-21,181.5563201904297
2024-10-22,180.11929321289062
2024-10-23,179.8240203857422
2024-10-24,180.85748291015625
2024-10-25,183.58387756347656
2024-10-28,182.4224395751953
2024-10-29,187.12718200683594
2024-10-30,182.38307189941406
2024-10-31,178.7216339111328
2024-11-01,180.49330139160156
2024-11-04,178.95787048339844
2024-11-05,183.54449462890625
2024-11-06,184.568115234375
2024-11-07,191.03469848632812
2024-11-08,189.0071258544922
2024-11-11,185.59176635742188
2024-11-12,183.6724853515625
2024-11-13,179.91256713867188
2024-11-14,183.07205200195312
2024-11-15,166.2215576171875
2024-11-18,168.04241943359375
2024-11-19,166.644775390625
2024-11-20,167.8061981201172
2024-11-21,173.39019775390625
2024-11-22,172.53189086914062
2024-11-25,172.20632934570312
2024-11-26,170.87445068359375
2024-11-27,169.01966857910156
2024-11-29,172.3641815185547
2024-12-02,180.80926513671875
2024-12-03,180.7007293701172
2024-12-04,178.72756958007812
2024-12-05,169.7201385498047
2024-12-06,170.69686889648438
2024-12-09,169.55245971679688
2024-12-10,165.91197204589844
2024-12-11,168.83224487304688
2024-12-12,166.80978393554688
2024-12-13,167.07614135742188
2024-12-16,167.1353302001953
2024-12-17,168.05284118652344
2024-12-18,163.22850036621094
2024-12-19,159.27235412597656
2024-12-20,161.3934783935547
2024-12-23,165.21151733398438
2024-12-24,166.10931396484375
2024-12-26,165.30032348632812
2024-12-27,164.5899658203125
2024-12-30,161.4428253173828
2024-12-31,160.4463653564453
2025-01-02,161.6697235107422
2025-01-03,167.77659606933594
2025-01-06,175.0970001220703
2025-01-07,175.4324188232422
2025-01-08,174.61355590820312
2025-01-10,169.34524536132812
2025-01-13,168.5658721923828
2025-01-14,171.3184051513672
2025-01-15,175.98489379882812
2025-01-16,183.9761505126953
2025-01-17,189.4713592529297
2025-01-21,190.2803497314453
2025-01-22,192.88490295410156
2025-01-23,188.13946533203125
2025-01-24,184.2425079345703
2025-01-27,172.22605895996094
2025-01-28,170.52915954589844
2025-01-29,172.92652893066406
2025-01-30,179.2800750732422
2025-01-31,177.92843627929688
2025-02-03,176.39926147460938
2025-02-04,176.1624755859375
2025-02-05,178.244140625
2025-02-06,180.34556579589844
2025-02-07,177.5831298828125
2025-02-10,181.19400024414062
2025-02-11,180.7401580810547
2025-02-12,178.46121215820312
2025-02-13,181.7958221435547
2025-02-14,166.92816162109375
2025-02-18,169.69056701660156
2025-02-19,171.72288513183594
2025-02-20,174.04669189453125
2025-02-21,170.06163024902344
2025-02-24,166.68968200683594
2025-02-25,163.6934814453125
2025-02-26,166.63037109375
2025-02-27,154.89276123046875
2025-02-28,156.30677795410156
2025-03-03,150.4330596923828
2025-03-04,151.16481018066406
2025-03-05,153.58749389648438
2025-03-06,149.84963989257812
2025-03-07,153.9434356689453
2025-03-10,148.31692504882812
2025-03-11,145.35040283203125
2025-03-12,147.39730834960938
2025-03-13,148.27737426757812
2025-03-14,153.92367553710938
2025-03-17,153.7259063720703
2025-03-18,151.7976531982422
2025-03-19,152.73707580566406
2025-03-20,152.65798950195312
2025-03-21,150.4231414794922
2025-03-24,153.22158813476562
2025-03-25,151.92620849609375
2025-03-26,148.99923706054688
2025-03-27,146.03268432617188
2025-03-28,143.44190979003906
2025-03-31,143.50125122070312
2025-04-01,144.03521728515625
2025-04-02,146.10191345214844
2025-04-03,133.9984588623047
2025-04-04,125.53392028808594
2025-04-07,131.36813354492188
2025-04-08,127.52149963378906
2025-04-09,148.05982971191406
2025-04-10,136.697998046875
2025-04-11,143.32327270507812
2025-04-14,142.91783142089844
2025-04-15,143.8275604248047
2025-04-16,136.6485595703125
2025-04-17,135.92669677734375
2025-04-21,134.04788208007812
2025-04-22,136.75730895996094
2025-04-23,141.97842407226562
2025-04-24,148.4949188232422
2025-04-25,149.85952758789062
2025-04-28,149.1079864501953
2025-04-29,147.8818359375
2025-04-30,149.02890014648438
2025-05-01,147.29843139648438
2025-05-02,153.3699188232422
2025-05-05,152.88540649414062
2025-05-06,151.32301330566406
2025-05-07,154.07200622558594
2025-05-08,154.25990295410156
2025-05-09,153.8742218017578
2025-05-12,166.1161651611328
2025-05-13,171.09991455078125
2025-05-14,172.19757080078125
2025-05-15,172.80075073242188
2025-05-16,163.72314453125
2025-05-19,164.08900451660156
2025-05-20,163.88133239746094
2025-05-21,160.42037963867188
2025-05-22,159.1808319091797
2025-05-23,156.19593811035156
2025-05-27,160.47988891601562
2025-05-28,160.2418975830078
2025-05-29,158.1494903564453
2025-05-30,155.44227600097656
2025-06-02,155.9579315185547
2025-06-03,160.3906707763672
2025-06-04,160.57904052734375
2025-06-05,162.82020568847656
2025-06-06,165.3489227294922
2025-06-09,168.3734588623047
2025-06-10,172.32028198242188
2025-06-11,171.34844970703125
2025-06-12,173.54002380371094
2025-06-13,169.1667938232422
2025-06-16,175.07708740234375
2025-06-17,172.6376190185547
2025-06-18,171.39804077148438
2025-06-20,168.04623413085938
2025-06-23,170.525390625
2025-06-24,178.6768035888672
2025-06-25,181.54270935058594
2025-06-26,181.9889373779297
2025-06-27,181.68153381347656
2025-06-30,181.54270935058594
2025-07-01,182.22694396972656
2025-07-02,188.42477416992188
2025-07-03,189.4561309814453
2025-07-07,189.18836975097656
2025-07-08,193.36326599121094
2025-07-09,193.75990295410156
2025-07-10,196.37786865234375
2025-07-11,196.27870178222656
2025-07-14,195.45565795898438
2025-07-15,197.6273651123047
2025-07-16,193.1847381591797
2025-07-17,190.9138641357422
2025-07-18,188.85118103027344
2025-07-21,191.00311279296875
2025-07-22,185.57872009277344
2025-07-23,185.44981384277344
2025-07-24,186.55055236816406
2025-07-25,184.1408233642578
2025-07-28,188.6826171875
2025-07-29,186.83815002441406
2025-07-30,187.80995178222656
2025-07-31,178.55780029296875
2025-08-01,178.48837280273438
2025-08-04,181.29478454589844
2025-08-05,177.6553955078125
2025-08-06,176.65380859375
2025-08-07,181.62200927734375
2025-08-08,183.32766723632812
2025-08-11,182.84176635742188
2025-08-12,186.8778076171875
2025-08-13,188.44464111328125
2025-08-14,186.66957092285156
2025-08-15,160.4104766845703
2025-08-18,162.16571044921875
2025-08-19,160.8666534423828
2025-08-20,159.61717224121094
2025-08-21,158.96078491210938
2025-08-22,161.59620666503906
2025-08-25,161.09896850585938
2025-08-26,163.6051025390625
2025-08-27,163.4857635498047
2025-08-28,164.36090087890625
2025-08-29,159.87571716308594
2025-09-02,156.70326232910156
2025-09-03,155.39051818847656
2025-09-04,157.36959838867188
2025-09-05,161.8547821044922
2025-09-08,161.15863037109375
2025-09-09,162.60064697265625
2025-09-10,162.52108764648438
2025-09-11,169.21405029296875
2025-09-12,166.8769989013672
2025-09-15,169.98976135253906
2025-09-16,172.58543395996094
2025-09-17,177.1501922607422
2025-09-18,188.71620178222656
2025-09-19,189.05433654785156
2025-09-22,199.41702270507812
2025-09-23,199.76507568359375
2025-09-24,200.3319549560547
2025-09-25,198.50209045410156
2025-09-26,202.79832458496094
2025-09-29,203.82266235351562
2025-09-30,203.6138153076172
2025-10-01,216.54229736328125
2025-10-02,222.360107421875
2025-10-03,216.3334503173828
2025-10-06,222.67835998535156
2025-10-07,210.3962860107422
2025-10-08,216.3135528564453
2025-10-09,219.0882110595703
2025-10-10,208.79513549804688
2025-10-13,218.27273559570312
2025-10-14,216.9898223876953
2025-10-15,226.3281707763672
2025-10-16,226.4674072265625
2025-10-17,223.75242614746094
2025-10-20,226.87515258789062
2025-10-21,224.75686645507812
2025-10-22,219.34678649902344
2025-10-23,227.21327209472656
2025-10-24,227.49172973632812
2025-10-27,230.0575408935547
2025-10-28,226.3878173828125
2025-10-29,234.45323181152344
2025-10-30,231.2708282470703
2025-10-31,231.81781005859375
2025-11-03,236.40245056152344
2025-11-04,228.92381286621094
2025-11-05,239.56495666503906
2025-11-06,232.24545288085938
2025-11-07,228.8044891357422
2025-11-10,233.78692626953125
2025-11-11,227.4121856689453
2025-11-12,229.46083068847656
2025-11-13,222.00210571289062
2025-11-14,224.7667999267578
2025-11-17,227.4519500732422
2025-11-18,223.88169860839844
2025-11-19,233.83663940429688
2025-11-20,219.4479217529297
2025-11-21,223.21449279785156
2025-11-24,230.08999633789062
2025-11-25,241.59898376464844
2025-11-26,249.08229064941406
2025-11-28,251.35421752929688
2025-12-01,253.8453369140625
2025-12-02,264.3877258300781
2025-12-03,267.676025390625
2025-12-04,268.483154296875
2025-12-05,267.0482482910156
2025-12-08,267.20770263671875
2025-12-09,266.19134521484375
2025-12-10,274.1728515625
2025-12-11,269.1507873535156
2025-12-12,258.2894592285156
2025-12-15,260.3421630859375
2025-12-16,257.9207763671875
2025-12-17,247.3883514404297
2025-12-18,252.59976196289062
2025-12-19,255.4994354248047
2025-12-22,258.0902099609375
2025-12-23,259.3058776855469
2025-12-24,259.8538818359375
2025-12-26,260.9699401855469
2025-12-29,262.1158447265625
2025-12-30,259.0467834472656
2025-12-31,256.0773620605469
2026-01-02,267.9151916503906
2026-01-05,283.3103332519531
2026-01-06,294.9588317871094
2026-01-07,291.1623229980469
2026-01-08,280.6398620605469
2026-01-09,300.11041259765625
2026-01-12,306.14892578125
2026-01-13,303.7873229980469
2026-01-14,300.81793212890625
2026-01-15,317.9468688964844
2026-01-16,325.8487243652344
2026-01-20,317.0998840332031
2026-01-21,324.08502197265625
2026-01-22,317.6579284667969
2026-01-23,321.23516845703125
2026-01-26,318.32550048828125
2026-01-27,331.5284729003906
2026-01-28,335.55413818359375
2026-01-29,340.1278076171875
2026-01-30,321.17535400390625
2026-02-02,327.2337646484375
2026-02-03,317.5383605957031
2026-02-04,296.54315185546875
2026-02-05,302.91046142578125
2026-02-06,321.36474609375
2026-02-09,329.39605712890625
2026-02-10,327.90142822265625
2026-02-11,338.67303466796875
2026-02-12,327.2238464355469
2026-02-13,353.6496276855469
2026-02-17,357.8546447753906
2026-02-18,367.988525390625
2026-02-19,368.9762268066406
2026-02-20,374.5134582519531
2026-02-23,372.6876525878906
2026-02-24,377.05755615234375
2026-02-25,394.03826904296875
2026-02-26,374.8526611328125
2026-02-27,371.4405517578125
2026-03-02,371.3208312988281
2026-03-03,350.5090026855469
2026-03-04,356.93414306640625
2026-03-05,345.73004150390625
2026-03-06,323.9903259277344
2026-03-09,338.1575622558594
2026-03-10,345.0815734863281
2026-03-11,350.25958251953125
2026-03-12,336.4914245605469
2026-03-13,340.7416076660156
2026-03-16,345.380859375
2026-03-17,351.6463317871094
2026-03-18,348.66326904296875
2026-03-19,356.3853759765625
2026-03-20,356.2357177734375
2026-03-23,360.954833984375
2026-03-24,373.12664794921875
2026-03-25,368.48736572265625
2026-03-26,337.7684631347656
2026-03-27,336.39166259765625
2026-03-30,322.37408447265625
2026-03-31,341.0010070800781
2026-04-01,352.9832458496094
2026-04-02,347.6655578613281
2026-04-06,351.8059997558594
2026-04-07,353.4920654296875
2026-04-08,384.82958984375
2026-04-09,396.89166259765625
2026-04-10,398.5677795410156
2026-04-13,394.8164978027344
2026-04-14,394.7266845703125
2026-04-15,393.349853515625
2026-04-16,388.99993896484375
2026-04-17,396.023681640625
2026-04-20,390.7159729003906
2026-04-21,393.4197082519531
2026-04-22,402.548583984375
2026-04-23,402.9775695800781
2026-04-24,416.0773010253906
2026-04-27,403.9253845214844
2026-04-28,380.2301940917969
2026-04-29,381.7068176269531
2026-04-30,393.5793151855469
2026-05-01,388.1817932128906
2026-05-04,390.47650146484375
2026-05-05,409.8716125488281
2026-05-06,427.6305236816406
2026-05-07,409.69207763671875
2026-05-08,434.434814453125
2026-05-11,442.59588623046875
2026-05-12,430.20458984375
2026-05-13,435.6020812988281
2026-05-14,439.5429992675781
2026-05-15,435.612060546875
2026-05-18,412.61529541015625
2026-05-19,405.97064208984375
2026-05-20,425.8646240234375
2026-05-21,426.90350341796875
2026-05-22,431.6983947753906
2026-05-26,454.40411376953125
2026-05-27,447.77117919921875
2026-05-28,449.19964599609375
2026-05-29,449.5792541503906
2026-06-01,457.68060302734375
2026-06-02,489.5265197753906
2026-06-03,500.2350769042969
2026-06-04,501.16412353515625
2026-06-05,452.526123046875
2026-06-08,491.644287109375
2026-06-09,498.6767578125
2026-06-10,496.4791259765625
2026-06-11,552.0496826171875
2026-06-12,566.6441040039062
2026-06-15,585.154296875
2026-06-16,567.6229858398438
2026-06-17,592.28662109375
2026-06-18,616.4508056640625
2026-06-22,639.4961547851562
2026-06-23,585.2542114257812
2026-06-24,588.3408203125
2026-06-25,667.2864379882812
2026-06-26,626.1704711914062
2026-06-29,693.8980102539062
2026-06-30,722.2277221679688
2026-07-01,650.2146606445312
2026-07-02,602.3958129882812
2026-07-06,592.1567993164062
2026-07-07,553.90771484375
2026-07-08,569.890625
2026-07-09,588.0311889648438
2026-07-10,601.8564453125
2026-07-13,574.775390625
2026-07-14,595.063720703125
2026-07-15,578.81103515625
2026-07-16,560.330810546875
2026-07-17,529.0941772460938
2026-07-20,525.1384887695312
2026-07-21,563.9469604492188
2026-07-22,553.3283081054688
2026-07-23,562.1987915039062
2026-07-24,535.6771850585938
2026-07-27,516.337890625
2026-07-28,475.9510498046875
2026-07-29,435.9837951660156
2026-07-30,501.2340087890625
2026-07-31,507.12774658203125
2026-08-03,517.656494140625
2026-08-04,546.0361328125
2026-08-05,533.6693115234375
2026-08-06,526.9165649414062
2026-08-07,538.5641479492188
2026-08-10,521.562255859375
2026-08-11,525.0485229492188
2026-08-12,547.5645141601562
2026-08-13,533.968994140625
2026-08-14,506.63824462890625
2026-08-17,534.7382202148438
2026-08-18,513.7806396484375
2026-08-19,495.6400146484375
2026-08-20,496.2099914550781
2026-08-21,492.32000732421875
2026-08-24,484.19000244140625
2026-08-25,480.0400085449219
2026-08-26,479.760009765625
2026-08-27,482.3599853515625
2026-08-28,461.6700134277344
2026-08-31,458.3900146484375
2026-09-01,441.8500061035156
2026-09-02,438.4599914550781
2026-09-03,435.9100036621094
2026-09-04,454.7099914550781
2026-09-08,472.7900085449219
2026-09-09,468.8500061035156
2026-09-10,454.010009765625
2026-09-11,456.489990234375
