Date,close
2000-06-30,12.129304885864258
2000-07-03,11.703716278076172
2000-07-05,10.972229957580566
2000-07-06,9.682165145874023
2000-07-07,10.187548637390137
2000-07-10,10.613144874572754
2000-07-11,10.293950080871582
2000-07-12,12.368697166442871
2000-07-13,12.847487449645996
2000-07-14,11.756911277770996
2000-07-17,12.594791412353516
2000-07-18,13.352871894836426
2000-07-19,14.071057319641113
2000-07-20,14.549847602844238
2000-07-21,13.100180625915527
2000-07-24,11.703716278076172
2000-07-25,12.049506187438965
2000-07-26,11.211627006530762
2000-07-27,10.280647277832031
2000-07-28,10.533340454101562
2000-07-31,9.72205924987793
2000-08-01,9.190078735351562
2000-08-02,9.788559913635254
2000-08-03,11.411120414733887
2000-08-04,12.288902282714844
2000-08-07,11.703716278076172
2000-08-08,11.490920066833496
2000-08-09,11.19832706451416
2000-08-10,11.065327644348145
2000-08-11,11.038726806640625
2000-08-14,10.613144874572754
2000-08-15,10.852535247802734
2000-08-16,11.677116394042969
2000-08-17,11.251524925231934
2000-08-18,11.115202903747559
2000-08-21,11.703716278076172
2000-08-22,11.889907836914062
2000-08-23,11.384526252746582
2000-08-24,11.730314254760742
2000-08-25,11.7835111618042
2000-08-28,12.448493003845215
2000-08-29,14.443449974060059
2000-08-30,14.948837280273438
2000-08-31,15.188225746154785
2000-09-01,15.26802921295166
2000-09-05,15.933001518249512
2000-09-06,17.661968231201172
2000-09-07,20.321901321411133
2000-09-08,20.18890380859375
2000-09-11,19.976110458374023
2000-09-12,21.02679443359375
2000-09-13,21.59867286682129
2000-09-14,21.279478073120117
2000-09-15,20.654396057128906
2000-09-18,19.124935150146484
2000-09-19,19.204730987548828
2000-09-20,19.896312713623047
2000-09-21,19.577119827270508
2000-09-22,19.018537521362305
2000-09-25,18.420053482055664
2000-09-26,17.262977600097656
2000-09-27,16.11920738220215
2000-09-28,16.54479217529297
2000-09-29,16.411802291870117
2000-10-02,16.863983154296875
2000-10-03,16.51819610595703
2000-10-04,15.906404495239258
2000-10-05,16.17240333557129
2000-10-06,15.50741958618164
2000-10-09,16.970386505126953
2000-10-10,16.996986389160156
2000-10-11,17.661968231201172
2000-10-12,17.99445915222168
2000-10-13,19.31113052368164
2000-10-16,17.39597511291504
2000-10-17,12.142606735229492
2000-10-18,10.759440422058105
2000-10-19,11.770214080810547
2000-10-20,12.874083518981934
2000-10-23,12.701189041137695
2000-10-24,12.554893493652344
2000-10-25,11.490920066833496
2000-10-26,10.905734062194824
2000-10-27,11.517518043518066
2000-10-30,11.145123481750488
2000-10-31,11.86330795288086
2000-11-01,11.065327644348145
2000-11-02,11.304725646972656
2000-11-03,11.278121948242188
2000-11-06,11.46432113647461
2000-11-07,10.387048721313477
2000-11-08,10.293950080871582
2000-11-09,10.320545196533203
2000-11-10,9.775262832641602
2000-11-13,9.908257484436035
2000-11-14,10.293950080871582
2000-11-15,10.586544036865234
2000-11-16,9.602365493774414
2000-11-17,9.65556526184082
2000-11-20,8.937379837036133
2000-11-21,8.564992904663086
2000-11-22,7.939907550811768
2000-11-24,8.378796577453613
2000-11-27,7.16852331161499
2000-11-28,5.958253860473633
2000-11-29,5.838558197021484
2000-11-30,6.091250419616699
2000-12-01,6.2641472816467285
2000-12-04,5.6789631843566895
2000-12-05,6.45034122467041
2000-12-06,6.064652442932129
2000-12-07,5.878455638885498
2000-12-08,6.756236553192139
2000-12-11,7.035528659820557
2000-12-12,7.0222296714782715
2000-12-13,6.476939678192139
2000-12-14,5.944953918457031
2000-12-15,5.532663822174072
2000-12-18,5.319869518280029
2000-12-19,4.894279956817627
2000-12-20,4.282496452331543
2000-12-21,4.043100833892822
2000-12-22,4.202698707580566
2000-12-26,3.617511034011841
2000-12-27,4.069700241088867
2000-12-28,4.721383094787598
2000-12-29,4.668186664581299
2001-01-02,4.548490524291992
2001-01-03,4.614986896514893
2001-01-04,5.160272598266602
2001-01-05,4.787883281707764
2001-01-08,4.8543806076049805
2001-01-09,4.841082572937012
2001-01-10,4.8543806076049805
2001-01-11,5.386369228363037
2001-01-12,5.851858139038086
2001-01-16,5.399668216705322
2001-01-17,5.8917555809021
2001-01-18,6.011451721191406
2001-01-19,5.958253860473633
2001-01-22,7.062126159667969
2001-01-23,7.497692584991455
2001-01-24,7.221724987030029
2001-01-25,7.660611629486084
2001-01-26,7.461117267608643
2001-01-29,7.141923904418945
2001-01-30,7.128626823425293
2001-01-31,8.405397415161133
2001-02-01,8.884180068969727
2001-02-02,8.165998458862305
2001-02-05,7.487717628479004
2001-02-06,7.0222296714782715
2001-02-07,6.706360816955566
2001-02-08,6.556741714477539
2001-02-09,6.144451141357422
2001-02-12,5.625762462615967
2001-02-13,5.855181694030762
2001-02-14,5.705560207366943
2001-02-15,6.463644027709961
2001-02-16,6.144451141357422
2001-02-20,5.226771354675293
2001-02-21,4.787883281707764
2001-02-22,4.535187244415283
2001-02-23,5.319869518280029
2001-02-26,5.386369228363037
2001-02-27,4.894279956817627
2001-02-28,4.229297637939453
2001-03-01,4.122898101806641
2001-03-02,4.229297637939453
2001-03-05,3.9367032051086426
2001-03-06,4.149500370025635
2001-03-07,4.136198043823242
2001-03-08,4.282496452331543
2001-03-09,4.003201961517334
2001-03-12,3.896805763244629
2001-03-13,4.202698707580566
2001-03-14,4.016500949859619
2001-03-15,4.082999229431152
2001-03-16,3.9101040363311768
2001-03-19,3.9899022579193115
2001-03-20,3.617511034011841
2001-03-21,3.6574103832244873
2001-03-22,3.710610866546631
2001-03-23,3.6840083599090576
2001-03-26,3.25842022895813
2001-03-27,2.925929069519043
2001-03-28,2.819530487060547
2001-03-29,2.6466360092163086
2001-03-30,2.566836357116699
2001-04-02,2.420541286468506
2001-04-03,1.8885538578033447
2001-04-04,1.8154059648513794
2001-04-05,1.9018537998199463
2001-04-06,2.1279478073120117
2001-04-09,2.1492276191711426
2001-04-10,2.6003522872924805
2001-04-11,3.3600292205810547
2001-04-12,3.2855515480041504
2001-04-16,3.162130355834961
2001-04-17,3.304703712463379
2001-04-18,3.821791887283325
2001-04-19,4.287816047668457
2001-04-20,4.745323657989502
2001-04-23,4.383572101593018
2001-04-24,4.5601935386657715
2001-04-25,5.013445854187012
2001-04-26,4.934711456298828
2001-04-27,4.998548984527588
2001-04-30,5.362430572509766
2001-05-01,5.547561168670654
2001-05-02,5.745460033416748
2001-05-03,5.949741840362549
2001-05-04,5.715670108795166
2001-05-07,5.734819412231445
2001-05-08,5.677365303039551
2001-05-09,5.468826770782471
2001-05-10,5.339020252227783
2001-05-11,5.224112510681152
2001-05-14,5.4049882888793945
2001-05-15,5.7433319091796875
2001-05-16,6.205097198486328
2001-05-17,6.6221747398376465
2001-05-18,6.362563133239746
2001-05-21,6.6136627197265625
2001-05-22,6.875399112701416
2001-05-23,6.715803623199463
2001-05-24,6.485985279083252
2001-05-25,6.4966254234313965
2001-05-29,5.8305768966674805
2001-05-30,5.319869518280029
2001-05-31,5.24964714050293
2001-06-01,5.087924003601074
2001-06-04,5.160272598266602
2001-06-05,5.5901198387146
2001-06-06,5.694390296936035
2001-06-07,6.1859450340271
2001-06-08,6.090187072753906
2001-06-11,5.64970064163208
2001-06-12,5.373070240020752
2001-06-13,5.381579399108887
2001-06-14,5.1453776359558105
2001-06-15,4.924072265625
2001-06-18,4.973015308380127
2001-06-19,5.113458156585693
2001-06-20,4.758092403411865
2001-06-21,4.379317283630371
2001-06-22,4.343139171600342
2001-06-25,4.264407157897949
2001-06-26,4.6155195236206055
2001-06-27,4.841082572937012
2001-06-28,4.902791500091553
2001-06-29,5.724180221557617
2001-07-02,5.9944281578063965
2001-07-03,5.873135566711426
2001-07-05,5.936974048614502
2001-07-06,5.7731218338012695
2001-07-09,5.724180221557617
2001-07-10,5.192193508148193
2001-07-11,4.9432220458984375
2001-07-12,5.675237655639648
2001-07-13,5.934845447540283
2001-07-16,5.575223922729492
2001-07-17,5.847601890563965
2001-07-18,5.275181770324707
2001-07-19,5.826321125030518
2001-07-20,5.8220672607421875
2001-07-23,5.56245756149292
2001-07-24,5.326254367828369
2001-07-25,5.01131534576416
2001-07-26,5.926333427429199
2001-07-27,5.9603800773620605
2001-07-30,6.366822242736816
2001-07-31,6.530672550201416
2001-08-01,6.5966386795043945
2001-08-02,6.926467418670654
2001-08-03,7.090323448181152
2001-08-06,7.064785957336426
2001-08-07,6.864758014678955
2001-08-08,6.958388328552246
2001-08-09,6.703037738800049
2001-08-10,6.554079532623291
2001-08-13,6.798793792724609
2001-08-14,6.962646007537842
2001-08-15,6.2668070793151855
2001-08-16,6.045500755310059
2001-08-17,5.713542461395264
2001-08-20,5.8433451652526855
2001-08-21,5.081539630889893
2001-08-22,5.385836601257324
2001-08-23,5.1070756912231445
2001-08-24,5.78163480758667
2001-08-27,5.68587589263916
2001-08-28,5.587989807128906
2001-08-29,5.473083972930908
2001-08-30,5.375196933746338
2001-08-31,5.330509662628174
2001-09-04,5.375196933746338
2001-09-05,5.260288715362549
2001-09-06,5.009189128875732
2001-09-07,5.085794925689697
2001-09-10,4.945350646972656
2001-09-17,4.351654529571533
2001-09-18,3.672837734222412
2001-09-19,3.843073844909668
2001-09-20,3.570697069168091
2001-09-21,3.5004749298095703
2001-09-24,3.8941447734832764
2001-09-25,4.081405162811279
2001-09-26,4.032461643218994
2001-09-27,2.7386691570281982
2001-09-28,3.053605556488037
2001-10-01,2.766331911087036
2001-10-02,3.0599892139434814
2001-10-03,3.896273374557495
2001-10-04,4.247382640838623
2001-10-05,4.1814188957214355
2001-10-08,4.10055685043335
2001-10-09,3.8132822513580322
2001-10-10,3.921809196472168
2001-10-11,4.4729485511779785
2001-10-12,4.845338821411133
2001-10-15,4.628288745880127
2001-10-16,4.934711456298828
2001-10-17,4.768733024597168
2001-10-18,4.43464469909668
2001-10-19,4.545297622680664
2001-10-22,4.664462089538574
2001-10-23,4.896407604217529
2001-10-24,5.3283820152282715
2001-10-25,5.2773118019104
2001-10-26,5.0985636711120605
2001-10-29,4.928327560424805
2001-10-30,4.938966751098633
2001-10-31,5.179424285888672
2001-11-01,5.7114105224609375
2001-11-02,5.900801181793213
2001-11-05,6.1518988609313965
2001-11-06,6.394481658935547
2001-11-07,6.320004940032959
2001-11-08,6.162537574768066
2001-11-09,6.373203754425049
2001-11-12,6.485985279083252
2001-11-13,6.5987677574157715
2001-11-14,6.407251358032227
2001-11-15,6.124233245849609
2001-11-16,6.979669570922852
2001-11-19,7.243534564971924
2001-11-20,6.398738861083984
2001-11-21,6.3774590492248535
2001-11-23,6.5881266593933105
2001-11-26,6.654094219207764
2001-11-27,6.6902689933776855
2001-11-28,6.300853729248047
2001-11-29,6.417891502380371
2001-11-30,6.711547374725342
2001-12-03,6.668986797332764
2001-12-04,7.120115280151367
2001-12-05,8.028745651245117
2001-12-06,8.184090614318848
2001-12-07,7.894681930541992
2001-12-10,7.767009735107422
2001-12-11,8.077691078186035
2001-12-12,8.320280075073242
2001-12-13,7.228640079498291
2001-12-14,8.15003776550293
2001-12-17,7.996829509735107
2001-12-18,7.862768650054932
2001-12-19,7.74785852432251
2001-12-20,7.407386779785156
2001-12-21,7.6244378089904785
2001-12-24,7.560600757598877
2001-12-26,7.756370544433594
2001-12-27,7.7350897789001465
2001-12-28,7.607415199279785
2001-12-31,7.622312068939209
2002-01-02,7.809566497802734
2002-01-03,8.462852478027344
2002-01-04,8.267080307006836
2002-01-07,8.273463249206543
2002-01-08,8.347936630249023
2002-01-09,8.582014083862305
2002-01-10,8.656494140625
2002-01-11,8.835240364074707
2002-01-14,8.437314987182617
2002-01-15,8.445825576782227
2002-01-16,8.224520683288574
2002-01-17,8.975680351257324
2002-01-18,9.033140182495117
2002-01-22,9.262957572937012
2002-01-23,9.118254661560059
2002-01-24,9.33317756652832
2002-01-25,9.567254066467285
2002-01-28,9.509796142578125
2002-01-29,9.045904159545898
2002-01-30,8.650106430053711
2002-01-31,8.541582107543945
2002-02-01,8.554350852966309
2002-02-04,8.107481002807617
2002-02-05,8.018109321594238
2002-02-06,7.60528564453125
2002-02-07,7.494634628295898
2002-02-08,7.7584967613220215
2002-02-11,8.18621826171875
2002-02-12,8.256437301635742
2002-02-13,8.252182960510254
2002-02-14,7.898942470550537
2002-02-15,7.522299289703369
2002-02-19,6.926467418670654
2002-02-20,7.235022068023682
2002-02-21,6.607278823852539
2002-02-22,7.141394138336182
2002-02-25,7.588261604309082
2002-02-26,7.513785362243652
2002-02-27,7.256303787231445
2002-02-28,6.530672550201416
2002-03-01,7.530806541442871
2002-03-04,8.137273788452148
2002-03-05,8.156423568725586
2002-03-06,8.086201667785645
2002-03-07,8.137273788452148
2002-03-08,8.805449485778809
2002-03-11,8.5160493850708
2002-03-12,8.57988452911377
2002-03-13,8.24154281616211
2002-03-14,8.164937973022461
2002-03-15,8.21387767791748
2002-03-18,8.416030883789062
2002-03-19,8.667132377624512
2002-03-20,8.318147659301758
2002-03-21,8.750121116638184
2002-03-22,8.709687232971191
2002-03-25,8.224520683288574
2002-03-26,8.692667961120605
2002-03-27,9.165069580078125
2002-03-28,9.32041072845459
2002-04-01,9.35233211517334
2002-04-02,8.786293983459473
2002-04-03,8.588397026062012
2002-04-04,8.786293983459473
2002-04-05,8.537330627441406
2002-04-08,8.413905143737793
2002-04-09,8.007468223571777
2002-04-10,8.022360801696777
2002-04-11,8.086201667785645
2002-04-12,8.345812797546387
2002-04-15,8.671388626098633
2002-04-16,8.86928939819336
2002-04-17,8.747993469238281
2002-04-18,8.90333366394043
2002-04-19,8.754378318786621
2002-04-22,8.558609008789062
2002-04-23,8.29900074005127
2002-04-24,8.34155559539795
2002-04-25,8.486255645751953
2002-04-26,7.852129936218262
2002-04-29,7.452071666717529
2002-04-30,7.660611629486084
2002-05-01,7.20948600769043
2002-05-02,7.298861980438232
2002-05-03,6.915830612182617
2002-05-06,6.724315643310547
2002-05-07,6.594508647918701
2002-05-08,7.6180524826049805
2002-05-09,7.401002407073975
2002-05-10,7.4839935302734375
2002-05-13,7.822338581085205
2002-05-14,8.775659561157227
2002-05-15,8.756505012512207
2002-05-16,8.105352401733398
2002-05-17,8.264946937561035
2002-05-20,8.08194637298584
2002-05-21,7.811694622039795
2002-05-22,8.011722564697266
2002-05-23,8.239411354064941
2002-05-24,7.49888801574707
2002-05-28,7.075428009033203
2002-05-29,6.681755542755127
2002-05-30,6.72857141494751
2002-05-31,6.698782444000244
2002-06-03,5.873135566711426
2002-06-04,5.977406024932861
2002-06-05,5.402860641479492
2002-06-06,5.1092047691345215
2002-06-07,5.490106105804443
2002-06-10,5.541175842285156
2002-06-11,5.03472375869751
2002-06-12,5.1453776359558105
2002-06-13,4.987908363342285
2002-06-14,5.1092047691345215
2002-06-17,5.575223922729492
2002-06-18,5.379452705383301
2002-06-19,5.153890609741211
2002-06-20,4.8198018074035645
2002-06-21,4.594240665435791
2002-06-24,5.051749229431152
2002-06-25,4.575087547302246
2002-06-26,4.44102668762207
2002-06-27,4.194187164306641
2002-06-28,4.23248815536499
2002-07-01,3.983520030975342
2002-07-02,3.702629566192627
2002-07-03,4.083534240722656
2002-07-05,4.5006103515625
2002-07-08,4.294198513031006
2002-07-09,4.3239898681640625
2002-07-10,4.360164642333984
2002-07-11,4.790010452270508
2002-07-12,5.1070756912231445
2002-07-15,5.162402153015137
2002-07-16,5.06877326965332
2002-07-17,5.160272598266602
2002-07-18,4.860232353210449
2002-07-19,4.800650596618652
2002-07-22,4.553807258605957
2002-07-23,4.149500370025635
2002-07-24,4.223976135253906
2002-07-25,3.702629566192627
2002-07-26,3.698373794555664
2002-07-29,3.947340965270996
2002-07-30,4.264407157897949
2002-07-31,4.043100833892822
2002-08-01,3.585592269897461
2002-08-02,3.2408647537231445
2002-08-05,3.202561855316162
2002-08-06,3.3451344966888428
2002-08-07,3.3579018115997314
2002-08-08,3.740933656692505
2002-08-09,3.645174980163574
2002-08-12,3.7047576904296875
2002-08-13,3.617511034011841
2002-08-14,3.6281518936157227
2002-08-15,3.698373794555664
2002-08-16,3.85796856880188
2002-08-19,4.309094429016113
2002-08-20,3.9409596920013428
2002-08-21,4.10693883895874
2002-08-22,4.038845539093018
2002-08-23,4.726172924041748
2002-08-26,4.672973155975342
2002-08-27,4.711277484893799
2002-08-28,4.404853343963623
2002-08-29,4.436771392822266
2002-08-30,4.055867671966553
2002-09-03,3.7600841522216797
2002-09-04,3.7451891899108887
2002-09-05,3.8005170822143555
2002-09-06,3.9558537006378174
2002-09-09,4.068636894226074
2002-09-10,4.4176201820373535
2002-09-11,4.44528341293335
2002-09-12,4.255895614624023
2002-09-13,4.404853343963623
2002-09-16,4.160140037536621
2002-09-17,3.8686089515686035
2002-09-18,3.9558537006378174
2002-09-19,3.917553663253784
2002-09-20,3.926064968109131
2002-09-23,3.904783248901367
2002-09-24,3.7600841522216797
2002-09-25,4.030334949493408
2002-09-26,3.6026175022125244
2002-09-27,3.5472898483276367
2002-09-30,3.3727972507476807
2002-10-01,3.598360538482666
2002-10-02,3.6536865234375
2002-10-03,3.2876789569854736
2002-10-04,3.077012538909912
2002-10-07,2.9110336303710938
2002-10-08,3.1940503120422363
2002-10-09,3.138723373413086
2002-10-10,3.368542194366455
2002-10-11,2.928056001663208
2002-10-14,2.4492688179016113
2002-10-15,3.021685838699341
2002-10-16,2.951462507247925
2002-10-17,3.1004202365875244
2002-10-18,3.170642375946045
2002-10-21,3.2919349670410156
2002-10-22,3.162130355834961
2002-10-23,3.3451344966888428
2002-10-24,3.453660011291504
2002-10-25,3.532392978668213
2002-10-28,3.355773687362671
2002-10-29,3.334493398666382
2002-10-30,3.5409045219421387
2002-10-31,3.4494028091430664
2002-11-01,3.7813632488250732
2002-11-04,4.2580246925354
2002-11-05,4.096299648284912
2002-11-06,4.032461643218994
2002-11-07,3.9090418815612793
2002-11-08,3.713270425796509
2002-11-11,3.6643259525299072
2002-11-12,3.630279779434204
2002-11-13,3.9516003131866455
2002-11-14,4.4474101066589355
2002-11-15,4.551681041717529
2002-11-18,4.979398250579834
2002-11-19,4.675102233886719
2002-11-20,5.051749229431152
2002-11-21,5.177298069000244
2002-11-22,4.900664806365967
2002-11-25,5.013445854187012
2002-11-26,4.890024185180664
2002-11-27,5.01131534576416
2002-11-29,4.817674160003662
2002-12-02,4.894279956817627
2002-12-03,4.641053676605225
2002-12-04,4.468689918518066
2002-12-05,4.468689918518066
2002-12-06,4.47720193862915
2002-12-09,4.240999221801758
2002-12-10,4.4729485511779785
2002-12-11,4.619772434234619
2002-12-12,4.617647647857666
2002-12-13,4.36442232131958
2002-12-16,4.360164642333984
2002-12-17,4.392086029052734
2002-12-18,4.066510200500488
2002-12-19,3.85796856880188
2002-12-20,4.0196943283081055
2002-12-23,4.147370338439941
2002-12-24,4.075018882751465
2002-12-26,4.153753280639648
2002-12-27,4.172906398773193
2002-12-30,4.0494842529296875
2002-12-31,4.013308048248291
2003-01-02,4.234616756439209
2003-01-03,4.211209297180176
2003-01-06,4.5133771896362305
2003-01-07,4.8091630935668945
2003-01-08,4.745323657989502
2003-01-09,4.968757152557373
2003-01-10,4.875129222869873
2003-01-13,4.649564266204834
2003-01-14,4.532530307769775
2003-01-15,4.47720193862915
2003-01-16,4.32186222076416
2003-01-17,4.164392471313477
2003-01-21,4.0494842529296875
2003-01-22,4.085660457611084
2003-01-23,4.0771484375
2003-01-24,4.002668857574463
2003-01-27,3.6707098484039307
2003-01-28,3.9069130420684814
2003-01-29,3.9409596920013428
2003-01-30,3.8111560344696045
2003-01-31,3.8877618312835693
2003-02-03,3.8537142276763916
2003-02-04,3.8281779289245605
2003-02-05,3.917553663253784
2003-02-06,3.9430880546569824
2003-02-07,3.8324356079101562
2003-02-10,3.9111692905426025
2003-02-11,4.038845539093018
2003-02-12,4.04097318649292
2003-02-13,4.004796981811523
2003-02-14,3.851585865020752
2003-02-18,4.055867671966553
2003-02-19,3.8941447734832764
2003-02-20,4.217595100402832
2003-02-21,4.128218650817871
2003-02-24,4.132473468780518
2003-02-25,4.204824447631836
2003-02-26,4.070765972137451
2003-02-27,4.149500370025635
2003-02-28,4.383572101593018
2003-03-03,4.255895614624023
2003-03-04,4.194187164306641
2003-03-05,4.175034046173096
2003-03-06,4.202698707580566
2003-03-07,4.121835231781006
2003-03-10,3.9771344661712646
2003-03-11,3.9132962226867676
2003-03-12,3.87286639213562
2003-03-13,4.202698707580566
2003-03-14,3.996286153793335
2003-03-17,4.04097318649292
2003-03-18,4.17716121673584
2003-03-19,4.134603500366211
2003-03-20,4.117579460144043
2003-03-21,4.300581455230713
2003-03-24,4.170777797698975
2003-03-25,4.351654529571533
2003-03-26,4.532530307769775
2003-03-27,4.660205364227295
2003-03-28,4.662332534790039
2003-03-31,4.509122371673584
2003-04-01,4.519762992858887
2003-04-02,4.783627033233643
2003-04-03,4.713405609130859
2003-04-04,4.575087547302246
2003-04-07,4.6027512550354
2003-04-08,4.36442232131958
2003-04-09,4.32186222076416
2003-04-10,4.253767490386963
2003-04-11,4.351654529571533
2003-04-14,4.468689918518066
2003-04-15,4.494226932525635
2003-04-16,4.728301048278809
2003-04-17,4.926198959350586
2003-04-21,4.921943187713623
2003-04-22,5.130481719970703
2003-04-23,5.126227855682373
2003-04-24,5.211345672607422
2003-04-25,4.7559638023376465
2003-04-28,4.734682559967041
2003-04-29,4.811288833618164
2003-04-30,4.909175395965576
2003-05-01,4.979398250579834
2003-05-02,5.104947090148926
2003-05-05,5.264542102813721
2003-05-06,5.24113655090332
2003-05-07,5.319869518280029
2003-05-08,5.3922200202941895
2003-05-09,5.68587589263916
2003-05-12,5.8305768966674805
2003-05-13,5.809298515319824
2003-05-14,5.873135566711426
2003-05-15,5.936974048614502
2003-05-16,5.954000473022461
2003-05-19,5.702902317047119
2003-05-20,5.7263078689575195
2003-05-21,5.734819412231445
2003-05-22,5.868880748748779
2003-05-23,6.830712795257568
2003-05-27,6.807307243347168
2003-05-28,6.749849796295166
2003-05-29,6.743467807769775
2003-05-30,6.739211559295654
2003-06-02,6.5604634284973145
2003-06-03,6.624302387237549
2003-06-04,6.790281772613525
2003-06-05,7.109477519989014
2003-06-06,6.947751045227051
2003-06-09,6.583869934082031
2003-06-10,6.713677883148193
2003-06-11,6.741340160369873
2003-06-12,6.760491371154785
2003-06-13,6.5051374435424805
2003-06-16,6.630685329437256
2003-06-17,6.743467807769775
2003-06-18,7.062657356262207
2003-06-19,7.105216979980469
2003-06-20,7.000949859619141
2003-06-23,6.811560153961182
2003-06-24,6.869014739990234
2003-06-25,6.969028949737549
2003-06-26,7.152033805847168
2003-06-27,7.088195323944092
2003-06-30,7.309503078460693
2003-07-01,7.767009735107422
2003-07-02,7.952137470245361
2003-07-03,7.981934070587158
2003-07-07,8.120251655578613
2003-07-08,8.437314987182617
2003-07-09,8.420289993286133
2003-07-10,8.139400482177734
2003-07-11,8.107481002807617
2003-07-14,8.405397415161133
2003-07-15,8.033001899719238
2003-07-16,7.811694622039795
2003-07-17,7.48612117767334
2003-07-18,7.515912055969238
2003-07-21,7.341419696807861
2003-07-22,7.405259132385254
2003-07-23,7.403130054473877
2003-07-24,7.298861980438232
2003-07-25,7.409515380859375
2003-07-28,7.513785362243652
2003-07-29,7.381850719451904
2003-07-30,7.305244445800781
2003-07-31,7.477610111236572
2003-08-01,7.515912055969238
2003-08-04,7.522299289703369
2003-08-05,7.352059364318848
2003-08-06,7.452071666717529
2003-08-07,7.279709339141846
2003-08-08,6.932854175567627
2003-08-11,7.228640079498291
2003-08-12,7.656355857849121
2003-08-13,7.573367118835449
2003-08-14,7.579751968383789
2003-08-15,7.703171730041504
2003-08-18,8.030875205993652
2003-08-19,8.237284660339355
2003-08-20,8.169191360473633
2003-08-21,8.162810325622559
2003-08-22,8.871417045593262
2003-08-25,8.613932609558105
2003-08-26,8.722457885742188
2003-08-27,8.886310577392578
2003-08-28,9.17358112335205
2003-08-29,8.96505069732666
2003-09-02,8.95653247833252
2003-09-03,8.782038688659668
2003-09-04,8.784172058105469
2003-09-05,9.050162315368652
2003-09-08,8.930997848510742
2003-09-09,8.835240364074707
2003-09-10,8.184090614318848
2003-09-11,8.367094039916992
2003-09-12,8.5160493850708
2003-09-15,8.309635162353516
2003-09-16,8.533073425292969
2003-09-17,8.462852478027344
2003-09-18,8.658621788024902
2003-09-19,8.67564582824707
2003-09-22,8.360708236694336
2003-09-23,8.458595275878906
2003-09-24,7.988315582275391
2003-09-25,7.958526611328125
2003-09-26,7.852129936218262
2003-09-29,8.028745651245117
2003-09-30,8.039388656616211
2003-10-01,8.03725814819336
2003-10-02,8.098968505859375
2003-10-03,8.641594886779785
2003-10-06,8.679899215698242
2003-10-07,8.939509391784668
2003-10-08,8.871417045593262
2003-10-09,9.045904159545898
2003-10-10,9.071444511413574
2003-10-13,8.9544038772583
2003-10-14,9.167198181152344
2003-10-15,9.275724411010742
2003-10-16,9.26721477508545
2003-10-17,8.690542221069336
2003-10-20,9.033140182495117
2003-10-21,9.411911010742188
2003-10-22,8.867156982421875
2003-10-23,8.788423538208008
2003-10-24,8.871417045593262
2003-10-27,8.850135803222656
2003-10-28,9.43106746673584
2003-10-29,9.416171073913574
2003-10-30,9.507669448852539
2003-10-31,9.328924179077148
2003-11-03,9.690677642822266
2003-11-04,9.67790699005127
2003-11-05,9.620450019836426
2003-11-06,9.707698822021484
2003-11-07,9.452345848083496
2003-11-10,9.224652290344238
2003-11-11,9.2055025100708
2003-11-12,9.488518714904785
2003-11-13,9.388506889343262
2003-11-14,9.360846519470215
2003-11-17,9.069314002990723
2003-11-18,9.011858940124512
2003-11-19,8.937379837036133
2003-11-20,8.279850006103516
2003-11-21,8.277718544006348
2003-11-24,8.158554077148438
2003-11-25,8.118120193481445
2003-11-26,8.3585786819458
2003-11-28,8.403266906738281
2003-12-01,8.6245756149292
2003-12-02,8.250053405761719
2003-12-03,8.045766830444336
2003-12-04,8.192599296569824
2003-12-05,8.08833122253418
2003-12-08,8.164937973022461
2003-12-09,7.686147689819336
2003-12-10,7.701040744781494
2003-12-11,8.077691078186035
2003-12-12,8.184090614318848
2003-12-15,7.8542585372924805
2003-12-16,7.807438850402832
2003-12-17,7.775523662567139
2003-12-18,7.850001335144043
2003-12-19,7.8202080726623535
2003-12-22,7.788289546966553
2003-12-23,7.952137470245361
2003-12-24,7.8329758644104
2003-12-26,7.767009735107422
2003-12-29,7.898942470550537
2003-12-30,7.990443706512451
2003-12-31,8.071306228637695
2004-01-02,8.064923286437988
2004-01-05,8.235158920288086
2004-01-06,8.550093650817871
2004-01-07,8.820343017578125
2004-01-08,8.950146675109863
2004-01-09,8.837370872497559
2004-01-12,9.156560897827148
2004-01-13,9.128894805908203
2004-01-14,8.93525218963623
2004-01-15,9.192733764648438
2004-01-16,9.286365509033203
2004-01-20,9.484259605407715
2004-01-21,9.162942886352539
2004-01-22,9.011858940124512
2004-01-23,8.916097640991211
2004-01-26,8.88205337524414
2004-01-27,9.031009674072266
2004-01-28,9.01611328125
2004-01-29,8.920355796813965
2004-01-30,8.852263450622559
2004-02-02,8.760762214660645
2004-02-03,8.799063682556152
2004-02-04,8.350068092346191
2004-02-05,8.788423538208008
2004-02-06,9.073570251464844
2004-02-09,9.139534950256348
2004-02-10,9.194864273071289
2004-02-11,9.32041072845459
2004-02-12,9.101235389709473
2004-02-13,9.214014053344727
2004-02-17,9.252317428588867
2004-02-18,9.65024471282959
2004-02-19,9.216141700744629
2004-02-20,8.999090194702148
2004-02-23,8.820343017578125
2004-02-24,8.975680351257324
2004-02-25,9.177838325500488
2004-02-26,9.124642372131348
2004-02-27,9.735361099243164
2004-03-01,9.728974342346191
2004-03-02,9.520442008972168
2004-03-03,9.269346237182617
2004-03-04,9.480008125305176
2004-03-05,9.331049919128418
2004-03-08,8.973556518554688
2004-03-09,8.752252578735352
2004-03-10,8.654363632202148
2004-03-11,8.550093650817871
2004-03-12,8.901206970214844
2004-03-15,8.57988452911377
2004-03-16,8.639467239379883
2004-03-17,8.888442039489746
2004-03-18,8.799063682556152
2004-03-19,8.84162425994873
2004-03-22,8.79055404663086
2004-03-23,8.724587440490723
2004-03-24,8.481998443603516
2004-03-25,8.760762214660645
2004-03-26,9.079949378967285
2004-03-29,9.177838325500488
2004-03-30,9.616194725036621
2004-03-31,9.567254066467285
2004-04-01,9.703441619873047
2004-04-02,9.997097969055176
2004-04-05,10.19925308227539
2004-04-06,10.043915748596191
2004-04-07,10.02263069152832
2004-04-08,10.233301162719727
2004-04-12,10.19925308227539
2004-04-13,10.131156921386719
2004-04-14,9.841757774353027
2004-04-15,9.690677642822266
2004-04-16,9.5651273727417
2004-04-19,9.74174690246582
2004-04-20,9.388506889343262
2004-04-21,9.362971305847168
2004-04-22,9.199121475219727
2004-04-23,9.448090553283691
2004-04-26,9.082079887390137
2004-04-27,8.928873062133789
2004-04-28,8.71607494354248
2004-04-29,8.403266906738281
2004-04-30,8.281973838806152
2004-05-03,8.096844673156738
2004-05-04,8.284100532531738
2004-05-05,8.547967910766602
2004-05-06,8.34155559539795
2004-05-07,8.620316505432129
2004-05-10,8.535198211669922
2004-05-11,8.86290168762207
2004-05-12,8.707562446594238
2004-05-13,8.792683601379395
2004-05-14,8.45220947265625
2004-05-17,8.17770004272461
2004-05-18,8.277718544006348
2004-05-19,8.507534980773926
2004-05-20,8.475616455078125
2004-05-21,9.382122039794922
2004-05-24,9.460859298706055
2004-05-25,9.854527473449707
2004-05-26,9.775793075561523
2004-05-27,10.003486633300781
2004-05-28,10.122645378112793
2004-06-01,10.020508766174316
2004-06-02,9.67578125
2004-06-03,9.71833610534668
2004-06-04,9.882190704345703
2004-06-07,10.256708145141602
2004-06-08,10.173717498779297
2004-06-09,9.8800630569458
2004-06-10,10.043915748596191
2004-06-14,9.894963264465332
2004-06-15,10.21202278137207
2004-06-16,10.609949111938477
2004-06-17,10.24606990814209
2004-06-18,10.543984413146973
2004-06-21,10.054553985595703
2004-06-22,10.57590103149414
2004-06-23,11.063202857971191
2004-06-24,11.197258949279785
2004-06-25,11.19300365447998
2004-06-28,10.799336433410645
2004-06-29,11.061070442199707
2004-06-30,11.363239288330078
2004-07-01,10.631226539611816
2004-07-02,10.478015899658203
2004-07-06,10.06093978881836
2004-07-07,10.167332649230957
2004-07-08,10.009865760803223
2004-07-09,10.107754707336426
2004-07-12,9.814095497131348
2004-07-13,10.026891708374023
2004-07-14,9.865164756774902
2004-07-15,10.252455711364746
2004-07-16,9.801329612731934
2004-07-19,9.669394493103027
2004-07-20,10.02263069152832
2004-07-21,9.409785270690918
2004-07-22,9.805583000183105
2004-07-23,9.720464706420898
2004-07-26,9.452345848083496
2004-07-27,9.631093978881836
2004-07-28,9.609810829162598
2004-07-29,9.933259963989258
2004-07-30,9.882190704345703
2004-08-02,9.903468132019043
2004-08-03,9.490647315979004
2004-08-04,9.750258445739746
2004-08-05,9.869422912597656
2004-08-06,9.622577667236328
2004-08-09,9.788559913635254
2004-08-10,9.84814453125
2004-08-11,9.107614517211914
2004-08-12,8.639467239379883
2004-08-13,8.413905143737793
2004-08-16,8.601162910461426
2004-08-17,8.805449485778809
2004-08-18,9.265083312988281
2004-08-19,9.243803977966309
2004-08-20,10.205638885498047
2004-08-23,10.175848007202148
2004-08-24,9.724722862243652
2004-08-25,10.03540325164795
2004-08-26,9.826862335205078
2004-08-27,10.09072494506836
2004-08-30,9.728974342346191
2004-08-31,9.83963394165039
2004-09-01,10.073705673217773
2004-09-02,10.209894180297852
2004-09-03,9.733235359191895
2004-09-07,9.946030616760254
2004-09-08,9.84814453125
2004-09-09,10.818488121032715
2004-09-10,11.167472839355469
2004-09-13,11.444103240966797
2004-09-14,11.473897933959961
2004-09-15,11.0227689743042
2004-09-16,11.227051734924316
2004-09-17,11.210031509399414
2004-09-20,11.46963882446289
2004-09-21,11.597317695617676
2004-09-22,11.141939163208008
2004-09-23,11.29940128326416
2004-09-24,11.184492111206055
2004-09-27,10.937653541564941
2004-09-28,10.754645347595215
2004-09-29,10.720600128173828
2004-09-30,11.120658874511719
2004-10-01,11.933533668518066
2004-10-04,12.129304885864258
2004-10-05,12.274002075195312
2004-10-06,12.657033920288086
2004-10-07,12.265491485595703
2004-10-08,12.078232765197754
2004-10-11,11.848411560058594
2004-10-12,11.839903831481934
2004-10-13,12.39742374420166
2004-10-14,12.431471824645996
2004-10-15,12.210165977478027
2004-10-18,12.248466491699219
2004-10-19,12.303797721862793
2004-10-20,12.431471824645996
2004-10-21,12.725126266479492
2004-10-22,11.954812049865723
2004-10-25,11.512198448181152
2004-10-26,11.456869125366211
2004-10-27,12.252725601196289
2004-10-28,12.354866027832031
2004-10-29,12.159097671508789
2004-11-01,12.095256805419922
2004-11-02,12.265491485595703
2004-11-03,12.133559226989746
2004-11-04,12.137813568115234
2004-11-05,12.01013469696045
2004-11-08,11.767550468444824
2004-11-09,11.899483680725098
2004-11-10,11.767550468444824
2004-11-11,12.116535186767578
2004-11-12,13.108159065246582
2004-11-15,12.780454635620117
2004-11-16,12.508074760437012
2004-11-17,12.784716606140137
2004-11-18,12.916643142700195
2004-11-19,13.125185012817383
2004-11-22,13.142206192016602
2004-11-23,13.337973594665527
2004-11-24,13.363511085510254
2004-11-26,13.418838500976562
2004-11-29,13.120926856994629
2004-11-30,13.644403457641602
2004-12-01,14.099786758422852
2004-12-02,14.376419067382812
2004-12-03,14.478554725646973
2004-12-06,14.529629707336426
2004-12-07,14.235970497131348
2004-12-08,14.465794563293457
2004-12-09,14.414715766906738
2004-12-10,14.304067611694336
2004-12-13,14.610488891601562
2004-12-14,14.848820686340332
2004-12-15,15.065875053405762
2004-12-16,14.989269256591797
2004-12-17,15.057358741760254
2004-12-20,14.725399017333984
2004-12-21,14.874353408813477
2004-12-22,14.725399017333984
2004-12-23,15.125452995300293
2004-12-27,14.916911125183105
2004-12-28,14.989269256591797
2004-12-29,15.002032279968262
2004-12-30,15.08289623260498
2004-12-31,15.095660209655762
2005-01-03,14.780729293823242
2005-01-04,13.950825691223145
2005-01-05,14.001899719238281
2005-01-06,14.061481475830078
2005-01-07,14.682839393615723
2005-01-10,14.597723960876465
2005-01-11,14.584956169128418
2005-01-12,14.712634086608887
2005-01-13,14.674327850341797
2005-01-14,14.848820686340332
2005-01-18,15.112678527832031
2005-01-19,14.504091262817383
2005-01-20,14.09127426147461
2005-01-21,13.567793846130371
2005-01-24,13.350748062133789
2005-01-25,13.652915954589844
2005-01-26,14.099786758422852
2005-01-27,14.146597862243652
2005-01-28,13.929546356201172
2005-01-31,14.235970497131348
2005-02-01,14.206181526184082
2005-02-02,14.061481475830078
2005-02-03,13.776336669921875
2005-02-04,14.529629707336426
2005-02-07,14.733908653259277
2005-02-08,15.150988578796387
2005-02-09,14.716888427734375
2005-02-10,14.69560718536377
2005-02-11,15.414856910705566
2005-02-14,15.674463272094727
2005-02-15,15.742562294006348
2005-02-16,15.516993522644043
2005-02-17,15.559547424316406
2005-02-18,15.814912796020508
2005-02-22,15.333992958068848
2005-02-23,15.30846118927002
2005-02-24,15.380809783935547
2005-02-25,15.955354690551758
2005-02-28,15.572320938110352
2005-03-01,15.942593574523926
2005-03-02,16.02344512939453
2005-03-03,15.853209495544434
2005-03-04,15.980887413024902
2005-03-07,16.283063888549805
2005-03-08,16.15538215637207
2005-03-09,15.959609031677246
2005-03-10,16.125591278076172
2005-03-11,15.71277141571045
2005-03-14,15.738302230834961
2005-03-15,15.376554489135742
2005-03-16,15.244624137878418
2005-03-17,15.21908187866211
2005-03-18,15.091401100158691
2005-03-21,15.206315994262695
2005-03-22,15.763838768005371
2005-03-23,15.802145004272461
2005-03-24,15.865978240966797
2005-03-28,15.993659019470215
2005-03-29,15.674463272094727
2005-03-30,16.125591278076172
2005-03-31,16.317108154296875
2005-04-01,16.036218643188477
2005-04-04,15.86173152923584
2005-04-05,15.717022895812988
2005-04-06,15.814912796020508
2005-04-07,16.044721603393555
2005-04-08,15.487204551696777
2005-04-11,15.087150573730469
2005-04-12,14.9296875
2005-04-13,14.831794738769531
2005-04-14,14.665814399719238
2005-04-15,14.010408401489258
2005-04-18,14.142340660095215
2005-04-19,14.482816696166992
2005-04-20,14.295555114746094
2005-04-21,14.772217750549316
2005-04-22,14.946704864501953
2005-04-25,14.993521690368652
2005-04-26,14.538138389587402
2005-04-27,14.321090698242188
2005-04-28,14.146597862243652
2005-04-29,14.223203659057617
2005-05-02,14.406203269958496
2005-05-03,14.116803169250488
2005-05-04,14.521119117736816
2005-05-05,14.367905616760254
2005-05-06,14.461532592773438
2005-05-09,14.627511978149414
2005-05-10,14.461532592773438
2005-05-11,14.619006156921387
2005-05-12,14.976495742797852
2005-05-13,15.555299758911133
2005-05-16,15.908537864685059
2005-05-17,16.227741241455078
2005-05-18,16.414989471435547
2005-05-19,16.39371109008789
2005-05-20,17.01506996154785
2005-05-23,16.938467025756836
2005-05-24,17.653459548950195
2005-05-25,17.274681091308594
2005-05-26,17.317243576049805
2005-05-27,17.21510124206543
2005-05-31,17.449174880981445
2005-06-01,17.23212432861328
2005-06-02,17.398101806640625
2005-06-03,17.074661254882812
2005-06-06,17.0320987701416
2005-06-07,16.891651153564453
2005-06-08,16.849098205566406
2005-06-09,17.406618118286133
2005-06-10,17.138498306274414
2005-06-13,17.066146850585938
2005-06-14,16.80228042602539
2005-06-15,16.725675582885742
2005-06-16,16.819297790527344
2005-06-17,16.59800148010254
2005-06-20,16.478822708129883
2005-06-21,16.789506912231445
2005-06-22,16.661834716796875
2005-06-23,16.798025131225586
2005-06-24,16.6831111907959
2005-06-27,16.491592407226562
2005-06-28,16.48308563232422
2005-06-29,16.35540008544922
2005-06-30,16.159635543823242
2005-07-01,16.17240333557129
2005-07-05,16.67460060119629
2005-07-06,16.900161743164062
2005-07-07,16.946975708007812
2005-07-08,16.98528289794922
2005-07-11,17.121471405029297
2005-07-12,17.317243576049805
2005-07-13,17.68324851989746
2005-07-14,17.896034240722656
2005-07-15,17.849227905273438
2005-07-18,17.810930252075195
2005-07-19,17.917327880859375
2005-07-20,18.006698608398438
2005-07-21,17.73857879638672
2005-07-22,18.223745346069336
2005-07-25,18.274816513061523
2005-07-26,18.5344295501709
2005-07-27,18.89191436767578
2005-07-28,18.78127098083496
2005-07-29,18.594005584716797
2005-08-01,19.151533126831055
2005-08-02,19.087690353393555
2005-08-03,19.00682830810547
2005-08-04,18.325885772705078
2005-08-05,18.368440628051758
2005-08-08,18.19396209716797
2005-08-09,18.823822021484375
2005-08-10,18.432283401489258
2005-08-11,18.759984970092773
2005-08-12,19.00682830810547
2005-08-15,19.177064895629883
2005-08-16,18.674875259399414
2005-08-17,18.491867065429688
2005-08-18,18.717426300048828
2005-08-19,18.811063766479492
2005-08-22,19.487743377685547
2005-08-23,19.887798309326172
2005-08-24,19.692033767700195
2005-08-25,19.75586700439453
2005-08-26,19.30474853515625
2005-08-29,19.751609802246094
2005-08-30,20.032503128051758
2005-08-31,20.08357048034668
2005-09-01,19.734586715698242
2005-09-02,19.75586700439453
2005-09-06,19.738845825195312
2005-09-07,19.77288818359375
2005-09-08,20.164438247680664
2005-09-09,20.389999389648438
2005-09-12,20.27083396911621
2005-09-13,19.862262725830078
2005-09-14,19.39411163330078
2005-09-15,19.24090003967285
2005-09-16,20.062297821044922
2005-09-19,19.662240982055664
2005-09-20,19.372838973999023
2005-09-21,19.249412536621094
2005-09-22,18.508892059326172
2005-09-23,18.981294631958008
2005-09-26,18.930217742919922
2005-09-27,18.628063201904297
2005-09-28,19.01108741760254
2005-09-29,18.789775848388672
2005-09-30,19.623937606811523
2005-10-03,19.619680404663086
2005-10-04,19.572866439819336
2005-10-05,19.05790138244629
2005-10-06,18.662099838256836
2005-10-07,18.691892623901367
2005-10-10,18.402490615844727
2005-10-11,18.172672271728516
2005-10-12,17.900293350219727
2005-10-13,18.487607955932617
2005-10-14,18.530166625976562
2005-10-17,18.764244079589844
2005-10-18,18.70466423034668
2005-10-19,19.151533126831055
2005-10-20,19.211118698120117
2005-10-21,19.372838973999023
2005-10-24,19.84524154663086
2005-10-25,19.730329513549805
2005-10-26,19.360071182250977
2005-10-27,18.508892059326172
2005-10-28,18.896181106567383
2005-10-31,19.751609802246094
2005-11-01,19.41539764404297
2005-11-02,20.04526138305664
2005-11-03,20.39850616455078
2005-11-04,20.768774032592773
2005-11-07,20.811336517333984
2005-11-08,20.875164031982422
2005-11-09,21.04965591430664
2005-11-10,21.65399742126465
2005-11-11,21.181598663330078
2005-11-14,21.17308807373047
2005-11-15,21.036888122558594
2005-11-16,21.079456329345703
2005-11-17,21.488019943237305
2005-11-18,24.27562713623047
2005-11-21,24.067087173461914
2005-11-22,24.126678466796875
2005-11-23,23.722362518310547
2005-11-25,23.952186584472656
2005-11-28,24.233070373535156
2005-11-29,23.309545516967773
2005-11-30,23.63724708557129
2005-12-01,24.760801315307617
2005-12-02,25.02892303466797
2005-12-05,25.15660285949707
2005-12-06,25.079994201660156
2005-12-07,24.645891189575195
2005-12-08,24.471399307250977
2005-12-09,25.492815017700195
2005-12-12,25.514097213745117
2005-12-13,25.2459774017334
2005-12-14,25.271514892578125
2005-12-15,25.03317642211914
2005-12-16,25.36939811706543
2005-12-19,24.709732055664062
2005-12-20,25.092763900756836
2005-12-21,23.586179733276367
2005-12-22,24.1479549407959
2005-12-23,24.233070373535156
2005-12-27,23.9266414642334
2005-12-28,24.139440536499023
2005-12-29,24.096874237060547
2005-12-30,23.871318817138672
2006-01-03,24.756549835205078
2006-01-04,24.607595443725586
2006-01-05,25.60346794128418
2006-01-06,26.122690200805664
2006-01-09,26.41208267211914
2006-01-10,27.66332244873047
2006-01-11,28.450658798217773
2006-01-12,27.21645736694336
2006-01-13,27.433502197265625
2006-01-17,26.795129776000977
2006-01-18,27.21645736694336
2006-01-19,27.705869674682617
2006-01-20,26.5610408782959
2006-01-23,26.803630828857422
2006-01-24,27.76546287536621
2006-01-25,27.361156463623047
2006-01-26,28.131467819213867
2006-01-27,30.063648223876953
2006-01-30,29.318876266479492
2006-01-31,29.118837356567383
2006-02-01,28.812406539916992
2006-02-02,28.90180015563965
2006-02-03,28.263402938842773
2006-02-06,28.944351196289062
2006-02-07,28.48896598815918
2006-02-08,28.833694458007812
2006-02-09,29.2592830657959
2006-02-10,28.578336715698242
2006-02-13,26.952594757080078
2006-02-14,27.344135284423828
2006-02-15,27.224973678588867
2006-02-16,27.867605209350586
2006-02-17,27.11856460571289
2006-02-21,26.51422882080078
2006-02-22,27.378175735473633
2006-02-23,26.739791870117188
2006-02-24,26.51422882080078
2006-02-27,26.556793212890625
2006-02-28,26.05459976196289
2006-03-01,27.73992919921875
2006-03-02,27.590972900390625
2006-03-03,27.229228973388672
2006-03-06,26.527002334594727
2006-03-07,25.092763900756836
2006-03-08,25.284276962280273
2006-03-09,24.93955421447754
2006-03-10,24.313940048217773
2006-03-13,24.241580963134766
2006-03-14,24.98211097717285
2006-03-15,24.633121490478516
2006-03-16,23.513822555541992
2006-03-17,23.071210861206055
2006-03-20,23.781946182250977
2006-03-21,23.275497436523438
2006-03-22,23.249961853027344
2006-03-23,24.16071891784668
2006-03-24,24.586313247680664
2006-03-27,24.356491088867188
2006-03-28,23.301027297973633
2006-03-29,23.577661514282227
2006-03-30,23.398916244506836
2006-03-31,23.024396896362305
2006-04-03,23.7095947265625
2006-04-04,23.43721580505371
2006-04-05,24.671432495117188
2006-04-06,25.611982345581055
2006-04-07,25.42472267150879
2006-04-10,24.824642181396484
2006-04-11,24.041561126708984
2006-04-12,24.050065994262695
2006-04-13,24.48842430114746
2006-04-17,24.164974212646484
2006-04-18,25.15660285949707
2006-04-19,25.914146423339844
2006-04-20,25.95671272277832
2006-04-21,24.509702682495117
2006-04-24,24.050065994262695
2006-04-25,23.798967361450195
2006-04-26,23.55638313293457
2006-04-27,23.918136596679688
2006-04-28,24.29690933227539
2006-05-01,23.735132217407227
2006-05-02,23.347841262817383
2006-05-03,23.72661590576172
2006-05-04,24.27562713623047
2006-05-05,24.645891189575195
2006-05-08,24.30967140197754
2006-05-09,24.143699645996094
2006-05-10,23.83727264404297
2006-05-11,23.16058349609375
2006-05-12,23.301027297973633
2006-05-15,22.16044044494629
2006-05-16,21.3901309967041
2006-05-17,21.432689666748047
2006-05-18,21.156057357788086
2006-05-19,23.9266414642334
2006-05-22,22.560504913330078
2006-05-23,22.207265853881836
2006-05-24,21.815723419189453
2006-05-25,21.104984283447266
2006-05-26,21.113500595092773
2006-05-30,19.921852111816406
2006-05-31,20.28784942626953
2006-06-01,21.117759704589844
2006-06-02,21.356081008911133
2006-06-05,20.977310180664062
2006-06-06,20.619815826416016
2006-06-07,20.321901321411133
2006-06-08,20.02824592590332
2006-06-09,20.21550941467285
2006-06-12,19.921852111816406
2006-06-13,19.934616088867188
2006-06-14,20.738983154296875
2006-06-15,22.21152114868164
2006-06-16,22.39879035949707
2006-06-19,22.326427459716797
2006-06-20,21.47950553894043
2006-06-21,21.773164749145508
2006-06-22,21.960424423217773
2006-06-23,21.866790771484375
2006-06-26,22.08810806274414
2006-06-27,18.785520553588867
2006-06-28,18.01095199584961
2006-06-29,19.17281723022461
2006-06-30,18.86638641357422
2006-07-03,19.08342933654785
2006-07-05,17.58110809326172
2006-07-06,17.547061920166016
2006-07-07,17.759851455688477
2006-07-10,16.746950149536133
2006-07-11,17.41086769104004
2006-07-12,17.210840225219727
2006-07-13,16.57671546936035
2006-07-14,16.185169219970703
2006-07-17,16.312847137451172
2006-07-18,15.602110862731934
2006-07-19,15.88725757598877
2006-07-20,15.542535781860352
2006-07-21,14.363651275634766
2006-07-24,14.567930221557617
2006-07-25,14.750940322875977
2006-07-26,14.759450912475586
2006-07-27,15.21908187866211
2006-07-28,15.58509349822998
2006-07-31,15.789363861083984
2006-08-01,15.346756935119629
2006-08-02,15.71277141571045
2006-08-03,15.610623359680176
2006-08-04,15.77235221862793
2006-08-07,15.321223258972168
2006-08-08,14.767958641052246
2006-08-09,15.023311614990234
2006-08-10,15.321223258972168
2006-08-11,14.97224235534668
2006-08-14,14.878610610961914
2006-08-15,15.848958015441895
2006-08-16,17.58536720275879
2006-08-17,17.43214988708496
2006-08-18,16.214962005615234
2006-08-21,15.857470512390137
2006-08-22,15.338253021240234
2006-08-23,14.97224235534668
2006-08-24,14.912659645080566
2006-08-25,14.742422103881836
2006-08-28,14.921167373657227
2006-08-29,14.97224235534668
2006-08-30,15.116944313049316
2006-08-31,14.904143333435059
2006-09-01,15.133963584899902
2006-09-05,15.77235221862793
2006-09-06,15.2105712890625
2006-09-07,15.321223258972168
2006-09-08,15.133963584899902
2006-09-11,15.14247989654541
2006-09-12,16.470317840576172
2006-09-13,16.104310989379883
2006-09-14,16.6235294342041
2006-09-15,17.01506996154785
2006-09-18,17.747085571289062
2006-09-19,17.31298828125
2006-09-20,17.355539321899414
2006-09-21,16.436267852783203
2006-09-22,16.061750411987305
2006-09-25,16.41924476623535
2006-09-26,16.02770233154297
2006-09-27,16.742692947387695
2006-09-28,16.742692947387695
2006-09-29,16.487340927124023
2006-10-02,16.249013900756836
2006-10-03,14.299803733825684
2006-10-04,13.967851638793945
2006-10-05,14.393442153930664
2006-10-06,14.478554725646973
2006-10-09,14.546653747558594
2006-10-10,14.691350936889648
2006-10-11,14.989269256591797
2006-10-12,14.82754135131836
2006-10-13,14.725399017333984
2006-10-16,15.278670310974121
2006-10-17,14.887125968933105
2006-10-18,14.461532592773438
2006-10-19,14.401948928833008
2006-10-20,14.546653747558594
2006-10-23,13.933802604675293
2006-10-24,13.891241073608398
2006-10-25,14.035940170288086
2006-10-26,14.367905616760254
2006-10-27,15.023311614990234
2006-10-30,14.955220222473145
2006-10-31,15.559547424316406
2006-11-01,15.202068328857422
2006-11-02,15.610623359680176
2006-11-03,15.627652168273926
2006-11-06,15.908537864685059
2006-11-07,16.38519859313965
2006-11-08,16.30007553100586
2006-11-09,15.499970436096191
2006-11-10,16.002166748046875
2006-11-13,16.44478416442871
2006-11-14,16.793764114379883
2006-11-15,16.742692947387695
2006-11-16,16.700136184692383
2006-11-17,16.214962005615234
2006-11-20,17.755590438842773
2006-11-21,17.32149887084961
2006-11-22,17.71303939819336
2006-11-24,17.542804718017578
2006-11-27,17.0916748046875
2006-11-28,17.19382095336914
2006-11-29,17.278934478759766
2006-11-30,17.542804718017578
2006-12-01,17.19382095336914
2006-12-04,17.406618118286133
2006-12-05,17.483224868774414
2006-12-06,18.079051971435547
2006-12-07,17.76410675048828
2006-12-08,17.62792205810547
2006-12-11,17.483224868774414
2006-12-12,17.168283462524414
2006-12-13,16.844837188720703
2006-12-14,17.1257266998291
2006-12-15,17.0320987701416
2006-12-18,16.759714126586914
2006-12-19,16.998050689697266
2006-12-20,16.844837188720703
2006-12-21,16.512874603271484
2006-12-22,16.42775535583496
2006-12-26,16.453298568725586
2006-12-27,16.4022274017334
2006-12-28,16.30007553100586
2006-12-29,16.334136962890625
2007-01-03,16.632043838500977
2007-01-04,16.981021881103516
2007-01-05,16.521387100219727
2007-01-08,16.495853424072266
2007-01-09,16.793764114379883
2007-01-10,17.772621154785156
2007-01-11,17.619413375854492
2007-01-12,17.355539321899414
2007-01-16,16.938467025756836
2007-01-17,16.6831111907959
2007-01-18,15.968118667602539
2007-01-19,15.704259872436523
2007-01-22,15.576579093933105
2007-01-23,15.619132995605469
2007-01-24,16.470317840576172
2007-01-25,16.129846572875977
2007-01-26,16.189430236816406
2007-01-29,16.206449508666992
2007-01-30,15.993659019470215
2007-01-31,15.568068504333496
2007-02-01,15.619132995605469
2007-02-02,15.71277141571045
2007-02-05,15.482954978942871
2007-02-06,15.64467716217041
2007-02-07,16.002166748046875
2007-02-08,15.789363861083984
2007-02-09,15.58509349822998
2007-02-12,15.244624137878418
2007-02-13,15.542535781860352
2007-02-14,15.738302230834961
2007-02-15,16.470317840576172
2007-02-16,16.861862182617188
2007-02-20,16.878890991210938
2007-02-21,16.989530563354492
2007-02-22,17.176794052124023
2007-02-23,17.0916748046875
2007-02-26,16.9044189453125
2007-02-27,17.415124893188477
2007-02-28,17.466201782226562
2007-03-01,17.36405372619629
2007-03-02,16.878890991210938
2007-03-05,16.249013900756836
2007-03-06,16.37668228149414
2007-03-07,16.19793701171875
2007-03-08,15.98514461517334
2007-03-09,15.865978240966797
2007-03-12,16.053232192993164
2007-03-13,15.18503189086914
2007-03-14,15.29568862915039
2007-03-15,15.43187427520752
2007-03-16,15.14247989654541
2007-03-19,14.861584663391113
2007-03-20,15.26164436340332
2007-03-21,15.380809783935547
2007-03-22,15.38931941986084
2007-03-23,15.49146556854248
2007-03-26,15.321223258972168
2007-03-27,15.040336608886719
2007-03-28,14.546653747558594
2007-03-29,14.274276733398438
2007-03-30,14.308320045471191
2007-04-02,14.197672843933105
2007-04-03,14.112552642822266
2007-04-04,14.342369079589844
2007-04-05,14.623255729675293
2007-04-09,14.470044136047363
2007-04-10,14.427490234375
2007-04-11,14.376419067382812
2007-04-12,14.393442153930664
2007-04-13,14.325343132019043
2007-04-16,14.291298866271973
2007-04-17,14.521119117736816
2007-04-18,14.623255729675293
2007-04-19,14.767958641052246
2007-04-20,14.759450912475586
2007-04-23,14.189159393310547
2007-04-24,14.41897201538086
2007-04-25,14.257253646850586
2007-04-26,14.214692115783691
2007-04-27,13.857198715209961
2007-04-30,13.738029479980469
2007-05-01,13.942315101623535
2007-05-02,14.069992065429688
2007-05-03,14.55516242980957
2007-05-04,14.980756759643555
2007-05-07,15.150988578796387
2007-05-08,15.099918365478516
2007-05-09,15.08289623260498
2007-05-10,14.767958641052246
2007-05-11,14.912659645080566
2007-05-14,14.640277862548828
2007-05-15,14.435997009277344
2007-05-16,14.504091262817383
2007-05-17,14.470044136047363
2007-05-18,14.052967071533203
2007-05-21,13.933802604675293
2007-05-22,13.874218940734863
2007-05-23,13.635887145996094
2007-05-24,13.193277359008789
2007-05-25,13.201790809631348
2007-05-29,13.559282302856445
2007-05-30,13.252860069274902
2007-05-31,13.363511085510254
2007-06-01,13.823148727416992
2007-06-04,13.652915954589844
2007-06-05,13.840171813964844
2007-06-06,13.45714282989502
2007-06-07,13.52523422241211
2007-06-08,14.001899719238281
2007-06-11,13.933802604675293
2007-06-12,14.223203659057617
2007-06-13,14.51260757446289
2007-06-14,14.444509506225586
2007-06-15,14.51260757446289
2007-06-18,14.546653747558594
2007-06-19,15.014803886413574
2007-06-20,14.776472091674805
2007-06-21,15.116944313049316
2007-06-22,15.321223258972168
2007-06-25,14.563674926757812
2007-06-26,14.733908653259277
2007-06-27,14.904143333435059
2007-06-28,14.648792266845703
2007-06-29,15.499970436096191
2007-07-02,15.38931941986084
2007-07-03,15.593598365783691
2007-07-05,15.508484840393066
2007-07-06,15.508484840393066
2007-07-09,15.49146556854248
2007-07-10,15.721281051635742
2007-07-11,15.253129005432129
2007-07-12,15.69573974609375
2007-07-13,15.814912796020508
2007-07-16,15.857470512390137
2007-07-17,16.512874603271484
2007-07-18,16.206449508666992
2007-07-19,16.606508255004883
2007-07-20,16.7171573638916
2007-07-23,16.39371109008789
2007-07-24,16.019187927246094
2007-07-25,15.993659019470215
2007-07-26,15.82341480255127
2007-07-27,15.814912796020508
2007-07-30,16.078777313232422
2007-07-31,15.321223258972168
2007-08-01,14.9296875
2007-08-02,14.742422103881836
2007-08-03,14.350878715515137
2007-08-06,14.478554725646973
2007-08-07,14.546653747558594
2007-08-08,14.980756759643555
2007-08-09,14.96373462677002
2007-08-10,14.946704864501953
2007-08-13,14.861584663391113
2007-08-14,14.793495178222656
2007-08-15,14.41897201538086
2007-08-16,13.993383407592773
2007-08-17,14.231717109680176
2007-08-20,14.55516242980957
2007-08-21,14.444509506225586
2007-08-22,15.057358741760254
2007-08-23,15.1935453414917
2007-08-24,13.406075477600098
2007-08-27,13.099648475646973
2007-08-28,13.210302352905273
2007-08-29,13.831661224365234
2007-08-30,13.661425590515137
2007-08-31,14.104036331176758
2007-09-04,14.495573997497559
2007-09-05,14.572188377380371
2007-09-06,14.359392166137695
2007-09-07,13.993383407592773
2007-09-10,14.069992065429688
2007-09-11,14.231717109680176
2007-09-12,13.933802604675293
2007-09-13,14.061481475830078
2007-09-14,13.959339141845703
2007-09-17,13.618864059448242
2007-09-18,13.789103507995605
2007-09-19,13.252860069274902
2007-09-20,13.312445640563965
2007-09-21,13.567793846130371
2007-09-24,13.448631286621094
2007-09-25,13.618864059448242
2007-09-26,14.069992065429688
2007-09-27,13.882731437683105
2007-09-28,13.933802604675293
2007-10-01,13.865708351135254
2007-10-02,14.342369079589844
2007-10-03,14.112552642822266
2007-10-04,14.265765190124512
2007-10-05,14.282788276672363
2007-10-08,14.240230560302734
2007-10-09,14.069992065429688
2007-10-10,14.274276733398438
2007-10-11,14.384932518005371
2007-10-12,14.580699920654297
2007-10-15,14.427490234375
2007-10-16,14.359392166137695
2007-10-17,14.878610610961914
2007-10-18,15.244624137878418
2007-10-19,14.878610610961914
2007-10-22,14.989269256591797
2007-10-23,15.346756935119629
2007-10-24,14.657303810119629
2007-10-25,14.163618087768555
2007-10-26,14.342369079589844
2007-10-29,15.202068328857422
2007-10-30,15.304201126098633
2007-10-31,15.346756935119629
2007-11-01,15.474435806274414
2007-11-02,15.568068504333496
2007-11-05,15.534019470214844
2007-11-06,15.82341480255127
2007-11-07,15.627652168273926
2007-11-08,15.159503936767578
2007-11-09,14.93819522857666
2007-11-12,14.589208602905273
2007-11-13,14.989269256591797
2007-11-14,14.640277862548828
2007-11-15,14.784984588623047
2007-11-16,14.912659645080566
2007-11-19,14.044459342956543
2007-11-20,13.703986167907715
2007-11-21,13.823148727416992
2007-11-23,14.061481475830078
2007-11-26,13.610359191894531
2007-11-27,14.172134399414062
2007-11-28,12.733644485473633
2007-11-29,12.929412841796875
2007-11-30,12.716618537902832
2007-12-03,12.861313819885254
2007-12-04,12.725126266479492
2007-12-05,13.108159065246582
2007-12-06,13.057088851928711
2007-12-07,13.320953369140625
2007-12-10,12.971970558166504
2007-12-11,12.61447525024414
2007-12-12,12.52084732055664
2007-12-13,12.359119415283203
2007-12-14,12.248466491699219
2007-12-17,12.146323204040527
2007-12-18,12.410194396972656
2007-12-19,12.25698184967041
2007-12-20,12.239956855773926
2007-12-21,12.129304885864258
2007-12-24,12.035676002502441
2007-12-26,12.01865291595459
2007-12-27,11.69520378112793
2007-12-28,11.925021171569824
2007-12-31,11.899483680725098
2008-01-02,11.346220016479492
2008-01-03,11.261096954345703
2008-01-04,10.478015899658203
2008-01-07,10.222660064697266
2008-01-08,9.482136726379395
2008-01-09,9.85665512084961
2008-01-10,9.763026237487793
2008-01-11,9.235295295715332
2008-01-14,9.567254066467285
2008-01-15,9.124642372131348
2008-01-16,9.345946311950684
2008-01-17,8.962920188903809
2008-01-18,9.141664505004883
2008-01-22,8.656494140625
2008-01-23,8.920355796813965
2008-01-24,9.899210929870605
2008-01-25,9.814095497131348
2008-01-28,10.112013816833496
2008-01-29,10.154565811157227
2008-01-30,10.086471557617188
2008-01-31,10.103498458862305
2008-02-01,10.861045837402344
2008-02-04,10.682299613952637
2008-02-05,10.018378257751465
2008-02-06,8.996966361999512
2008-02-07,9.218271255493164
2008-02-08,9.388506889343262
2008-02-11,9.720464706420898
2008-02-12,9.422554969787598
2008-02-13,9.550230026245117
2008-02-14,9.345946311950684
2008-02-15,9.167198181152344
2008-02-19,8.911846160888672
2008-02-20,9.354460716247559
2008-02-21,9.62683391571045
2008-02-22,9.465108871459961
2008-02-25,10.018378257751465
2008-02-26,10.256708145141602
2008-02-27,10.086471557617188
2008-02-28,9.703441619873047
2008-02-29,9.62683391571045
2008-03-03,9.967308044433594
2008-03-04,10.154565811157227
2008-03-05,10.001357078552246
2008-03-06,9.805583000183105
2008-03-07,9.311897277832031
2008-03-10,9.039525985717773
2008-03-11,9.175707817077637
2008-03-12,9.328924179077148
2008-03-13,9.941774368286133
2008-03-14,9.592788696289062
2008-03-17,9.592788696289062
2008-03-18,9.609810829162598
2008-03-19,9.150175094604492
2008-03-20,9.056544303894043
2008-03-24,9.592788696289062
2008-03-25,9.62683391571045
2008-03-26,9.831120491027832
2008-03-27,9.541714668273926
2008-03-28,9.473625183105469
2008-03-31,9.260828971862793
2008-04-01,9.456602096557617
2008-04-02,9.558741569519043
2008-04-03,9.83963394165039
2008-04-04,9.83963394165039
2008-04-07,9.550230026245117
2008-04-08,9.379992485046387
2008-04-09,9.286365509033203
2008-04-10,9.465108871459961
2008-04-11,9.056544303894043
2008-04-14,9.031009674072266
2008-04-15,8.937379837036133
2008-04-16,9.252317428588867
2008-04-17,9.141664505004883
2008-04-18,9.62683391571045
2008-04-21,10.188612937927246
2008-04-22,9.84814453125
2008-04-23,10.605691909790039
2008-04-24,11.201518058776855
2008-04-25,11.184492111206055
2008-04-28,11.005745887756348
2008-04-29,11.099373817443848
2008-04-30,11.0227689743042
2008-05-01,11.533478736877441
2008-05-02,11.346220016479492
2008-05-05,11.218537330627441
2008-05-06,11.235564231872559
2008-05-07,11.218537330627441
2008-05-08,11.320684432983398
2008-05-09,11.397290229797363
2008-05-12,11.661153793334961
2008-05-13,12.17186164855957
2008-05-14,11.942045211791992
2008-05-15,12.6229887008667
2008-05-16,12.895362854003906
2008-05-19,12.6229887008667
2008-05-20,12.248466491699219
2008-05-21,12.027164459228516
2008-05-22,12.231444358825684
2008-05-23,12.291025161743164
2008-05-27,12.095256805419922
2008-05-28,12.205910682678223
2008-05-29,11.984598159790039
2008-05-30,14.776472091674805
2008-06-02,14.70837688446045
2008-06-03,14.725399017333984
2008-06-04,14.478554725646973
2008-06-05,14.980756759643555
2008-06-06,14.51260757446289
2008-06-09,14.453023910522461
2008-06-10,13.703986167907715
2008-06-11,13.41458511352539
2008-06-12,13.593330383300781
2008-06-13,14.367905616760254
2008-06-16,14.257253646850586
2008-06-17,14.138086318969727
2008-06-18,13.916776657104492
2008-06-19,14.895637512207031
2008-06-20,14.870101928710938
2008-06-23,14.99777603149414
2008-06-24,14.793495178222656
2008-06-25,15.372295379638672
2008-06-26,14.665814399719238
2008-06-27,15.048847198486328
2008-06-30,15.031824111938477
2008-07-01,15.14247989654541
2008-07-02,14.444509506225586
2008-07-03,14.401948928833008
2008-07-07,14.487069129943848
2008-07-08,14.291298866271973
2008-07-09,13.193277359008789
2008-07-10,13.329468727111816
2008-07-11,13.07411003112793
2008-07-14,12.844292640686035
2008-07-15,12.810247421264648
2008-07-16,13.201790809631348
2008-07-17,13.618864059448242
2008-07-18,13.235838890075684
2008-07-21,12.835783004760742
2008-07-22,12.971970558166504
2008-07-23,12.844292640686035
2008-07-24,12.316560745239258
2008-07-25,12.58893871307373
2008-07-28,12.325075149536133
2008-07-29,12.580428123474121
2008-07-30,12.52084732055664
2008-07-31,12.58893871307373
2008-08-01,12.503820419311523
2008-08-04,12.112281799316406
2008-08-05,12.418703079223633
2008-08-06,12.665547370910645
2008-08-07,13.023041725158691
2008-08-08,13.235838890075684
2008-08-11,13.465652465820312
2008-08-12,13.559282302856445
2008-08-13,13.635887145996094
2008-08-14,13.891241073608398
2008-08-15,13.516729354858398
2008-08-18,13.499699592590332
2008-08-19,13.508213996887207
2008-08-20,13.661425590515137
2008-08-21,13.482680320739746
2008-08-22,13.610359191894531
2008-08-25,13.337973594665527
2008-08-26,12.452749252319336
2008-08-27,12.291025161743164
2008-08-28,12.563404083251953
2008-08-29,12.01013469696045
2008-09-02,12.061210632324219
2008-09-03,10.750393867492676
2008-09-04,10.163079261779785
2008-09-05,10.546109199523926
2008-09-08,10.307781219482422
2008-09-09,9.890701293945312
2008-09-10,9.694926261901855
2008-09-11,9.941774368286133
2008-09-12,9.873678207397461
2008-09-15,9.192733764648438
2008-09-16,9.09910774230957
2008-09-17,8.613932609558105
2008-09-18,9.013984680175781
2008-09-19,9.414041519165039
2008-09-22,8.911846160888672
2008-09-23,8.71607494354248
2008-09-24,8.920355796813965
2008-09-25,9.158686637878418
2008-09-26,8.256437301635742
2008-09-29,7.345675468444824
2008-09-30,7.9159650802612305
2008-10-01,7.762753009796143
2008-10-02,7.269069194793701
2008-10-03,7.243534564971924
2008-10-06,6.90306282043457
2008-10-07,6.451937675476074
2008-10-08,6.400866985321045
2008-10-09,6.213608264923096
2008-10-10,5.958253860473633
2008-10-13,6.673246383666992
2008-10-14,6.537055015563965
2008-10-15,6.077417850494385
2008-10-16,6.2902140617370605
2008-10-17,6.273190975189209
2008-10-20,6.188070774078369
2008-10-21,5.7369489669799805
2008-10-22,5.592246055603027
2008-10-23,5.370941162109375
2008-10-24,5.183682918548584
2008-10-27,5.158145427703857
2008-10-28,5.52415132522583
2008-10-29,5.90718412399292
2008-10-30,6.1114678382873535
2008-10-31,5.924205780029297
2008-11-03,5.702902317047119
2008-11-04,6.2646803855896
2008-11-05,6.051883697509766
2008-11-06,5.634806156158447
2008-11-07,5.52415132522583
2008-11-10,5.251776218414307
2008-11-11,5.192193508148193
2008-11-12,4.877256870269775
2008-11-13,5.2432637214660645
2008-11-14,4.945350646972656
2008-11-17,4.834697246551514
2008-11-18,4.724045276641846
2008-11-19,4.289942264556885
2008-11-20,4.068636894226074
2008-11-21,4.349525451660156
2008-11-24,4.7070207595825195
2008-11-25,4.545297622680664
2008-11-26,4.9368391036987305
2008-11-28,4.9368391036987305
2008-12-01,4.43464469909668
2008-12-02,4.332503795623779
2008-12-03,5.217727184295654
2008-12-04,4.851720809936523
2008-12-05,4.902791500091553
2008-12-08,4.877256870269775
2008-12-09,5.447545528411865
2008-12-10,5.532663822174072
2008-12-11,5.268799304962158
2008-12-12,5.592246055603027
2008-12-15,5.651828765869141
2008-12-16,6.205097198486328
2008-12-17,6.1114678382873535
2008-12-18,5.8220672607421875
2008-12-19,6.068906784057617
2008-12-22,5.864624977111816
2008-12-23,5.609268665313721
2008-12-24,5.583736419677734
2008-12-26,5.490106105804443
2008-12-29,5.336893558502197
2008-12-30,5.651828765869141
2008-12-31,5.677365303039551
2009-01-02,6.051883697509766
2009-01-05,5.975276947021484
2009-01-06,6.5030083656311035
2009-01-07,6.222118854522705
2009-01-08,6.196584701538086
2009-01-09,5.839090347290039
2009-01-12,5.549686908721924
2009-01-13,5.430522918701172
2009-01-14,5.370941162109375
2009-01-15,5.532663822174072
2009-01-16,5.370941162109375
2009-01-20,4.9368391036987305
2009-01-21,5.2432637214660645
2009-01-22,5.285822868347168
2009-01-23,5.745460033416748
2009-01-26,5.8220672607421875
2009-01-27,6.128490924835205
2009-01-28,6.400866985321045
2009-01-29,6.154025077819824
2009-01-30,6.205097198486328
2009-02-02,6.247654914855957
2009-02-03,6.375332832336426
2009-02-04,6.537055015563965
2009-02-05,6.877525806427002
2009-02-06,7.04776668548584
2009-02-09,6.945620536804199
2009-02-10,6.673246383666992
2009-02-11,6.664734363555908
2009-02-12,6.749849796295166
2009-02-13,6.971157550811768
2009-02-17,6.332773685455322
2009-02-18,6.375332832336426
2009-02-19,5.958253860473633
2009-02-20,5.975276947021484
2009-02-23,5.62629508972168
2009-02-24,6.366822242736816
2009-02-25,6.5030083656311035
2009-02-26,6.392358303070068
2009-02-27,6.392358303070068
2009-03-02,6.068906784057617
2009-03-03,6.1114678382873535
2009-03-04,6.451937675476074
2009-03-05,6.400866985321045
2009-03-06,6.860504150390625
2009-03-09,6.5285444259643555
2009-03-10,7.064785957336426
2009-03-11,7.354188442230225
2009-03-12,7.54144811630249
2009-03-13,7.64358377456665
2009-03-16,7.141394138336182
2009-03-17,7.558472156524658
2009-03-18,8.052155494689941
2009-03-19,7.549959182739258
2009-03-20,7.447818756103516
2009-03-23,7.898942470550537
2009-03-24,7.796799182891846
2009-03-25,7.813826084136963
2009-03-26,8.21387767791748
2009-03-27,7.890432357788086
2009-03-30,7.69465970993042
2009-03-31,7.796799182891846
2009-04-01,8.060669898986816
2009-04-02,8.401140213012695
2009-04-03,8.56286334991455
2009-04-06,8.281973838806152
2009-04-07,8.060669898986816
2009-04-08,8.554350852966309
2009-04-09,8.911846160888672
2009-04-13,8.707562446594238
2009-04-14,8.767144203186035
2009-04-15,8.775659561157227
2009-04-16,9.039525985717773
2009-04-17,8.86928939819336
2009-04-20,8.333043098449707
2009-04-21,8.409648895263672
2009-04-22,8.613932609558105
2009-04-23,8.656494140625
2009-04-24,8.860777854919434
2009-04-27,8.920355796813965
2009-04-28,8.639467239379883
2009-04-29,8.784172058105469
2009-04-30,9.345946311950684
2009-05-01,9.575766563415527
2009-05-04,9.865164756774902
2009-05-05,9.609810829162598
2009-05-06,9.882190704345703
2009-05-07,9.286365509033203
2009-05-08,8.996966361999512
2009-05-11,9.124642372131348
2009-05-12,8.818216323852539
2009-05-13,8.67351245880127
2009-05-14,9.090595245361328
2009-05-15,9.09910774230957
2009-05-18,9.601301193237305
2009-05-19,9.694926261901855
2009-05-20,9.601301193237305
2009-05-21,9.439579963684082
2009-05-22,9.328924179077148
2009-05-26,9.890701293945312
2009-05-27,9.788559913635254
2009-05-28,9.950284004211426
2009-05-29,9.728974342346191
2009-06-01,10.324804306030273
2009-06-02,9.499163627624512
2009-06-03,9.175707817077637
2009-06-04,9.652374267578125
2009-06-05,9.67790699005127
2009-06-08,9.541714668273926
2009-06-09,10.929142951965332
2009-06-10,10.997232437133789
2009-06-11,10.648250579833984
2009-06-12,10.495037078857422
2009-06-15,10.614205360412598
2009-06-16,10.171589851379395
2009-06-17,9.924747467041016
2009-06-18,9.592788696289062
2009-06-19,10.222660064697266
2009-06-22,9.771535873413086
2009-06-23,9.805583000183105
2009-06-24,10.018378257751465
2009-06-25,10.214151382446289
2009-06-26,10.043915748596191
2009-06-29,9.933259963989258
2009-06-30,9.90772533416748
2009-07-01,9.99284553527832
2009-07-02,9.933259963989258
2009-07-06,9.703441619873047
2009-07-07,9.788559913635254
2009-07-08,9.601301193237305
2009-07-09,9.90772533416748
2009-07-10,9.941774368286133
2009-07-13,10.120521545410156
2009-07-14,10.409924507141113
2009-07-15,10.844022750854492
2009-07-16,11.158958435058594
2009-07-17,11.210031509399414
2009-07-20,11.439846992492676
2009-07-21,11.584549903869629
2009-07-22,11.899483680725098
2009-07-23,11.899483680725098
2009-07-24,11.559012413024902
2009-07-27,11.669666290283203
2009-07-28,12.01013469696045
2009-07-29,11.703716278076172
2009-07-30,11.567523002624512
2009-07-31,11.354730606079102
2009-08-03,11.746271133422852
2009-08-04,12.027164459228516
2009-08-05,11.950553894042969
2009-08-06,11.567523002624512
2009-08-07,11.524962425231934
2009-08-10,11.337706565856934
2009-08-11,11.329195022583008
2009-08-12,11.729249954223633
2009-08-13,12.129304885864258
2009-08-14,11.652642250061035
2009-08-17,11.295151710510254
2009-08-18,11.644134521484375
2009-08-19,11.848411560058594
2009-08-20,11.925021171569824
2009-08-21,12.112281799316406
2009-08-24,11.839903831481934
2009-08-25,11.993117332458496
2009-08-26,12.25698184967041
2009-08-27,12.452749252319336
2009-08-28,13.07411003112793
2009-08-31,12.98048210144043
2009-09-01,12.784716606140137
2009-09-02,12.68256950378418
2009-09-03,12.74215316772461
2009-09-04,13.363511085510254
2009-09-08,13.831661224365234
2009-09-09,13.891241073608398
2009-09-10,13.967851638793945
2009-09-11,13.891241073608398
2009-09-14,13.763566970825195
2009-09-15,13.797611236572266
2009-09-16,13.984870910644531
2009-09-17,13.559282302856445
2009-09-18,13.678450584411621
2009-09-21,13.41458511352539
2009-09-22,13.60184097290039
2009-09-23,13.80612564086914
2009-09-24,13.363511085510254
2009-09-25,13.380537986755371
2009-09-28,13.80612564086914
2009-09-29,13.550772666931152
2009-09-30,13.780595779418945
2009-10-01,12.733644485473633
2009-10-02,12.844292640686035
2009-10-05,12.98048210144043
2009-10-06,13.176253318786621
2009-10-07,12.869832992553711
2009-10-08,12.68256950378418
2009-10-09,13.295418739318848
2009-10-12,13.593330383300781
2009-10-13,13.618864059448242
2009-10-14,13.967851638793945
2009-10-15,13.482680320739746
2009-10-16,13.193277359008789
2009-10-19,13.252860069274902
2009-10-20,12.971970558166504
2009-10-21,12.759178161621094
2009-10-22,12.665547370910645
2009-10-23,12.410194396972656
2009-10-26,12.759178161621094
2009-10-27,12.291025161743164
2009-10-28,11.686690330505371
2009-10-29,12.120790481567383
2009-10-30,11.686690330505371
2009-11-02,11.771807670593262
2009-11-03,11.865439414978027
2009-11-04,12.112281799316406
2009-11-05,12.512330055236816
2009-11-06,12.53786849975586
2009-11-09,12.971970558166504
2009-11-10,13.159229278564453
2009-11-11,13.227325439453125
2009-11-12,13.006016731262207
2009-11-13,13.482680320739746
2009-11-16,13.823148727416992
2009-11-17,13.976361274719238
2009-11-18,13.695470809936523
2009-11-19,12.997507095336914
2009-11-20,13.006016731262207
2009-11-23,13.28690242767334
2009-11-24,13.329468727111816
2009-11-25,13.5337495803833
2009-11-27,13.303933143615723
2009-11-30,13.125185012817383
2009-12-01,13.644403457641602
2009-12-02,14.069992065429688
2009-12-03,14.069992065429688
2009-12-04,15.372295379638672
2009-12-07,15.244624137878418
2009-12-08,15.202068328857422
2009-12-09,15.551047325134277
2009-12-10,15.891512870788574
2009-12-11,15.687236785888672
2009-12-14,16.16389274597168
2009-12-15,15.942593574523926
2009-12-16,16.632043838500977
2009-12-17,16.38519859313965
2009-12-18,17.01506996154785
2009-12-21,16.989530563354492
2009-12-22,17.040607452392578
2009-12-23,17.08316421508789
2009-12-24,17.602386474609375
2009-12-28,17.500242233276367
2009-12-29,17.244888305664062
2009-12-30,17.73006820678711
2009-12-31,17.661968231201172
2010-01-04,17.900293350219727
2010-01-05,18.240774154663086
2010-01-06,18.402490615844727
2010-01-07,17.97690773010254
2010-01-08,18.181190490722656
2010-01-11,18.044998168945312
2010-01-12,17.330015182495117
2010-01-13,17.610898971557617
2010-01-14,17.36405372619629
2010-01-15,16.666086196899414
2010-01-19,17.32149887084961
2010-01-20,16.998050689697266
2010-01-21,17.066146850585938
2010-01-22,16.01067543029785
2010-01-25,16.121339797973633
2010-01-26,16.01067543029785
2010-01-27,16.22347068786621
2010-01-28,15.74681282043457
2010-01-29,14.836054801940918
2010-02-01,15.789363861083984
2010-02-02,15.865978240966797
2010-02-03,16.138355255126953
2010-02-04,15.304201126098633
2010-02-05,15.465925216674805
2010-02-08,15.380809783935547
2010-02-09,15.525506019592285
2010-02-10,15.542535781860352
2010-02-11,16.274547576904297
2010-02-12,16.504365921020508
2010-02-16,17.074661254882812
2010-02-17,17.01506996154785
2010-02-18,16.998050689697266
2010-02-19,17.057628631591797
2010-02-22,16.989530563354492
2010-02-23,16.52989387512207
2010-02-24,16.410737991333008
2010-02-25,16.334136962890625
2010-02-26,16.44478416442871
2010-03-01,17.0916748046875
2010-03-02,17.34702491760254
2010-03-03,16.989530563354492
2010-03-04,17.134235382080078
2010-03-05,17.36405372619629
2010-03-08,17.253406524658203
2010-03-09,17.270421981811523
2010-03-10,17.568344116210938
2010-03-11,17.45768928527832
2010-03-12,17.26191520690918
2010-03-15,16.912933349609375
2010-03-16,17.372556686401367
2010-03-17,17.406618118286133
2010-03-18,17.28744888305664
2010-03-19,17.074661254882812
2010-03-22,17.500242233276367
2010-03-23,17.993932723999023
2010-03-24,17.678987503051758
2010-03-25,17.398101806640625
2010-03-26,17.049121856689453
2010-03-29,17.415124893188477
2010-03-30,17.670480728149414
2010-03-31,17.381084442138672
2010-04-01,17.34702491760254
2010-04-05,17.84071159362793
2010-04-06,17.747085571289062
2010-04-07,17.610898971557617
2010-04-08,17.559823989868164
2010-04-09,17.849227905273438
2010-04-12,17.993932723999023
2010-04-13,17.823692321777344
2010-04-14,19.194089889526367
2010-04-15,19.219621658325195
2010-04-16,18.811063766479492
2010-04-19,18.402490615844727
2010-04-20,18.589754104614258
2010-04-21,18.521657943725586
2010-04-22,18.5642147064209
2010-04-23,18.879159927368164
2010-04-26,18.589754104614258
2010-04-27,18.232255935668945
2010-04-28,18.385467529296875
2010-04-29,18.572731018066406
2010-04-30,17.58536720275879
2010-05-03,17.696020126342773
2010-05-04,16.70864486694336
2010-05-05,16.52989387512207
2010-05-06,16.053232192993164
2010-05-07,16.053232192993164
2010-05-10,16.92995262145996
2010-05-11,16.606508255004883
2010-05-12,16.972511291503906
2010-05-13,16.410737991333008
2010-05-14,15.738302230834961
2010-05-17,15.814912796020508
2010-05-18,15.338253021240234
2010-05-19,15.755327224731445
2010-05-20,15.18503189086914
2010-05-21,16.44478416442871
2010-05-24,15.721281051635742
2010-05-25,15.789363861083984
2010-05-26,15.636167526245117
2010-05-27,16.38519859313965
2010-05-28,16.15538215637207
2010-06-01,15.874484062194824
2010-06-02,16.615013122558594
2010-06-03,16.615013122558594
2010-06-04,16.01067543029785
2010-06-07,15.372295379638672
2010-06-08,14.648792266845703
2010-06-09,14.504091262817383
2010-06-10,14.853081703186035
2010-06-11,15.21908187866211
2010-06-14,14.887125968933105
2010-06-15,16.121339797973633
2010-06-16,16.38519859313965
2010-06-17,16.249013900756836
2010-06-18,16.206449508666992
2010-06-21,15.77235221862793
2010-06-22,15.636167526245117
2010-06-23,15.729796409606934
2010-06-24,15.040336608886719
2010-06-25,14.784984588623047
2010-06-28,14.580699920654297
2010-06-29,13.857198715209961
2010-06-30,13.41458511352539
2010-07-01,13.874218940734863
2010-07-02,13.669934272766113
2010-07-06,13.482680320739746
2010-07-07,14.104036331176758
2010-07-08,14.01892375946045
2010-07-09,14.146597862243652
2010-07-12,14.640277862548828
2010-07-13,14.767958641052246
2010-07-14,14.870101928710938
2010-07-15,14.767958641052246
2010-07-16,14.155108451843262
2010-07-19,14.51260757446289
2010-07-20,14.291298866271973
2010-07-21,13.882731437683105
2010-07-22,14.163618087768555
2010-07-23,14.01892375946045
2010-07-26,13.882731437683105
2010-07-27,13.567793846130371
2010-07-28,13.082626342773438
2010-07-29,12.657033920288086
2010-07-30,12.699590682983398
2010-08-02,13.006016731262207
2010-08-03,12.74215316772461
2010-08-04,12.988992691040039
2010-08-05,12.886855125427246
2010-08-06,12.937921524047852
2010-08-09,13.108159065246582
2010-08-10,12.61447525024414
2010-08-11,12.384660720825195
2010-08-12,12.478289604187012
2010-08-13,12.350606918334961
2010-08-16,12.495309829711914
2010-08-17,12.554893493652344
2010-08-18,12.759178161621094
2010-08-19,12.691082954406738
2010-08-20,13.755051612854004
2010-08-23,13.380537986755371
2010-08-24,13.80612564086914
2010-08-25,14.069992065429688
2010-08-26,13.618864059448242
2010-08-27,14.104036331176758
2010-08-30,14.01892375946045
2010-08-31,13.542262077331543
2010-09-01,13.823148727416992
2010-09-02,14.308320045471191
2010-09-03,14.470044136047363
2010-09-07,14.580699920654297
2010-09-08,14.80200481414795
2010-09-09,14.810518264770508
2010-09-10,14.487069129943848
2010-09-13,14.870101928710938
2010-09-14,14.844568252563477
2010-09-15,14.742422103881836
2010-09-16,14.742422103881836
2010-09-17,15.244624137878418
2010-09-20,15.048847198486328
2010-09-21,14.9296875
2010-09-22,14.657303810119629
2010-09-23,14.767958641052246
2010-09-24,15.08289623260498
2010-09-27,14.836054801940918
2010-09-28,14.895637512207031
2010-09-29,15.065875053405762
2010-09-30,14.904143333435059
2010-10-01,14.895637512207031
2010-10-04,14.665814399719238
2010-10-05,14.384932518005371
2010-10-06,13.976361274719238
2010-10-07,14.112552642822266
2010-10-08,14.274276733398438
2010-10-11,14.223203659057617
2010-10-12,14.453023910522461
2010-10-13,14.733908653259277
2010-10-14,14.597723960876465
2010-10-15,14.563674926757812
2010-10-18,14.384932518005371
2010-10-19,14.223203659057617
2010-10-20,14.51260757446289
2010-10-21,14.674327850341797
2010-10-22,15.065875053405762
2010-10-25,14.955220222473145
2010-10-26,14.904143333435059
2010-10-27,15.91705322265625
2010-10-28,16.342641830444336
2010-10-29,16.410737991333008
2010-11-01,16.606508255004883
2010-11-02,16.70864486694336
2010-11-03,16.759714126586914
2010-11-04,17.466201782226562
2010-11-05,17.704526901245117
2010-11-08,17.678987503051758
2010-11-09,17.406618118286133
2010-11-10,17.244888305664062
2010-11-11,17.040607452392578
2010-11-12,16.878890991210938
2010-11-15,16.538414001464844
2010-11-16,16.121339797973633
2010-11-17,15.951098442077637
2010-11-18,16.121339797973633
2010-11-19,17.100187301635742
2010-11-22,17.023582458496094
2010-11-23,16.853349685668945
2010-11-24,16.861862182617188
2010-11-26,16.666086196899414
2010-11-29,16.512874603271484
2010-11-30,16.410737991333008
2010-12-01,17.19382095336914
2010-12-02,17.415124893188477
2010-12-03,17.398101806640625
2010-12-06,17.22786521911621
2010-12-07,17.18531036376953
2010-12-08,17.108701705932617
2010-12-09,16.810794830322266
2010-12-10,16.649065017700195
2010-12-13,16.30007553100586
2010-12-14,16.283063888549805
2010-12-15,15.848958015441895
2010-12-16,15.806401252746582
2010-12-17,16.053232192993164
2010-12-20,16.214962005615234
2010-12-21,16.23198890686035
2010-12-22,16.07025718688965
2010-12-23,16.112829208374023
2010-12-27,15.934080123901367
2010-12-28,15.789363861083984
2010-12-29,15.69573974609375
2010-12-30,15.636167526245117
2010-12-31,15.789363861083984
2011-01-03,15.780864715576172
2011-01-04,15.423373222351074
2011-01-05,15.797884941101074
2011-01-06,16.649065017700195
2011-01-07,17.057628631591797
2011-01-10,17.26191520690918
2011-01-11,17.474702835083008
2011-01-12,17.866249084472656
2011-01-13,18.240774154663086
2011-01-14,18.61528778076172
2011-01-18,18.632308959960938
2011-01-19,18.070528030395508
2011-01-20,17.38959503173828
2011-01-21,17.0916748046875
2011-01-24,16.998050689697266
2011-01-25,16.844837188720703
2011-01-26,17.0320987701416
2011-01-27,17.253406524658203
2011-01-28,16.30859375
2011-01-31,16.180917739868164
2011-02-01,16.657569885253906
2011-02-02,16.59800148010254
2011-02-03,16.580965042114258
2011-02-04,16.810794830322266
2011-02-07,17.100187301635742
2011-02-08,17.22786521911621
2011-02-09,16.912933349609375
2011-02-10,16.742692947387695
2011-02-11,16.810794830322266
2011-02-14,16.827810287475586
2011-02-15,15.98514461517334
2011-02-16,16.02770233154297
2011-02-17,16.189430236816406
2011-02-18,16.078777313232422
2011-02-22,15.516993522644043
2011-02-23,15.29568862915039
2011-02-24,15.329742431640625
2011-02-25,16.104310989379883
2011-02-28,15.559547424316406
2011-03-01,15.338253021240234
2011-03-02,15.312711715698242
2011-03-03,15.508484840393066
2011-03-04,13.72951602935791
2011-03-07,13.45714282989502
2011-03-08,13.780595779418945
2011-03-09,13.755051612854004
2011-03-10,13.482680320739746
2011-03-11,13.337973594665527
2011-03-14,13.303933143615723
2011-03-15,13.269883155822754
2011-03-16,13.07411003112793
2011-03-17,13.125185012817383
2011-03-18,13.295418739318848
2011-03-21,13.201790809631348
2011-03-22,13.303933143615723
2011-03-23,13.584821701049805
2011-03-24,13.882731437683105
2011-03-25,13.678450584411621
2011-03-28,13.746545791625977
2011-03-29,13.72100830078125
2011-03-30,13.593330383300781
2011-03-31,13.235838890075684
2011-04-01,13.559282302856445
2011-04-04,13.218814849853516
2011-04-05,13.491189002990723
2011-04-06,13.559282302856445
2011-04-07,13.755051612854004
2011-04-08,13.950825691223145
2011-04-11,13.661425590515137
2011-04-12,13.491189002990723
2011-04-13,13.320953369140625
2011-04-14,13.329468727111816
2011-04-15,13.593330383300781
2011-04-18,12.971970558166504
2011-04-19,13.091137886047363
2011-04-20,13.550772666931152
2011-04-21,13.363511085510254
2011-04-25,13.47416877746582
2011-04-26,13.45714282989502
2011-04-27,13.397564888000488
2011-04-28,13.47416877746582
2011-04-29,13.133692741394043
2011-05-02,13.014530181884766
2011-05-03,12.76768684387207
2011-05-04,12.76768684387207
2011-05-05,12.401680946350098
2011-05-06,12.495309829711914
2011-05-09,12.597452163696289
2011-05-10,12.810247421264648
2011-05-11,12.6229887008667
2011-05-12,12.716618537902832
2011-05-13,12.427216529846191
2011-05-16,12.078232765197754
2011-05-17,12.17186164855957
2011-05-18,12.376141548156738
2011-05-19,12.282514572143555
2011-05-20,12.205910682678223
2011-05-23,12.205910682678223
2011-05-24,12.095256805419922
2011-05-25,12.069720268249512
2011-05-26,12.393169403076172
2011-05-27,13.763566970825195
2011-05-31,13.823148727416992
2011-06-01,13.380537986755371
2011-06-02,13.389050483703613
2011-06-03,12.895362854003906
2011-06-06,12.733644485473633
2011-06-07,12.76768684387207
2011-06-08,12.52084732055664
2011-06-09,12.61447525024414
2011-06-10,12.25698184967041
2011-06-13,12.01013469696045
2011-06-14,12.103767395019531
2011-06-15,11.959068298339844
2011-06-16,11.737761497497559
2011-06-17,11.244078636169434
2011-06-20,11.405804634094238
2011-06-21,11.890973091125488
2011-06-22,11.822879791259766
2011-06-23,12.308050155639648
2011-06-24,11.96757698059082
2011-06-27,12.035676002502441
2011-06-28,12.044184684753418
2011-06-29,12.197395324707031
2011-06-30,12.571917533874512
2011-07-01,12.861313819885254
2011-07-05,12.929412841796875
2011-07-06,12.835783004760742
2011-07-07,13.099648475646973
2011-07-08,13.11667251586914
2011-07-11,12.648521423339844
2011-07-12,12.605966567993164
2011-07-13,12.5293607711792
2011-07-14,12.495309829711914
2011-07-15,12.657033920288086
2011-07-18,12.452749252319336
2011-07-19,12.920900344848633
2011-07-20,12.835783004760742
2011-07-21,12.895362854003906
2011-07-22,13.048576354980469
2011-07-25,13.014530181884766
2011-07-26,13.210302352905273
2011-07-27,12.80173397064209
2011-07-28,12.750665664672852
2011-07-29,12.61447525024414
2011-08-01,12.648521423339844
2011-08-02,12.146323204040527
2011-08-03,12.129304885864258
2011-08-04,11.456869125366211
2011-08-05,11.082351684570312
2011-08-08,10.18010425567627
2011-08-09,10.197127342224121
2011-08-10,10.163079261779785
2011-08-11,10.750393867492676
2011-08-12,10.70783519744873
2011-08-15,11.065327644348145
2011-08-16,11.014257431030273
2011-08-17,10.937653541564941
2011-08-18,10.188612937927246
2011-08-19,10.79295539855957
2011-08-22,10.69080924987793
2011-08-23,11.107887268066406
2011-08-24,11.12491512298584
2011-08-25,10.750393867492676
2011-08-26,10.971702575683594
2011-08-29,11.201518058776855
2011-08-30,11.25259017944336
2011-08-31,11.19300365447998
2011-09-01,11.082351684570312
2011-09-02,10.971702575683594
2011-09-06,10.920626640319824
2011-09-07,11.490920066833496
2011-09-08,11.431340217590332
2011-09-09,11.652642250061035
2011-09-12,12.248466491699219
2011-09-13,12.410194396972656
2011-09-14,12.597452163696289
2011-09-15,12.937921524047852
2011-09-16,12.912386894226074
2011-09-19,12.971970558166504
2011-09-20,12.784716606140137
2011-09-21,12.648521423339844
2011-09-22,12.401680946350098
2011-09-23,13.023041725158691
2011-09-26,13.06560230255127
2011-09-27,12.963459014892578
2011-09-28,12.674055099487305
2011-09-29,12.733644485473633
2011-09-30,12.359119415283203
2011-10-03,12.044184684753418
2011-10-04,12.384660720825195
2011-10-05,12.76768684387207
2011-10-06,13.133692741394043
2011-10-07,13.06560230255127
2011-10-10,13.337973594665527
2011-10-11,13.031554222106934
2011-10-12,12.861313819885254
2011-10-13,12.878339767456055
2011-10-14,12.750665664672852
2011-10-17,12.17186164855957
2011-10-18,12.393169403076172
2011-10-19,11.661153793334961
2011-10-20,11.337706565856934
2011-10-21,11.184492111206055
2011-10-24,11.746271133422852
2011-10-25,11.405804634094238
2011-10-26,11.627106666564941
2011-10-27,11.976093292236328
2011-10-28,11.993117332458496
2011-10-31,11.908000946044922
2011-11-01,11.507942199707031
2011-11-02,11.57603645324707
2011-11-03,11.831389427185059
2011-11-04,12.120790481567383
2011-11-07,12.248466491699219
2011-11-08,12.44423770904541
2011-11-09,12.01013469696045
2011-11-10,12.325075149536133
2011-11-11,12.699590682983398
2011-11-14,12.631498336791992
2011-11-15,12.835783004760742
2011-11-16,12.495309829711914
2011-11-17,11.712224006652832
2011-11-18,12.46977710723877
2011-11-21,12.239956855773926
2011-11-22,11.925021171569824
2011-11-23,11.397290229797363
2011-11-25,11.184492111206055
2011-11-28,11.38878059387207
2011-11-29,11.235564231872559
2011-11-30,12.01865291595459
2011-12-01,11.797344207763672
2011-12-02,11.737761497497559
2011-12-05,11.729249954223633
2011-12-06,12.001625061035156
2011-12-07,12.410194396972656
2011-12-08,12.044184684753418
2011-12-09,12.163347244262695
2011-12-12,12.01013469696045
2011-12-13,11.72073745727539
2011-12-14,11.48240852355957
2011-12-15,11.337706565856934
2011-12-16,11.507942199707031
2011-12-19,11.25259017944336
2011-12-20,11.831389427185059
2011-12-21,11.737761497497559
2011-12-22,12.180374145507812
2011-12-23,12.035676002502441
2011-12-27,11.839903831481934
2011-12-28,11.686690330505371
2011-12-29,11.703716278076172
2011-12-30,11.788830757141113
2012-01-03,11.908000946044922
2012-01-04,12.078232765197754
2012-01-05,12.963459014892578
2012-01-06,13.380537986755371
2012-01-09,13.491189002990723
2012-01-10,13.295418739318848
2012-01-11,12.997507095336914
2012-01-12,12.963459014892578
2012-01-13,12.580428123474121
2012-01-17,12.308050155639648
2012-01-18,12.869832992553711
2012-01-19,13.159229278564453
2012-01-20,13.218814849853516
2012-01-23,13.593330383300781
2012-01-24,13.406075477600098
2012-01-25,13.635887145996094
2012-01-26,13.41458511352539
2012-01-27,13.440116882324219
2012-01-30,13.397564888000488
2012-01-31,13.227325439453125
2012-02-01,13.567793846130371
2012-02-02,14.052967071533203
2012-02-03,14.163618087768555
2012-02-06,13.908272743225098
2012-02-07,13.857198715209961
2012-02-08,13.984870910644531
2012-02-09,13.984870910644531
2012-02-10,13.661425590515137
2012-02-13,13.567793846130371
2012-02-14,13.618864059448242
2012-02-15,13.738029479980469
2012-02-16,14.240230560302734
2012-02-17,13.933802604675293
2012-02-21,13.618864059448242
2012-02-22,13.618864059448242
2012-02-23,13.669934272766113
2012-02-24,13.159229278564453
2012-02-27,13.048576354980469
2012-02-28,12.988992691040039
2012-02-29,12.76768684387207
2012-03-01,12.852805137634277
2012-03-02,12.827268600463867
2012-03-05,12.58893871307373
2012-03-06,12.44423770904541
2012-03-07,12.605966567993164
2012-03-08,12.733644485473633
2012-03-09,12.657033920288086
2012-03-12,12.80173397064209
2012-03-13,13.176253318786621
2012-03-14,13.082626342773438
2012-03-15,13.303933143615723
2012-03-16,13.091137886047363
2012-03-19,13.142206192016602
2012-03-20,13.41458511352539
2012-03-21,13.397564888000488
2012-03-22,13.431607246398926
2012-03-23,13.482680320739746
2012-03-26,13.508213996887207
2012-03-27,13.406075477600098
2012-03-28,13.295418739318848
2012-03-29,13.397564888000488
2012-03-30,13.389050483703613
2012-04-02,13.516729354858398
2012-04-03,13.320953369140625
2012-04-04,13.014530181884766
2012-04-05,12.886855125427246
2012-04-09,12.716618537902832
2012-04-10,12.554893493652344
2012-04-11,12.827268600463867
2012-04-12,13.031554222106934
2012-04-13,12.869832992553711
2012-04-16,12.98048210144043
2012-04-17,13.11667251586914
2012-04-18,13.278396606445312
2012-04-19,13.142206192016602
2012-04-20,12.937921524047852
2012-04-23,12.861313819885254
2012-04-24,12.5293607711792
2012-04-25,12.733644485473633
2012-04-26,13.06560230255127
2012-04-27,12.674055099487305
2012-04-30,12.776201248168945
2012-05-01,12.759178161621094
2012-05-02,12.61447525024414
2012-05-03,12.15483570098877
2012-05-04,11.933533668518066
2012-05-07,11.890973091125488
2012-05-08,11.831389427185059
2012-05-09,11.627106666564941
2012-05-10,11.541987419128418
2012-05-11,11.754786491394043
2012-05-14,11.51645565032959
2012-05-15,11.38878059387207
2012-05-16,11.541987419128418
2012-05-17,11.320684432983398
2012-05-18,10.861045837402344
2012-05-21,11.278121948242188
2012-05-22,11.056816101074219
2012-05-23,11.150447845458984
2012-05-24,10.946167945861816
2012-05-25,11.12491512298584
2012-05-29,11.107887268066406
2012-05-30,10.878067970275879
2012-05-31,10.665274620056152
2012-06-01,10.188612937927246
2012-06-04,10.231173515319824
2012-06-05,10.469503402709961
2012-06-06,10.784440040588379
2012-06-07,10.409924507141113
2012-06-08,10.452478408813477
2012-06-11,10.13754653930664
2012-06-12,10.256708145141602
2012-06-13,10.018378257751465
2012-06-14,9.873678207397461
2012-06-15,9.805583000183105
2012-06-18,10.214151382446289
2012-06-19,10.351025581359863
2012-06-20,10.274032592773438
2012-06-21,9.752202987670898
2012-06-22,9.777867317199707
2012-06-25,9.452790260314941
2012-06-26,9.435684204101562
2012-06-27,9.692323684692383
2012-06-28,9.435684204101562
2012-06-29,9.649550437927246
2012-07-02,9.555447578430176
2012-07-03,9.512673377990723
2012-07-05,9.444235801696777
2012-07-06,9.23892879486084
2012-07-09,9.273149490356445
2012-07-10,9.110610008239746
2012-07-11,8.999405860900879
2012-07-12,8.930963516235352
2012-07-13,9.007954597473145
2012-07-16,8.879638671875
2012-07-17,8.990849494934082
2012-07-18,9.29881477355957
2012-07-19,9.529784202575684
2012-07-20,9.29025650024414
2012-07-23,9.153388977050781
2012-07-24,9.110610008239746
2012-07-25,9.315921783447266
2012-07-26,9.752202987670898
2012-07-27,9.940403938293457
2012-07-30,9.692323684692383
2012-07-31,9.632437705993652
2012-08-01,9.529784202575684
2012-08-02,9.504120826721191
2012-08-03,9.709430694580078
2012-08-06,9.512673377990723
2012-08-07,9.99173355102539
2012-08-08,10.094386100769043
2012-08-09,10.214149475097656
2012-08-10,10.359578132629395
2012-08-13,10.25692367553711
2012-08-14,10.077274322509766
2012-08-15,10.214149475097656
2012-08-16,10.505002975463867
2012-08-17,9.016511917114258
2012-08-20,8.930963516235352
2012-08-21,9.084944725036621
2012-08-22,9.050726890563965
2012-08-23,8.91385555267334
2012-08-24,8.939519882202148
2012-08-27,8.853972434997559
2012-08-28,8.802643775939941
2012-08-29,8.96518325805664
2012-08-30,8.708548545837402
2012-08-31,8.691437721252441
2012-09-04,8.631558418273926
2012-09-05,8.75987434387207
2012-09-06,8.922411918640137
2012-09-07,8.96518325805664
2012-09-10,8.734210014343262
2012-09-11,8.906310081481934
2012-09-12,8.820263862609863
2012-09-13,8.777238845825195
2012-09-14,8.897712707519531
2012-09-17,8.691183090209961
2012-09-18,8.820263862609863
2012-09-19,8.682580947875977
2012-09-20,8.613738059997559
2012-09-21,8.450241088867188
2012-09-24,8.16627025604248
2012-09-25,7.951144218444824
2012-09-26,7.925328254699707
2012-09-27,8.02858829498291
2012-09-28,7.882303237915039
2012-10-01,7.908119201660156
2012-10-02,7.976961135864258
2012-10-03,7.908119201660156
2012-10-04,8.063008308410645
2012-10-05,7.959750652313232
2012-10-08,7.916723251342773
2012-10-09,7.7446184158325195
2012-10-10,7.589726448059082
2012-10-11,7.641360282897949
2012-10-12,7.529492378234863
2012-10-15,7.4950737953186035
2012-10-16,7.718803882598877
2012-10-17,7.7446184158325195
2012-10-18,7.598329544067383
2012-10-19,6.5140862464904785
2012-10-22,6.419429302215576
2012-10-23,6.557110786437988
2012-10-24,6.522690773010254
2012-10-25,6.660373687744141
2012-10-26,6.677582263946533
2012-10-31,6.789449691772461
2012-11-01,6.961552619934082
2012-11-02,6.866896152496338
2012-11-05,7.004578590393066
2012-11-06,7.021786689758301
2012-11-07,6.8152666091918945
2012-11-08,6.737819671630859
2012-11-09,6.686187744140625
2012-11-12,6.694791793823242
2012-11-13,6.505480766296387
2012-11-14,6.333377838134766
2012-11-15,6.376405239105225
2012-11-16,6.367798805236816
2012-11-19,6.625954627990723
2012-11-20,6.720609664916992
2012-11-21,6.729215621948242
2012-11-23,6.944343090057373
2012-11-26,7.193890571594238
2012-11-27,7.1422576904296875
2012-11-28,7.348785877227783
2012-11-29,7.297153949737549
2012-11-30,7.288546562194824
2012-12-03,7.322968482971191
2012-12-04,7.452045917510986
2012-12-05,7.512282848358154
2012-12-06,7.632754325866699
2012-12-07,7.572517395019531
2012-12-10,7.426230430603027
2012-12-11,7.486884593963623
2012-12-12,7.348241806030273
2012-12-13,7.226925849914551
2012-12-14,7.114276885986328
2012-12-17,7.2095947265625
2012-12-18,7.469557762145996
2012-12-19,7.547545433044434
2012-12-20,7.322246074676514
2012-12-21,7.226925849914551
2012-12-24,7.1489386558532715
2012-12-26,6.412380218505859
2012-12-27,6.187079906463623
2012-12-28,6.213078022003174
2012-12-31,6.291064739227295
2013-01-02,6.403715133666992
2013-01-03,6.490370750427246
2013-01-04,6.7676615715026855
2013-01-07,6.784993648529053
2013-01-08,6.85431432723999
2013-01-09,7.088284015655518
2013-01-10,7.348241806030273
2013-01-11,7.469557762145996
2013-01-14,7.573539733886719
2013-01-15,7.504218101501465
2013-01-16,7.564876556396484
2013-01-17,7.530215263366699
2013-01-18,7.521551132202148
2013-01-22,7.694857597351074
2013-01-23,8.067468643188477
2013-01-24,7.89415979385376
2013-01-25,7.9374871253967285
2013-01-28,8.162787437438965
2013-01-29,8.188783645629883
2013-01-30,8.032808303833008
2013-01-31,8.01547622680664
2013-02-01,8.240776062011719
2013-02-04,8.041471481323242
2013-02-05,8.1974515914917
2013-02-06,8.232108116149902
2013-02-07,8.041471481323242
2013-02-08,8.1974515914917
2013-02-11,8.275436401367188
2013-02-12,8.188783645629883
2013-02-13,8.136786460876465
2013-02-14,8.24944019317627
2013-02-15,8.102130889892578
2013-02-19,8.041471481323242
2013-02-20,8.006811141967773
2013-02-21,8.206113815307617
2013-02-22,8.570058822631836
2013-02-25,8.535399436950684
2013-02-26,8.70003890991211
2013-02-27,8.908008575439453
2013-02-28,8.752031326293945
2013-03-01,8.899343490600586
2013-03-04,8.934003829956055
2013-03-05,8.98599910736084
2013-03-06,9.063986778259277
2013-03-07,8.98599910736084
2013-03-08,9.263290405273438
2013-03-11,9.263290405273438
2013-03-12,9.219721794128418
2013-03-13,9.32429027557373
2013-03-14,9.455004692077637
2013-03-15,9.32429027557373
2013-03-18,9.167431831359863
2013-03-19,8.993151664733887
2013-03-20,9.10643482208252
2013-03-21,8.836289405822754
2013-03-22,8.89728832244873
2013-03-25,8.958287239074707
2013-03-26,9.141288757324219
2013-03-27,9.158720016479492
2013-03-28,9.219721794128418
2013-04-01,9.054143905639648
2013-04-02,8.818861961364746
2013-04-03,8.723006248474121
2013-04-04,9.04543399810791
2013-04-05,8.958287239074707
2013-04-08,9.123865127563477
2013-04-09,9.071575164794922
2013-04-10,9.167431831359863
2013-04-11,8.993151664733887
2013-04-12,9.0977201461792
2013-04-15,8.84500503540039
2013-04-16,8.940861701965332
2013-04-17,8.592290878295898
2013-04-18,8.32214641571045
2013-04-19,8.48772144317627
2013-04-22,8.775289535522461
2013-04-23,8.89728832244873
2013-04-24,9.03671932220459
2013-04-25,9.202287673950195
2013-04-26,9.18486213684082
2013-04-29,9.272006034851074
2013-04-30,9.37657642364502
2013-05-01,9.498576164245605
2013-05-02,9.38528823852539
2013-05-03,9.333002090454102
2013-05-06,9.411434173583984
2013-05-07,9.237149238586426
2013-05-08,9.43757438659668
2013-05-09,9.411434173583984
2013-05-10,9.524718284606934
2013-05-13,9.646720886230469
2013-05-14,9.725150108337402
2013-05-15,9.786149024963379
2013-05-16,9.847146987915039
2013-05-17,9.960436820983887
2013-05-20,10.056288719177246
2013-05-21,10.099861145019531
2013-05-22,9.899434089660645
2013-05-23,9.855862617492676
2013-05-24,9.882006645202637
2013-05-28,9.838431358337402
2013-05-29,9.960436820983887
2013-05-30,9.629288673400879
2013-05-31,9.455004692077637
2013-06-03,9.489864349365234
2013-06-04,9.420145988464355
2013-06-05,9.333002090454102
2013-06-06,9.37657642364502
2013-06-07,9.794862747192383
2013-06-10,9.7164306640625
2013-06-11,9.523682594299316
2013-06-12,9.60253620147705
2013-06-13,9.66386604309082
2013-06-14,9.646340370178223
2013-06-17,9.935471534729004
2013-06-18,10.136980056762695
2013-06-19,9.847855567932129
2013-06-20,9.786524772644043
2013-06-21,9.804048538208008
2013-06-24,9.646340370178223
2013-06-25,10.04060173034668
2013-06-26,10.277164459228516
2013-06-27,10.36478042602539
2013-06-28,10.259642601013184
2013-07-01,10.294690132141113
2013-07-02,10.268404960632324
2013-07-03,10.45239543914795
2013-07-05,10.540005683898926
2013-07-08,10.110696792602539
2013-07-09,10.277164459228516
2013-07-10,10.259642601013184
2013-07-11,10.513728141784668
2013-07-12,10.52248764038086
2013-07-15,10.487442970275879
2013-07-16,10.391063690185547
2013-07-17,10.52248764038086
2013-07-18,10.399823188781738
2013-07-19,10.540005683898926
2013-07-22,10.469916343688965
2013-07-23,10.504966735839844
2013-07-24,10.496200561523438
2013-07-25,10.478682518005371
2013-07-26,10.417346000671387
2013-07-29,10.601339340209961
2013-07-30,11.074458122253418
2013-07-31,11.372344970703125
2013-08-01,11.45119857788086
2013-08-02,11.49500560760498
2013-08-05,11.398627281188965
2013-08-06,11.223401069641113
2013-08-07,11.26720905303955
2013-08-08,11.232158660888672
2013-08-09,11.127022743225098
2013-08-12,11.135786056518555
2013-08-13,11.722798347473145
2013-08-14,11.54757308959961
2013-08-15,11.42491340637207
2013-08-16,11.389866828918457
2013-08-19,11.521286964416504
2013-08-20,11.538810729980469
2013-08-21,11.433673858642578
2013-08-22,11.354823112487793
2013-08-23,10.680193901062012
2013-08-26,10.504966735839844
2013-08-27,10.198311805725098
2013-08-28,10.373539924621582
2013-08-29,10.531248092651367
2013-08-30,10.610100746154785
2013-09-03,10.741517066955566
2013-09-04,10.741517066955566
2013-09-05,10.531248092651367
2013-09-06,10.566292762756348
2013-09-09,11.013126373291016
2013-09-10,11.268425941467285
2013-09-11,11.277231216430664
2013-09-12,11.03953742980957
2013-09-13,11.12757396697998
2013-09-16,11.224411010742188
2013-09-17,11.153984069824219
2013-09-18,11.180389404296875
2013-09-19,11.057143211364746
2013-09-20,10.969112396240234
2013-09-23,10.590558052062988
2013-09-24,10.564153671264648
2013-09-25,10.528940200805664
2013-09-26,10.555350303649902
2013-09-27,10.282439231872559
2013-09-30,10.123976707458496
2013-10-01,9.92149543762207
2013-10-02,9.930301666259766
2013-10-03,9.95671272277832
2013-10-04,9.8158540725708
2013-10-07,9.710213661193848
2013-10-08,9.648591041564941
2013-10-09,9.754232406616211
2013-10-10,10.053545951843262
2013-10-11,9.930301666259766
2013-10-14,10.053545951843262
2013-10-15,9.95671272277832
2013-10-16,10.141586303710938
2013-10-17,10.344066619873047
2013-10-18,10.344066619873047
2013-10-21,10.581757545471191
2013-10-22,10.71380615234375
2013-10-23,10.537742614746094
2013-10-24,10.449701309204102
2013-10-25,10.528940200805664
2013-10-28,10.528940200805664
2013-10-29,10.564153671264648
2013-10-30,10.616971969604492
2013-10-31,10.564153671264648
2013-11-01,10.581757545471191
2013-11-04,10.572954177856445
2013-11-05,11.479708671569824
2013-11-06,11.453296661376953
2013-11-07,11.453296661376953
2013-11-08,11.752614974975586
2013-11-11,11.86706256866455
2013-11-12,12.034324645996094
2013-11-13,12.289627075195312
2013-11-14,12.051932334899902
2013-11-15,12.210394859313965
2013-11-18,12.139967918395996
2013-11-19,11.770222663879395
2013-11-20,11.708601951599121
2013-11-21,12.17518138885498
2013-11-22,12.835442543029785
2013-11-25,12.747408866882324
2013-11-26,12.562535285949707
2013-11-27,12.597747802734375
2013-11-29,12.527320861816406
2013-12-02,12.53612232208252
2013-12-03,12.430486679077148
2013-12-04,12.50971508026123
2013-12-05,12.192788124084473
2013-12-06,11.97270393371582
2013-12-09,11.814240455627441
2013-12-10,11.902671813964844
2013-12-11,11.92919921875
2013-12-12,11.637382507324219
2013-12-13,11.62853717803955
2013-12-16,12.044157981872559
2013-12-17,11.991101264953613
2013-12-18,11.902671813964844
2013-12-19,11.893823623657227
2013-12-20,11.79655647277832
2013-12-23,11.893823623657227
2013-12-24,11.86729907989502
2013-12-26,12.167960166931152
2013-12-27,12.052998542785645
2013-12-30,12.167960166931152
2013-12-31,12.716227531433105
2014-01-02,12.530524253845215
2014-01-03,12.521678924560547
2014-01-06,12.946146965026855
2014-01-07,12.9992036819458
2014-01-08,13.23796272277832
2014-01-09,13.397137641906738
2014-01-10,13.450196266174316
2014-01-13,13.467880249023438
2014-01-14,13.980772018432617
2014-01-15,13.724329948425293
2014-01-16,13.052262306213379
2014-01-17,12.981515884399414
2014-01-21,13.167221069335938
2014-01-22,13.556313514709473
2014-01-23,13.423666000366211
2014-01-24,13.052262306213379
2014-01-27,13.11415958404541
2014-01-28,13.20258903503418
2014-01-29,13.149528503417969
2014-01-30,13.291023254394531
2014-01-31,13.20258903503418
2014-02-03,12.778125762939453
2014-02-04,12.7604398727417
2014-02-05,12.848870277404785
2014-02-06,12.928455352783203
2014-02-07,13.176058769226074
2014-02-10,13.1406888961792
2014-02-11,13.105318069458008
2014-02-12,13.485568046569824
2014-02-13,13.467880249023438
2014-02-14,13.547466278076172
2014-02-18,13.910032272338867
2014-02-19,13.94540023803711
2014-02-20,14.263744354248047
2014-02-21,13.795075416564941
2014-02-24,13.63589859008789
2014-02-25,13.361766815185547
2014-02-26,13.512094497680664
2014-02-27,13.547466278076172
2014-02-28,13.520940780639648
2014-03-03,13.644742965698242
2014-03-04,13.856972694396973
2014-03-05,13.910032272338867
2014-03-06,14.033832550048828
2014-03-07,14.033832550048828
2014-03-10,13.786229133605957
2014-03-11,14.070301055908203
2014-03-12,14.105806350708008
2014-03-13,13.963772773742676
2014-03-14,14.034786224365234
2014-03-17,13.910508155822754
2014-03-18,14.052546501159668
2014-03-19,14.141315460205078
2014-03-20,14.363245964050293
2014-03-21,14.372125625610352
2014-03-24,14.114679336547852
2014-03-25,13.990403175354004
2014-03-26,13.582053184509277
2014-03-27,13.590929985046387
2014-03-28,13.69745922088623
2014-03-31,13.981525421142578
2014-04-01,14.380999565124512
2014-04-02,14.407630920410156
2014-04-03,14.096929550170898
2014-04-04,14.150188446044922
2014-04-07,14.034786224365234
2014-04-08,14.221209526062012
2014-04-09,14.150188446044922
2014-04-10,13.555424690246582
2014-04-11,13.26247501373291
2014-04-14,13.457772254943848
2014-04-15,13.511039733886719
2014-04-16,13.564298629760742
2014-04-17,13.857247352600098
2014-04-21,14.025912284851074
2014-04-22,14.017035484313965
2014-04-23,14.034786224365234
2014-04-24,14.114679336547852
2014-04-25,14.096929550170898
2014-04-28,13.954893112182617
2014-04-29,14.088052749633789
2014-04-30,14.07917308807373
2014-05-01,14.070301055908203
2014-05-02,14.052546501159668
2014-05-05,14.12355899810791
2014-05-06,13.670825958251953
2014-05-07,13.599806785583496
2014-05-08,13.670825958251953
2014-05-09,13.741842269897461
2014-05-12,13.883880615234375
2014-05-13,13.484405517578125
2014-05-14,13.582053184509277
2014-05-15,13.484405517578125
2014-05-16,13.608687400817871
2014-05-19,13.866124153137207
2014-05-20,13.555424690246582
2014-05-21,13.706335067749023
2014-05-22,13.83949089050293
2014-05-23,14.105806350708008
2014-05-27,13.990403175354004
2014-05-28,13.954893112182617
2014-05-29,13.97264575958252
2014-05-30,13.821736335754395
2014-06-02,14.132439613342285
2014-06-03,14.25671672821045
2014-06-04,14.221209526062012
2014-06-05,13.511039733886719
2014-06-06,13.50216007232666
2014-06-09,13.173699378967285
2014-06-10,13.218271255493164
2014-06-11,13.503493309020996
2014-06-12,13.316315650939941
2014-06-13,13.271751403808594
2014-06-16,13.004353523254395
2014-06-17,13.218271255493164
2014-06-18,13.17370319366455
2014-06-19,13.102398872375488
2014-06-20,13.218271255493164
2014-06-23,13.111310005187988
2014-06-24,12.808263778686523
2014-06-25,12.915221214294434
2014-06-26,12.79043960571289
2014-06-27,12.638911247253418
2014-06-30,12.77260971069336
2014-07-01,13.022177696228027
2014-07-02,12.959786415100098
2014-07-03,13.040006637573242
2014-07-07,12.959786415100098
2014-07-08,13.048920631408691
2014-07-09,12.77260971069336
2014-07-10,12.71021842956543
2014-07-11,12.576519966125488
2014-07-14,12.4071683883667
2014-07-15,12.638911247253418
2014-07-16,12.826087951660156
2014-07-17,12.567607879638672
2014-07-18,12.683476448059082
2014-07-21,12.65673828125
2014-07-22,12.62108325958252
2014-07-23,12.43390941619873
2014-07-24,12.44282341003418
2014-07-25,11.934769630432129
2014-07-28,11.801071166992188
2014-07-29,11.952596664428711
2014-07-30,12.139772415161133
2014-07-31,11.890205383300781
2014-08-01,11.934769630432129
2014-08-04,11.86346435546875
2014-08-05,11.631722450256348
2014-08-06,11.667374610900879
2014-08-07,11.408892631530762
2014-08-08,11.515851020812988
2014-08-11,11.694112777709961
2014-08-12,11.658459663391113
2014-08-13,11.818896293640137
2014-08-14,11.881287574768066
2014-08-15,11.881287574768066
2014-08-18,11.970420837402344
2014-08-19,12.02390193939209
2014-08-20,12.068467140197754
2014-08-21,12.157601356506348
2014-08-22,12.3626070022583
2014-08-25,12.050641059875488
2014-08-26,12.02390193939209
2014-08-27,12.264558792114258
2014-08-28,12.4071683883667
2014-08-29,12.398256301879883
2014-09-02,12.34477710723877
2014-09-03,12.505216598510742
2014-09-04,12.594348907470703
2014-09-05,12.594348907470703
2014-09-08,12.496299743652344
2014-09-09,12.433643341064453
2014-09-10,12.433643341064453
2014-09-11,12.433643341064453
2014-09-12,12.40678596496582
2014-09-15,12.290414810180664
2014-09-16,12.460493087768555
2014-09-17,12.397835731506348
2014-09-18,12.433643341064453
2014-09-19,12.487350463867188
2014-09-22,12.147192001342773
2014-09-23,11.986064910888672
2014-09-24,12.362029075622559
2014-09-25,12.281466484069824
2014-09-26,12.200900077819824
2014-09-29,12.156143188476562
2014-09-30,12.066625595092773
2014-10-01,11.96816349029541
2014-10-02,11.762276649475098
2014-10-03,11.798084259033203
2014-10-06,11.771228790283203
2014-10-07,11.67276382446289
2014-10-08,11.950263023376465
2014-10-09,11.753327369689941
2014-10-10,10.911883354187012
2014-10-13,10.44640827178955
2014-10-14,10.652292251586914
2014-10-15,10.661240577697754
2014-10-16,10.876078605651855
2014-10-17,10.876078605651855
2014-10-20,11.162527084350586
2014-10-21,11.413167953491211
2014-10-22,11.350508689880371
2014-10-23,11.53848648071289
2014-10-24,11.663811683654785
2014-10-27,11.663811683654785
2014-10-28,11.699618339538574
2014-10-29,11.61905288696289
2014-10-30,11.368408203125
2014-10-31,12.03082275390625
2014-11-03,12.111385345458984
2014-11-04,12.08453369140625
2014-11-05,12.263562202453613
2014-11-06,11.96816349029541
2014-11-07,11.9771146774292
2014-11-10,12.147192001342773
2014-11-11,11.941309928894043
2014-11-12,11.932355880737305
2014-11-13,11.547442436218262
2014-11-14,11.762276649475098
2014-11-17,11.67276382446289
2014-11-18,12.066625595092773
2014-11-19,11.96816349029541
2014-11-20,11.905502319335938
2014-11-21,12.523155212402344
2014-11-24,12.442591667175293
2014-11-25,12.594767570495605
2014-11-26,12.863313674926758
2014-11-28,12.818556785583496
2014-12-01,12.764849662780762
2014-12-02,12.979681015014648
2014-12-03,13.507821083068848
2014-12-04,13.436209678649902
2014-12-05,13.516772270202637
2014-12-08,13.633142471313477
2014-12-09,13.25568962097168
2014-12-10,12.842300415039062
2014-12-11,12.941147804260254
2014-12-12,12.752424240112305
2014-12-15,12.653566360473633
2014-12-16,12.392948150634766
2014-12-17,12.761409759521484
2014-12-18,12.752424240112305
2014-12-19,12.743437767028809
2014-12-22,12.959121704101562
2014-12-23,12.878246307373047
2014-12-24,12.878246307373047
2014-12-26,12.914190292358398
2014-12-29,12.878246307373047
2014-12-30,13.004059791564941
2014-12-31,13.03101921081543
2015-01-02,13.048993110656738
2015-01-05,12.833306312561035
2015-01-06,13.32758903503418
2015-01-07,13.516311645507812
2015-01-08,14.397029876708984
2015-01-09,14.406018257141113
2015-01-12,14.307160377502441
2015-01-13,14.118433952331543
2015-01-14,13.938697814941406
2015-01-15,13.794907569885254
2015-01-16,13.965658187866211
2015-01-20,14.100461959838867
2015-01-21,14.163370132446289
2015-01-22,14.100461959838867
2015-01-23,13.947683334350586
2015-01-26,14.046544075012207
2015-01-27,13.911734580993652
2015-01-28,13.749971389770508
2015-01-29,13.723013877868652
2015-01-30,13.920722007751465
2015-02-02,13.839841842651367
2015-02-03,14.325135231018066
2015-02-04,14.495882987976074
2015-02-05,14.540822982788086
2015-02-06,14.585753440856934
2015-02-09,14.441965103149414
2015-02-10,14.693596839904785
2015-02-11,14.702580451965332
2015-02-12,14.837388038635254
2015-02-13,14.909282684326172
2015-02-17,14.684612274169922
2015-02-18,14.585753440856934
2015-02-19,14.738532066345215
2015-02-20,14.639678955078125
2015-02-23,14.459938049316406
2015-02-24,14.540822982788086
2015-02-25,14.684612274169922
2015-02-26,14.468921661376953
2015-02-27,14.486899375915527
2015-03-02,14.74752140045166
2015-03-03,14.379056930541992
2015-03-04,14.567776679992676
2015-03-05,14.837388038635254
2015-03-06,14.882319450378418
2015-03-09,14.828398704528809
2015-03-10,14.72016429901123
2015-03-11,14.602912902832031
2015-03-12,14.494670867919922
2015-03-13,14.485651016235352
2015-03-16,14.422513961791992
2015-03-17,14.187999725341797
2015-03-18,14.2781982421875
2015-03-19,14.251138687133789
2015-03-20,14.178983688354492
2015-03-23,14.052706718444824
2015-03-24,13.9534912109375
2015-03-25,13.41230583190918
2015-03-26,13.493483543395996
2015-03-27,13.746036529541016
2015-03-30,13.691917419433594
2015-03-31,13.258971214294434
2015-04-01,13.502501487731934
2015-04-02,13.322110176086426
2015-04-06,13.46642780303955
2015-04-07,13.583680152893066
2015-04-08,13.529561996459961
2015-04-09,13.87231159210205
2015-04-10,13.773099899291992
2015-04-13,13.764076232910156
2015-04-14,13.664859771728516
2015-04-15,13.854273796081543
2015-04-16,13.827214241027832
2015-04-17,13.538581848144531
2015-04-20,13.547601699829102
2015-04-21,13.475443840026855
2015-04-22,13.313091278076172
2015-04-23,13.114655494689941
2015-04-24,12.907205581665039
2015-04-27,12.690728187561035
2015-04-28,12.735830307006836
2015-04-29,12.681710243225098
2015-04-30,12.636612892150879
2015-05-01,12.898185729980469
2015-05-04,12.780927658081055
2015-05-05,12.537393569946289
2015-05-06,12.681710243225098
2015-05-07,12.708769798278809
2015-05-08,12.798965454101562
2015-05-11,12.699747085571289
2015-05-12,12.708769798278809
2015-05-13,12.726810455322266
2015-05-14,12.844063758850098
2015-05-15,12.889166831970215
2015-05-18,12.97935962677002
2015-05-19,12.771906852722168
2015-05-20,12.75386905670166
2015-05-21,12.961320877075195
2015-05-22,11.851898193359375
2015-05-26,12.122485160827637
2015-05-27,12.537393569946289
2015-05-28,12.807985305786133
2015-05-29,12.618573188781738
2015-06-01,12.708769798278809
2015-06-02,12.636612892150879
2015-06-03,12.717794418334961
2015-06-04,12.735830307006836
2015-06-05,12.807985305786133
2015-06-08,12.528372764587402
2015-06-09,12.800142288208008
2015-06-10,12.83637809753418
2015-06-11,13.108141899108887
2015-06-12,12.945085525512695
2015-06-15,12.76390552520752
2015-06-16,12.800142288208008
2015-06-17,12.772967338562012
2015-06-18,13.099080085754395
2015-06-19,13.22590446472168
2015-06-22,13.216851234436035
2015-06-23,13.126260757446289
2015-06-24,12.999435424804688
2015-06-25,12.972254753112793
2015-06-26,12.618964195251465
2015-06-29,12.030137062072754
2015-06-30,11.948609352111816
2015-07-01,12.048257827758789
2015-07-02,12.156963348388672
2015-07-06,12.012020111083984
2015-07-07,11.921435356140137
2015-07-08,11.613435745239258
2015-07-09,11.232961654663086
2015-07-10,11.332612037658691
2015-07-13,11.948609352111816
2015-07-14,11.704023361206055
2015-07-15,11.513784408569336
2015-07-16,11.577194213867188
2015-07-17,11.640609741210938
2015-07-20,11.39602279663086
2015-07-21,11.39602279663086
2015-07-22,11.232961654663086
2015-07-23,11.251081466674805
2015-07-24,11.042724609375
2015-07-27,11.133312225341797
2015-07-28,11.26919937133789
2015-07-29,11.39602279663086
2015-07-30,11.459433555603027
2015-07-31,11.26919937133789
2015-08-03,11.305427551269531
2015-08-04,11.10614013671875
2015-08-05,11.649665832519531
2015-08-06,11.26919937133789
2015-08-07,11.332612037658691
2015-08-10,11.450373649597168
2015-08-11,11.36884593963623
2015-08-12,11.232961654663086
2015-08-13,11.10614013671875
2015-08-14,11.260138511657715
2015-08-17,11.251081466674805
2015-08-18,11.01555061340332
2015-08-19,10.789078712463379
2015-08-20,10.345196723937988
2015-08-21,10.118722915649414
2015-08-24,9.611430168151855
2015-08-25,9.403077125549316
2015-08-26,9.49366283416748
2015-08-27,10.073430061340332
2015-08-28,10.254607200622559
2015-08-31,10.209311485290527
2015-09-01,9.865077018737793
2015-09-02,9.982839584350586
2015-09-03,10.073430061340332
2015-09-04,9.828841209411621
2015-09-08,9.883195877075195
2015-09-09,9.548020362854004
2015-09-10,9.557074546813965
2015-09-11,8.008011817932129
2015-09-14,7.80872106552124
2015-09-15,7.826834201812744
2015-09-16,8.189191818237305
2015-09-17,8.062366485595703
2015-09-18,7.83589506149292
2015-09-21,7.83589506149292
2015-09-22,8.008011817932129
2015-09-23,7.89931058883667
2015-09-24,8.180133819580078
2015-09-25,8.451897621154785
2015-09-28,8.198249816894531
2015-09-29,8.198249816894531
2015-09-30,8.198249816894531
2015-10-01,8.01707649230957
2015-10-02,8.216365814208984
2015-10-05,8.270720481872559
2015-10-06,8.6445894241333
2015-10-07,8.653708457946777
2015-10-08,8.59899616241455
2015-10-09,8.580757141113281
2015-10-12,8.434858322143555
2015-10-13,8.471334457397461
2015-10-14,8.690185546875
2015-10-15,8.589876174926758
2015-10-16,8.526046752929688
2015-10-19,8.61723518371582
2015-10-20,8.407503128051758
2015-10-21,8.288958549499512
2015-10-22,8.334554672241211
2015-10-23,8.717543601989746
2015-10-26,8.61723518371582
2015-10-27,7.340607166290283
2015-10-28,7.550337314605713
2015-10-29,7.4956254959106445
2015-10-30,7.486506938934326
2015-11-02,7.65976095199585
2015-11-03,7.796546459197998
2015-11-04,7.860378742218018
2015-11-05,7.933326721191406
2015-11-06,8.115699768066406
2015-11-09,8.115699768066406
2015-11-10,7.960680961608887
2015-11-11,8.033635139465332
2015-11-12,7.842142105102539
2015-11-13,7.769189834594727
2015-11-16,7.860378742218018
2015-11-17,7.750950336456299
2015-11-18,7.7327094078063965
2015-11-19,7.997160911560059
2015-11-20,7.94244384765625
2015-11-23,7.896851062774658
2015-11-24,7.796546459197998
2015-11-25,7.750950336456299
2015-11-27,7.96980094909668
2015-11-30,8.079228401184082
2015-12-01,8.55340576171875
2015-12-02,8.708423614501953
2015-12-03,8.298076629638672
2015-12-04,8.425741195678711
2015-12-07,8.288958549499512
2015-12-08,7.678001880645752
2015-12-09,7.5412211418151855
2015-12-10,7.678001880645752
2015-12-11,7.5047454833984375
2015-12-14,7.385330677032471
2015-12-15,7.569043159484863
2015-12-16,7.8629889488220215
2015-12-17,7.7803168296813965
2015-12-18,7.872176170349121
2015-12-21,7.853804111480713
2015-12-22,7.973217010498047
2015-12-23,8.212048530578613
2015-12-24,8.285531997680664
2015-12-28,8.166118621826172
2015-12-29,8.230414390563965
2015-12-30,8.046701431274414
2015-12-31,8.101816177368164
2016-01-04,8.083447456359863
2016-01-05,7.826245307922363
2016-01-06,7.394516468048096
2016-01-07,7.4680023193359375
2016-01-08,7.55067253112793
2016-01-11,7.642531871795654
2016-01-12,7.7895002365112305
2016-01-13,7.614973545074463
2016-01-14,7.660901069641113
2016-01-15,7.449629783630371
2016-01-19,7.1373162269592285
2016-01-20,7.265913486480713
2016-01-21,7.449629783630371
2016-01-22,7.513929843902588
2016-01-25,7.513929843902588
2016-01-26,7.642531871795654
2016-01-27,7.523116111755371
2016-01-28,7.697645664215088
2016-01-29,8.129373550415039
2016-02-01,8.202861785888672
2016-02-02,7.964030742645264
2016-02-03,8.51517391204834
2016-02-04,8.542733192443848
2016-02-05,8.230414390563965
2016-02-08,8.129373550415039
2016-02-09,7.991586208343506
2016-02-10,7.881359577178955
2016-02-11,7.725205421447754
2016-02-12,7.9089155197143555
2016-02-16,8.377388954162598
2016-02-17,8.542733192443848
2016-02-18,8.524361610412598
2016-02-19,8.414132118225098
2016-02-22,8.542733192443848
2016-02-23,8.505990028381348
2016-02-24,8.71726131439209
2016-02-25,8.772378921508789
2016-02-26,8.763191223144531
2016-02-29,8.772378921508789
2016-03-01,8.956089973449707
2016-03-02,9.130619049072266
2016-03-03,9.002020835876465
2016-03-04,8.956089973449707
2016-03-07,9.34189224243164
2016-03-08,9.038762092590332
2016-03-09,9.066320419311523
2016-03-10,9.185730934143066
2016-03-11,9.4429349899292
2016-03-14,9.424561500549316
2016-03-15,9.38782024383545
2016-03-16,9.433753967285156
2016-03-17,9.433753967285156
2016-03-18,9.525605201721191
2016-03-21,9.626648902893066
2016-03-22,9.562346458435059
2016-03-23,9.45212173461914
2016-03-24,9.461360931396484
2016-03-28,9.41516399383545
2016-03-29,9.52603816986084
2016-03-30,9.53527545928955
2016-03-31,9.52603816986084
2016-04-01,9.184172630310059
2016-04-04,8.88850212097168
2016-04-05,10.052694320678711
2016-04-06,10.080414772033691
2016-04-07,9.877141952514648
2016-04-08,9.720069885253906
2016-04-11,9.877141952514648
2016-04-12,9.849422454833984
2016-04-13,9.960299491882324
2016-04-14,9.664631843566895
2016-04-15,9.405922889709473
2016-04-18,9.147209167480469
2016-04-19,9.054819107055664
2016-04-20,9.128735542297363
2016-04-21,9.064055442810059
2016-04-22,9.405922889709473
2016-04-25,9.193413734436035
2016-04-26,9.202651023864746
2016-04-27,9.590714454650879
2016-04-28,9.646148681640625
2016-04-29,9.221131324768066
2016-05-02,9.008618354797363
2016-05-03,8.916224479675293
2016-05-04,8.759150505065918
2016-05-05,8.823824882507324
2016-05-06,8.842301368713379
2016-05-09,8.92546272277832
2016-05-10,8.99937629699707
2016-05-11,8.980901718139648
2016-05-12,8.786865234375
2016-05-13,8.796109199523926
2016-05-16,8.962421417236328
2016-05-17,8.990139961242676
2016-05-18,9.054819107055664
2016-05-19,8.990139961242676
2016-05-20,9.184172630310059
2016-05-23,9.17492961883545
2016-05-24,9.248851776123047
2016-05-25,9.29504680633545
2016-05-26,9.378201484680176
2016-05-27,9.30428695678711
2016-05-31,9.452119827270508
2016-06-01,9.470596313476562
2016-06-02,9.498318672180176
2016-06-03,9.396684646606445
2016-06-06,9.248851776123047
2016-06-07,9.332006454467773
2016-06-08,9.405922889709473
2016-06-09,9.479839324951172
2016-06-10,9.126668930053711
2016-06-13,9.024435997009277
2016-06-14,9.21031379699707
2016-06-15,9.331137657165527
2016-06-16,9.582073211669922
2016-06-17,9.312546730041504
2016-06-20,9.424074172973633
2016-06-21,9.377603530883789
2016-06-22,9.498425483703613
2016-06-23,9.675010681152344
2016-06-24,9.089492797851562
2016-06-27,8.476089477539062
2016-06-28,8.578325271606445
2016-06-29,8.773499488830566
2016-06-30,8.857146263122559
2016-07-01,8.857146263122559
2016-07-05,8.708441734313965
2016-07-06,8.773499488830566
2016-07-07,9.080198287963867
2016-07-08,9.293959617614746
2016-07-11,9.293959617614746
2016-07-12,9.340428352355957
2016-07-13,9.30325698852539
2016-07-14,9.377603530883789
2016-07-15,9.293959617614746
2016-07-18,9.368311882019043
2016-07-19,9.15455150604248
2016-07-20,10.4464111328125
2016-07-21,10.483589172363281
2016-07-22,10.883228302001953
2016-07-25,10.725229263305664
2016-07-26,10.818169593811035
2016-07-27,10.846051216125488
2016-07-28,11.050516128540039
2016-07-29,10.920403480529785
2016-08-01,11.013340950012207
2016-08-02,10.557938575744629
2016-08-03,10.502177238464355
2016-08-04,10.60440731048584
2016-08-05,10.60440731048584
2016-08-08,10.60440731048584
2016-08-09,10.771700859069824
2016-08-10,10.660171508789062
2016-08-11,10.613704681396484
2016-08-12,10.59511661529541
2016-08-15,10.873932838439941
2016-08-16,10.725229263305664
2016-08-17,10.79028606414795
2016-08-18,10.82746410369873
2016-08-19,11.292160987854004
2016-08-22,11.552390098571777
2016-08-23,11.357218742370605
2016-08-24,11.254984855651855
2016-08-25,11.320042610168457
2016-08-26,11.403687477111816
2016-08-29,11.431570053100586
2016-08-30,11.431570053100586
2016-08-31,11.524511337280273
2016-09-01,11.961325645446777
2016-09-02,12.09144115447998
2016-09-06,12.026384353637695
2016-09-07,11.738271713256836
2016-09-08,11.663920402526855
2016-09-09,11.440864562988281
2016-09-12,11.654624938964844
2016-09-13,11.570978164672852
2016-09-14,11.580276489257812
2016-09-15,11.682506561279297
2016-09-16,11.840503692626953
2016-09-19,11.989208221435547
2016-09-20,11.701094627380371
2016-09-21,12.007796287536621
2016-09-22,12.04497241973877
2016-09-23,12.09144115447998
2016-09-26,12.016746520996094
2016-09-27,12.22215747833252
2016-09-28,12.296854972839355
2016-09-29,12.362212181091309
2016-09-30,12.390227317810059
2016-10-03,12.156803131103516
2016-10-04,12.156803131103516
2016-10-05,12.296854972839355
2016-10-06,12.306194305419922
2016-10-07,12.240830421447754
2016-10-10,12.296854972839355
2016-10-11,11.979401588439941
2016-10-12,12.082104682922363
2016-10-13,12.1381254196167
2016-10-14,12.1381254196167
2016-10-17,12.016746520996094
2016-10-18,12.147461891174316
2016-10-19,12.054093360900879
2016-10-20,12.184809684753418
2016-10-21,12.044756889343262
2016-10-24,12.203487396240234
2016-10-25,12.287518501281738
2016-10-26,12.511605262756348
2016-10-27,12.250168800354004
2016-10-28,12.231498718261719
2016-10-31,12.166136741638184
2016-11-01,12.091440200805664
2016-11-02,12.082104682922363
2016-11-03,11.792657852172852
2016-11-04,11.689950942993164
2016-11-07,11.998072624206543
2016-11-08,11.858014106750488
2016-11-09,11.858014106750488
2016-11-10,11.661940574645996
2016-11-11,12.119457244873047
2016-11-14,12.315530776977539
2016-11-15,12.539618492126465
2016-11-16,12.539618492126465
2016-11-17,12.47425651550293
2016-11-18,13.818792343139648
2016-11-21,13.772104263305664
2016-11-22,13.82812786102295
2016-11-23,13.716081619262695
2016-11-25,13.688070297241211
2016-11-28,13.520004272460938
2016-11-29,13.426637649536133
2016-11-30,13.389287948608398
2016-12-01,13.053154945373535
2016-12-02,13.146926879882812
2016-12-05,13.156304359436035
2016-12-06,13.184436798095703
2016-12-07,13.475130081176758
2016-12-08,13.362604141235352
2016-12-09,13.456376075744629
2016-12-12,13.287586212158203
2016-12-13,13.418869972229004
2016-12-14,13.37198257446289
2016-12-15,13.587657928466797
2016-12-16,13.428242683410645
2016-12-19,13.315716743469238
2016-12-20,13.446999549865723
2016-12-21,13.484509468078613
2016-12-22,13.400115966796875
2016-12-23,13.428242683410645
2016-12-27,13.446999549865723
2016-12-28,13.259453773498535
2016-12-29,13.231324195861816
2016-12-30,13.006269454956055
2017-01-03,13.17506217956543
2017-01-04,13.353224754333496
2017-01-05,13.165681838989258
2017-01-06,13.29696273803711
2017-01-09,13.475130081176758
2017-01-10,13.653301239013672
2017-01-11,13.63454532623291
2017-01-12,13.522015571594238
2017-01-13,13.568906784057617
2017-01-17,13.334474563598633
2017-01-18,13.325094223022461
2017-01-19,13.221948623657227
2017-01-20,13.231324195861816
2017-01-23,13.081289291381836
2017-01-24,13.60641098022461
2017-01-25,14.309706687927246
2017-01-26,14.178426742553711
2017-01-27,14.150296211242676
2017-01-30,13.98150634765625
2017-01-31,13.943995475769043
2017-02-01,14.375349998474121
2017-02-02,14.431615829467773
2017-02-03,14.741065979003906
2017-02-06,14.778573036193848
2017-02-07,14.741065979003906
2017-02-08,14.703556060791016
2017-02-09,14.684800148010254
2017-02-10,14.516008377075195
2017-02-13,14.703556060791016
2017-02-14,14.609781265258789
2017-02-15,14.825456619262695
2017-02-16,14.806702613830566
2017-02-17,14.825456619262695
2017-02-21,15.200543403625488
2017-02-22,15.266190528869629
2017-02-23,15.013004302978516
2017-02-24,15.013004302978516
2017-02-27,15.022383689880371
2017-02-28,14.628536224365234
2017-03-01,14.93798542022705
2017-03-02,14.862970352172852
2017-03-03,15.088022232055664
2017-03-06,15.031757354736328
2017-03-07,14.94736099243164
2017-03-08,14.853590965270996
2017-03-09,14.844212532043457
2017-03-10,15.369339942932129
2017-03-13,15.256814956665039
2017-03-14,15.022383689880371
2017-03-15,15.003625869750977
2017-03-16,15.069263458251953
2017-03-17,15.116155624389648
2017-03-20,15.238059043884277
2017-03-21,14.722311973571777
2017-03-22,14.862970352172852
2017-03-23,14.919228553771973
2017-03-24,14.909850120544434
2017-03-27,14.75043773651123
2017-03-28,14.722311973571777
2017-03-29,14.759818077087402
2017-03-30,14.637913703918457
2017-03-31,14.364920616149902
2017-04-03,14.120173454284668
2017-04-04,14.08251953125
2017-04-05,14.110758781433105
2017-04-06,14.214303016662598
2017-04-07,14.251958847045898
2017-04-10,14.195480346679688
2017-04-11,13.978970527648926
2017-04-12,13.941317558288574
2017-04-13,13.818943977355957
2017-04-17,13.96014404296875
2017-04-18,14.01662826538086
2017-04-19,14.026040077209473
2017-04-20,14.063692092895508
2017-04-21,14.026040077209473
2017-04-24,14.176653861999512
2017-04-25,14.581430435180664
2017-04-26,13.856595039367676
2017-04-27,14.20489501953125
2017-04-28,14.139001846313477
2017-05-01,14.110758781433105
2017-05-02,13.8754243850708
2017-05-03,14.223721504211426
2017-05-04,14.195480346679688
2017-05-05,14.270788192749023
2017-05-08,14.251958847045898
2017-05-09,14.628499984741211
2017-05-10,14.82618236541748
2017-05-11,14.78852653503418
2017-05-12,14.619086265563965
2017-05-15,15.165064811706543
2017-05-16,15.296854972839355
2017-05-17,14.364920616149902
2017-05-18,14.600259780883789
2017-05-19,15.070932388305664
2017-05-22,15.240376472473145
2017-05-23,15.40040111541748
2017-05-24,15.795770645141602
2017-05-25,15.946383476257324
2017-05-26,16.63356590270996
2017-05-30,16.351165771484375
2017-05-31,16.228788375854492
2017-06-01,16.73711585998535
2017-06-02,16.558252334594727
2017-06-05,16.50177764892578
2017-06-06,16.765352249145508
2017-06-07,16.680627822875977
2017-06-08,16.79359245300293
2017-06-09,16.247615814208984
2017-06-12,16.426471710205078
2017-06-13,16.69945526123047
2017-06-14,16.511198043823242
2017-06-15,16.388811111450195
2017-06-16,16.313507080078125
2017-06-19,16.426471710205078
2017-06-20,16.492361068725586
2017-06-21,16.511198043823242
2017-06-22,16.539432525634766
2017-06-23,16.63356590270996
2017-06-26,16.61473846435547
2017-06-27,15.80518913269043
2017-06-28,16.12523651123047
2017-06-29,15.842828750610352
2017-06-30,15.606657981872559
2017-07-03,15.20042896270752
2017-07-05,15.427159309387207
2017-07-06,15.181532859802246
2017-07-07,15.238213539123535
2017-07-10,15.228775978088379
2017-07-11,15.172087669372559
2017-07-12,15.464948654174805
2017-07-13,15.549972534179688
2017-07-14,15.663336753845215
2017-07-17,15.361030578613281
2017-07-18,15.31379222869873
2017-07-19,15.568866729736328
2017-07-20,15.568866729736328
2017-07-21,15.351585388183594
2017-07-24,15.33268928527832
2017-07-25,15.115406036376953
2017-07-26,15.162638664245605
2017-07-27,14.99258804321289
2017-07-28,14.728073120117188
2017-07-31,14.699731826782227
2017-08-01,14.898120880126953
2017-08-02,14.81309986114502
2017-08-03,14.643048286437988
2017-08-04,14.690285682678223
2017-08-07,14.81309986114502
2017-08-08,14.73752212524414
2017-08-09,14.643048286437988
2017-08-10,14.217926979064941
2017-08-11,14.539133071899414
2017-08-14,14.690285682678223
2017-08-15,14.945356369018555
2017-08-16,15.068170547485352
2017-08-17,14.690285682678223
2017-08-18,14.784756660461426
2017-08-21,14.756418228149414
2017-08-22,15.03982925415039
2017-08-23,15.01148509979248
2017-08-24,14.983144760131836
2017-08-25,16.107351303100586
2017-08-28,16.192371368408203
2017-08-29,16.305747985839844
2017-08-30,16.778100967407227
2017-08-31,16.91980743408203
2017-09-01,16.863130569458008
2017-09-05,16.853675842285156
2017-09-06,16.636394500732422
2017-09-07,16.504135131835938
2017-09-08,16.29629135131836
2017-09-11,16.409664154052734
2017-09-12,16.626943588256836
2017-09-13,16.83478355407715
2017-09-14,17.269351959228516
2017-09-15,17.32604217529297
2017-09-18,17.41105842590332
2017-09-19,17.146541595458984
2017-09-20,17.033170700073242
2017-09-21,17.033170700073242
2017-09-22,16.882017135620117
2017-09-25,16.636394500732422
2017-09-26,16.674182891845703
2017-09-27,16.92924690246582
2017-09-28,16.97649383544922
2017-09-29,16.91036605834961
2017-10-02,17.38271713256836
2017-10-03,17.41105842590332
2017-10-04,17.486635208129883
2017-10-05,17.3543758392334
2017-10-06,17.25011444091797
2017-10-09,17.487075805664062
2017-10-10,17.543935775756836
2017-10-11,17.543935775756836
2017-10-12,17.335420608520508
2017-10-13,17.325942993164062
2017-10-16,17.316463470458984
2017-10-17,17.40176773071289
2017-10-18,17.487075805664062
2017-10-19,17.44915008544922
2017-10-20,17.44915008544922
2017-10-23,17.506019592285156
2017-10-24,17.61027717590332
2017-10-25,17.430198669433594
2017-10-26,17.439682006835938
2017-10-27,17.477590560913086
2017-10-30,17.278554916381836
2017-10-31,17.506019592285156
2017-11-01,17.335420608520508
2017-11-02,17.325942993164062
2017-11-03,17.543935775756836
2017-11-06,19.145732879638672
2017-11-07,19.079389572143555
2017-11-08,19.098342895507812
2017-11-09,19.079389572143555
2017-11-10,19.079389572143555
2017-11-13,19.079389572143555
2017-11-14,19.069910049438477
2017-11-15,19.022512435913086
2017-11-16,19.202600479125977
2017-11-17,19.231033325195312
2017-11-20,20.46318817138672
2017-11-21,22.064977645874023
2017-11-22,22.586278915405273
2017-11-24,22.557846069335938
2017-11-27,22.159765243530273
2017-11-28,22.05550765991211
2017-11-29,21.050827026367188
2017-11-30,21.174041748046875
2017-12-01,21.022397994995117
2017-12-04,21.136131286621094
2017-12-05,20.823352813720703
2017-12-06,20.681184768676758
2017-12-07,20.85178565979004
2017-12-08,20.88970184326172
2017-12-11,20.899181365966797
2017-12-12,21.031875610351562
2017-12-13,20.690658569335938
2017-12-14,20.520065307617188
2017-12-15,20.491621017456055
2017-12-18,21.003442764282227
2017-12-19,21.202478408813477
2017-12-20,21.145612716674805
2017-12-21,20.899181365966797
2017-12-22,20.86127281188965
2017-12-26,20.75672721862793
2017-12-27,20.95631217956543
2017-12-28,20.804244995117188
2017-12-29,20.405073165893555
2018-01-02,21.098875045776367
2018-01-03,21.75464630126953
2018-01-04,22.24885368347168
2018-01-05,21.85918426513672
2018-01-08,22.0207576751709
2018-01-09,22.00174331665039
2018-01-10,21.992244720458984
2018-01-11,22.00174331665039
2018-01-12,22.65752601623535
2018-01-16,22.41041374206543
2018-01-17,22.4199275970459
2018-01-18,22.51496124267578
2018-01-19,22.505460739135742
2018-01-22,22.448436737060547
2018-01-23,22.36289405822754
2018-01-24,22.134811401367188
2018-01-25,21.868694305419922
2018-01-26,22.229839324951172
2018-01-29,22.286869049072266
2018-01-30,21.97323226928711
2018-01-31,22.172819137573242
2018-02-01,21.47902488708496
2018-02-02,21.317462921142578
2018-02-05,20.291027069091797
2018-02-06,20.62366485595703
2018-02-07,20.27202033996582
2018-02-08,19.71128273010254
2018-02-09,20.243501663208008
2018-02-12,20.8327579498291
2018-02-13,21.212919235229492
2018-02-14,21.155887603759766
2018-02-15,21.612079620361328
2018-02-16,21.5550537109375
2018-02-20,22.049270629882812
2018-02-21,22.039752960205078
2018-02-22,21.98274040222168
2018-02-23,22.096786499023438
2018-02-26,22.29636573791504
2018-02-27,22.220338821411133
2018-02-28,22.324874877929688
2018-03-01,22.153812408447266
2018-03-02,22.258352279663086
2018-03-05,22.324874877929688
2018-03-06,22.400909423828125
2018-03-07,22.51496124267578
2018-03-08,23.113712310791016
2018-03-09,23.132719039916992
2018-03-12,23.16123390197754
2018-03-13,21.802160263061523
2018-03-14,22.239349365234375
2018-03-15,22.039752960205078
2018-03-16,22.03026008605957
2018-03-19,21.688112258911133
2018-03-20,21.97323226928711
2018-03-21,21.85918426513672
2018-03-22,20.965805053710938
2018-03-23,20.41457748413086
2018-03-26,21.108367919921875
2018-03-27,20.329044342041016
2018-03-28,19.557052612304688
2018-03-29,20.0145263671875
2018-04-02,19.2520694732666
2018-04-03,19.46174430847168
2018-04-04,19.82391357421875
2018-04-05,20.138423919677734
2018-04-06,19.54752540588379
2018-04-09,19.63330078125
2018-04-10,20.472003936767578
2018-04-11,21.034317016601562
2018-04-12,21.367887496948242
2018-04-13,20.97713279724121
2018-04-16,20.738866806030273
2018-04-17,21.20586395263672
2018-04-18,20.986665725708008
2018-04-19,20.05265235900879
2018-04-20,19.57611846923828
2018-04-23,19.404563903808594
2018-04-24,19.68095588684082
2018-04-25,19.423622131347656
2018-04-26,19.90968894958496
2018-04-27,19.39503288269043
2018-04-30,19.118642807006836
2018-05-01,19.366443634033203
2018-05-02,19.595176696777344
2018-05-03,19.82391357421875
2018-05-04,20.25279998779297
2018-05-07,19.82391357421875
2018-05-08,20.090782165527344
2018-05-09,20.290929794311523
2018-05-10,20.433881759643555
2018-05-11,20.033584594726562
2018-05-14,20.90088653564453
2018-05-15,20.681678771972656
2018-05-16,20.843704223632812
2018-05-17,20.614961624145508
2018-05-18,20.414819717407227
2018-05-21,20.433881759643555
2018-05-22,20.891357421875
2018-05-23,21.015256881713867
2018-05-24,20.919952392578125
2018-05-25,21.434606552124023
2018-05-29,20.910419464111328
2018-05-30,20.958066940307617
2018-05-31,20.529186248779297
2018-06-01,21.129619598388672
2018-06-04,21.053382873535156
2018-06-05,20.996198654174805
2018-06-06,21.07244300842285
2018-06-07,21.158218383789062
2018-06-08,20.72933578491211
2018-06-11,20.367164611816406
2018-06-12,20.595903396606445
2018-06-13,20.967599868774414
2018-06-14,20.738866806030273
2018-06-15,20.88182258605957
2018-06-18,20.748394012451172
2018-06-19,20.31951332092285
2018-06-20,20.72933578491211
2018-06-21,20.243268966674805
2018-06-22,20.309986114501953
2018-06-25,19.233009338378906
2018-06-26,18.975675582885742
2018-06-27,19.17582130432129
2018-06-28,20.748394012451172
2018-06-29,20.433881759643555
2018-07-02,20.462467193603516
2018-07-03,20.033584594726562
2018-07-05,20.33856964111328
2018-07-06,20.673091888427734
2018-07-09,21.036277770996094
2018-07-10,21.657522201538086
2018-07-11,20.778223037719727
2018-07-12,21.160526275634766
2018-07-13,20.89291763305664
2018-07-16,20.214326858520508
2018-07-17,20.739992141723633
2018-07-18,20.62529754638672
2018-07-19,20.749553680419922
2018-07-20,20.89291763305664
2018-07-23,20.778223037719727
2018-07-24,20.59662628173828
2018-07-25,20.739992141723633
2018-07-26,21.084064483642578
2018-07-27,20.71131706237793
2018-07-30,20.30034828186035
2018-07-31,20.367244720458984
2018-08-01,20.26211166381836
2018-08-02,20.615747451782227
2018-08-03,20.424592971801758
2018-08-06,20.88335609436035
2018-08-07,21.189197540283203
2018-08-08,21.122291564941406
2018-08-09,20.730440139770508
2018-08-10,19.984941482543945
2018-08-13,19.870256423950195
2018-08-14,19.58352279663086
2018-08-15,19.201221466064453
2018-08-16,19.373254776000977
2018-08-17,18.904937744140625
2018-08-20,18.962276458740234
2018-08-21,19.40192413330078
2018-08-22,19.53573226928711
2018-08-23,19.344585418701172
2018-08-24,19.58352279663086
2018-08-27,19.58352279663086
2018-08-28,19.679094314575195
2018-08-29,20.137859344482422
2018-08-30,19.92759895324707
2018-08-31,19.76511573791504
2018-09-04,19.78423500061035
2018-09-05,19.573963165283203
2018-09-06,18.599088668823242
2018-09-07,18.589542388916016
2018-09-10,18.188112258911133
2018-09-11,17.968284606933594
2018-09-12,17.519081115722656
2018-09-13,17.719791412353516
2018-09-14,18.130769729614258
2018-09-17,17.624210357666016
2018-09-18,17.83448600769043
2018-09-19,17.633771896362305
2018-09-20,18.016077041625977
2018-09-21,18.016077041625977
2018-09-24,18.04474639892578
2018-09-25,17.767578125
2018-09-26,17.67200469970703
2018-09-27,17.88226890563965
2018-09-28,18.446170806884766
2018-10-01,18.474929809570312
2018-10-02,18.599565505981445
2018-10-03,18.762557983398438
2018-10-04,18.484516143798828
2018-10-05,17.83257484436035
2018-10-08,17.5928897857666
2018-10-09,17.707937240600586
2018-10-10,16.66290855407715
2018-10-11,16.98888397216797
2018-10-12,17.26692008972168
2018-10-15,17.37238121032715
2018-10-16,18.091434478759766
2018-10-17,18.17772102355957
2018-10-18,17.343618392944336
2018-10-19,17.027233123779297
2018-10-22,17.2573299407959
2018-10-23,16.816312789916992
2018-10-24,15.85756778717041
2018-10-25,16.145187377929688
2018-10-26,15.033051490783691
2018-10-29,14.956354141235352
2018-10-30,15.464482307434082
2018-10-31,15.732934951782227
2018-11-01,16.854660034179688
2018-11-02,16.864246368408203
2018-11-05,16.43281364440918
2018-11-06,16.16436767578125
2018-11-07,16.183536529541016
2018-11-08,16.020551681518555
2018-11-09,15.713756561279297
2018-11-12,15.13851261138916
2018-11-13,15.071403503417969
2018-11-14,15.080988883972168
2018-11-15,15.435722351074219
2018-11-16,15.243974685668945
2018-11-19,14.56326961517334
2018-11-20,14.592031478881836
2018-11-21,15.02346420288086
2018-11-23,15.004288673400879
2018-11-26,15.320671081542969
2018-11-27,15.359025955200195
2018-11-28,15.435722351074219
2018-11-29,15.406959533691406
2018-11-30,15.445311546325684
2018-12-03,15.704169273376465
2018-12-04,14.860478401184082
2018-12-06,15.426133155822754
2018-12-07,14.802953720092773
2018-12-10,14.716669082641602
2018-12-11,14.668729782104492
2018-12-12,14.716669082641602
2018-12-13,15.004288673400879
2018-12-14,14.745429992675781
2018-12-17,14.620794296264648
2018-12-18,14.802953720092773
2018-12-19,14.151009559631348
2018-12-20,14.237297058105469
2018-12-21,14.275649070739746
2018-12-24,13.871347427368164
2018-12-26,14.8917236328125
2018-12-27,15.113128662109375
2018-12-28,15.064992904663086
2018-12-31,15.58481502532959
2019-01-02,15.883221626281738
2019-01-03,15.180509567260742
2019-01-04,15.632939338684082
2019-01-07,15.989113807678223
2019-01-08,16.06612205505371
2019-01-09,16.451171875
2019-01-10,16.47041893005371
2019-01-11,16.68219566345215
2019-01-14,16.40303611755371
2019-01-15,16.21051025390625
2019-01-16,16.017990112304688
2019-01-17,15.902475357055664
2019-01-18,16.249013900756836
2019-01-22,16.037235260009766
2019-01-23,16.056493759155273
2019-01-24,16.845836639404297
2019-01-25,17.875839233398438
2019-01-28,17.673690795898438
2019-01-29,17.45229148864746
2019-01-30,17.683319091796875
2019-01-31,17.837343215942383
2019-02-01,17.721817016601562
2019-02-04,17.875839233398438
2019-02-05,17.962478637695312
2019-02-06,18.328275680541992
2019-02-07,17.644817352294922
2019-02-08,17.702571868896484
2019-02-11,18.3378963470459
2019-02-12,18.674819946289062
2019-02-13,18.568933486938477
2019-02-14,18.472675323486328
2019-02-15,18.126121520996094
2019-02-19,18.58818244934082
2019-02-20,19.059865951538086
2019-02-21,18.876970291137695
2019-02-22,18.915470123291016
2019-02-25,18.963607788085938
2019-02-26,19.136873245239258
2019-02-27,18.97322654724121
2019-02-28,19.20426368713379
2019-03-01,19.281269073486328
2019-03-04,19.38715934753418
2019-03-05,19.300519943237305
2019-03-06,18.867345809936523
2019-03-07,18.45342254638672
2019-03-08,17.981725692749023
2019-03-11,18.655567169189453
2019-03-12,19.050243377685547
2019-03-13,18.953975677490234
2019-03-14,18.684446334838867
2019-03-15,19.38715934753418
2019-03-18,19.20426368713379
2019-03-19,19.473793029785156
2019-03-20,19.262020111083984
2019-03-21,20.012863159179688
2019-03-22,18.97322654724121
2019-03-25,18.992477416992188
2019-03-26,18.953975677490234
2019-03-27,19.079116821289062
2019-03-28,18.694072723388672
2019-03-29,19.146507263183594
2019-04-01,19.4930477142334
2019-04-02,19.48339080810547
2019-04-03,19.917858123779297
2019-04-04,20.246122360229492
2019-04-05,20.564725875854492
2019-04-08,20.699892044067383
2019-04-09,20.9605770111084
2019-04-10,21.568824768066406
2019-04-11,21.85847282409668
2019-04-12,22.920499801635742
2019-04-15,22.891530990600586
2019-04-16,23.181184768676758
2019-04-17,24.01149559020996
2019-04-18,23.992177963256836
2019-04-22,23.982532501220703
2019-04-23,24.252864837646484
2019-04-24,24.590784072875977
2019-04-25,24.523195266723633
2019-04-26,24.194929122924805
2019-04-29,24.272171020507812
2019-04-30,24.15631103515625
2019-05-01,23.82805061340332
2019-05-02,23.857011795043945
2019-05-03,23.837705612182617
2019-05-06,23.586681365966797
2019-05-07,23.026700973510742
2019-05-08,23.036354064941406
2019-05-09,22.59222984313965
2019-05-10,22.698436737060547
2019-05-13,21.375730514526367
2019-05-14,22.099838256835938
2019-05-15,22.302597045898438
2019-05-16,22.302597045898438
2019-05-17,21.839160919189453
2019-05-20,20.989543914794922
2019-05-21,21.626752853393555
2019-05-22,21.819854736328125
2019-05-23,21.356422424316406
2019-05-24,21.163320541381836
2019-05-28,20.603343963623047
2019-05-29,21.25987434387207
2019-05-30,21.424007415771484
2019-05-31,21.53020477294922
2019-06-03,21.578481674194336
2019-06-04,22.611547470092773
2019-06-05,22.370176315307617
2019-06-06,22.87222671508789
2019-06-07,23.21980094909668
2019-06-10,23.60598373413086
2019-06-11,23.818397521972656
2019-06-12,23.229454040527344
2019-06-13,23.422550201416016
2019-06-14,23.00739288330078
2019-06-17,22.90119171142578
2019-06-18,23.702539443969727
2019-06-19,23.470821380615234
2019-06-20,23.287378311157227
2019-06-21,23.142555236816406
2019-06-24,22.959115982055664
2019-06-25,22.60189437866211
2019-06-26,22.891530990600586
2019-06-27,23.065322875976562
2019-06-28,23.0460147857666
2019-07-01,23.432207107543945
2019-07-02,23.20048713684082
2019-07-03,23.72184944152832
2019-07-05,23.461170196533203
2019-07-08,23.30668830871582
2019-07-09,23.712188720703125
2019-07-10,24.23355484008789
2019-07-11,24.088380813598633
2019-07-12,24.58195686340332
2019-07-15,25.172306060791016
2019-07-16,24.90132713317871
2019-07-17,25.259414672851562
2019-07-18,25.540075302124023
2019-07-19,25.08521270751953
2019-07-22,25.01746940612793
2019-07-23,25.646528244018555
2019-07-24,26.294952392578125
2019-07-25,26.333667755126953
2019-07-26,26.449796676635742
2019-07-29,26.401412963867188
2019-07-30,26.004619598388672
2019-07-31,25.414260864257812
2019-08-01,24.82390785217285
2019-08-02,24.2238712310791
2019-08-05,23.178661346435547
2019-08-06,23.48835563659668
2019-08-07,23.904504776000977
2019-08-08,24.54324722290039
2019-08-09,23.923860549926758
2019-08-12,23.149625778198242
2019-08-13,24.330331802368164
2019-08-14,23.904504776000977
2019-08-15,23.304473876953125
2019-08-16,24.13677215576172
2019-08-19,24.359365463256836
2019-08-20,24.117420196533203
2019-08-21,24.020631790161133
2019-08-22,24.001285552978516
2019-08-23,23.014129638671875
2019-08-26,22.839927673339844
2019-08-27,22.752830505371094
2019-08-28,22.820573806762695
2019-08-29,23.420602798461914
2019-08-30,23.198009490966797
2019-09-03,22.5399169921875
2019-09-04,23.256080627441406
2019-09-05,24.06903076171875
2019-09-06,24.059349060058594
2019-09-09,24.194841384887695
2019-09-10,24.010961532592773
2019-09-11,25.152957916259766
2019-09-12,25.13360023498535
2019-09-13,25.027141571044922
2019-09-16,24.58195686340332
2019-09-17,25.01746940612793
2019-09-18,24.794876098632812
2019-09-19,24.785194396972656
2019-09-20,24.03999900817871
2019-09-23,24.233556747436523
2019-09-24,23.527061462402344
2019-09-25,24.117420196533203
2019-09-26,24.185161590576172
2019-09-27,23.96257209777832
2019-09-30,24.165807723999023
2019-10-01,23.227046966552734
2019-10-02,23.217370986938477
2019-10-03,23.13994598388672
2019-10-04,23.652875900268555
2019-10-07,23.730300903320312
2019-10-08,22.210861206054688
2019-10-09,22.60869598388672
2019-10-10,22.599000930786133
2019-10-11,23.326745986938477
2019-10-14,23.33644676208496
2019-10-15,23.676067352294922
2019-10-16,23.074459075927734
2019-10-17,22.92890739440918
2019-10-18,22.97742462158203
2019-10-21,23.30733871459961
2019-10-22,23.384960174560547
2019-10-23,22.647506713867188
2019-10-24,23.676067352294922
2019-10-25,24.01567840576172
2019-10-28,24.403812408447266
2019-10-29,23.97686767578125
2019-10-30,23.676067352294922
2019-10-31,23.66635513305664
2019-11-01,24.394105911254883
2019-11-04,26.00485610961914
2019-11-05,26.237733840942383
2019-11-06,25.869009017944336
2019-11-07,26.08248519897461
2019-11-08,26.266845703125
2019-11-11,26.150409698486328
2019-11-12,27.2371768951416
2019-11-13,27.275989532470703
2019-11-14,26.189218521118164
2019-11-15,26.06307601928711
2019-11-18,25.345029830932617
2019-11-19,25.577909469604492
2019-11-20,25.607023239135742
2019-11-21,25.36443519592285
2019-11-22,25.21889305114746
2019-11-25,25.88841438293457
2019-11-26,25.72345733642578
2019-11-27,25.88841438293457
2019-11-29,25.58761978149414
2019-12-02,25.044227600097656
2019-12-03,24.41351890563965
2019-12-04,23.21030616760254
2019-12-05,22.754253387451172
2019-12-06,23.452884674072266
2019-12-09,22.822174072265625
2019-12-10,22.97742462158203
2019-12-11,24.04478645324707
2019-12-12,24.869569778442383
2019-12-13,24.9569034576416
2019-12-16,25.16066551208496
2019-12-17,25.005413055419922
2019-12-18,24.821056365966797
2019-12-19,25.277109146118164
2019-12-20,25.189781188964844
2019-12-23,25.71375846862793
2019-12-24,25.820735931396484
2019-12-26,26.190290451049805
2019-12-27,25.956890106201172
2019-12-30,25.684581756591797
2019-12-31,25.830455780029297
2020-01-02,26.627939224243164
2020-01-03,25.937440872192383
2020-01-06,24.97463607788086
2020-01-07,25.528982162475586
2020-01-08,25.33446502685547
2020-01-09,25.383092880249023
2020-01-10,25.772104263305664
2020-01-13,26.764089584350586
2020-01-14,26.754369735717773
2020-01-15,25.986064910888672
2020-01-16,27.474037170410156
2020-01-17,27.707447052001953
2020-01-21,26.754369735717773
2020-01-22,27.016950607299805
2020-01-23,27.25035858154297
2020-01-24,26.559864044189453
2020-01-27,25.1594181060791
2020-01-28,25.606779098510742
2020-01-29,24.40083885192871
2020-01-30,24.118804931640625
2020-01-31,23.379680633544922
2020-02-03,23.54500961303711
2020-02-04,24.07990264892578
2020-02-05,25.130233764648438
2020-02-06,25.04271125793457
2020-02-07,23.360227584838867
2020-02-10,23.486652374267578
2020-02-11,24.799577713012695
2020-02-12,24.78013038635254
2020-02-13,24.527267456054688
2020-02-14,24.430017471313477
2020-02-18,24.10907745361328
2020-02-19,24.51753807067871
2020-02-20,24.43973731994629
2020-02-21,23.75896644592285
2020-02-24,22.329345703125
2020-02-25,22.027856826782227
2020-02-26,21.745826721191406
2020-02-27,19.98554039001465
2020-02-28,20.714937210083008
2020-03-02,21.3568115234375
2020-03-03,20.714937210083008
2020-03-04,21.96950912475586
2020-03-05,24.2452335357666
2020-03-06,23.428306579589844
2020-03-09,21.60967254638672
2020-03-10,22.572481155395508
2020-03-11,21.405439376831055
2020-03-12,19.022729873657227
2020-03-13,20.20922088623047
2020-03-16,17.25271987915039
2020-03-17,18.303062438964844
2020-03-18,16.77618408203125
2020-03-19,18.322513580322266
2020-03-20,18.157182693481445
2020-03-23,18.439218521118164
2020-03-24,21.259559631347656
2020-03-25,21.006698608398438
2020-03-26,22.543302536010742
2020-03-27,21.736099243164062
2020-03-30,22.07648277282715
2020-03-31,22.008405685424805
2020-04-01,21.04560089111328
2020-04-02,22.089107513427734
2020-04-03,21.874549865722656
2020-04-06,23.249637603759766
2020-04-07,23.27889060974121
2020-04-08,24.127344131469727
2020-04-09,23.678741455078125
2020-04-13,23.903039932250977
2020-04-14,24.89778709411621
2020-04-15,24.527193069458008
2020-04-16,25.151351928710938
2020-04-17,25.317134857177734
2020-04-20,25.580448150634766
2020-04-21,24.653972625732422
2020-04-22,25.99005126953125
2020-04-23,25.7657470703125
2020-04-24,26.458166122436523
2020-04-27,26.750732421875
2020-04-28,26.214351654052734
2020-04-29,27.062814712524414
2020-04-30,26.077817916870117
2020-05-01,24.800264358520508
2020-05-04,25.063575744628906
2020-05-05,25.619464874267578
2020-05-06,25.9412841796875
2020-05-07,25.785253524780273
2020-05-08,26.185096740722656
2020-05-11,25.68772315979004
2020-05-12,25.404905319213867
2020-05-13,25.1416015625
2020-05-14,25.629213333129883
2020-05-15,25.68772315979004
2020-05-18,26.897016525268555
2020-05-19,26.692222595214844
2020-05-20,28.24284553527832
2020-05-21,28.379379272460938
2020-05-22,29.383872985839844
2020-05-26,29.647188186645508
2020-05-27,29.939756393432617
2020-05-28,29.22783088684082
2020-05-29,31.81221580505371
2020-06-01,32.16329574584961
2020-06-02,33.752933502197266
2020-06-03,35.069496154785156
2020-06-04,35.00122833251953
2020-06-05,35.00122833251953
2020-06-08,34.08452224731445
2020-06-09,34.29906463623047
2020-06-10,34.19178771972656
2020-06-11,32.494873046875
2020-06-12,32.89472579956055
2020-06-15,33.53837966918945
2020-06-16,33.87971878051758
2020-06-17,34.1137580871582
2020-06-18,33.63591384887695
2020-06-19,33.13853454589844
2020-06-22,33.85045623779297
2020-06-23,33.50912094116211
2020-06-24,32.79719543457031
2020-06-25,33.03125762939453
2020-06-26,32.4071044921875
2020-06-29,32.728939056396484
2020-06-30,34.19178771972656
2020-07-01,33.51887130737305
2020-07-02,34.15278244018555
2020-07-06,35.26454162597656
2020-07-07,34.562381744384766
2020-07-08,36.649375915527344
2020-07-09,37.1760139465332
2020-07-10,37.42020797729492
2020-07-13,35.818294525146484
2020-07-14,36.365299224853516
2020-07-15,36.189476013183594
2020-07-16,35.740150451660156
2020-07-17,35.67177963256836
2020-07-20,36.02342224121094
2020-07-21,35.476417541503906
2020-07-22,35.17362594604492
2020-07-23,34.50941467285156
2020-07-24,34.17730712890625
2020-07-27,34.75360870361328
2020-07-28,34.16754150390625
2020-07-29,34.294525146484375
2020-07-30,35.105255126953125
2020-07-31,35.62294387817383
2020-08-03,36.50203323364258
2020-08-04,36.629024505615234
2020-08-05,36.89274978637695
2020-08-06,35.779232025146484
2020-08-07,35.24200439453125
2020-08-10,34.5289421081543
2020-08-11,33.884281158447266
2020-08-12,34.46057891845703
2020-08-13,33.89404296875
2020-08-14,32.7902946472168
2020-08-17,32.99541091918945
2020-08-18,32.604705810546875
2020-08-19,32.34097671508789
2020-08-20,32.028411865234375
2020-08-21,32.68285369873047
2020-08-24,33.91358184814453
2020-08-25,34.39219665527344
2020-08-26,34.78291320800781
2020-08-27,35.07594299316406
2020-08-28,37.36159896850586
2020-08-31,37.87928771972656
2020-09-01,38.27976608276367
2020-09-02,40.23331832885742
2020-09-03,37.42997360229492
2020-09-04,36.49226760864258
2020-09-08,36.677852630615234
2020-09-09,38.533729553222656
2020-09-10,37.61555862426758
2020-09-11,37.8597412109375
2020-09-14,38.309078216552734
2020-09-15,38.10394287109375
2020-09-16,37.19554901123047
2020-09-17,37.8109130859375
2020-09-18,37.59602737426758
2020-09-21,37.48859405517578
2020-09-22,37.957435607910156
2020-09-23,36.697383880615234
2020-09-24,37.01972961425781
2020-09-25,37.166236877441406
2020-09-28,38.96350860595703
2020-09-29,38.484886169433594
2020-09-30,38.77791976928711
2020-10-01,39.37374496459961
2020-10-02,38.84629440307617
2020-10-05,40.55564880371094
2020-10-06,41.102638244628906
2020-10-07,41.63010025024414
2020-10-08,41.81593704223633
2020-10-09,43.72334289550781
2020-10-12,42.63759994506836
2020-10-13,42.82344436645508
2020-10-14,42.39306640625
2020-10-15,42.01156997680664
2020-10-16,42.0213623046875
2020-10-19,40.935611724853516
2020-10-20,40.710628509521484
2020-10-21,39.51729202270508
2020-10-22,40.143306732177734
2020-10-23,40.5247917175293
2020-10-26,39.996585845947266
2020-10-27,40.56391906738281
2020-10-28,38.66630554199219
2020-10-29,37.37514877319336
2020-10-30,36.6904411315918
2020-11-02,36.083984375
2020-11-03,36.37742614746094
2020-11-04,38.30438232421875
2020-11-05,40.57369613647461
2020-11-06,44.14393997192383
2020-11-09,41.287750244140625
2020-11-10,39.43904113769531
2020-11-11,41.346439361572266
2020-11-12,40.69105911254883
2020-11-13,42.31481170654297
2020-11-16,42.363704681396484
2020-11-17,42.03114318847656
2020-11-18,42.14852523803711
2020-11-19,43.21470260620117
2020-11-20,42.999515533447266
2020-11-23,43.62552261352539
2020-11-24,43.86029052734375
2020-11-25,43.62552261352539
2020-11-27,44.1243896484375
2020-11-30,45.27860641479492
2020-12-01,45.62094497680664
2020-12-02,44.62324142456055
2020-12-03,44.525428771972656
2020-12-04,42.43218231201172
2020-12-07,43.17557907104492
2020-12-08,42.72562026977539
2020-12-09,41.63010787963867
2020-12-10,41.97244644165039
2020-12-11,42.00180435180664
2020-12-14,43.361427307128906
2020-12-15,44.173301696777344
2020-12-16,44.320011138916016
2020-12-17,46.07090377807617
2020-12-18,46.471946716308594
2020-12-21,46.217620849609375
2020-12-22,46.17844772338867
2020-12-23,45.45369338989258
2020-12-24,46.080509185791016
2020-12-28,46.0119514465332
2020-12-29,45.277408599853516
2020-12-30,46.521236419677734
2020-12-31,46.5604133605957
2021-01-04,45.355751037597656
2021-01-05,46.628971099853516
2021-01-06,45.551631927490234
2021-01-07,48.009918212890625
2021-01-08,48.06868362426758
2021-01-11,49.20478057861328
2021-01-12,49.59653091430664
2021-01-13,49.20478057861328
2021-01-14,50.252742767333984
2021-01-15,49.7238655090332
2021-01-19,52.70122528076172
2021-01-20,52.96565246582031
2021-01-21,52.387813568115234
2021-01-22,51.535743713378906
2021-01-25,53.308448791503906
2021-01-26,52.88730239868164
2021-01-27,50.086238861083984
2021-01-28,51.104801177978516
2021-01-29,50.39964294433594
2021-02-01,51.78057861328125
2021-02-02,51.77079772949219
2021-02-03,50.056854248046875
2021-02-04,49.2635383605957
2021-02-05,49.0186882019043
2021-02-08,50.53675079345703
2021-02-09,50.1939697265625
2021-02-10,49.547569274902344
2021-02-11,51.036231994628906
2021-02-12,52.711002349853516
2021-02-16,51.84914016723633
2021-02-17,49.36149215698242
2021-02-18,49.43003463745117
2021-02-19,50.82078552246094
2021-02-22,48.66611099243164
2021-02-23,47.83362579345703
2021-02-24,48.24497604370117
2021-02-25,45.60060501098633
2021-02-26,47.28515625
2021-03-01,48.499610900878906
2021-03-02,46.84444046020508
2021-03-03,44.621212005615234
2021-03-04,39.27372360229492
2021-03-05,40.654666900634766
2021-03-08,39.23454284667969
2021-03-09,42.95624542236328
2021-03-10,41.95726776123047
2021-03-11,45.34596633911133
2021-03-12,46.1882438659668
2021-03-15,47.3635139465332
2021-03-16,46.971763610839844
2021-03-17,47.108882904052734
2021-03-18,44.611419677734375
2021-03-19,46.03153610229492
2021-03-22,46.68773651123047
2021-03-23,45.19906234741211
2021-03-24,44.317604064941406
2021-03-25,43.827903747558594
2021-03-26,46.002159118652344
2021-03-29,45.551631927490234
2021-03-30,46.35474395751953
2021-03-31,47.97072982788086
2021-04-01,48.63674545288086
2021-04-05,50.01768112182617
2021-04-06,49.802207946777344
2021-04-07,49.322303771972656
2021-04-08,49.400753021240234
2021-04-09,48.63591003417969
2021-04-12,48.684940338134766
2021-04-13,47.80244064331055
2021-04-14,47.135650634765625
2021-04-15,47.83185577392578
2021-04-16,46.978763580322266
2021-04-19,45.743255615234375
2021-04-20,44.948997497558594
2021-04-21,46.55712127685547
2021-04-22,44.23319625854492
2021-04-23,45.20392990112305
2021-04-26,46.40022659301758
2021-04-27,45.037261962890625
2021-04-28,45.89033126831055
2021-04-29,46.34138488769531
2021-04-30,44.33124542236328
2021-05-03,43.448734283447266
2021-05-04,43.625240325927734
2021-05-05,43.91939926147461
2021-05-06,44.65483856201172
2021-05-07,45.06665802001953
2021-05-10,43.45854568481445
2021-05-11,43.36048126220703
2021-05-12,40.703155517578125
2021-05-13,40.791404724121094
2021-05-14,42.5172004699707
2021-05-17,41.9778938293457
2021-05-18,41.6248893737793
2021-05-19,43.644840240478516
2021-05-20,45.36083221435547
2021-05-21,45.32161331176758
2021-05-24,46.69439697265625
2021-05-25,47.096439361572266
2021-05-26,47.67496109008789
2021-05-27,47.42001724243164
2021-05-28,47.361175537109375
2021-06-01,46.821876525878906
2021-06-02,46.59634017944336
2021-06-03,46.26294708251953
2021-06-04,47.75340270996094
2021-06-07,47.33176803588867
2021-06-08,49.74394989013672
2021-06-09,49.37132263183594
2021-06-10,50.79314041137695
2021-06-11,51.08731460571289
2021-06-14,52.754276275634766
2021-06-15,52.54836654663086
2021-06-16,53.058250427246094
2021-06-17,54.048606872558594
2021-06-18,53.21514129638672
2021-06-21,53.754451751708984
2021-06-22,53.303401947021484
2021-06-23,53.4700927734375
2021-06-24,55.04879379272461
2021-06-25,55.20568084716797
2021-06-28,57.46097183227539
2021-06-29,57.617862701416016
2021-06-30,57.19622802734375
2021-07-01,56.27449417114258
2021-07-02,56.30390930175781
2021-07-06,56.38236618041992
2021-07-07,55.57828903198242
2021-07-08,55.234737396240234
2021-07-09,55.9513053894043
2021-07-12,56.275245666503906
2021-07-13,55.72554016113281
2021-07-14,54.979515075683594
2021-07-15,54.67522430419922
2021-07-16,52.977046966552734
2021-07-19,53.79178237915039
2021-07-20,55.51940155029297
2021-07-21,57.256839752197266
2021-07-22,56.91327667236328
2021-07-23,57.83597946166992
2021-07-26,57.865421295166016
2021-07-27,56.91327667236328
2021-07-28,57.904693603515625
2021-07-29,59.20041275024414
2021-07-30,59.396732330322266
2021-08-02,59.455623626708984
2021-08-03,60.211463928222656
2021-08-04,60.7513427734375
2021-08-05,59.926795959472656
2021-08-06,59.426185607910156
2021-08-09,59.36729049682617
2021-08-10,58.65070724487305
2021-08-11,58.68996810913086
2021-08-12,58.75869369506836
2021-08-13,59.278934478759766
2021-08-16,58.071571350097656
2021-08-17,57.443336486816406
2021-08-18,56.77586364746094
2021-08-19,57.89487838745117
2021-08-20,58.74887466430664
2021-08-23,60.85931396484375
2021-08-24,61.399200439453125
2021-08-25,62.03723907470703
2021-08-26,62.07650375366211
2021-08-27,60.211463928222656
2021-08-30,60.82005310058594
2021-08-31,60.0642204284668
2021-09-01,59.60287094116211
2021-09-02,60.19182586669922
2021-09-03,60.37833023071289
2021-09-07,60.11330032348633
2021-09-08,59.25931167602539
2021-09-09,60.12311935424805
2021-09-10,60.044578552246094
2021-09-13,61.23231887817383
2021-09-14,61.15379333496094
2021-09-15,61.310855865478516
2021-09-16,62.086307525634766
2021-09-17,60.95746612548828
2021-09-20,59.56361389160156
2021-09-21,59.90715026855469
2021-09-22,61.51698684692383
2021-09-23,62.272823333740234
2021-09-24,62.4396858215332
2021-09-27,61.909629821777344
2021-09-28,59.6323127746582
2021-09-29,59.04335021972656
2021-09-30,59.20041275024414
2021-10-01,58.72924041748047
2021-10-04,56.53045654296875
2021-10-05,58.29733657836914
2021-10-06,62.57712173461914
2021-10-07,64.0116195678711
2021-10-08,63.4908561706543
2021-10-11,62.33148956298828
2021-10-12,62.4788703918457
2021-10-13,62.31183624267578
2021-10-14,64.149169921875
2021-10-15,64.50286102294922
2021-10-18,65.99630737304688
2021-10-19,66.66441345214844
2021-10-20,66.01596069335938
2021-10-21,65.8980484008789
2021-10-22,65.1513442993164
2021-10-25,66.4875717163086
2021-10-26,66.54652404785156
2021-10-27,66.51703643798828
2021-10-28,67.28343200683594
2021-10-29,67.3030776977539
2021-11-01,67.75502014160156
2021-11-02,68.6884536743164
2021-11-03,68.03997039794922
2021-11-04,70.2899398803711
2021-11-05,70.6043701171875
2021-11-08,71.72444152832031
2021-11-09,71.6655044555664
2021-11-10,69.72991943359375
2021-11-11,72.13710021972656
2021-11-12,72.19605255126953
2021-11-15,71.64584350585938
2021-11-16,72.5301284790039
2021-11-17,72.35322570800781
2021-11-18,73.83686065673828
2021-11-19,73.27682495117188
2021-11-22,71.47880554199219
2021-11-23,71.94061279296875
2021-11-24,72.56942749023438
2021-11-26,70.73210144042969
2021-11-29,73.70913696289062
2021-11-30,69.92642211914062
2021-12-01,69.71025085449219
2021-12-02,69.78887176513672
2021-12-03,82.12938690185547
2021-12-06,83.937255859375
2021-12-07,89.91099548339844
2021-12-08,89.69483184814453
2021-12-09,88.45687866210938
2021-12-10,87.46450805664062
2021-12-13,85.07696533203125
2021-12-14,83.79969787597656
2021-12-15,86.82587432861328
2021-12-16,82.12938690185547
2021-12-17,82.56171417236328
2021-12-20,82.69927978515625
2021-12-21,84.79203033447266
2021-12-22,86.74725341796875
2021-12-23,86.1479263305664
2021-12-27,89.22323608398438
2021-12-28,86.45252227783203
2021-12-29,86.99290466308594
2021-12-30,85.91212463378906
2021-12-31,85.96125030517578
2022-01-03,87.86734771728516
2022-01-04,86.82587432861328
2022-01-05,82.65013122558594
2022-01-06,84.0954818725586
2022-01-07,81.7160873413086
2022-01-10,80.83116149902344
2022-01-11,84.78374481201172
2022-01-12,83.515380859375
2022-01-13,77.33086395263672
2022-01-14,81.60792541503906
2022-01-18,76.36731719970703
2022-01-19,75.60040283203125
2022-01-20,72.56221771240234
2022-01-21,71.33318328857422
2022-01-24,70.88089752197266
2022-01-25,65.89594268798828
2022-01-26,66.52520751953125
2022-01-27,63.80164337158203
2022-01-28,65.20764923095703
2022-01-31,70.20247650146484
2022-02-01,71.20536041259766
2022-02-02,72.8375244140625
2022-02-03,67.47893524169922
2022-02-04,69.90750885009766
2022-02-07,70.36962890625
2022-02-08,75.2169189453125
2022-02-09,76.4361343383789
2022-02-10,72.60154724121094
2022-02-11,66.84964752197266
2022-02-14,66.61368560791016
2022-02-15,72.9260025024414
2022-02-16,70.89073944091797
2022-02-17,66.41705322265625
2022-02-18,66.21057891845703
2022-02-22,65.58129119873047
2022-02-23,63.73283767700195
2022-02-24,66.65301513671875
2022-02-25,67.596923828125
2022-02-28,67.18396759033203
2022-03-01,63.86064529418945
2022-03-02,66.5350341796875
2022-03-03,64.1064682006836
2022-03-04,62.34648132324219
2022-03-07,60.14404296875
2022-03-08,63.42803192138672
2022-03-09,65.4338150024414
2022-03-10,64.15560913085938
2022-03-11,62.0318489074707
2022-03-14,59.23946762084961
2022-03-15,64.67674255371094
2022-03-16,67.75422668457031
2022-03-17,68.24586486816406
2022-03-18,70.13365936279297
2022-03-21,69.5240249633789
2022-03-22,70.18280792236328
2022-03-23,67.78372192382812
2022-03-24,72.52291107177734
2022-03-25,73.12266540527344
2022-03-28,73.06366729736328
2022-03-29,74.88265991210938
2022-03-30,71.78546905517578
2022-03-31,70.50727844238281
2022-04-01,69.87801361083984
2022-04-04,71.7363052368164
2022-04-05,67.16427612304688
2022-04-06,65.3846664428711
2022-04-07,64.61703491210938
2022-04-08,62.146915435791016
2022-04-11,59.76535415649414
2022-04-12,59.174888610839844
2022-04-13,62.294525146484375
2022-04-14,60.00154113769531
2022-04-18,60.74946594238281
2022-04-19,62.757076263427734
2022-04-20,61.940250396728516
2022-04-21,58.997745513916016
2022-04-22,57.51173400878906
2022-04-25,59.72599411010742
2022-04-26,57.029502868652344
2022-04-27,55.819053649902344
2022-04-28,60.09011459350586
2022-04-29,57.157447814941406
2022-05-02,59.1158332824707
2022-05-03,59.450439453125
2022-05-04,61.91072082519531
2022-05-05,57.36410903930664
2022-05-06,56.83268356323242
2022-05-09,52.87654113769531
2022-05-10,54.254302978515625
2022-05-11,51.70545196533203
2022-05-12,51.557830810546875
2022-05-13,56.65555953979492
2022-05-16,54.35272216796875
2022-05-17,57.354270935058594
2022-05-18,54.13621139526367
2022-05-19,53.41780090332031
2022-05-20,53.21114730834961
2022-05-23,53.988590240478516
2022-05-24,51.56767272949219
2022-05-25,53.10289001464844
2022-05-26,56.08475875854492
2022-05-27,59.85392379760742
2022-05-31,58.21045684814453
2022-06-01,57.11809158325195
2022-06-02,60.45423889160156
2022-06-03,58.023460388183594
2022-06-06,58.79107666015625
2022-06-07,60.05074691772461
2022-06-08,58.40727996826172
2022-06-09,55.58286666870117
2022-06-10,52.22702407836914
2022-06-13,48.034698486328125
2022-06-14,47.74930191040039
2022-06-15,48.41849899291992
2022-06-16,44.3245735168457
2022-06-17,45.30868911743164
2022-06-21,46.28296661376953
2022-06-22,45.65313720703125
2022-06-23,45.52519989013672
2022-06-24,47.454063415527344
2022-06-27,46.89311981201172
2022-06-28,44.60013198852539
2022-06-29,43.61600875854492
2022-06-30,42.83855438232422
2022-07-01,41.87413024902344
2022-07-05,42.29729461669922
2022-07-06,43.12395095825195
2022-07-07,45.92267990112305
2022-07-08,46.307010650634766
2022-07-11,44.54302215576172
2022-07-12,44.86822509765625
2022-07-13,45.469364166259766
2022-07-14,46.425262451171875
2022-07-15,47.519126892089844
2022-07-18,47.91331481933594
2022-07-19,51.32302474975586
2022-07-20,52.89976501464844
2022-07-21,53.77682876586914
2022-07-22,51.26390075683594
2022-07-25,49.972938537597656
2022-07-26,48.76081466674805
2022-07-27,52.21979522705078
2022-07-28,52.988460540771484
2022-07-29,54.87070083618164
2022-08-01,54.525779724121094
2022-08-02,54.90026092529297
2022-08-03,57.3737907409668
2022-08-04,56.516422271728516
2022-08-05,56.112388610839844
2022-08-08,54.78200912475586
2022-08-09,50.514949798583984
2022-08-10,54.190731048583984
2022-08-11,52.92933654785156
2022-08-12,54.55535125732422
2022-08-15,54.673606872558594
2022-08-16,53.56002426147461
2022-08-17,51.884742736816406
2022-08-18,53.757118225097656
2022-08-19,52.36762237548828
2022-08-22,50.189735412597656
2022-08-23,50.83028793334961
2022-08-24,51.48070526123047
2022-08-25,54.289276123046875
2022-08-26,49.44078063964844
2022-08-29,48.27793884277344
2022-08-30,47.30232238769531
2022-08-31,46.13948059082031
2022-09-01,45.30183792114258
2022-09-02,45.09488296508789
2022-09-06,44.434627532958984
2022-09-07,46.080352783203125
2022-09-08,47.450138092041016
2022-09-09,49.017032623291016
2022-09-12,49.51961135864258
2022-09-13,47.32203674316406
2022-09-14,47.706363677978516
2022-09-15,45.99165725708008
2022-09-16,45.67631149291992
2022-09-19,45.47922134399414
2022-09-20,44.631717681884766
2022-09-21,44.79924774169922
2022-09-22,42.8874397277832
2022-09-23,42.66078567504883
2022-09-26,41.99066925048828
2022-09-27,42.76918411254883
2022-09-28,43.902469635009766
2022-09-29,42.24688720703125
2022-09-30,42.286312103271484
2022-10-03,43.85319900512695
2022-10-04,46.356285095214844
2022-10-05,47.65708541870117
2022-10-06,47.321624755859375
2022-10-07,41.786285400390625
2022-10-10,39.763580322265625
2022-10-11,38.14540481567383
2022-10-12,37.47445297241211
2022-10-13,38.60915756225586
2022-10-14,36.517372131347656
2022-10-17,37.36591339111328
2022-10-18,37.23765563964844
2022-10-19,37.59286117553711
2022-10-20,37.56325912475586
2022-10-21,39.01369857788086
2022-10-24,37.879005432128906
2022-10-25,40.0694580078125
2022-10-26,38.234214782714844
2022-10-27,39.526771545410156
2022-10-28,40.46412658691406
2022-10-31,39.15182876586914
2022-11-01,39.21104431152344
2022-11-02,38.53021240234375
2022-11-03,36.724571228027344
2022-11-04,38.45127868652344
2022-11-07,38.98409652709961
2022-11-08,39.260372161865234
2022-11-09,36.22135543823242
2022-11-10,42.08229446411133
2022-11-11,42.77298355102539
2022-11-14,42.585506439208984
2022-11-15,44.105018615722656
2022-11-16,41.687618255615234
2022-11-17,43.34526824951172
2022-11-18,43.41432571411133
2022-11-21,40.9969367980957
2022-11-22,42.34870147705078
2022-11-23,43.09859085083008
2022-11-25,42.40790939331055
2022-11-28,42.1020393371582
2022-11-29,42.33884048461914
2022-11-30,45.90079116821289
2022-12-01,44.795692443847656
2022-12-02,44.12474060058594
2022-12-05,42.39804458618164
2022-12-06,40.543067932128906
2022-12-07,39.87211990356445
2022-12-08,41.14494705200195
2022-12-09,40.94761276245117
2022-12-12,42.01322555541992
2022-12-13,42.930843353271484
2022-12-14,42.08229446411133
2022-12-15,39.487300872802734
2022-12-16,38.47101974487305
2022-12-19,37.88886642456055
2022-12-20,37.30672836303711
2022-12-21,38.35260772705078
2022-12-22,36.576576232910156
2022-12-23,36.69496536254883
2022-12-27,35.57014083862305
2022-12-28,34.9090690612793
2022-12-29,36.27069091796875
2022-12-30,36.54697036743164
2023-01-03,35.510955810546875
2023-01-04,36.12269973754883
2023-01-05,34.274559020996094
2023-01-06,35.67795944213867
2023-01-09,36.488365173339844
2023-01-10,36.577308654785156
2023-01-11,37.9708251953125
2023-01-12,38.850425720214844
2023-01-13,40.19452667236328
2023-01-17,40.55031967163086
2023-01-18,40.01662826538086
2023-01-19,38.11907958984375
2023-01-20,39.0184440612793
2023-01-23,42.25021743774414
2023-01-24,42.013004302978516
2023-01-25,42.24033737182617
2023-01-26,43.871036529541016
2023-01-27,43.732669830322266
2023-01-30,41.49909591674805
2023-01-31,42.645538330078125
2023-02-01,45.580814361572266
2023-02-02,48.18994903564453
2023-02-03,46.035430908203125
2023-02-06,44.50355529785156
2023-02-07,46.233097076416016
2023-02-08,44.572731018066406
2023-02-09,44.58262252807617
2023-02-10,44.029170989990234
2023-02-13,45.06690216064453
2023-02-14,46.6580696105957
2023-02-15,46.193565368652344
2023-02-16,45.15583801269531
2023-02-17,43.62396240234375
2023-02-21,42.10197067260742
2023-02-22,42.4676513671875
2023-02-23,44.72097396850586
2023-02-24,43.33734893798828
2023-02-27,43.79197311401367
2023-02-28,44.62215042114258
2023-03-01,44.82969665527344
2023-03-02,45.68953323364258
2023-03-03,43.52513122558594
2023-03-06,41.77581787109375
2023-03-07,40.62938690185547
2023-03-08,42.645538330078125
2023-03-09,40.43172836303711
2023-03-10,38.22779083251953
2023-03-13,37.545867919921875
2023-03-14,38.15861511230469
2023-03-15,37.18018341064453
2023-03-16,39.888153076171875
2023-03-17,39.50271987915039
2023-03-20,39.87826156616211
2023-03-21,40.64915084838867
2023-03-22,39.69049072265625
2023-03-23,41.785701751708984
2023-03-24,40.589847564697266
2023-03-27,40.72821807861328
2023-03-28,39.97710037231445
2023-03-29,42.20079040527344
2023-03-30,42.74436950683594
2023-03-31,42.79378128051758
2023-04-03,41.459571838378906
2023-04-04,40.00674057006836
2023-04-05,39.68012619018555
2023-04-06,38.858612060546875
2023-04-10,39.92757034301758
2023-04-11,39.68012619018555
2023-04-12,39.1258430480957
2023-04-13,39.977054595947266
2023-04-14,39.87807083129883
2023-04-17,40.04634475708008
2023-04-18,41.80815124511719
2023-04-19,40.610511779785156
2023-04-20,39.066463470458984
2023-04-21,38.621063232421875
2023-04-24,38.36371994018555
2023-04-25,36.53263854980469
2023-04-26,37.690673828125
2023-04-27,38.235050201416016
2023-04-28,39.076358795166016
2023-05-01,39.60094451904297
2023-05-02,39.08626174926758
2023-05-03,39.1159553527832
2023-05-04,38.937782287597656
2023-05-05,40.55112838745117
2023-05-08,40.59071350097656
2023-05-09,39.581138610839844
2023-05-10,40.01664352416992
2023-05-11,39.323795318603516
2023-05-12,39.70981216430664
2023-05-15,41.6398811340332
2023-05-16,41.24396514892578
2023-05-17,43.144344329833984
2023-05-18,44.28258514404297
2023-05-19,44.995216369628906
2023-05-22,45.96519470214844
2023-05-23,46.11366653442383
2023-05-24,45.50990295410156
2023-05-25,48.96421813964844
2023-05-26,64.84024047851562
2023-05-30,62.751808166503906
2023-05-31,57.89200210571289
2023-06-01,60.47531509399414
2023-06-02,59.56472396850586
2023-06-05,57.43670654296875
2023-06-06,58.53535079956055
2023-06-07,58.723419189453125
2023-06-08,59.10942459106445
2023-06-09,59.39645767211914
2023-06-12,61.41560745239258
2023-06-13,62.4053840637207
2023-06-14,62.31629180908203
2023-06-15,61.395809173583984
2023-06-16,60.4951171875
2023-06-20,60.20808029174805
2023-06-21,58.248321533203125
2023-06-22,58.515560150146484
2023-06-23,57.22885513305664
2023-06-26,57.159568786621094
2023-06-27,59.97052764892578
2023-06-28,59.45584487915039
2023-06-29,57.773223876953125
2023-06-30,59.1688117980957
2023-07-03,60.72276306152344
2023-07-05,59.198516845703125
2023-07-06,58.27709197998047
2023-07-07,58.60404586791992
2023-07-10,59.7335205078125
2023-07-11,61.57635498046875
2023-07-12,62.29961395263672
2023-07-13,64.76664733886719
2023-07-14,62.86436462402344
2023-07-17,63.9641227722168
2023-07-18,65.15303802490234
2023-07-19,65.02423858642578
2023-07-20,62.63648223876953
2023-07-21,62.82472610473633
2023-07-24,62.52750015258789
2023-07-25,63.31019973754883
2023-07-26,63.1219596862793
2023-07-27,63.30029296875
2023-07-28,64.31087493896484
2023-07-31,64.52885437011719
2023-08-01,65.32145690917969
2023-08-02,61.53672790527344
2023-08-03,61.77450942993164
2023-08-04,62.11137771606445
2023-08-07,62.963436126708984
2023-08-08,61.38810729980469
2023-08-09,59.386756896972656
2023-08-10,58.386085510253906
2023-08-11,56.56306838989258
2023-08-14,59.020164489746094
2023-08-15,58.57432174682617
2023-08-16,56.84048080444336
2023-08-17,57.02872085571289
2023-08-18,57.058448791503906
2023-08-21,59.475921630859375
2023-08-22,59.03997802734375
2023-08-23,60.93235397338867
2023-08-24,56.7612190246582
2023-08-25,53.006202697753906
2023-08-28,54.66078186035156
2023-08-29,55.60200881958008
2023-08-30,56.81075668334961
2023-08-31,57.71236038208008
2023-09-01,57.415122985839844
2023-09-05,57.35567855834961
2023-09-06,56.186561584472656
2023-09-07,56.05776596069336
2023-09-08,55.22552490234375
2023-09-11,55.800167083740234
2023-09-12,55.136356353759766
2023-09-13,55.08680725097656
2023-09-14,55.32459259033203
2023-09-15,53.987060546875
2023-09-18,54.274375915527344
2023-09-19,53.59074783325195
2023-09-20,52.45136642456055
2023-09-21,51.36151123046875
2023-09-22,51.817264556884766
2023-09-25,52.14423751831055
2023-09-26,51.23271560668945
2023-09-27,52.06496810913086
2023-09-28,53.50157928466797
2023-09-29,53.63037872314453
2023-10-02,54.08613204956055
2023-10-03,52.07487869262695
2023-10-04,52.81794738769531
2023-10-05,52.66916275024414
2023-10-06,54.087562561035156
2023-10-09,53.829673767089844
2023-10-10,54.60334396362305
2023-10-11,54.69261169433594
2023-10-12,54.17682647705078
2023-10-13,52.19306182861328
2023-10-16,53.22462844848633
2023-10-17,52.73859786987305
2023-10-18,51.052398681640625
2023-10-19,50.27872848510742
2023-10-20,49.06861877441406
2023-10-23,48.62226867675781
2023-10-24,49.088462829589844
2023-10-25,47.1641960144043
2023-10-26,46.25166320800781
2023-10-27,46.876548767089844
2023-10-30,46.45003890991211
2023-10-31,46.83687210083008
2023-11-01,47.312984466552734
2023-11-02,48.50324249267578
2023-11-03,50.94328689575195
2023-11-06,50.82426452636719
2023-11-07,50.764747619628906
2023-11-08,51.1614990234375
2023-11-09,52.06411361694336
2023-11-10,54.17682647705078
2023-11-13,53.016326904296875
2023-11-14,56.56728744506836
2023-11-15,56.70614242553711
2023-11-16,54.21650695800781
2023-11-17,55.12904357910156
2023-11-20,55.922569274902344
2023-11-21,54.23634719848633
2023-11-22,55.04969787597656
2023-11-24,55.57538986206055
2023-11-27,55.446449279785156
2023-11-28,55.12904357910156
2023-11-29,55.644832611083984
2023-11-30,55.277828216552734
2023-12-01,52.371604919433594
2023-12-04,51.588008880615234
2023-12-05,50.28864288330078
2023-12-06,50.02082824707031
2023-12-07,51.76655197143555
2023-12-08,52.45095443725586
2023-12-11,54.0379753112793
2023-12-12,53.81975173950195
2023-12-13,56.745811462402344
2023-12-14,58.80895233154297
2023-12-15,59.10650634765625
2023-12-18,59.23545455932617
2023-12-19,59.17594909667969
2023-12-20,57.07314682006836
2023-12-21,59.76115417480469
2023-12-22,59.76115417480469
2023-12-26,60.65385437011719
2023-12-27,60.762962341308594
2023-12-28,60.80263900756836
2023-12-29,59.82067108154297
2024-01-02,57.698028564453125
2024-01-03,56.299461364746094
2024-01-04,57.659793853759766
2024-01-05,59.496726989746094
2024-01-08,63.65711975097656
2024-01-09,63.02165222167969
2024-01-10,62.981929779052734
2024-01-11,65.40469360351562
2024-01-12,65.2160415649414
2024-01-16,65.05716705322266
2024-01-17,64.89830017089844
2024-01-18,67.72816467285156
2024-01-19,70.577880859375
2024-01-22,69.61473846435547
2024-01-23,70.1012954711914
2024-01-24,71.76941680908203
2024-01-25,69.50553131103516
2024-01-26,67.55937194824219
2024-01-29,69.64453887939453
2024-01-30,68.34378814697266
2024-01-31,67.22174835205078
2024-02-01,66.39762115478516
2024-02-02,67.05296325683594
2024-02-05,66.54656982421875
2024-02-06,66.60614013671875
2024-02-07,68.87996673583984
2024-02-08,70.51831817626953
2024-02-09,68.34378814697266
2024-02-12,69.92253875732422
2024-02-13,67.64871978759766
2024-02-14,68.47286987304688
2024-02-15,66.96361541748047
2024-02-16,65.82172393798828
2024-02-20,64.58055114746094
2024-02-21,65.05716705322266
2024-02-22,69.3764419555664
2024-02-23,67.10260772705078
2024-02-26,68.13528442382812
2024-02-27,68.64166259765625
2024-02-28,67.06290435791016
2024-02-29,71.1537857055664
2024-03-01,77.061767578125
2024-03-04,78.78948211669922
2024-03-05,78.17385864257812
2024-03-06,80.7951889038086
2024-03-07,84.48892211914062
2024-03-08,74.88723754882812
2024-03-11,71.8488540649414
2024-03-12,71.26300811767578
2024-03-13,67.15226745605469
2024-03-14,65.61321258544922
2024-03-15,66.39762115478516
2024-03-18,66.72529602050781
2024-03-19,64.60041809082031
2024-03-20,65.0770263671875
2024-03-21,66.11959838867188
2024-03-22,66.0699691772461
2024-03-25,65.65292358398438
2024-03-26,67.7778091430664
2024-03-27,71.79920959472656
2024-03-28,70.37930297851562
2024-04-01,72.68292236328125
2024-04-02,73.07015228271484
2024-04-03,72.51410675048828
2024-04-04,70.37930297851562
2024-04-05,72.13679504394531
2024-04-08,71.41194915771484
2024-04-09,72.82192993164062
2024-04-10,70.9254150390625
2024-04-11,71.08442687988281
2024-04-12,69.72296142578125
2024-04-15,67.45716857910156
2024-04-16,67.85467529296875
2024-04-17,66.06587982177734
2024-04-18,64.83358764648438
2024-04-19,61.742977142333984
2024-04-22,62.488304138183594
2024-04-23,63.46220016479492
2024-04-24,64.446044921875
2024-04-25,67.05965423583984
2024-04-26,69.18633270263672
2024-04-29,68.32173919677734
2024-04-30,65.49944305419922
2024-05-01,63.42245101928711
2024-05-02,66.25470733642578
2024-05-03,68.08323669433594
2024-05-06,69.38507843017578
2024-05-07,68.2521743774414
2024-05-08,67.68572998046875
2024-05-09,67.25840759277344
2024-05-10,68.04349517822266
2024-05-13,68.59004974365234
2024-05-14,67.59629821777344
2024-05-15,69.71302795410156
2024-05-16,72.62477111816406
2024-05-17,71.47199249267578
2024-05-20,74.0061264038086
2024-05-21,72.84339141845703
2024-05-22,73.22103118896484
2024-05-23,74.55268859863281
2024-05-24,76.20234680175781
2024-05-28,77.84207916259766
2024-05-29,75.30793762207031
2024-05-30,76.37129211425781
2024-05-31,68.3813705444336
2024-06-03,67.78509521484375
2024-06-04,65.96650695800781
2024-06-05,69.36520385742188
2024-06-06,67.67577362060547
2024-06-07,67.56646728515625
2024-06-10,69.03726196289062
2024-06-11,69.96147155761719
2024-06-12,72.90302276611328
2024-06-13,72.41608428955078
2024-06-14,72.8135757446289
2024-06-17,71.37260437011719
2024-06-18,72.68441009521484
2024-06-20,72.78376770019531
2024-06-21,71.44218444824219
2024-06-24,67.34783935546875
2024-06-25,67.83480072021484
2024-06-26,67.8447265625
2024-06-27,68.30187225341797
2024-06-28,69.46456909179688
2024-07-01,70.55772399902344
2024-07-02,71.15397644042969
2024-07-03,71.75025177001953
2024-07-05,71.6310043334961
2024-07-08,74.44336700439453
2024-07-09,73.38003540039062
2024-07-10,74.4135513305664
2024-07-11,71.7303695678711
2024-07-12,73.19242858886719
2024-07-15,73.20237731933594
2024-07-16,75.19157409667969
2024-07-17,67.5630111694336
2024-07-18,67.84149932861328
2024-07-19,66.15069580078125
2024-07-22,68.63717651367188
2024-07-23,68.02052307128906
2024-07-24,64.00234985351562
2024-07-25,63.6442985534668
2024-07-26,65.36494445800781
2024-07-29,64.13165283203125
2024-07-30,62.460731506347656
2024-07-31,66.61814880371094
2024-08-01,62.719322204589844
2024-08-02,58.929908752441406
2024-08-05,57.35844421386719
2024-08-06,57.90547180175781
2024-08-07,55.84665298461914
2024-08-08,60.829586029052734
2024-08-09,60.232826232910156
2024-08-12,60.18309783935547
2024-08-13,63.70397186279297
2024-08-14,63.44537353515625
2024-08-15,68.95545959472656
2024-08-16,68.94550323486328
2024-08-19,70.65620422363281
2024-08-20,69.03502655029297
2024-08-21,70.95459747314453
2024-08-22,68.2890625
2024-08-23,71.4518814086914
2024-08-26,68.44819641113281
2024-08-27,69.33338928222656
2024-08-28,68.07025909423828
2024-08-29,69.46268463134766
2024-08-30,75.82811737060547
2024-09-03,69.64170837402344
2024-09-04,70.48712158203125
2024-09-05,69.51242065429688
2024-09-06,65.84235382080078
2024-09-09,68.55760955810547
2024-09-10,71.21317291259766
2024-09-11,74.48542022705078
2024-09-12,73.89860534667969
2024-09-13,74.07762145996094
2024-09-16,73.00346374511719
2024-09-17,72.3768539428711
2024-09-18,71.16345977783203
2024-09-19,74.47547149658203
2024-09-20,73.4709243774414
2024-09-23,71.42205810546875
2024-09-24,70.81533813476562
2024-09-25,70.79545593261719
2024-09-26,73.05317687988281
2024-09-27,70.60647583007812
2024-09-30,71.7303695678711
2024-10-01,69.9301528930664
2024-10-02,71.65081024169922
2024-10-03,71.8497314453125
2024-10-04,73.01342010498047
2024-10-07,73.32173919677734
2024-10-08,72.71502685546875
2024-10-09,72.44647979736328
2024-10-10,72.14810943603516
2024-10-11,73.67110443115234
2024-10-14,77.32430267333984
2024-10-15,79.04637908935547
2024-10-16,81.30596923828125
2024-10-17,79.5440902709961
2024-10-18,79.48435974121094
2024-10-21,81.45529174804688
2024-10-22,82.96833038330078
2024-10-23,81.45529174804688
2024-10-24,81.55484008789062
2024-10-25,81.2363052368164
2024-10-28,83.05792999267578
2024-10-29,84.48137664794922
2024-10-30,82.42085266113281
2024-10-31,79.7431640625
2024-11-01,84.3818359375
2024-11-04,83.99359893798828
2024-11-05,86.79074096679688
2024-11-06,90.21499633789062
2024-11-07,93.50984954833984
2024-11-08,93.3704833984375
2024-11-11,91.82757568359375
2024-11-12,92.35515594482422
2024-11-13,89.65756225585938
2024-11-14,90.28466796875
2024-11-15,87.42781829833984
2024-11-18,88.30378723144531
2024-11-19,88.93090057373047
2024-11-20,89.44851684570312
2024-11-21,92.51441955566406
2024-11-22,92.08638763427734
2024-11-25,91.817626953125
2024-11-26,92.71350860595703
2024-11-27,89.68740844726562
2024-11-29,92.26557159423828
2024-12-02,96.41647338867188
2024-12-03,95.47081756591797
2024-12-04,117.60897064208984
2024-12-05,112.85086822509766
2024-12-06,112.99021911621094
2024-12-09,106.53990173339844
2024-12-10,106.19149780273438
2024-12-11,110.85006713867188
2024-12-12,108.5108413696289
2024-12-13,120.21697998046875
2024-12-16,124.20861053466797
2024-12-17,111.73599243164062
2024-12-18,104.79789733886719
2024-12-19,108.6103744506836
2024-12-20,111.3875961303711
2024-12-23,113.23908233642578
2024-12-24,115.41905212402344
2024-12-26,115.1801528930664
2024-12-27,113.0997314453125
2024-12-30,111.14869689941406
2024-12-31,109.94422912597656
2025-01-02,113.04000091552734
2025-01-03,117.63883972167969
2025-01-06,118.46504974365234
2025-01-07,115.6977767944336
2025-01-08,117.68861389160156
2025-01-10,113.85429382324219
2025-01-13,114.68091583251953
2025-01-14,114.73070526123047
2025-01-15,115.52745056152344
2025-01-16,117.10102081298828
2025-01-17,124.25177001953125
2025-01-21,123.2757568359375
2025-01-22,124.6999282836914
2025-01-23,125.54646301269531
2025-01-24,123.51477813720703
2025-01-27,99.9212875366211
2025-01-28,103.45681762695312
2025-01-29,106.35497283935547
2025-01-30,109.88053894042969
2025-01-31,112.40023803710938
2025-02-03,113.09739685058594
2025-02-04,109.24315643310547
2025-02-05,115.9855728149414
2025-02-06,118.7542495727539
2025-02-07,110.16936492919922
2025-02-10,112.34048461914062
2025-02-11,108.67548370361328
2025-02-12,104.99054718017578
2025-02-13,103.07837677001953
2025-02-14,106.07611846923828
2025-02-18,106.85294342041016
2025-02-19,110.58765411376953
2025-02-20,108.26715087890625
2025-02-21,103.38711547851562
2025-02-24,97.51114654541016
2025-02-25,92.62114715576172
2025-02-26,94.5134048461914
2025-02-27,87.29293060302734
2025-02-28,91.44595336914062
2025-03-03,85.4803466796875
2025-03-04,87.97016906738281
2025-03-05,89.7728042602539
2025-03-06,71.98554229736328
2025-03-07,70.5514144897461
2025-03-10,65.40248107910156
2025-03-11,66.88641357421875
2025-03-12,69.5654525756836
2025-03-13,68.47990417480469
2025-03-14,68.4599838256836
2025-03-17,70.11321258544922
2025-03-18,68.0018539428711
2025-03-19,69.5256118774414
2025-03-20,70.20283508300781
2025-03-21,70.10325622558594
2025-03-24,72.46360778808594
2025-03-25,71.37803649902344
2025-03-26,66.48805236816406
2025-03-27,64.59578704833984
2025-03-28,61.78727340698242
2025-03-31,61.31917953491211
2025-04-01,62.414695739746094
2025-04-02,62.97241973876953
2025-04-03,55.41333770751953
2025-04-04,49.2286376953125
2025-04-07,50.79224395751953
2025-04-08,49.82619094848633
2025-04-09,60.711669921875
2025-04-10,52.65462112426758
2025-04-11,53.23291778564453
2025-04-14,52.10624313354492
2025-04-15,53.163124084472656
2025-04-16,51.77721405029297
2025-04-17,51.547889709472656
2025-04-21,49.234710693359375
2025-04-22,50.471065521240234
2025-04-23,53.61179733276367
2025-04-24,57.16132354736328
2025-04-25,58.746639251708984
2025-04-28,58.52729415893555
2025-04-29,58.507354736328125
2025-04-30,58.198265075683594
2025-05-01,60.77067565917969
2025-05-02,62.1466178894043
2025-05-05,61.797645568847656
2025-05-06,61.03988265991211
2025-05-07,56.144325256347656
2025-05-08,57.46044921875
2025-05-09,59.47450256347656
2025-05-12,64.31023406982422
2025-05-13,65.287353515625
2025-05-14,65.70611572265625
2025-05-15,65.00816345214844
2025-05-16,63.57240676879883
2025-05-19,62.37594223022461
2025-05-20,61.239288330078125
2025-05-21,59.93314743041992
2025-05-22,61.668025970458984
2025-05-23,60.51144027709961
2025-05-27,63.63223648071289
2025-05-28,64.39995574951172
2025-05-29,63.5424919128418
2025-05-30,60.01290512084961
2025-06-02,61.28915023803711
2025-06-03,62.1765251159668
2025-06-04,66.10494232177734
2025-06-05,64.9682846069336
2025-06-06,68.1489028930664
2025-06-09,68.93658447265625
2025-06-10,68.63745880126953
2025-06-11,68.03922271728516
2025-06-12,69.43511199951172
2025-06-13,66.99231719970703
2025-06-16,70.21280670166016
2025-06-17,69.7840805053711
2025-06-18,74.72947692871094
2025-06-20,73.2937240600586
2025-06-23,70.57174682617188
2025-06-24,74.98871612548828
2025-06-25,75.70659637451172
2025-06-26,79.73471069335938
2025-06-27,76.9329833984375
2025-06-30,77.17228698730469
2025-07-01,76.01568603515625
2025-07-02,74.03154754638672
2025-07-03,74.95880889892578
2025-07-07,71.33949279785156
2025-07-08,71.73831176757812
2025-07-09,72.04739379882812
2025-07-10,73.1441650390625
2025-07-11,72.55541229248047
2025-07-14,72.35584259033203
2025-07-15,72.25606536865234
2025-07-16,70.69937133789062
2025-07-17,71.85690307617188
2025-07-18,74.49130249023438
2025-07-21,72.9046630859375
2025-07-22,71.83694458007812
2025-07-23,73.11421966552734
2025-07-24,73.8825912475586
2025-07-25,74.05223083496094
2025-07-28,75.74861907958984
2025-07-29,76.17769622802734
2025-07-30,81.56620788574219
2025-07-31,80.19913482666016
2025-08-01,74.29171752929688
2025-08-04,76.36730194091797
2025-08-05,76.46707916259766
2025-08-06,75.15987396240234
2025-08-07,75.6887435913086
2025-08-08,77.17557525634766
2025-08-11,77.1156997680664
2025-08-12,77.64457702636719
2025-08-13,79.1513671875
2025-08-14,78.87196350097656
2025-08-15,76.02802276611328
2025-08-18,76.57685089111328
2025-08-19,71.91677856445312
2025-08-20,71.06859588623047
2025-08-21,71.05860137939453
2025-08-22,72.84480285644531
2025-08-25,72.79490661621094
2025-08-26,74.10211181640625
2025-08-27,74.6310043334961
2025-08-28,77.06581115722656
2025-08-29,62.73633575439453
2025-09-02,64.4626693725586
2025-09-03,62.177528381347656
2025-09-04,63.96371841430664
2025-09-05,63.19535827636719
2025-09-08,65.85968017578125
2025-09-09,66.6978988647461
2025-09-10,66.95734405517578
2025-09-11,66.44841766357422
2025-09-12,67.2068099975586
2025-09-15,67.28663635253906
2025-09-16,68.7136001586914
2025-09-17,70.82909393310547
2025-09-18,74.07218170166016
2025-09-19,74.10211181640625
2025-09-22,75.36941528320312
2025-09-23,74.46136474609375
2025-09-24,79.91972351074219
2025-09-25,83.63182067871094
2025-09-26,82.99317169189453
2025-09-29,82.21482849121094
2025-09-30,83.8912582397461
2025-10-01,83.7116470336914
2025-10-02,86.01673889160156
2025-10-03,86.03669738769531
2025-10-06,88.73094940185547
2025-10-07,86.78509521484375
2025-10-08,92.30335235595703
2025-10-09,90.48721313476562
2025-10-10,85.48455047607422
2025-10-13,89.2590103149414
2025-10-14,86.09366607666016
2025-10-15,88.7597427368164
2025-10-16,88.10071563720703
2025-10-17,87.82112884521484
2025-10-20,85.7142105102539
2025-10-21,84.13653564453125
2025-10-22,80.93123626708984
2025-10-23,82.6487045288086
2025-10-24,84.0067138671875
2025-10-27,88.58000946044922
2025-10-28,88.33037567138672
2025-10-29,90.01790618896484
2025-10-30,88.44021606445312
2025-10-31,93.6026382446289
2025-11-03,90.23758697509766
2025-11-04,87.46163940429688
2025-11-05,92.76387023925781
2025-11-06,93.19324493408203
2025-11-07,90.78677368164062
2025-11-10,93.09339141845703
2025-11-11,89.19910430908203
2025-11-12,89.19910430908203
2025-11-13,87.39175415039062
2025-11-14,86.32331848144531
2025-11-17,83.32771301269531
2025-11-18,78.56471252441406
2025-11-19,81.20084381103516
2025-11-20,76.56764221191406
2025-11-21,77.33650207519531
2025-11-24,83.66722106933594
2025-11-25,83.30774688720703
2025-11-26,87.59146118164062
2025-11-28,89.26900482177734
2025-12-01,90.96650695800781
2025-12-02,92.7538833618164
2025-12-03,100.05317687988281
2025-12-04,98.0461196899414
2025-12-05,98.76506042480469
2025-12-08,91.86518859863281
2025-12-09,88.76973724365234
2025-12-10,92.33450317382812
2025-12-11,89.29895782470703
2025-12-12,84.30628967285156
2025-12-15,84.13653564453125
2025-12-16,83.94680786132812
2025-12-17,81.58028411865234
2025-12-18,84.34622192382812
2025-12-19,83.96678161621094
2025-12-22,84.67574310302734
2025-12-23,87.55152130126953
2025-12-24,86.36326599121094
2025-12-26,86.2134780883789
2025-12-29,85.63433837890625
2025-12-30,86.63287353515625
2025-12-31,84.85548400878906
2026-01-02,89.2590103149414
2026-01-05,90.09778594970703
2026-01-06,88.10071563720703
2026-01-07,84.51597595214844
2026-01-08,83.32771301269531
2026-01-09,83.15785217285156
2026-01-12,82.82809448242188
2026-01-13,82.98797607421875
2026-01-14,81.14935302734375
2026-01-15,80.31996154785156
2026-01-16,80.39990997314453
2026-01-20,79.74040222167969
2026-01-21,82.48834991455078
2026-01-22,83.0379409790039
2026-01-23,80.17008209228516
2026-01-26,81.70893096923828
2026-01-27,82.8680648803711
2026-01-28,83.55755615234375
2026-01-29,81.27924346923828
2026-01-30,78.8610610961914
2026-02-02,78.60125732421875
2026-02-03,75.48358154296875
2026-02-04,73.67493438720703
2026-02-05,74.15457916259766
2026-02-06,80.22004699707031
2026-02-09,82.28849792480469
2026-02-10,81.9487533569336
2026-02-11,81.27924346923828
2026-02-12,78.17157745361328
2026-02-13,78.5512924194336
2026-02-17,78.95099639892578
2026-02-18,79.03092956542969
2026-02-19,79.55054473876953
2026-02-20,79.42064666748047
2026-02-23,77.73190307617188
2026-02-24,78.33145904541016
2026-02-25,80.85956573486328
2026-02-26,79.23078918457031
2026-02-27,81.62899017333984
2026-03-02,80.79961395263672
2026-03-03,77.45211029052734
2026-03-04,78.03166961669922
2026-03-05,75.62347412109375
2026-03-06,89.50310516357422
2026-03-09,92.580810546875
2026-03-10,93.2303237915039
2026-03-11,90.3724594116211
2026-03-12,87.60452270507812
2026-03-13,87.79438781738281
2026-03-16,91.51160430908203
2026-03-17,90.72219848632812
2026-03-18,87.55455780029297
2026-03-19,89.463134765625
2026-03-20,87.84434509277344
2026-03-23,90.09266662597656
2026-03-24,92.29102325439453
2026-03-25,98.37646484375
2026-03-26,97.60704803466797
2026-03-27,94.80913543701172
2026-03-30,87.74441528320312
2026-03-31,98.97602844238281
2026-04-01,106.63030242919922
2026-04-02,107.0300064086914
2026-04-06,109.42821502685547
2026-04-07,109.29830932617188
2026-04-08,114.36451721191406
2026-04-09,119.8404312133789
2026-04-10,128.45831298828125
2026-04-13,131.2676239013672
2026-04-14,133.7969970703125
2026-04-15,134.56680297851562
2026-04-16,133.33709716796875
2026-04-17,139.65554809570312
2026-04-20,147.80352783203125
2026-04-21,151.27267456054688
2026-04-22,157.2812042236328
2026-04-23,165.5191650390625
2026-04-24,164.26947021484375
2026-04-27,158.17098999023438
2026-04-28,153.19219970703125
2026-04-29,156.53138732910156
2026-04-30,165.10926818847656
2026-05-01,164.90931701660156
2026-05-04,163.61964416503906
2026-05-05,168.7083740234375
2026-05-06,172.10752868652344
2026-05-07,159.9705352783203
2026-05-08,170.08804321289062
2026-05-11,170.79786682128906
2026-05-12,164.4594268798828
2026-05-13,177.90611267089844
2026-05-14,182.53497314453125
2026-05-15,176.84637451171875
2026-05-18,168.88832092285156
2026-05-19,176.22653198242188
2026-05-20,186.75393676757812
2026-05-21,190.64297485351562
2026-05-22,196.28158569335938
2026-05-26,208.20863342285156
2026-05-27,198.65098571777344
2026-05-28,204.77947998046875
2026-05-29,204.94943237304688
2026-06-01,219.37586975097656
2026-06-02,290.7182922363281
2026-06-03,301.5755920410156
2026-06-04,316.3519592285156
2026-06-05,263.405029296875
2026-06-08,288.7787780761719
2026-06-09,266.8141784667969
2026-06-10,252.52769470214844
2026-06-11,280.6407470703125
2026-06-12,279.6310119628906
2026-06-15,308.8038330078125
2026-06-16,278.6012878417969
2026-06-17,289.4685974121094
2026-06-18,310.5033874511719
2026-06-22,307.7840576171875
2026-06-23,278.97119140625
2026-06-24,276.63177490234375
2026-06-25,281.1906433105469
2026-06-26,266.7041931152344
2026-06-29,277.6814880371094
2026-06-30,297.8165283203125
2026-07-01,271.9828796386719
2026-07-02,245.2294921875
2026-07-06,249.20852661132812
2026-07-07,230.64309692382812
2026-07-08,231.65286254882812
2026-07-09,243.2100067138672
2026-07-10,235.80999755859375
2026-07-13,217.52999877929688
2026-07-14,222.44000244140625
2026-07-15,206.25999450683594
2026-07-16,188.3000030517578
2026-07-17,188.67999267578125
2026-07-20,194.94000244140625
2026-07-21,207.9600067138672
2026-07-22,210.99000549316406
2026-07-23,209.32000732421875
2026-07-24,194.22999572753906
2026-07-27,189.1699981689453
2026-07-28,174.47000122070312
2026-07-29,163.39999389648438
2026-07-30,183.3000030517578
2026-07-31,187.55999755859375
2026-08-03,193.77999877929688
2026-08-04,218.58999633789062
2026-08-05,211.02000427246094
2026-08-06,210.5399932861328
2026-08-07,218.72000122070312
2026-08-10,208.55999755859375
2026-08-11,212.30999755859375
2026-08-12,217.0800018310547
2026-08-13,222.17999267578125
2026-08-14,222.02000427246094
2026-08-17,234.3300018310547
2026-08-18,216.0
2026-08-19,237.27000427246094
2026-08-20,251.00999450683594
2026-08-21,237.0399932861328
2026-08-24,229.2899932861328
2026-08-25,240.3800048828125
2026-08-26,245.11000061035156
2026-08-27,241.4499969482422
2026-08-28,216.6199951171875
2026-08-31,211.66000366210938
2026-09-01,210.38999938964844
2026-09-02,206.47999572753906
2026-09-03,208.8300018310547
2026-09-04,223.5500030517578
2026-09-08,225.41000366210938
2026-09-09,235.00999450683594
2026-09-10,226.9600067138672
2026-09-11,236.10000610351562
