Date,close
1978-10-31,0.6793220043182373
1978-11-01,0.7170617580413818
1978-11-02,0.7925418615341187
1978-11-03,0.7925418615341187
1978-11-06,0.9435030817985535
1978-11-07,0.905762791633606
1978-11-08,0.9435030817985535
1978-11-09,0.9435030817985535
1978-11-10,0.9435030817985535
1978-11-13,0.905762791633606
1978-11-14,0.8302826881408691
1978-11-15,0.7170617580413818
1978-11-16,0.7170617580413818
1978-11-17,0.6793220043182373
1978-11-20,0.7925418615341187
1978-11-21,0.7170617580413818
1978-11-22,0.7170617580413818
1978-11-24,0.6793220043182373
1978-11-27,0.6793220043182373
1978-11-28,0.6793220043182373
1978-11-29,0.6415817141532898
1978-11-30,0.6415817141532898
1978-12-01,0.6415817141532898
1978-12-04,0.6415817141532898
1978-12-05,0.6415817141532898
1978-12-06,0.6038419008255005
1978-12-07,0.6038419008255005
1978-12-08,0.6038419008255005
1978-12-11,0.6038419008255005
1978-12-12,0.6038419008255005
1978-12-13,0.5661019086837769
1978-12-14,0.5283619165420532
1978-12-15,0.4528809189796448
1978-12-18,0.41514095664024353
1978-12-19,0.4528809189796448
1978-12-20,0.4528809189796448
1978-12-21,0.4906218945980072
1978-12-22,0.6038419008255005
1978-12-26,0.6038419008255005
1978-12-27,0.5661019086837769
1978-12-28,0.5661019086837769
1978-12-29,0.5661019086837769
1979-01-02,0.5661019086837769
1979-01-03,0.5661019086837769
1979-01-04,0.6038419008255005
1979-01-05,0.5661019086837769
1979-01-08,0.5661019086837769
1979-01-09,0.5661019086837769
1979-01-10,0.5661019086837769
1979-01-11,0.5661019086837769
1979-01-12,0.6793220043182373
1979-01-15,0.6793220043182373
1979-01-16,0.6415817141532898
1979-01-17,0.6038419008255005
1979-01-18,0.6038419008255005
1979-01-19,0.6415817141532898
1979-01-22,0.6793220043182373
1979-01-23,0.754801869392395
1979-01-24,0.8302826881408691
1979-01-25,0.9435030817985535
1979-01-26,0.8680225610733032
1979-01-29,0.905762791633606
1979-01-30,0.8680225610733032
1979-01-31,0.8680225610733032
1979-02-01,0.8680225610733032
1979-02-02,0.8680225610733032
1979-02-05,0.7925418615341187
1979-02-06,0.8302826881408691
1979-02-07,0.8302826881408691
1979-02-08,0.8302826881408691
1979-02-09,0.8302826881408691
1979-02-12,0.8302826881408691
1979-02-13,0.7925418615341187
1979-02-14,0.7925418615341187
1979-02-15,0.7925418615341187
1979-02-16,0.7925418615341187
1979-02-20,0.754801869392395
1979-02-21,0.754801869392395
1979-02-22,0.7170617580413818
1979-02-23,0.754801869392395
1979-02-26,0.7170617580413818
1979-02-27,0.6793220043182373
1979-02-28,0.6793220043182373
1979-03-01,0.6415817141532898
1979-03-02,0.754801869392395
1979-03-05,0.754801869392395
1979-03-06,0.7170617580413818
1979-03-07,0.6793220043182373
1979-03-08,0.6793220043182373
1979-03-09,0.6793220043182373
1979-03-12,0.7170617580413818
1979-03-13,0.6793220043182373
1979-03-14,0.6793220043182373
1979-03-15,0.6415817141532898
1979-03-16,0.6415817141532898
1979-03-19,0.6415817141532898
1979-03-20,0.6793220043182373
1979-03-21,0.754801869392395
1979-03-22,0.754801869392395
1979-03-23,0.8302826881408691
1979-03-26,0.9435030817985535
1979-03-27,1.0567231178283691
1979-03-28,0.905762791633606
1979-03-29,0.9812430739402771
1979-03-30,1.0189827680587769
1979-04-02,0.9812430739402771
1979-04-03,1.0189827680587769
1979-04-04,1.0567231178283691
1979-04-05,0.9812430739402771
1979-04-06,1.0189827680587769
1979-04-09,0.9812430739402771
1979-04-10,0.9812430739402771
1979-04-11,0.9435030817985535
1979-04-12,0.905762791633606
1979-04-16,0.8680225610733032
1979-04-17,0.8302826881408691
1979-04-18,0.8302826881408691
1979-04-19,0.8680225610733032
1979-04-20,0.905762791633606
1979-04-23,0.905762791633606
1979-04-24,0.905762791633606
1979-04-25,0.9435030817985535
1979-04-26,0.9435030817985535
1979-04-27,0.9435030817985535
1979-04-30,0.9435030817985535
1979-05-01,0.905762791633606
1979-05-02,0.905762791633606
1979-05-03,0.905762791633606
1979-05-04,0.905762791633606
1979-05-07,0.8680225610733032
1979-05-08,0.8680225610733032
1979-05-09,0.905762791633606
1979-05-10,0.8680225610733032
1979-05-11,0.905762791633606
1979-05-14,0.8680225610733032
1979-05-15,0.8680225610733032
1979-05-16,0.8680225610733032
1979-05-17,0.8680225610733032
1979-05-18,0.8680225610733032
1979-05-21,0.8680225610733032
1979-05-22,0.8680225610733032
1979-05-23,0.8680225610733032
1979-05-24,0.8680225610733032
1979-05-25,0.905762791633606
1979-05-29,0.905762791633606
1979-05-30,0.905762791633606
1979-05-31,0.905762791633606
1979-06-01,0.905762791633606
1979-06-04,0.905762791633606
1979-06-05,0.8680225610733032
1979-06-06,0.8302826881408691
1979-06-07,0.8302826881408691
1979-06-08,0.8302826881408691
1979-06-11,0.8680225610733032
1979-06-12,0.8680225610733032
1979-06-13,0.7925418615341187
1979-06-14,0.7925418615341187
1979-06-15,0.7925418615341187
1979-06-18,0.7925418615341187
1979-06-19,0.7925418615341187
1979-06-20,0.7925418615341187
1979-06-21,0.754801869392395
1979-06-22,0.7925418615341187
1979-06-25,0.7925418615341187
1979-06-26,0.7925418615341187
1979-06-27,0.7925418615341187
1979-06-28,0.7925418615341187
1979-06-29,0.7925418615341187
1979-07-02,0.7925418615341187
1979-07-03,0.754801869392395
1979-07-05,0.754801869392395
1979-07-06,0.7925418615341187
1979-07-09,0.7925418615341187
1979-07-10,0.7925418615341187
1979-07-11,0.7925418615341187
1979-07-12,0.7925418615341187
1979-07-13,0.754801869392395
1979-07-16,0.754801869392395
1979-07-17,0.7170617580413818
1979-07-18,0.6793220043182373
1979-07-19,0.6793220043182373
1979-07-20,0.6793220043182373
1979-07-23,0.6793220043182373
1979-07-24,0.6793220043182373
1979-07-25,0.6793220043182373
1979-07-26,0.6415817141532898
1979-07-27,0.6415817141532898
1979-07-30,0.6415817141532898
1979-07-31,0.6793220043182373
1979-08-01,0.6793220043182373
1979-08-02,0.7170617580413818
1979-08-03,0.7170617580413818
1979-08-06,0.7170617580413818
1979-08-07,0.7170617580413818
1979-08-08,0.7170617580413818
1979-08-09,0.7170617580413818
1979-08-10,0.7170617580413818
1979-08-13,0.7170617580413818
1979-08-14,0.7170617580413818
1979-08-15,0.7170617580413818
1979-08-16,0.7170617580413818
1979-08-17,0.7170617580413818
1979-08-20,0.6793220043182373
1979-08-21,0.7170617580413818
1979-08-22,0.754801869392395
1979-08-23,0.7925418615341187
1979-08-24,0.7925418615341187
1979-08-27,0.8302826881408691
1979-08-28,0.8302826881408691
1979-08-29,0.8302826881408691
1979-08-30,0.8680225610733032
1979-08-31,0.8680225610733032
1979-09-04,0.8302826881408691
1979-09-05,0.8302826881408691
1979-09-06,0.8680225610733032
1979-09-07,0.905762791633606
1979-09-10,0.8680225610733032
1979-09-11,0.8680225610733032
1979-09-12,0.9812430739402771
1979-09-13,0.905762791633606
1979-09-14,0.905762791633606
1979-09-17,0.905762791633606
1979-09-18,0.905762791633606
1979-09-19,0.9435030817985535
1979-09-20,0.9812430739402771
1979-09-21,0.9435030817985535
1979-09-24,0.8680225610733032
1979-09-25,0.905762791633606
1979-09-26,0.9435030817985535
1979-09-27,0.905762791633606
1979-09-28,0.8302826881408691
1979-10-01,0.8302826881408691
1979-10-02,0.8302826881408691
1979-10-03,0.8302826881408691
1979-10-04,0.8302826881408691
1979-10-05,0.905762791633606
1979-10-08,0.8680225610733032
1979-10-09,0.7925418615341187
1979-10-10,0.7170617580413818
1979-10-11,0.7170617580413818
1979-10-12,0.7170617580413818
1979-10-15,0.754801869392395
1979-10-16,0.754801869392395
1979-10-17,0.754801869392395
1979-10-18,0.754801869392395
1979-10-19,0.754801869392395
1979-10-22,0.754801869392395
1979-10-23,0.8302826881408691
1979-10-24,0.8302826881408691
1979-10-25,0.7925418615341187
1979-10-26,0.7925418615341187
1979-10-29,0.7925418615341187
1979-10-30,0.8302826881408691
1979-10-31,0.7925418615341187
1979-11-01,0.905762791633606
1979-11-02,0.8302826881408691
1979-11-05,0.8302826881408691
1979-11-06,0.8302826881408691
1979-11-07,0.8302826881408691
1979-11-08,0.8302826881408691
1979-11-09,0.8302826881408691
1979-11-12,0.8302826881408691
1979-11-13,0.8680225610733032
1979-11-14,0.8680225610733032
1979-11-15,0.8680225610733032
1979-11-16,0.8680225610733032
1979-11-19,0.8680225610733032
1979-11-20,0.8680225610733032
1979-11-21,0.8302826881408691
1979-11-23,0.8302826881408691
1979-11-26,0.8680225610733032
1979-11-27,0.905762791633606
1979-11-28,0.8680225610733032
1979-11-29,0.8680225610733032
1979-11-30,0.8302826881408691
1979-12-03,0.905762791633606
1979-12-04,0.905762791633606
1979-12-05,0.9812430739402771
1979-12-06,1.0189827680587769
1979-12-07,1.0189827680587769
1979-12-10,0.9435030817985535
1979-12-11,0.9435030817985535
1979-12-12,0.9435030817985535
1979-12-13,0.9812430739402771
1979-12-14,0.9812430739402771
1979-12-17,0.9812430739402771
1979-12-18,0.905762791633606
1979-12-19,0.905762791633606
1979-12-20,0.8680225610733032
1979-12-21,0.905762791633606
1979-12-24,0.905762791633606
1979-12-26,0.905762791633606
1979-12-27,0.8680225610733032
1979-12-28,0.8680225610733032
1979-12-31,0.905762791633606
1980-01-02,0.8302826881408691
1980-01-03,0.8302826881408691
1980-01-04,0.8302826881408691
1980-01-07,0.9435030817985535
1980-01-08,1.1322038173675537
1980-01-09,1.1322038173675537
1980-01-10,1.1699438095092773
1980-01-11,1.1699438095092773
1980-01-14,1.207683801651001
1980-01-15,1.2454240322113037
1980-01-16,1.2831634283065796
1980-01-17,1.54734468460083
1980-01-18,1.6605645418167114
1980-01-21,1.7360442876815796
1980-01-22,1.54734468460083
1980-01-23,1.585084319114685
1980-01-24,1.54734468460083
1980-01-25,1.54734468460083
1980-01-28,1.585084319114685
1980-01-29,1.585084319114685
1980-01-30,1.54734468460083
1980-01-31,1.509604573249817
1980-02-01,1.4341243505477905
1980-02-04,1.4341243505477905
1980-02-05,1.4341243505477905
1980-02-06,1.4718647003173828
1980-02-07,1.509604573249817
1980-02-08,1.4718647003173828
1980-02-11,1.3963837623596191
1980-02-12,1.3963837623596191
1980-02-13,1.4341243505477905
1980-02-14,1.3963837623596191
1980-02-15,1.3586440086364746
1980-02-19,1.3209036588668823
1980-02-20,1.3209036588668823
1980-02-21,1.2831634283065796
1980-02-22,1.207683801651001
1980-02-25,1.207683801651001
1980-02-26,1.2454240322113037
1980-02-27,1.2831634283065796
1980-02-28,1.2831634283065796
1980-02-29,1.3209036588668823
1980-03-03,1.3209036588668823
1980-03-04,1.3209036588668823
1980-03-05,1.2831634283065796
1980-03-06,1.207683801651001
1980-03-07,1.207683801651001
1980-03-10,1.1699438095092773
1980-03-11,1.1699438095092773
1980-03-12,1.2454240322113037
1980-03-13,1.3586440086364746
1980-03-14,1.3963837623596191
1980-03-17,1.3209036588668823
1980-03-18,1.3209036588668823
1980-03-19,1.2831634283065796
1980-03-20,1.3209036588668823
1980-03-21,1.2831634283065796
1980-03-24,1.207683801651001
1980-03-25,1.1699438095092773
1980-03-26,1.1699438095092773
1980-03-27,1.0567231178283691
1980-03-28,1.1699438095092773
1980-03-31,1.1699438095092773
1980-04-01,1.1322038173675537
1980-04-02,1.1322038173675537
1980-04-03,1.207683801651001
1980-04-07,1.1699438095092773
1980-04-08,1.1322038173675537
1980-04-09,1.1699438095092773
1980-04-10,1.207683801651001
1980-04-11,1.1699438095092773
1980-04-14,1.1699438095092773
1980-04-15,1.1699438095092773
1980-04-16,1.1322038173675537
1980-04-17,1.0944631099700928
1980-04-18,1.1322038173675537
1980-04-21,1.0567231178283691
1980-04-22,1.0944631099700928
1980-04-23,1.0944631099700928
1980-04-24,1.0944631099700928
1980-04-25,1.0944631099700928
1980-04-28,1.1322038173675537
1980-04-29,1.1322038173675537
1980-04-30,1.1322038173675537
1980-05-01,1.1322038173675537
1980-05-02,1.1322038173675537
1980-05-05,1.1699438095092773
1980-05-06,1.0944631099700928
1980-05-07,1.0944631099700928
1980-05-08,1.0944631099700928
1980-05-09,1.0567231178283691
1980-05-12,1.0567231178283691
1980-05-13,1.0567231178283691
1980-05-14,1.0567231178283691
1980-05-15,1.0944631099700928
1980-05-16,1.1322038173675537
1980-05-19,1.207683801651001
1980-05-20,1.207683801651001
1980-05-21,1.1699438095092773
1980-05-22,1.2831634283065796
1980-05-23,1.3209036588668823
1980-05-27,1.3209036588668823
1980-05-28,1.3963837623596191
1980-05-29,1.3586440086364746
1980-05-30,1.3209036588668823
1980-06-02,1.3209036588668823
1980-06-03,1.2831634283065796
1980-06-04,1.2454240322113037
1980-06-05,1.2454240322113037
1980-06-06,1.2454240322113037
1980-06-09,1.207683801651001
1980-06-10,1.207683801651001
1980-06-11,1.207683801651001
1980-06-12,1.2454240322113037
1980-06-13,1.207683801651001
1980-06-16,1.207683801651001
1980-06-17,1.207683801651001
1980-06-18,1.1699438095092773
1980-06-19,1.1699438095092773
1980-06-20,1.1322038173675537
1980-06-23,1.1699438095092773
1980-06-24,1.1322038173675537
1980-06-25,1.207683801651001
1980-06-26,1.207683801651001
1980-06-27,1.2831634283065796
1980-06-30,1.2831634283065796
1980-07-01,1.207683801651001
1980-07-02,1.207683801651001
1980-07-03,1.3209036588668823
1980-07-07,1.3586440086364746
1980-07-08,1.3209036588668823
1980-07-09,1.3586440086364746
1980-07-10,1.4341243505477905
1980-07-11,1.509604573249817
1980-07-14,1.585084319114685
1980-07-15,1.585084319114685
1980-07-16,1.585084319114685
1980-07-17,1.622824788093567
1980-07-18,1.698304533958435
1980-07-21,1.7737853527069092
1980-07-22,1.7737853527069092
1980-07-23,1.7737853527069092
1980-07-24,1.6605645418167114
1980-07-25,1.698304533958435
1980-07-28,1.698304533958435
1980-07-29,1.7737853527069092
1980-07-30,1.811525583267212
1980-07-31,1.7737853527069092
1980-08-01,1.811525583267212
1980-08-04,1.811525583267212
1980-08-05,1.849265694618225
1980-08-06,1.9624861478805542
1980-08-07,2.0379655361175537
1980-08-08,2.188926935195923
1980-08-11,2.188926935195923
1980-08-12,2.075706720352173
1980-08-13,2.3021469116210938
1980-08-14,2.37762713432312
1980-08-15,2.37762713432312
1980-08-18,2.755028247833252
1980-08-19,2.528587579727173
1980-08-20,2.7172884941101074
1980-08-21,2.830507755279541
1980-08-22,2.8682479858398438
1980-08-25,2.8682479858398438
1980-08-26,2.9059886932373047
1980-08-27,2.8682479858398438
1980-08-28,2.8682479858398438
1980-08-29,2.8682479858398438
1980-09-02,2.8682479858398438
1980-09-03,2.943728446960449
1980-09-04,3.17016863822937
1980-09-05,3.28338885307312
1980-09-08,3.321129083633423
1980-09-09,3.321129083633423
1980-09-10,3.547569751739502
1980-09-11,3.69853138923645
1980-09-12,3.8494904041290283
1980-09-15,3.8494904041290283
1980-09-16,3.6230504512786865
1980-09-17,3.774012327194214
1980-09-18,3.8872318267822266
1980-09-19,4.340113162994385
1980-09-22,4.189152717590332
1980-09-23,3.9249722957611084
1980-09-24,3.8494904041290283
1980-09-25,3.7362704277038574
1980-09-26,3.4720892906188965
1980-09-29,3.17016863822937
1980-09-30,3.43435001373291
1980-10-01,3.5098307132720947
1980-10-02,3.5098307132720947
1980-10-03,3.8872318267822266
1980-10-06,4.113672733306885
1980-10-07,4.00045108795166
1980-10-08,4.075931549072266
1980-10-09,4.113672733306885
1980-10-10,4.151412487030029
1980-10-13,4.151412487030029
1980-10-14,4.151412487030029
1980-10-15,4.264632225036621
1980-10-16,4.151412487030029
1980-10-17,4.075931549072266
1980-10-20,4.038191318511963
1980-10-21,3.8494904041290283
1980-10-22,4.075931549072266
1980-10-23,4.151412487030029
1980-10-24,4.415594577789307
1980-10-27,4.038191318511963
1980-10-28,4.00045108795166
1980-10-29,3.774012327194214
1980-10-30,3.6230504512786865
1980-10-31,3.6230504512786865
1980-11-03,3.69853138923645
1980-11-05,3.811751127243042
1980-11-06,3.774012327194214
1980-11-07,3.774012327194214
1980-11-10,3.69853138923645
1980-11-11,3.8494904041290283
1980-11-12,3.9627108573913574
1980-11-13,4.113672733306885
1980-11-14,4.189152717590332
1980-11-17,4.113672733306885
1980-11-18,4.075931549072266
1980-11-19,3.9627108573913574
1980-11-20,4.00045108795166
1980-11-21,3.8872318267822266
1980-11-24,3.811751127243042
1980-11-25,3.8494904041290283
1980-11-26,3.811751127243042
1980-11-28,3.811751127243042
1980-12-01,3.585310459136963
1980-12-02,3.585310459136963
1980-12-03,3.6230504512786865
1980-12-04,3.585310459136963
1980-12-05,3.585310459136963
1980-12-08,3.5098307132720947
1980-12-09,3.3966097831726074
1980-12-10,3.245649576187134
1980-12-11,3.09468936920166
1980-12-12,3.17016863822937
1980-12-15,3.245649576187134
1980-12-16,3.245649576187134
1980-12-17,3.358870029449463
1980-12-18,3.3966097831726074
1980-12-19,3.321129083633423
1980-12-22,3.0569489002227783
1980-12-23,2.943728446960449
1980-12-24,2.943728446960449
1980-12-26,3.0192081928253174
1980-12-29,3.0192081928253174
1980-12-30,2.830507755279541
1980-12-31,2.9814682006835938
1981-01-02,3.28338885307312
1981-01-05,3.547569751739502
1981-01-06,3.547569751739502
1981-01-07,3.28338885307312
1981-01-08,3.17016863822937
1981-01-09,3.245649576187134
1981-01-12,3.245649576187134
1981-01-13,3.28338885307312
1981-01-14,3.3966097831726074
1981-01-15,3.66079044342041
1981-01-16,3.585310459136963
1981-01-19,3.585310459136963
1981-01-20,3.5098307132720947
1981-01-21,3.4720892906188965
1981-01-22,3.5098307132720947
1981-01-23,3.6230504512786865
1981-01-26,3.547569751739502
1981-01-27,3.43435001373291
1981-01-28,3.358870029449463
1981-01-29,3.28338885307312
1981-01-30,3.0569489002227783
1981-02-02,2.8682479858398438
1981-02-03,3.0192081928253174
1981-02-04,3.17016863822937
1981-02-05,3.09468936920166
1981-02-06,3.17016863822937
1981-02-09,3.0192081928253174
1981-02-10,3.0569489002227783
1981-02-11,2.9814682006835938
1981-02-12,2.943728446960449
1981-02-13,2.9059886932373047
1981-02-17,2.9059886932373047
1981-02-18,3.0192081928253174
1981-02-19,2.943728446960449
1981-02-20,2.943728446960449
1981-02-23,2.9814682006835938
1981-02-24,3.0569489002227783
1981-02-25,2.8682479858398438
1981-02-26,2.755028247833252
1981-02-27,2.7927684783935547
1981-03-02,2.6795480251312256
1981-03-03,2.7927684783935547
1981-03-04,2.9059886932373047
1981-03-05,3.0192081928253174
1981-03-06,3.0569489002227783
1981-03-09,3.0192081928253174
1981-03-10,2.943728446960449
1981-03-11,2.8682479858398438
1981-03-12,3.0569489002227783
1981-03-13,3.0192081928253174
1981-03-16,3.0569489002227783
1981-03-17,3.0192081928253174
1981-03-18,3.0192081928253174
1981-03-19,2.943728446960449
1981-03-20,2.8682479858398438
1981-03-23,2.830507755279541
1981-03-24,2.9059886932373047
1981-03-25,2.9814682006835938
1981-03-26,2.9814682006835938
1981-03-27,2.9814682006835938
1981-03-30,2.9814682006835938
1981-03-31,3.2079098224639893
1981-04-01,3.4720892906188965
1981-04-02,3.66079044342041
1981-04-03,3.66079044342041
1981-04-06,3.547569751739502
1981-04-07,3.6230504512786865
1981-04-08,3.66079044342041
1981-04-09,3.811751127243042
1981-04-10,4.00045108795166
1981-04-13,4.038191318511963
1981-04-14,3.774012327194214
1981-04-15,3.774012327194214
1981-04-16,3.774012327194214
1981-04-20,3.774012327194214
1981-04-21,3.774012327194214
1981-04-22,3.585310459136963
1981-04-23,3.4720892906188965
1981-04-24,3.3966097831726074
1981-04-27,3.3966097831726074
1981-04-28,3.28338885307312
1981-04-29,3.17016863822937
1981-04-30,3.245649576187134
1981-05-01,3.321129083633423
1981-05-04,3.3966097831726074
1981-05-05,3.358870029449463
1981-05-06,3.321129083633423
1981-05-07,3.321129083633423
1981-05-08,3.2079098224639893
1981-05-11,3.0569489002227783
1981-05-12,3.09468936920166
1981-05-13,3.09468936920166
1981-05-14,3.1324305534362793
1981-05-15,3.17016863822937
1981-05-18,3.321129083633423
1981-05-19,3.321129083633423
1981-05-20,3.4720892906188965
1981-05-21,3.4720892906188965
1981-05-22,3.4720892906188965
1981-05-26,3.43435001373291
1981-05-27,3.43435001373291
1981-05-28,3.3966097831726074
1981-05-29,3.3966097831726074
1981-06-01,3.3966097831726074
1981-06-02,3.4720892906188965
1981-06-03,3.5098307132720947
1981-06-04,3.6230504512786865
1981-06-05,4.038191318511963
1981-06-08,4.038191318511963
1981-06-09,3.8872318267822266
1981-06-10,3.811751127243042
1981-06-11,3.811751127243042
1981-06-12,3.69853138923645
1981-06-15,3.7362704277038574
1981-06-16,3.43435001373291
1981-06-17,3.4720892906188965
1981-06-18,3.43435001373291
1981-06-19,3.4720892906188965
1981-06-22,3.321129083633423
1981-06-23,3.28338885307312
1981-06-24,3.3966097831726074
1981-06-25,3.3966097831726074
1981-06-26,3.3966097831726074
1981-06-29,3.321129083633423
1981-06-30,3.1324305534362793
1981-07-01,3.09468936920166
1981-07-02,3.09468936920166
1981-07-06,2.8682479858398438
1981-07-07,2.830507755279541
1981-07-08,2.8682479858398438
1981-07-09,3.0569489002227783
1981-07-10,2.9814682006835938
1981-07-13,2.943728446960449
1981-07-14,2.8682479858398438
1981-07-15,2.9059886932373047
1981-07-16,2.943728446960449
1981-07-17,2.943728446960449
1981-07-20,2.8682479858398438
1981-07-21,2.8682479858398438
1981-07-22,2.8682479858398438
1981-07-23,2.8682479858398438
1981-07-24,2.9059886932373047
1981-07-27,2.8682479858398438
1981-07-28,2.8682479858398438
1981-07-29,2.830507755279541
1981-07-30,2.7927684783935547
1981-07-31,2.7927684783935547
1981-08-03,2.7172884941101074
1981-08-04,2.7172884941101074
1981-08-05,2.7172884941101074
1981-08-06,2.6418073177337646
1981-08-07,2.604067325592041
1981-08-10,2.604067325592041
1981-08-11,2.6418073177337646
1981-08-12,2.6418073177337646
1981-08-13,2.755028247833252
1981-08-14,2.755028247833252
1981-08-17,2.7172884941101074
1981-08-18,2.604067325592041
1981-08-19,2.6418073177337646
1981-08-20,2.7927684783935547
1981-08-21,2.7927684783935547
1981-08-24,2.6795480251312256
1981-08-25,2.604067325592041
1981-08-26,2.4908480644226074
1981-08-27,2.3021469116210938
1981-08-28,2.3398866653442383
1981-08-31,2.37762713432312
1981-09-01,2.415367603302002
1981-09-02,2.415367603302002
1981-09-03,2.26440691947937
1981-09-04,2.22666597366333
1981-09-08,2.151186466217041
1981-09-09,2.1134467124938965
1981-09-10,2.1134467124938965
1981-09-11,2.188926935195923
1981-09-14,2.188926935195923
1981-09-15,2.151186466217041
1981-09-16,2.075706720352173
1981-09-17,2.075706720352173
1981-09-18,2.075706720352173
1981-09-21,2.0379655361175537
1981-09-22,1.9247452020645142
1981-09-23,1.849265694618225
1981-09-24,2.075706720352173
1981-09-25,2.151186466217041
1981-09-28,2.22666597366333
1981-09-29,2.3021469116210938
1981-09-30,2.4908480644226074
1981-10-01,2.6795480251312256
1981-10-02,2.604067325592041
1981-10-05,2.528587579727173
1981-10-06,2.528587579727173
1981-10-07,2.604067325592041
1981-10-08,2.6795480251312256
1981-10-09,2.528587579727173
1981-10-12,2.4908480644226074
1981-10-13,2.604067325592041
1981-10-14,2.604067325592041
1981-10-15,2.604067325592041
1981-10-16,2.528587579727173
1981-10-19,2.566326856613159
1981-10-20,2.6795480251312256
1981-10-21,2.7927684783935547
1981-10-22,2.7172884941101074
1981-10-23,2.604067325592041
1981-10-26,2.566326856613159
1981-10-27,2.604067325592041
1981-10-28,2.528587579727173
1981-10-29,2.528587579727173
1981-10-30,2.4908480644226074
1981-11-02,2.528587579727173
1981-11-03,2.528587579727173
1981-11-04,2.528587579727173
1981-11-05,2.37762713432312
1981-11-06,2.3398866653442383
1981-11-09,2.3398866653442383
1981-11-10,2.3398866653442383
1981-11-11,2.3398866653442383
1981-11-12,2.3398866653442383
1981-11-13,2.3398866653442383
1981-11-16,2.3398866653442383
1981-11-17,2.415367603302002
1981-11-18,2.4908480644226074
1981-11-19,2.4531075954437256
1981-11-20,2.415367603302002
1981-11-23,2.3398866653442383
1981-11-24,2.3021469116210938
1981-11-25,2.22666597366333
1981-11-27,2.22666597366333
1981-11-30,2.188926935195923
1981-12-01,2.188926935195923
1981-12-02,2.22666597366333
1981-12-03,2.37762713432312
1981-12-04,2.415367603302002
1981-12-07,2.3021469116210938
1981-12-08,2.188926935195923
1981-12-09,2.188926935195923
1981-12-10,2.188926935195923
1981-12-11,2.188926935195923
1981-12-14,2.1134467124938965
1981-12-15,2.1134467124938965
1981-12-16,2.1134467124938965
1981-12-17,2.1134467124938965
1981-12-18,2.188926935195923
1981-12-21,2.188926935195923
1981-12-22,2.1134467124938965
1981-12-23,2.1134467124938965
1981-12-24,2.1134467124938965
1981-12-28,2.075706720352173
1981-12-29,1.9624861478805542
1981-12-30,2.000225067138672
1981-12-31,2.000225067138672
1982-01-04,2.000225067138672
1982-01-05,2.0379655361175537
1982-01-06,2.188926935195923
1982-01-07,2.151186466217041
1982-01-08,2.3021469116210938
1982-01-11,2.188926935195923
1982-01-12,2.151186466217041
1982-01-13,2.151186466217041
1982-01-14,2.151186466217041
1982-01-15,2.188926935195923
1982-01-18,2.188926935195923
1982-01-19,2.075706720352173
1982-01-20,2.075706720352173
1982-01-21,2.075706720352173
1982-01-22,2.188926935195923
1982-01-25,2.188926935195923
1982-01-26,2.151186466217041
1982-01-27,2.22666597366333
1982-01-28,2.3398866653442383
1982-01-29,2.3398866653442383
1982-02-01,2.3021469116210938
1982-02-02,2.3021469116210938
1982-02-03,2.3398866653442383
1982-02-04,2.4908480644226074
1982-02-05,2.528587579727173
1982-02-08,2.37762713432312
1982-02-09,2.3021469116210938
1982-02-10,2.3021469116210938
1982-02-11,2.3398866653442383
1982-02-12,2.415367603302002
1982-02-16,2.415367603302002
1982-02-17,2.415367603302002
1982-02-18,2.4531075954437256
1982-02-19,2.4531075954437256
1982-02-22,2.26440691947937
1982-02-23,2.22666597366333
1982-02-24,2.3398866653442383
1982-02-25,2.3398866653442383
1982-02-26,2.3398866653442383
1982-03-01,2.37762713432312
1982-03-02,2.4908480644226074
1982-03-03,2.4908480644226074
1982-03-04,2.4531075954437256
1982-03-05,2.3398866653442383
1982-03-08,2.37762713432312
1982-03-09,2.3398866653442383
1982-03-10,2.3021469116210938
1982-03-11,2.3398866653442383
1982-03-12,2.3021469116210938
1982-03-15,2.3398866653442383
1982-03-16,2.3398866653442383
1982-03-17,2.3398866653442383
1982-03-18,2.3398866653442383
1982-03-19,2.4531075954437256
1982-03-22,2.528587579727173
1982-03-23,2.528587579727173
1982-03-24,2.1134467124938965
1982-03-25,2.075706720352173
1982-03-26,2.0379655361175537
1982-03-29,2.0379655361175537
1982-03-30,2.000225067138672
1982-03-31,2.0379655361175537
1982-04-01,2.0379655361175537
1982-04-02,2.075706720352173
1982-04-05,2.075706720352173
1982-04-06,2.0379655361175537
1982-04-07,2.151186466217041
1982-04-08,2.1134467124938965
1982-04-12,2.0379655361175537
1982-04-13,2.075706720352173
1982-04-14,2.075706720352173
1982-04-15,2.1134467124938965
1982-04-16,2.188926935195923
1982-04-19,2.26440691947937
1982-04-20,2.188926935195923
1982-04-21,2.188926935195923
1982-04-22,2.22666597366333
1982-04-23,2.188926935195923
1982-04-26,2.0379655361175537
1982-04-27,1.849265694618225
1982-04-28,1.811525583267212
1982-04-29,1.6605645418167114
1982-04-30,1.7360442876815796
1982-05-03,1.9247452020645142
1982-05-04,1.9624861478805542
1982-05-05,1.9624861478805542
1982-05-06,1.9247452020645142
1982-05-07,1.9247452020645142
1982-05-10,1.849265694618225
1982-05-11,1.7737853527069092
1982-05-12,1.7737853527069092
1982-05-13,1.7360442876815796
1982-05-14,1.7360442876815796
1982-05-17,1.622824788093567
1982-05-18,1.6605645418167114
1982-05-19,1.6605645418167114
1982-05-20,1.6605645418167114
1982-05-21,1.622824788093567
1982-05-24,1.622824788093567
1982-05-25,1.622824788093567
1982-05-26,1.6605645418167114
1982-05-27,1.7737853527069092
1982-05-28,1.811525583267212
1982-06-01,1.9247452020645142
1982-06-02,1.9247452020645142
1982-06-03,1.9247452020645142
1982-06-04,1.9247452020645142
1982-06-07,1.887006163597107
1982-06-08,1.887006163597107
1982-06-09,1.811525583267212
1982-06-10,1.7737853527069092
1982-06-11,1.811525583267212
1982-06-14,1.622824788093567
1982-06-15,1.54734468460083
1982-06-16,1.622824788093567
1982-06-17,1.54734468460083
1982-06-18,1.509604573249817
1982-06-21,1.509604573249817
1982-06-22,1.622824788093567
1982-06-23,1.698304533958435
1982-06-24,1.6605645418167114
1982-06-25,1.6605645418167114
1982-06-28,1.6605645418167114
1982-06-29,1.6605645418167114
1982-06-30,1.6605645418167114
1982-07-01,1.622824788093567
1982-07-02,1.585084319114685
1982-07-06,1.509604573249817
1982-07-07,1.509604573249817
1982-07-08,1.509604573249817
1982-07-09,1.509604573249817
1982-07-12,1.509604573249817
1982-07-13,1.509604573249817
1982-07-14,1.509604573249817
1982-07-15,1.509604573249817
1982-07-16,1.509604573249817
1982-07-19,1.3963837623596191
1982-07-20,1.2831634283065796
1982-07-21,1.2831634283065796
1982-07-22,1.2831634283065796
1982-07-23,1.2454240322113037
1982-07-26,1.207683801651001
1982-07-27,1.207683801651001
1982-07-28,1.207683801651001
1982-07-29,1.207683801651001
1982-07-30,1.207683801651001
1982-08-02,1.1322038173675537
1982-08-03,1.3209036588668823
1982-08-04,1.4341243505477905
1982-08-05,1.3963837623596191
1982-08-06,1.2831634283065796
1982-08-09,1.207683801651001
1982-08-10,1.2454240322113037
1982-08-11,1.2454240322113037
1982-08-12,1.207683801651001
1982-08-13,1.207683801651001
1982-08-16,1.207683801651001
1982-08-17,1.207683801651001
1982-08-18,1.207683801651001
1982-08-19,1.1699438095092773
1982-08-20,1.1322038173675537
1982-08-23,1.207683801651001
1982-08-24,1.207683801651001
1982-08-25,1.2454240322113037
1982-08-26,1.4341243505477905
1982-08-27,1.3963837623596191
1982-08-30,1.3586440086364746
1982-08-31,1.3963837623596191
1982-09-01,1.2831634283065796
1982-09-02,1.3586440086364746
1982-09-03,1.2454240322113037
1982-09-07,1.1322038173675537
1982-09-08,1.2454240322113037
1982-09-09,1.3963837623596191
1982-09-10,1.3963837623596191
1982-09-13,1.3963837623596191
1982-09-14,1.4341243505477905
1982-09-15,1.3586440086364746
1982-09-16,1.3209036588668823
1982-09-17,1.3209036588668823
1982-09-20,1.2454240322113037
1982-09-21,1.207683801651001
1982-09-22,1.1699438095092773
1982-09-23,1.1322038173675537
1982-09-24,1.1322038173675537
1982-09-27,1.0567231178283691
1982-09-28,1.0944631099700928
1982-09-29,1.1322038173675537
1982-09-30,1.1322038173675537
1982-10-01,1.1322038173675537
1982-10-04,1.1322038173675537
1982-10-05,1.1699438095092773
1982-10-06,1.1699438095092773
1982-10-07,1.1699438095092773
1982-10-08,1.1699438095092773
1982-10-11,1.1699438095092773
1982-10-12,1.0944631099700928
1982-10-13,1.2454240322113037
1982-10-14,1.207683801651001
1982-10-15,1.2454240322113037
1982-10-18,1.4341243505477905
1982-10-19,1.3963837623596191
1982-10-20,1.509604573249817
1982-10-21,1.4718647003173828
1982-10-22,1.4341243505477905
1982-10-25,1.3963837623596191
1982-10-26,1.3963837623596191
1982-10-27,1.4341243505477905
1982-10-28,1.3586440086364746
1982-10-29,1.3963837623596191
1982-11-01,1.3586440086364746
1982-11-02,1.3963837623596191
1982-11-03,1.4341243505477905
1982-11-04,1.585084319114685
1982-11-05,1.698304533958435
1982-11-08,1.698304533958435
1982-11-09,1.811525583267212
1982-11-10,1.849265694618225
1982-11-11,1.811525583267212
1982-11-12,1.849265694618225
1982-11-15,1.811525583267212
1982-11-16,1.622824788093567
1982-11-17,1.6605645418167114
1982-11-18,1.585084319114685
1982-11-19,1.4718647003173828
1982-11-22,1.4341243505477905
1982-11-23,1.4718647003173828
1982-11-24,1.509604573249817
1982-11-26,1.509604573249817
1982-11-29,1.4718647003173828
1982-11-30,1.509604573249817
1982-12-01,1.54734468460083
1982-12-02,1.54734468460083
1982-12-03,1.509604573249817
1982-12-06,1.4718647003173828
1982-12-07,1.3963837623596191
1982-12-08,1.3209036588668823
1982-12-09,1.2831634283065796
1982-12-10,1.2454240322113037
1982-12-13,1.207683801651001
1982-12-14,1.1699438095092773
1982-12-15,1.1322038173675537
1982-12-16,1.1322038173675537
1982-12-17,1.2831634283065796
1982-12-20,1.2831634283065796
1982-12-21,1.3209036588668823
1982-12-22,1.4718647003173828
1982-12-23,1.4341243505477905
1982-12-27,1.509604573249817
1982-12-28,1.4341243505477905
1982-12-29,1.4341243505477905
1982-12-30,1.4341243505477905
1982-12-31,1.3963837623596191
1983-01-03,1.4341243505477905
1983-01-04,1.54734468460083
1983-01-05,1.585084319114685
1983-01-06,1.7360442876815796
1983-01-07,1.9247452020645142
1983-01-10,1.9624861478805542
1983-01-11,1.9624861478805542
1983-01-12,2.075706720352173
1983-01-13,2.075706720352173
1983-01-14,2.1134467124938965
1983-01-17,2.151186466217041
1983-01-18,2.22666597366333
1983-01-19,2.188926935195923
1983-01-20,2.151186466217041
1983-01-21,2.075706720352173
1983-01-24,1.9247452020645142
1983-01-25,2.0379655361175537
1983-01-26,2.26440691947937
1983-01-27,2.37762713432312
1983-01-28,2.37762713432312
1983-01-31,2.566326856613159
1983-02-01,2.4531075954437256
1983-02-02,2.4531075954437256
1983-02-03,2.604067325592041
1983-02-04,2.7172884941101074
1983-02-07,2.604067325592041
1983-02-08,2.4908480644226074
1983-02-09,2.4908480644226074
1983-02-10,2.6795480251312256
1983-02-11,2.7172884941101074
1983-02-14,2.8682479858398438
1983-02-15,2.8682479858398438
1983-02-16,2.6795480251312256
1983-02-17,2.830507755279541
1983-02-18,2.830507755279541
1983-02-22,2.6418073177337646
1983-02-23,2.7172884941101074
1983-02-24,2.7927684783935547
1983-02-25,2.755028247833252
1983-02-28,2.8682479858398438
1983-03-01,2.943728446960449
1983-03-02,2.9059886932373047
1983-03-03,2.9059886932373047
1983-03-04,2.830507755279541
1983-03-07,2.6795480251312256
1983-03-08,2.604067325592041
1983-03-09,2.604067325592041
1983-03-10,2.604067325592041
1983-03-11,2.604067325592041
1983-03-14,2.528587579727173
1983-03-15,2.4531075954437256
1983-03-16,2.3398866653442383
1983-03-17,2.4908480644226074
1983-03-18,2.566326856613159
1983-03-21,2.6795480251312256
1983-03-22,2.604067325592041
1983-03-23,2.6795480251312256
1983-03-24,2.6795480251312256
1983-03-25,2.6795480251312256
1983-03-28,2.566326856613159
1983-03-29,2.566326856613159
1983-03-30,2.6418073177337646
1983-03-31,2.6418073177337646
1983-04-04,2.566326856613159
1983-04-05,2.566326856613159
1983-04-06,2.528587579727173
1983-04-07,2.528587579727173
1983-04-08,2.604067325592041
1983-04-11,2.6418073177337646
1983-04-12,2.7172884941101074
1983-04-13,2.830507755279541
1983-04-14,2.943728446960449
1983-04-15,3.0192081928253174
1983-04-18,2.9814682006835938
1983-04-19,2.8682479858398438
1983-04-20,2.8682479858398438
1983-04-21,3.09468936920166
1983-04-22,3.321129083633423
1983-04-25,3.28338885307312
1983-04-26,3.358870029449463
1983-04-27,3.245649576187134
1983-04-28,3.245649576187134
1983-04-29,3.358870029449463
1983-05-02,3.28338885307312
1983-05-03,3.2079098224639893
1983-05-04,3.28338885307312
1983-05-05,3.358870029449463
1983-05-06,3.358870029449463
1983-05-09,3.585310459136963
1983-05-10,3.6230504512786865
1983-05-11,3.5098307132720947
1983-05-12,3.4720892906188965
1983-05-13,3.4720892906188965
1983-05-16,3.245649576187134
1983-05-17,3.28338885307312
1983-05-18,3.4720892906188965
1983-05-19,3.358870029449463
1983-05-20,3.28338885307312
1983-05-23,3.358870029449463
1983-05-24,3.358870029449463
1983-05-25,3.245649576187134
1983-05-26,3.245649576187134
1983-05-27,3.28338885307312
1983-05-31,3.321129083633423
1983-06-01,3.321129083633423
1983-06-02,3.358870029449463
1983-06-03,3.358870029449463
1983-06-06,3.6230504512786865
1983-06-07,3.6230504512786865
1983-06-08,3.5098307132720947
1983-06-09,3.6230504512786865
1983-06-10,3.7362704277038574
1983-06-13,3.8872318267822266
1983-06-14,4.226892948150635
1983-06-15,4.189152717590332
1983-06-16,4.189152717590332
1983-06-17,4.075931549072266
1983-06-20,3.9249722957611084
1983-06-21,3.9627108573913574
1983-06-22,4.264632225036621
1983-06-23,4.340113162994385
1983-06-24,4.226892948150635
1983-06-27,4.075931549072266
1983-06-28,3.69853138923645
1983-06-29,3.811751127243042
1983-06-30,4.038191318511963
1983-07-01,4.113672733306885
1983-07-05,3.8872318267822266
1983-07-06,3.9627108573913574
1983-07-07,4.113672733306885
1983-07-08,4.151412487030029
1983-07-11,4.113672733306885
1983-07-12,3.8494904041290283
1983-07-13,3.774012327194214
1983-07-14,3.8494904041290283
1983-07-15,3.8494904041290283
1983-07-18,3.69853138923645
1983-07-19,3.7362704277038574
1983-07-20,3.8872318267822266
1983-07-21,4.075931549072266
1983-07-22,3.8872318267822266
1983-07-25,3.811751127243042
1983-07-26,3.8494904041290283
1983-07-27,3.6230504512786865
1983-07-28,3.6230504512786865
1983-07-29,3.43435001373291
1983-08-01,3.28338885307312
1983-08-02,3.28338885307312
1983-08-03,3.5098307132720947
1983-08-04,3.321129083633423
1983-08-05,3.358870029449463
1983-08-08,3.245649576187134
1983-08-09,3.2079098224639893
1983-08-10,3.2079098224639893
1983-08-11,3.17016863822937
1983-08-12,3.09468936920166
1983-08-15,3.2079098224639893
1983-08-16,3.17016863822937
1983-08-17,3.28338885307312
1983-08-18,3.245649576187134
1983-08-19,3.358870029449463
1983-08-22,3.43435001373291
1983-08-23,3.3966097831726074
1983-08-24,3.358870029449463
1983-08-25,3.245649576187134
1983-08-26,3.28338885307312
1983-08-29,3.17016863822937
1983-08-30,3.245649576187134
1983-08-31,3.5098307132720947
1983-09-01,3.5098307132720947
1983-09-02,3.547569751739502
1983-09-06,3.547569751739502
1983-09-07,3.6230504512786865
1983-09-08,3.585310459136963
1983-09-09,3.585310459136963
1983-09-12,3.66079044342041
1983-09-13,3.6230504512786865
1983-09-14,3.5098307132720947
1983-09-15,3.358870029449463
1983-09-16,3.3966097831726074
1983-09-19,3.4720892906188965
1983-09-20,3.4720892906188965
1983-09-21,3.43435001373291
1983-09-22,3.43435001373291
1983-09-23,3.245649576187134
1983-09-26,3.2079098224639893
1983-09-27,3.2079098224639893
1983-09-28,3.2079098224639893
1983-09-29,3.245649576187134
1983-09-30,3.0192081928253174
1983-10-03,3.0192081928253174
1983-10-04,3.0192081928253174
1983-10-05,3.0192081928253174
1983-10-06,3.09468936920166
1983-10-07,3.43435001373291
1983-10-10,3.585310459136963
1983-10-11,3.547569751739502
1983-10-12,3.28338885307312
1983-10-13,3.321129083633423
1983-10-14,3.321129083633423
1983-10-17,3.17016863822937
1983-10-18,3.0192081928253174
1983-10-19,3.17016863822937
1983-10-20,3.245649576187134
1983-10-21,3.09468936920166
1983-10-24,3.1324305534362793
1983-10-25,3.0569489002227783
1983-10-26,2.755028247833252
1983-10-27,2.4531075954437256
1983-10-28,2.6418073177337646
1983-10-31,2.755028247833252
1983-11-01,2.9059886932373047
1983-11-02,3.0569489002227783
1983-11-03,3.0569489002227783
1983-11-04,3.0192081928253174
1983-11-07,2.943728446960449
1983-11-08,2.9059886932373047
1983-11-09,2.943728446960449
1983-11-10,3.0192081928253174
1983-11-11,3.09468936920166
1983-11-14,3.2079098224639893
1983-11-15,3.0192081928253174
1983-11-16,2.9814682006835938
1983-11-17,2.943728446960449
1983-11-18,2.9814682006835938
1983-11-21,3.0569489002227783
1983-11-22,2.9814682006835938
1983-11-23,2.9059886932373047
1983-11-25,2.7927684783935547
1983-11-28,2.755028247833252
1983-11-29,2.755028247833252
1983-11-30,2.8682479858398438
1983-12-01,2.9059886932373047
1983-12-02,2.9059886932373047
1983-12-05,2.8682479858398438
1983-12-06,2.755028247833252
1983-12-07,2.755028247833252
1983-12-08,2.7172884941101074
1983-12-09,2.7172884941101074
1983-12-12,2.7172884941101074
1983-12-13,2.7172884941101074
1983-12-14,2.6418073177337646
1983-12-15,2.6795480251312256
1983-12-16,2.6418073177337646
1983-12-19,2.566326856613159
1983-12-20,2.604067325592041
1983-12-21,2.604067325592041
1983-12-22,2.604067325592041
1983-12-23,2.4908480644226074
1983-12-27,2.4531075954437256
1983-12-28,2.528587579727173
1983-12-29,2.6418073177337646
1983-12-30,2.7172884941101074
1984-01-03,2.6795480251312256
1984-01-04,2.7927684783935547
1984-01-05,2.9059886932373047
1984-01-06,3.0192081928253174
1984-01-09,3.0192081928253174
1984-01-10,3.0569489002227783
1984-01-11,3.1324305534362793
1984-01-12,3.09468936920166
1984-01-13,3.245649576187134
1984-01-16,3.245649576187134
1984-01-17,3.4720892906188965
1984-01-18,3.321129083633423
1984-01-19,3.17016863822937
1984-01-20,3.09468936920166
1984-01-23,3.0569489002227783
1984-01-24,3.0569489002227783
1984-01-25,3.09468936920166
1984-01-26,3.0569489002227783
1984-01-27,2.9814682006835938
1984-01-30,2.7927684783935547
1984-01-31,2.8682479858398438
1984-02-01,2.7927684783935547
1984-02-02,2.7927684783935547
1984-02-03,2.7172884941101074
1984-02-06,2.4908480644226074
1984-02-07,2.4531075954437256
1984-02-08,2.415367603302002
1984-02-09,2.415367603302002
1984-02-10,2.604067325592041
1984-02-13,2.566326856613159
1984-02-14,2.830507755279541
1984-02-15,2.7927684783935547
1984-02-16,2.7172884941101074
1984-02-17,2.6418073177337646
1984-02-21,2.604067325592041
1984-02-22,2.566326856613159
1984-02-23,2.528587579727173
1984-02-24,2.755028247833252
1984-02-27,2.7927684783935547
1984-02-28,2.6418073177337646
1984-02-29,2.566326856613159
1984-03-01,2.604067325592041
1984-03-02,2.6795480251312256
1984-03-05,2.6418073177337646
1984-03-06,2.604067325592041
1984-03-07,2.566326856613159
1984-03-08,2.604067325592041
1984-03-09,2.604067325592041
1984-03-12,2.6795480251312256
1984-03-13,2.7927684783935547
1984-03-14,2.8682479858398438
1984-03-15,2.830507755279541
1984-03-16,2.9059886932373047
1984-03-19,2.7172884941101074
1984-03-20,2.755028247833252
1984-03-21,2.7927684783935547
1984-03-22,2.7172884941101074
1984-03-23,2.7172884941101074
1984-03-26,2.7172884941101074
1984-03-27,2.528587579727173
1984-03-28,2.566326856613159
1984-03-29,2.6418073177337646
1984-03-30,2.6418073177337646
1984-04-02,2.6418073177337646
1984-04-03,2.6418073177337646
1984-04-04,2.6418073177337646
1984-04-05,2.4908480644226074
1984-04-06,2.4908480644226074
1984-04-09,2.37762713432312
1984-04-10,2.4531075954437256
1984-04-11,2.37762713432312
1984-04-12,2.22666597366333
1984-04-13,2.3398866653442383
1984-04-16,2.4531075954437256
1984-04-17,2.4908480644226074
1984-04-18,2.4531075954437256
1984-04-19,2.3021469116210938
1984-04-23,2.3021469116210938
1984-04-24,2.37762713432312
1984-04-25,2.37762713432312
1984-04-26,2.528587579727173
1984-04-27,2.4531075954437256
1984-04-30,2.4908480644226074
1984-05-01,2.604067325592041
1984-05-02,2.6418073177337646
1984-05-03,2.604067325592041
1984-05-04,2.6418073177337646
1984-05-07,2.604067325592041
1984-05-08,2.604067325592041
1984-05-09,2.566326856613159
1984-05-10,2.6795480251312256
1984-05-11,2.6795480251312256
1984-05-14,2.6795480251312256
1984-05-15,2.7927684783935547
1984-05-16,2.830507755279541
1984-05-17,2.7927684783935547
1984-05-18,2.7172884941101074
1984-05-21,2.7172884941101074
1984-05-22,2.604067325592041
1984-05-23,2.6418073177337646
1984-05-24,2.604067325592041
1984-05-25,2.566326856613159
1984-05-29,2.566326856613159
1984-05-30,2.6795480251312256
1984-05-31,2.528587579727173
1984-06-01,2.6418073177337646
1984-06-04,2.6418073177337646
1984-06-05,2.604067325592041
1984-06-06,2.528587579727173
1984-06-07,2.415367603302002
1984-06-08,2.37762713432312
1984-06-11,2.37762713432312
1984-06-12,2.3398866653442383
1984-06-13,2.22666597366333
1984-06-14,2.151186466217041
1984-06-15,2.22666597366333
1984-06-18,2.3021469116210938
1984-06-19,2.3398866653442383
1984-06-20,2.3398866653442383
1984-06-21,2.415367603302002
1984-06-22,2.3398866653442383
1984-06-25,2.37762713432312
1984-06-26,2.3021469116210938
1984-06-27,2.22666597366333
1984-06-28,2.26440691947937
1984-06-29,2.3398866653442383
1984-07-02,2.26440691947937
1984-07-03,2.188926935195923
1984-07-05,2.26440691947937
1984-07-06,2.26440691947937
1984-07-09,2.26440691947937
1984-07-10,2.26440691947937
1984-07-11,2.188926935195923
1984-07-12,2.22666597366333
1984-07-13,2.151186466217041
1984-07-16,2.1134467124938965
1984-07-17,2.0379655361175537
1984-07-18,2.075706720352173
1984-07-19,1.9624861478805542
1984-07-20,2.000225067138672
1984-07-23,2.000225067138672
1984-07-24,2.000225067138672
1984-07-25,2.1134467124938965
1984-07-26,2.1134467124938965
1984-07-27,2.1134467124938965
1984-07-30,2.188926935195923
1984-07-31,2.1134467124938965
1984-08-01,2.22666597366333
1984-08-02,2.3021469116210938
1984-08-03,2.604067325592041
1984-08-06,2.7172884941101074
1984-08-07,2.7172884941101074
1984-08-08,2.6418073177337646
1984-08-09,2.755028247833252
1984-08-10,2.6418073177337646
1984-08-13,2.7927684783935547
1984-08-14,2.755028247833252
1984-08-15,2.8682479858398438
1984-08-16,3.09468936920166
1984-08-17,3.28338885307312
1984-08-20,3.1324305534362793
1984-08-21,3.28338885307312
1984-08-22,3.321129083633423
1984-08-23,3.28338885307312
1984-08-24,3.1324305534362793
1984-08-27,3.1324305534362793
1984-08-28,3.17016863822937
1984-08-29,3.1324305534362793
1984-08-30,3.09468936920166
1984-08-31,3.245649576187134
1984-09-04,3.1324305534362793
1984-09-05,3.0569489002227783
1984-09-06,3.0569489002227783
1984-09-07,3.0569489002227783
1984-09-10,3.0569489002227783
1984-09-11,3.0569489002227783
1984-09-12,2.9059886932373047
1984-09-13,2.9814682006835938
1984-09-14,3.0569489002227783
1984-09-17,3.0569489002227783
1984-09-18,3.0192081928253174
1984-09-19,3.0192081928253174
1984-09-20,3.0192081928253174
1984-09-21,3.0192081928253174
1984-09-24,2.9814682006835938
1984-09-25,2.943728446960449
1984-09-26,2.9814682006835938
1984-09-27,2.9059886932373047
1984-09-28,2.9814682006835938
1984-10-01,2.830507755279541
1984-10-02,2.830507755279541
1984-10-03,2.7927684783935547
1984-10-04,2.7172884941101074
1984-10-05,2.6418073177337646
1984-10-08,2.4908480644226074
1984-10-09,2.528587579727173
1984-10-10,2.604067325592041
1984-10-11,2.604067325592041
1984-10-12,2.566326856613159
1984-10-15,2.6418073177337646
1984-10-16,2.6795480251312256
1984-10-17,2.6795480251312256
1984-10-18,2.7927684783935547
1984-10-19,2.9059886932373047
1984-10-22,2.8682479858398438
1984-10-23,2.8682479858398438
1984-10-24,2.755028247833252
1984-10-25,2.566326856613159
1984-10-26,2.604067325592041
1984-10-29,2.528587579727173
1984-10-30,2.4908480644226074
1984-10-31,2.4908480644226074
1984-11-01,2.4908480644226074
1984-11-02,2.415367603302002
1984-11-05,2.4908480644226074
1984-11-06,2.528587579727173
1984-11-07,2.415367603302002
1984-11-08,2.26440691947937
1984-11-09,2.22666597366333
1984-11-12,2.37762713432312
1984-11-13,2.4531075954437256
1984-11-14,2.528587579727173
1984-11-15,2.4908480644226074
1984-11-16,2.415367603302002
1984-11-19,2.3021469116210938
1984-11-20,2.37762713432312
1984-11-21,2.3021469116210938
1984-11-23,2.26440691947937
1984-11-26,2.22666597366333
1984-11-27,2.37762713432312
1984-11-28,2.3021469116210938
1984-11-29,2.188926935195923
1984-11-30,2.26440691947937
1984-12-03,2.3398866653442383
1984-12-04,2.37762713432312
1984-12-05,2.26440691947937
1984-12-06,2.3398866653442383
1984-12-07,2.3021469116210938
1984-12-10,2.22666597366333
1984-12-11,2.22666597366333
1984-12-12,2.188926935195923
1984-12-13,2.188926935195923
1984-12-14,2.22666597366333
1984-12-17,2.22666597366333
1984-12-18,2.37762713432312
1984-12-19,2.37762713432312
1984-12-20,2.3398866653442383
1984-12-21,2.4908480644226074
1984-12-24,2.4908480644226074
1984-12-26,2.604067325592041
1984-12-27,2.4908480644226074
1984-12-28,2.566326856613159
1984-12-31,2.604067325592041
1985-01-02,2.528587579727173
1985-01-03,2.6418073177337646
1985-01-04,2.7172884941101074
1985-01-07,2.8682479858398438
1985-01-08,2.9059886932373047
1985-01-09,2.9814682006835938
1985-01-10,3.0192081928253174
1985-01-11,3.0192081928253174
1985-01-14,3.0569489002227783
1985-01-15,3.17016863822937
1985-01-16,3.2079098224639893
1985-01-17,3.358870029449463
1985-01-18,3.43435001373291
1985-01-21,3.5098307132720947
1985-01-22,3.547569751739502
1985-01-23,3.6230504512786865
1985-01-24,3.69853138923645
1985-01-25,3.66079044342041
1985-01-28,3.774012327194214
1985-01-29,3.774012327194214
1985-01-30,3.811751127243042
1985-01-31,3.774012327194214
1985-02-01,3.7362704277038574
1985-02-04,3.774012327194214
1985-02-05,3.8872318267822266
1985-02-06,4.00045108795166
1985-02-07,4.113672733306885
1985-02-08,4.189152717590332
1985-02-11,4.038191318511963
1985-02-12,4.00045108795166
1985-02-13,4.00045108795166
1985-02-14,3.9627108573913574
1985-02-15,3.8872318267822266
1985-02-19,3.66079044342041
1985-02-20,3.811751127243042
1985-02-21,3.774012327194214
1985-02-22,3.811751127243042
1985-02-25,3.69853138923645
1985-02-26,3.811751127243042
1985-02-27,3.7362704277038574
1985-02-28,3.8494904041290283
1985-03-01,3.9249722957611084
1985-03-04,3.811751127243042
1985-03-05,3.7362704277038574
1985-03-06,3.66079044342041
1985-03-07,3.585310459136963
1985-03-08,3.4720892906188965
1985-03-11,3.3966097831726074
1985-03-12,3.43435001373291
1985-03-13,3.358870029449463
1985-03-14,3.5098307132720947
1985-03-15,3.4720892906188965
1985-03-18,3.547569751739502
1985-03-19,3.585310459136963
1985-03-20,3.5098307132720947
1985-03-21,3.43435001373291
1985-03-22,3.3966097831726074
1985-03-25,3.358870029449463
1985-03-26,3.321129083633423
1985-03-27,3.4720892906188965
1985-03-28,3.774012327194214
1985-03-29,3.774012327194214
1985-04-01,3.7362704277038574
1985-04-02,3.7362704277038574
1985-04-03,3.66079044342041
1985-04-04,3.5098307132720947
1985-04-08,3.4720892906188965
1985-04-09,3.3966097831726074
1985-04-10,3.547569751739502
1985-04-11,3.6230504512786865
1985-04-12,3.66079044342041
1985-04-15,3.811751127243042
1985-04-16,3.8494904041290283
1985-04-17,3.8872318267822266
1985-04-18,3.774012327194214
1985-04-19,3.66079044342041
1985-04-22,3.4720892906188965
1985-04-23,3.547569751739502
1985-04-24,3.5098307132720947
1985-04-25,3.5098307132720947
1985-04-26,3.3966097831726074
1985-04-29,3.358870029449463
1985-04-30,3.3966097831726074
1985-05-01,3.358870029449463
1985-05-02,3.3966097831726074
1985-05-03,3.5098307132720947
1985-05-06,3.66079044342041
1985-05-07,3.7362704277038574
1985-05-08,3.66079044342041
1985-05-09,3.8494904041290283
1985-05-10,4.151412487030029
1985-05-13,4.113672733306885
1985-05-14,3.9249722957611084
1985-05-15,4.113672733306885
1985-05-16,4.00045108795166
1985-05-17,4.038191318511963
1985-05-20,4.264632225036621
1985-05-21,4.226892948150635
1985-05-22,4.113672733306885
1985-05-23,4.075931549072266
1985-05-24,4.075931549072266
1985-05-28,4.113672733306885
1985-05-29,4.113672733306885
1985-05-30,3.9249722957611084
1985-05-31,3.8872318267822266
1985-06-03,3.774012327194214
1985-06-04,3.66079044342041
1985-06-05,3.6230504512786865
1985-06-06,3.585310459136963
1985-06-07,3.774012327194214
1985-06-10,3.774012327194214
1985-06-11,3.9249722957611084
1985-06-12,3.69853138923645
1985-06-13,3.585310459136963
1985-06-14,3.69853138923645
1985-06-17,3.7362704277038574
1985-06-18,3.7362704277038574
1985-06-19,3.585310459136963
1985-06-20,3.6230504512786865
1985-06-21,3.6230504512786865
1985-06-24,3.774012327194214
1985-06-25,3.9249722957611084
1985-06-26,4.151412487030029
1985-06-27,4.189152717590332
1985-06-28,4.113672733306885
1985-07-01,4.226892948150635
1985-07-02,4.491072654724121
1985-07-03,4.302372932434082
1985-07-05,4.45333194732666
1985-07-08,4.377853870391846
1985-07-09,4.151412487030029
1985-07-10,4.00045108795166
1985-07-11,3.9249722957611084
1985-07-12,3.9249722957611084
1985-07-15,3.8494904041290283
1985-07-16,4.075931549072266
1985-07-17,4.151412487030029
1985-07-18,4.113672733306885
1985-07-19,4.189152717590332
1985-07-22,4.189152717590332
1985-07-23,4.189152717590332
1985-07-24,4.151412487030029
1985-07-25,4.113672733306885
1985-07-26,4.226892948150635
1985-07-29,4.226892948150635
1985-07-30,4.113672733306885
1985-07-31,4.226892948150635
1985-08-01,4.264632225036621
1985-08-02,4.302372932434082
1985-08-05,4.226892948150635
1985-08-06,4.075931549072266
1985-08-07,3.8872318267822266
1985-08-08,3.9249722957611084
1985-08-09,3.9249722957611084
1985-08-12,3.8872318267822266
1985-08-13,3.811751127243042
1985-08-14,4.00045108795166
1985-08-15,4.038191318511963
1985-08-16,3.9627108573913574
1985-08-19,3.9627108573913574
1985-08-20,3.9627108573913574
1985-08-21,3.9627108573913574
1985-08-22,3.9627108573913574
1985-08-23,4.00045108795166
1985-08-26,3.9249722957611084
1985-08-27,3.9249722957611084
1985-08-28,3.8494904041290283
1985-08-29,3.585310459136963
1985-08-30,3.5098307132720947
1985-09-03,3.28338885307312
1985-09-04,2.9059886932373047
1985-09-05,2.9814682006835938
1985-09-06,2.6795480251312256
1985-09-09,2.6418073177337646
1985-09-10,2.6795480251312256
1985-09-11,2.6418073177337646
1985-09-12,2.6418073177337646
1985-09-13,2.566326856613159
1985-09-16,2.528587579727173
1985-09-17,2.4531075954437256
1985-09-18,2.4908480644226074
1985-09-19,2.6418073177337646
1985-09-20,2.26440691947937
1985-09-23,2.415367603302002
1985-09-24,2.4908480644226074
1985-09-25,2.4908480644226074
1985-09-26,2.4531075954437256
1985-09-30,2.415367603302002
1985-10-01,2.415367603302002
1985-10-02,2.3398866653442383
1985-10-03,2.151186466217041
1985-10-04,2.1134467124938965
1985-10-07,2.151186466217041
1985-10-08,2.000225067138672
1985-10-09,2.0379655361175537
1985-10-10,2.000225067138672
1985-10-11,2.1134467124938965
1985-10-14,2.188926935195923
1985-10-15,2.26440691947937
1985-10-16,2.3398866653442383
1985-10-17,2.415367603302002
1985-10-18,2.415367603302002
1985-10-21,2.528587579727173
1985-10-22,2.528587579727173
1985-10-23,2.4908480644226074
1985-10-24,2.415367603302002
1985-10-25,2.37762713432312
1985-10-28,2.3021469116210938
1985-10-29,2.415367603302002
1985-10-30,2.3398866653442383
1985-10-31,2.26440691947937
1985-11-01,2.188926935195923
1985-11-04,2.22666597366333
1985-11-05,2.26440691947937
1985-11-06,2.22666597366333
1985-11-07,2.3021469116210938
1985-11-08,2.37762713432312
1985-11-11,2.415367603302002
1985-11-12,2.415367603302002
1985-11-13,2.3021469116210938
1985-11-14,2.26440691947937
1985-11-15,2.3021469116210938
1985-11-18,2.37762713432312
1985-11-19,2.37762713432312
1985-11-20,2.4531075954437256
1985-11-21,2.4531075954437256
1985-11-22,2.6795480251312256
1985-11-25,2.604067325592041
1985-11-26,2.755028247833252
1985-11-27,2.8682479858398438
1985-11-29,2.755028247833252
1985-12-02,2.7172884941101074
1985-12-03,2.7172884941101074
1985-12-04,2.9059886932373047
1985-12-05,2.8682479858398438
1985-12-06,2.830507755279541
1985-12-09,2.9059886932373047
1985-12-10,2.8682479858398438
1985-12-11,2.7927684783935547
1985-12-12,2.830507755279541
1985-12-13,2.7927684783935547
1985-12-16,2.9814682006835938
1985-12-17,3.09468936920166
1985-12-18,3.0569489002227783
1985-12-19,3.09468936920166
1985-12-20,3.1324305534362793
1985-12-23,3.1324305534362793
1985-12-24,3.0569489002227783
1985-12-26,3.09468936920166
1985-12-27,3.28338885307312
1985-12-30,3.28338885307312
1985-12-31,3.17016863822937
1986-01-02,3.2079098224639893
1986-01-03,3.245649576187134
1986-01-06,3.17016863822937
1986-01-07,3.3966097831726074
1986-01-08,3.2079098224639893
1986-01-09,3.3966097831726074
1986-01-10,3.28338885307312
1986-01-13,3.43435001373291
1986-01-14,3.547569751739502
1986-01-15,3.5098307132720947
1986-01-16,3.585310459136963
1986-01-17,3.6230504512786865
1986-01-20,3.774012327194214
1986-01-21,3.66079044342041
1986-01-22,3.6230504512786865
1986-01-23,3.547569751739502
1986-01-24,3.69853138923645
1986-01-27,3.774012327194214
1986-01-28,3.66079044342041
1986-01-29,3.774012327194214
1986-01-30,3.774012327194214
1986-01-31,3.66079044342041
1986-02-03,3.6230504512786865
1986-02-04,3.43435001373291
1986-02-05,3.4720892906188965
1986-02-06,3.6230504512786865
1986-02-07,3.585310459136963
1986-02-10,3.5098307132720947
1986-02-11,3.5098307132720947
1986-02-12,3.547569751739502
1986-02-13,3.547569751739502
1986-02-14,3.585310459136963
1986-02-18,3.69853138923645
1986-02-19,3.7362704277038574
1986-02-20,3.6230504512786865
1986-02-21,3.547569751739502
1986-02-24,3.3966097831726074
1986-02-25,3.321129083633423
1986-02-26,3.245649576187134
1986-02-27,3.43435001373291
1986-02-28,3.4720892906188965
1986-03-03,3.4720892906188965
1986-03-04,3.5098307132720947
1986-03-05,3.4720892906188965
1986-03-06,3.585310459136963
1986-03-07,3.3966097831726074
1986-03-10,3.3966097831726074
1986-03-11,3.358870029449463
1986-03-12,3.358870029449463
1986-03-13,3.358870029449463
1986-03-14,3.4720892906188965
1986-03-17,3.547569751739502
1986-03-18,3.585310459136963
1986-03-19,3.5098307132720947
1986-03-20,3.547569751739502
1986-03-21,3.4720892906188965
1986-03-24,3.547569751739502
1986-03-25,3.547569751739502
1986-03-26,3.4720892906188965
1986-03-27,3.5098307132720947
1986-03-31,3.6230504512786865
1986-04-01,3.5098307132720947
1986-04-02,3.358870029449463
1986-04-03,3.28338885307312
1986-04-04,3.1324305534362793
1986-04-07,3.17016863822937
1986-04-08,3.43435001373291
1986-04-09,3.4720892906188965
1986-04-10,3.6230504512786865
1986-04-11,3.3966097831726074
1986-04-14,3.66079044342041
1986-04-15,3.6230504512786865
1986-04-16,3.9627108573913574
1986-04-17,4.075931549072266
1986-04-18,4.189152717590332
1986-04-21,4.113672733306885
1986-04-22,4.075931549072266
1986-04-23,4.075931549072266
1986-04-24,4.151412487030029
1986-04-25,4.302372932434082
1986-04-28,4.566554069519043
1986-04-29,4.52881383895874
1986-04-30,4.264632225036621
1986-05-01,4.151412487030029
1986-05-02,4.302372932434082
1986-05-05,4.491072654724121
1986-05-06,4.415594577789307
1986-05-07,4.302372932434082
1986-05-08,4.226892948150635
1986-05-09,4.264632225036621
1986-05-12,4.302372932434082
1986-05-13,4.151412487030029
1986-05-14,4.377853870391846
1986-05-15,4.302372932434082
1986-05-16,4.226892948150635
1986-05-19,4.264632225036621
1986-05-20,4.189152717590332
1986-05-21,4.151412487030029
1986-05-22,4.226892948150635
1986-05-23,4.151412487030029
1986-05-27,4.226892948150635
1986-05-28,4.113672733306885
1986-05-29,4.113672733306885
1986-05-30,4.075931549072266
1986-06-02,4.151412487030029
1986-06-03,3.9249722957611084
1986-06-04,3.9249722957611084
1986-06-05,4.038191318511963
1986-06-06,3.9627108573913574
1986-06-09,3.547569751739502
1986-06-10,3.66079044342041
1986-06-11,3.66079044342041
1986-06-12,3.7362704277038574
1986-06-13,3.774012327194214
1986-06-16,3.69853138923645
1986-06-17,3.6230504512786865
1986-06-18,3.547569751739502
1986-06-19,3.547569751739502
1986-06-20,3.6230504512786865
1986-06-23,3.811751127243042
1986-06-24,3.8872318267822266
1986-06-25,4.038191318511963
1986-06-26,3.9627108573913574
1986-06-27,3.9627108573913574
1986-06-30,4.00045108795166
1986-07-01,3.9627108573913574
1986-07-02,4.151412487030029
1986-07-03,4.151412487030029
1986-07-07,3.8872318267822266
1986-07-08,3.8494904041290283
1986-07-09,4.075931549072266
1986-07-10,4.038191318511963
1986-07-11,4.00045108795166
1986-07-14,3.9249722957611084
1986-07-15,3.8872318267822266
1986-07-16,3.6230504512786865
1986-07-17,3.6230504512786865
1986-07-18,3.6230504512786865
1986-07-21,3.5098307132720947
1986-07-22,3.585310459136963
1986-07-23,3.547569751739502
1986-07-24,3.4720892906188965
1986-07-25,3.547569751739502
1986-07-28,3.5098307132720947
1986-07-29,3.4720892906188965
1986-07-30,3.69853138923645
1986-07-31,3.7362704277038574
1986-08-01,3.8872318267822266
1986-08-04,3.8872318267822266
1986-08-05,3.8494904041290283
1986-08-06,3.811751127243042
1986-08-07,3.8494904041290283
1986-08-08,3.9627108573913574
1986-08-11,4.113672733306885
1986-08-12,4.075931549072266
1986-08-13,4.075931549072266
1986-08-14,3.9627108573913574
1986-08-15,3.8494904041290283
1986-08-18,3.8872318267822266
1986-08-19,3.9627108573913574
1986-08-20,4.038191318511963
1986-08-21,4.151412487030029
1986-08-22,4.189152717590332
1986-08-25,4.189152717590332
1986-08-26,4.264632225036621
1986-08-27,4.151412487030029
1986-08-28,4.189152717590332
1986-08-29,4.151412487030029
1986-09-02,4.264632225036621
1986-09-03,4.264632225036621
1986-09-04,4.302372932434082
1986-09-05,4.226892948150635
1986-09-08,4.302372932434082
1986-09-09,4.340113162994385
1986-09-10,4.151412487030029
1986-09-11,3.9249722957611084
1986-09-12,3.8872318267822266
1986-09-15,3.9249722957611084
1986-09-16,3.774012327194214
1986-09-17,3.9249722957611084
1986-09-18,3.8872318267822266
1986-09-19,4.038191318511963
1986-09-22,4.151412487030029
1986-09-23,4.226892948150635
1986-09-24,4.340113162994385
1986-09-25,4.226892948150635
1986-09-26,4.226892948150635
1986-09-29,4.038191318511963
1986-09-30,4.113672733306885
1986-10-01,4.038191318511963
1986-10-02,3.9249722957611084
1986-10-03,3.8872318267822266
1986-10-06,3.9627108573913574
1986-10-07,4.491072654724121
1986-10-08,4.679774284362793
1986-10-09,4.52881383895874
1986-10-10,4.377853870391846
1986-10-13,4.340113162994385
1986-10-14,4.302372932434082
1986-10-15,4.6042938232421875
1986-10-16,4.491072654724121
1986-10-17,4.717514991760254
1986-10-20,4.6042938232421875
1986-10-21,4.642035484313965
1986-10-22,4.717514991760254
1986-10-23,4.642035484313965
1986-10-24,4.868473529815674
1986-10-27,4.755255222320557
1986-10-28,4.943955421447754
1986-10-29,5.057175159454346
1986-10-30,5.09491491317749
1986-10-31,5.132653713226318
1986-11-03,5.057175159454346
1986-11-04,5.019435882568359
1986-11-05,5.019435882568359
1986-11-06,5.019435882568359
1986-11-07,4.943955421447754
1986-11-10,5.132653713226318
1986-11-11,5.170395374298096
1986-11-12,5.019435882568359
1986-11-13,4.830734729766846
1986-11-14,4.906214237213135
1986-11-17,4.943955421447754
1986-11-18,4.868473529815674
1986-11-19,4.868473529815674
1986-11-20,5.019435882568359
1986-11-21,5.132653713226318
1986-11-24,5.283615589141846
1986-11-25,5.283615589141846
1986-11-26,5.5100555419921875
1986-11-28,5.698757171630859
1986-12-01,5.811977386474609
1986-12-02,5.887457847595215
1986-12-03,6.000677585601807
1986-12-04,5.887457847595215
1986-12-05,5.774237632751465
1986-12-08,5.811977386474609
1986-12-09,5.811977386474609
1986-12-10,5.7364959716796875
1986-12-11,5.698757171630859
1986-12-12,5.585536956787109
1986-12-15,5.661015510559082
1986-12-16,5.7364959716796875
1986-12-17,5.774237632751465
1986-12-18,5.774237632751465
1986-12-19,5.925198078155518
1986-12-22,5.925198078155518
1986-12-23,5.774237632751465
1986-12-24,5.7364959716796875
1986-12-26,5.811977386474609
1986-12-29,5.7364959716796875
1986-12-30,5.698757171630859
1986-12-31,5.585536956787109
1987-01-02,5.698757171630859
1987-01-05,6.000677585601807
1987-01-06,6.264861106872559
1987-01-07,6.642259120941162
1987-01-08,6.944178581237793
1987-01-09,6.7554779052734375
1987-01-12,6.7554779052734375
1987-01-13,6.7554779052734375
1987-01-14,6.86870002746582
1987-01-15,6.679998874664307
1987-01-16,6.604517936706543
1987-01-19,6.830957412719727
1987-01-20,7.0196614265441895
1987-01-21,6.944178581237793
1987-01-22,7.057400703430176
1987-01-23,6.793218612670898
1987-01-26,6.906440734863281
1987-01-27,6.604517936706543
1987-01-28,6.86870002746582
1987-01-29,7.057400703430176
1987-01-30,7.548024654388428
1987-02-02,7.774463653564453
1987-02-03,7.661240100860596
1987-02-04,8.000901222229004
1987-02-05,8.45378589630127
1987-02-06,8.378305435180664
1987-02-09,8.265083312988281
1987-02-10,7.925422668457031
1987-02-11,8.07638168334961
1987-02-12,8.151863098144531
1987-02-13,8.604744911193848
1987-02-17,8.982145309448242
1987-02-18,8.944405555725098
1987-02-19,8.680225372314453
1987-02-20,8.529265403747559
1987-02-23,8.45378589630127
1987-02-24,8.680225372314453
1987-02-25,8.793444633483887
1987-02-26,8.982145309448242
1987-02-27,9.01988410949707
1987-03-02,8.793444633483887
1987-03-03,8.755707740783691
1987-03-04,8.982145309448242
1987-03-05,8.831189155578613
1987-03-06,8.680225372314453
1987-03-09,8.717966079711914
1987-03-10,8.755707740783691
1987-03-11,8.567005157470703
1987-03-12,8.45378589630127
1987-03-13,8.114126205444336
1987-03-16,7.623502254486084
1987-03-17,7.698980808258057
1987-03-18,7.472539901733398
1987-03-19,7.3593220710754395
1987-03-20,7.095139503479004
1987-03-23,7.0196614265441895
1987-03-24,7.3970627784729
1987-03-25,7.698980808258057
1987-03-26,7.5857625007629395
1987-03-27,7.170621871948242
1987-03-30,6.830957412719727
1987-03-31,6.830957412719727
1987-04-01,6.944178581237793
1987-04-02,7.774463653564453
1987-04-03,7.472539901733398
1987-04-06,7.434804439544678
1987-04-07,7.548024654388428
1987-04-08,7.736723899841309
1987-04-09,7.510283470153809
1987-04-10,7.2461018562316895
1987-04-13,7.095139503479004
1987-04-14,6.906440734863281
1987-04-15,7.095139503479004
1987-04-16,7.2461018562316895
1987-04-20,7.132879257202148
1987-04-21,7.774463653564453
1987-04-22,7.548024654388428
1987-04-23,7.5857625007629395
1987-04-24,7.774463653564453
1987-04-27,8.45378589630127
1987-04-28,8.45378589630127
1987-04-29,8.45378589630127
1987-04-30,8.755707740783691
1987-05-01,8.793444633483887
1987-05-04,8.755707740783691
1987-05-05,8.90666389465332
1987-05-06,8.755707740783691
1987-05-07,8.755707740783691
1987-05-08,9.208588600158691
1987-05-11,9.435029983520508
1987-05-12,9.661469459533691
1987-05-13,9.510510444641113
1987-05-14,9.623725891113281
1987-05-15,9.435029983520508
1987-05-18,9.472768783569336
1987-05-19,9.321809768676758
1987-05-20,9.05762767791748
1987-05-21,9.246328353881836
1987-05-22,9.133109092712402
1987-05-26,9.246328353881836
1987-05-27,9.133109092712402
1987-05-28,9.246328353881836
1987-05-29,8.982145309448242
1987-06-01,8.982145309448242
1987-06-02,8.604744911193848
1987-06-03,8.680225372314453
1987-06-04,8.680225372314453
1987-06-05,8.717966079711914
1987-06-08,8.793444633483887
1987-06-09,8.982145309448242
1987-06-10,9.01988410949707
1987-06-11,8.038646697998047
1987-06-12,7.849945545196533
1987-06-15,7.548024654388428
1987-06-16,7.88768196105957
1987-06-17,7.963165283203125
1987-06-18,8.07638168334961
1987-06-19,8.416048049926758
1987-06-22,8.49152660369873
1987-06-23,8.45378589630127
1987-06-24,8.189606666564941
1987-06-25,7.812202453613281
1987-06-26,7.472539901733398
1987-06-29,7.774463653564453
1987-06-30,7.736723899841309
1987-07-01,7.548024654388428
1987-07-02,7.88768196105957
1987-07-06,7.849945545196533
1987-07-07,7.548024654388428
1987-07-08,7.321579933166504
1987-07-09,7.472539901733398
1987-07-10,7.3593220710754395
1987-07-13,7.698980808258057
1987-07-14,8.000901222229004
1987-07-15,8.000901222229004
1987-07-16,8.45378589630127
1987-07-17,8.49152660369873
1987-07-20,8.22734546661377
1987-07-21,8.22734546661377
1987-07-22,8.378305435180664
1987-07-23,8.22734546661377
1987-07-24,8.302824974060059
1987-07-27,8.151863098144531
1987-07-28,8.000901222229004
1987-07-29,8.000901222229004
1987-07-30,8.000901222229004
1987-07-31,7.925422668457031
1987-08-03,8.151863098144531
1987-08-04,8.416048049926758
1987-08-05,8.378305435180664
1987-08-06,8.717966079711914
1987-08-07,8.793444633483887
1987-08-10,8.642486572265625
1987-08-11,8.567005157470703
1987-08-12,8.378305435180664
1987-08-13,8.151863098144531
1987-08-14,8.45378589630127
1987-08-17,8.378305435180664
1987-08-18,8.265083312988281
1987-08-19,8.265083312988281
1987-08-20,8.34056282043457
1987-08-21,8.604744911193848
1987-08-24,8.529265403747559
1987-08-25,8.378305435180664
1987-08-26,8.45378589630127
1987-08-27,8.49152660369873
1987-08-28,8.416048049926758
1987-08-31,8.34056282043457
1987-09-01,8.378305435180664
1987-09-02,7.963165283203125
1987-09-03,7.2083611488342285
1987-09-04,7.132879257202148
1987-09-08,7.2461018562316895
1987-09-09,7.2083611488342285
1987-09-10,7.283840179443359
1987-09-11,7.057400703430176
1987-09-14,6.793218612670898
1987-09-15,6.717739105224609
1987-09-16,6.944178581237793
1987-09-17,7.2083611488342285
1987-09-18,7.2461018562316895
1987-09-21,6.604517936706543
1987-09-22,6.793218612670898
1987-09-23,7.132879257202148
1987-09-24,6.98192024230957
1987-09-25,7.132879257202148
1987-09-28,6.944178581237793
1987-09-29,6.830957412719727
1987-09-30,7.132879257202148
1987-10-01,7.3593220710754395
1987-10-02,7.661240100860596
1987-10-05,8.000901222229004
1987-10-06,7.736723899841309
1987-10-07,7.510283470153809
1987-10-08,7.321579933166504
1987-10-09,7.472539901733398
1987-10-12,7.3970627784729
1987-10-13,7.510283470153809
1987-10-14,7.472539901733398
1987-10-15,7.2461018562316895
1987-10-16,6.717739105224609
1987-10-19,4.868473529815674
1987-10-20,4.943955421447754
1987-10-21,5.434576511383057
1987-10-22,4.679774284362793
1987-10-23,4.717514991760254
1987-10-26,3.9249722957611084
1987-10-27,4.00045108795166
1987-10-28,4.075931549072266
1987-10-29,4.491072654724121
1987-10-30,4.981696128845215
1987-11-02,5.057175159454346
1987-11-03,4.868473529815674
1987-11-04,4.755255222320557
1987-11-05,4.792994022369385
1987-11-06,4.6042938232421875
1987-11-09,4.302372932434082
1987-11-10,4.00045108795166
1987-11-11,3.8872318267822266
1987-11-12,4.113672733306885
1987-11-13,4.113672733306885
1987-11-16,4.226892948150635
1987-11-17,4.113672733306885
1987-11-18,4.113672733306885
1987-11-19,3.8872318267822266
1987-11-20,4.038191318511963
1987-11-23,3.9249722957611084
1987-11-24,4.00045108795166
1987-11-25,4.038191318511963
1987-11-27,4.00045108795166
1987-11-30,3.774012327194214
1987-12-01,3.8494904041290283
1987-12-02,3.9627108573913574
1987-12-03,3.774012327194214
1987-12-04,3.6230504512786865
1987-12-07,3.69853138923645
1987-12-08,3.7362704277038574
1987-12-09,3.9627108573913574
1987-12-10,4.075931549072266
1987-12-11,4.189152717590332
1987-12-14,4.415594577789307
1987-12-15,4.491072654724121
1987-12-16,4.981696128845215
1987-12-17,4.792994022369385
1987-12-18,4.755255222320557
1987-12-21,4.943955421447754
1987-12-22,5.057175159454346
1987-12-23,5.019435882568359
1987-12-24,5.057175159454346
1987-12-28,4.755255222320557
1987-12-29,4.868473529815674
1987-12-30,4.943955421447754
1987-12-31,4.906214237213135
1988-01-04,5.132653713226318
1988-01-05,5.057175159454346
1988-01-06,5.057175159454346
1988-01-07,4.302372932434082
1988-01-08,4.038191318511963
1988-01-11,4.189152717590332
1988-01-12,3.9627108573913574
1988-01-13,3.9249722957611084
1988-01-14,3.811751127243042
1988-01-15,3.7362704277038574
1988-01-18,3.8494904041290283
1988-01-19,3.66079044342041
1988-01-20,3.6230504512786865
1988-01-21,3.69853138923645
1988-01-22,3.774012327194214
1988-01-25,3.811751127243042
1988-01-26,3.6230504512786865
1988-01-27,3.585310459136963
1988-01-28,3.6230504512786865
1988-01-29,3.547569751739502
1988-02-01,3.5098307132720947
1988-02-02,3.5098307132720947
1988-02-03,3.3966097831726074
1988-02-04,3.4720892906188965
1988-02-05,3.547569751739502
1988-02-08,3.5098307132720947
1988-02-09,3.43435001373291
1988-02-10,3.585310459136963
1988-02-11,3.66079044342041
1988-02-12,3.7362704277038574
1988-02-16,3.7362704277038574
1988-02-17,3.7362704277038574
1988-02-18,3.811751127243042
1988-02-19,3.8494904041290283
1988-02-22,4.075931549072266
1988-02-23,4.226892948150635
1988-02-24,4.491072654724121
1988-02-25,4.302372932434082
1988-02-26,4.226892948150635
1988-02-29,4.377853870391846
1988-03-01,4.45333194732666
1988-03-02,4.491072654724121
1988-03-03,4.377853870391846
1988-03-04,4.340113162994385
1988-03-07,4.491072654724121
1988-03-08,4.52881383895874
1988-03-09,4.679774284362793
1988-03-10,4.52881383895874
1988-03-11,4.491072654724121
1988-03-14,4.52881383895874
1988-03-15,4.52881383895874
1988-03-16,4.830734729766846
1988-03-17,5.019435882568359
1988-03-18,5.170395374298096
1988-03-21,5.057175159454346
1988-03-22,5.132653713226318
1988-03-23,5.057175159454346
1988-03-24,4.6042938232421875
1988-03-25,4.52881383895874
1988-03-28,4.415594577789307
1988-03-29,4.52881383895874
1988-03-30,4.52881383895874
1988-03-31,4.491072654724121
1988-04-04,4.45333194732666
1988-04-05,4.45333194732666
1988-04-06,4.377853870391846
1988-04-07,4.415594577789307
1988-04-08,4.415594577789307
1988-04-11,4.642035484313965
1988-04-12,4.679774284362793
1988-04-13,4.679774284362793
1988-04-14,4.415594577789307
1988-04-15,4.377853870391846
1988-04-18,4.302372932434082
1988-04-19,4.340113162994385
1988-04-20,4.377853870391846
1988-04-21,4.377853870391846
1988-04-22,4.340113162994385
1988-04-25,4.189152717590332
1988-04-26,4.415594577789307
1988-04-27,4.679774284362793
1988-04-28,4.6042938232421875
1988-04-29,4.6042938232421875
1988-05-02,4.6042938232421875
1988-05-03,4.6042938232421875
1988-05-04,4.830734729766846
1988-05-05,4.717514991760254
1988-05-06,4.792994022369385
1988-05-09,4.792994022369385
1988-05-10,4.792994022369385
1988-05-11,4.642035484313965
1988-05-12,4.6042938232421875
1988-05-13,4.792994022369385
1988-05-16,4.830734729766846
1988-05-17,4.792994022369385
1988-05-18,4.830734729766846
1988-05-19,4.679774284362793
1988-05-20,4.6042938232421875
1988-05-23,4.415594577789307
1988-05-24,4.45333194732666
1988-05-25,4.415594577789307
1988-05-26,4.491072654724121
1988-05-27,4.415594577789307
1988-05-31,4.6042938232421875
1988-06-01,4.642035484313965
1988-06-02,4.566554069519043
1988-06-03,4.377853870391846
1988-06-06,4.6042938232421875
1988-06-07,4.52881383895874
1988-06-08,4.830734729766846
1988-06-09,4.717514991760254
1988-06-10,4.566554069519043
1988-06-13,4.679774284362793
1988-06-14,4.679774284362793
1988-06-15,4.717514991760254
1988-06-16,4.566554069519043
1988-06-17,4.52881383895874
1988-06-20,4.45333194732666
1988-06-21,4.6042938232421875
1988-06-22,4.566554069519043
1988-06-23,4.491072654724121
1988-06-24,4.45333194732666
1988-06-27,4.491072654724121
1988-06-28,4.717514991760254
1988-06-29,4.6042938232421875
1988-06-30,4.642035484313965
1988-07-01,4.491072654724121
1988-07-05,4.491072654724121
1988-07-06,4.566554069519043
1988-07-07,4.642035484313965
1988-07-08,4.6042938232421875
1988-07-11,4.566554069519043
1988-07-12,4.45333194732666
1988-07-13,4.377853870391846
1988-07-14,4.302372932434082
1988-07-15,4.302372932434082
1988-07-18,4.302372932434082
1988-07-19,4.226892948150635
1988-07-20,4.226892948150635
1988-07-21,4.075931549072266
1988-07-22,4.00045108795166
1988-07-25,4.00045108795166
1988-07-26,4.075931549072266
1988-07-27,3.9627108573913574
1988-07-28,4.340113162994385
1988-07-29,4.566554069519043
1988-08-01,4.52881383895874
1988-08-02,4.377853870391846
1988-08-03,4.415594577789307
1988-08-04,4.340113162994385
1988-08-05,4.377853870391846
1988-08-08,4.45333194732666
1988-08-09,4.264632225036621
1988-08-10,4.340113162994385
1988-08-11,4.45333194732666
1988-08-12,4.45333194732666
1988-08-15,4.226892948150635
1988-08-16,4.151412487030029
1988-08-17,4.226892948150635
1988-08-18,4.151412487030029
1988-08-19,4.075931549072266
1988-08-22,4.075931549072266
1988-08-23,4.00045108795166
1988-08-24,4.038191318511963
1988-08-25,4.038191318511963
1988-08-26,4.00045108795166
1988-08-29,4.038191318511963
1988-08-30,4.151412487030029
1988-08-31,4.113672733306885
1988-09-01,4.113672733306885
1988-09-02,4.264632225036621
1988-09-06,4.340113162994385
1988-09-07,4.302372932434082
1988-09-08,4.302372932434082
1988-09-09,4.415594577789307
1988-09-12,4.415594577789307
1988-09-13,4.377853870391846
1988-09-14,4.377853870391846
1988-09-15,4.226892948150635
1988-09-16,4.226892948150635
1988-09-19,4.226892948150635
1988-09-20,4.377853870391846
1988-09-21,4.415594577789307
1988-09-22,4.491072654724121
1988-09-23,4.377853870391846
1988-09-26,4.302372932434082
1988-09-27,4.226892948150635
1988-09-28,4.264632225036621
1988-09-29,4.226892948150635
1988-09-30,4.189152717590332
1988-10-03,4.377853870391846
1988-10-04,4.264632225036621
1988-10-05,4.226892948150635
1988-10-06,4.075931549072266
1988-10-07,4.038191318511963
1988-10-10,4.038191318511963
1988-10-11,3.9627108573913574
1988-10-12,3.8494904041290283
1988-10-13,3.69853138923645
1988-10-14,3.69853138923645
1988-10-17,3.69853138923645
1988-10-18,3.69853138923645
1988-10-19,3.547569751739502
1988-10-20,3.774012327194214
1988-10-21,3.774012327194214
1988-10-24,3.7362704277038574
1988-10-25,3.69853138923645
1988-10-26,3.7362704277038574
1988-10-27,3.69853138923645
1988-10-28,3.7362704277038574
1988-10-31,3.69853138923645
1988-11-01,3.69853138923645
1988-11-02,3.7362704277038574
1988-11-03,3.66079044342041
1988-11-04,3.6230504512786865
1988-11-07,3.585310459136963
1988-11-08,3.69853138923645
1988-11-09,3.66079044342041
1988-11-10,3.69853138923645
1988-11-11,3.7362704277038574
1988-11-14,3.66079044342041
1988-11-15,3.69853138923645
1988-11-16,3.547569751739502
1988-11-17,3.585310459136963
1988-11-18,3.6230504512786865
1988-11-21,3.547569751739502
1988-11-22,3.5098307132720947
1988-11-23,3.547569751739502
1988-11-25,3.585310459136963
1988-11-28,3.5098307132720947
1988-11-29,3.5098307132720947
1988-11-30,3.585310459136963
1988-12-01,3.8494904041290283
1988-12-02,3.774012327194214
1988-12-05,3.774012327194214
1988-12-06,3.774012327194214
1988-12-07,3.811751127243042
1988-12-08,3.774012327194214
1988-12-09,3.8494904041290283
1988-12-12,3.774012327194214
1988-12-13,3.8494904041290283
1988-12-14,3.811751127243042
1988-12-15,3.9627108573913574
1988-12-16,3.9249722957611084
1988-12-19,4.038191318511963
1988-12-20,4.038191318511963
1988-12-21,4.075931549072266
1988-12-22,4.075931549072266
1988-12-23,4.189152717590332
1988-12-27,4.113672733306885
1988-12-28,4.415594577789307
1988-12-29,4.45333194732666
1988-12-30,4.45333194732666
1989-01-03,4.415594577789307
1989-01-04,4.566554069519043
1989-01-05,4.45333194732666
1989-01-06,4.226892948150635
1989-01-09,4.226892948150635
1989-01-10,4.00045108795166
1989-01-11,4.075931549072266
1989-01-12,4.00045108795166
1989-01-13,3.9627108573913574
1989-01-16,4.075931549072266
1989-01-17,3.9249722957611084
1989-01-18,4.00045108795166
1989-01-19,4.075931549072266
1989-01-20,4.151412487030029
1989-01-23,4.151412487030029
1989-01-24,4.113672733306885
1989-01-25,4.151412487030029
1989-01-26,4.189152717590332
1989-01-27,4.075931549072266
1989-01-30,4.264632225036621
1989-01-31,4.377853870391846
1989-02-01,4.226892948150635
1989-02-02,4.264632225036621
1989-02-03,4.189152717590332
1989-02-06,4.151412487030029
1989-02-07,4.151412487030029
1989-02-08,4.113672733306885
1989-02-09,4.075931549072266
1989-02-10,4.038191318511963
1989-02-13,3.9627108573913574
1989-02-14,3.9627108573913574
1989-02-15,3.9249722957611084
1989-02-16,3.9627108573913574
1989-02-17,4.00045108795166
1989-02-21,3.9249722957611084
1989-02-22,3.811751127243042
1989-02-23,3.811751127243042
1989-02-24,3.69853138923645
1989-02-27,3.69853138923645
1989-02-28,3.66079044342041
1989-03-01,3.7362704277038574
1989-03-02,3.7362704277038574
1989-03-03,3.774012327194214
1989-03-06,3.585310459136963
1989-03-07,3.4720892906188965
1989-03-08,3.547569751739502
1989-03-09,3.5098307132720947
1989-03-10,3.43435001373291
1989-03-13,3.5098307132720947
1989-03-14,3.28338885307312
1989-03-15,3.321129083633423
1989-03-16,3.321129083633423
1989-03-17,3.4720892906188965
1989-03-20,3.8872318267822266
1989-03-21,3.774012327194214
1989-03-22,3.585310459136963
1989-03-23,3.585310459136963
1989-03-27,3.547569751739502
1989-03-28,3.547569751739502
1989-03-29,3.43435001373291
1989-03-30,3.358870029449463
1989-03-31,3.5098307132720947
1989-04-03,3.4720892906188965
1989-04-04,3.66079044342041
1989-04-05,3.6230504512786865
1989-04-06,4.075931549072266
1989-04-07,4.113672733306885
1989-04-10,4.151412487030029
1989-04-11,4.151412487030029
1989-04-12,3.9249722957611084
1989-04-13,3.9249722957611084
1989-04-14,3.9249722957611084
1989-04-17,3.811751127243042
1989-04-18,3.8494904041290283
1989-04-19,4.00045108795166
1989-04-20,3.69853138923645
1989-04-21,3.585310459136963
1989-04-24,3.7362704277038574
1989-04-25,3.6230504512786865
1989-04-26,3.585310459136963
1989-04-27,3.5098307132720947
1989-04-28,3.5098307132720947
1989-05-01,3.6230504512786865
1989-05-02,3.547569751739502
1989-05-03,3.5098307132720947
1989-05-04,3.4720892906188965
1989-05-05,3.547569751739502
1989-05-08,3.43435001373291
1989-05-09,3.5098307132720947
1989-05-10,3.4720892906188965
1989-05-11,3.4720892906188965
1989-05-12,3.5098307132720947
1989-05-15,3.5098307132720947
1989-05-16,3.5098307132720947
1989-05-17,3.43435001373291
1989-05-18,3.4720892906188965
1989-05-19,3.43435001373291
1989-05-22,3.4720892906188965
1989-05-23,3.4720892906188965
1989-05-24,3.43435001373291
1989-05-25,3.321129083633423
1989-05-26,3.43435001373291
1989-05-30,3.358870029449463
1989-05-31,3.43435001373291
1989-06-01,3.43435001373291
1989-06-02,3.358870029449463
1989-06-05,3.321129083633423
1989-06-06,3.358870029449463
1989-06-07,3.358870029449463
1989-06-08,3.358870029449463
1989-06-09,3.3966097831726074
1989-06-12,3.3966097831726074
1989-06-13,3.358870029449463
1989-06-14,3.245649576187134
1989-06-15,3.28338885307312
1989-06-16,3.2079098224639893
1989-06-19,3.245649576187134
1989-06-20,2.943728446960449
1989-06-21,2.7172884941101074
1989-06-22,2.9059886932373047
1989-06-23,2.8682479858398438
1989-06-26,2.7927684783935547
1989-06-27,2.8682479858398438
1989-06-28,2.943728446960449
1989-06-29,2.943728446960449
1989-06-30,3.0569489002227783
1989-07-03,3.0192081928253174
1989-07-05,2.9059886932373047
1989-07-06,2.943728446960449
1989-07-07,2.943728446960449
1989-07-10,2.9059886932373047
1989-07-11,2.8682479858398438
1989-07-12,2.8682479858398438
1989-07-13,2.830507755279541
1989-07-14,2.755028247833252
1989-07-17,2.7172884941101074
1989-07-18,2.6795480251312256
1989-07-19,2.755028247833252
1989-07-20,2.7172884941101074
1989-07-21,2.6418073177337646
1989-07-24,2.7172884941101074
1989-07-25,2.755028247833252
1989-07-26,2.6795480251312256
1989-07-27,2.6418073177337646
1989-07-28,2.7172884941101074
1989-07-31,2.6418073177337646
1989-08-01,2.7172884941101074
1989-08-02,2.6795480251312256
1989-08-03,2.7172884941101074
1989-08-04,2.755028247833252
1989-08-07,2.9059886932373047
1989-08-08,2.7927684783935547
1989-08-09,2.7927684783935547
1989-08-10,2.8682479858398438
1989-08-11,3.0192081928253174
1989-08-14,3.0192081928253174
1989-08-15,3.0192081928253174
1989-08-16,3.0569489002227783
1989-08-17,3.0192081928253174
1989-08-18,2.9814682006835938
1989-08-21,2.8682479858398438
1989-08-22,2.830507755279541
1989-08-23,2.8682479858398438
1989-08-24,2.7927684783935547
1989-08-25,2.7927684783935547
1989-08-28,2.7172884941101074
1989-08-29,2.7172884941101074
1989-08-30,2.7172884941101074
1989-08-31,2.755028247833252
1989-09-01,2.7927684783935547
1989-09-05,2.604067325592041
1989-09-06,2.604067325592041
1989-09-07,2.6795480251312256
1989-09-08,2.7172884941101074
1989-09-11,2.7172884941101074
1989-09-12,2.6418073177337646
1989-09-13,2.6795480251312256
1989-09-14,2.604067325592041
1989-09-15,2.566326856613159
1989-09-18,2.528587579727173
1989-09-19,2.528587579727173
1989-09-20,2.4531075954437256
1989-09-21,2.4531075954437256
1989-09-22,2.415367603302002
1989-09-25,2.4531075954437256
1989-09-26,2.528587579727173
1989-09-27,2.4908480644226074
1989-09-28,2.4531075954437256
1989-09-29,2.566326856613159
1989-10-02,2.4908480644226074
1989-10-03,2.4531075954437256
1989-10-04,2.3398866653442383
1989-10-05,2.3398866653442383
1989-10-06,2.415367603302002
1989-10-09,2.415367603302002
1989-10-10,2.415367603302002
1989-10-11,2.415367603302002
1989-10-12,2.3398866653442383
1989-10-13,2.151186466217041
1989-10-16,2.151186466217041
1989-10-17,2.188926935195923
1989-10-18,2.22666597366333
1989-10-19,2.3021469116210938
1989-10-20,2.26440691947937
1989-10-23,2.3021469116210938
1989-10-24,2.22666597366333
1989-10-25,2.22666597366333
1989-10-26,2.22666597366333
1989-10-27,2.188926935195923
1989-10-30,2.075706720352173
1989-10-31,2.1134467124938965
1989-11-01,2.1134467124938965
1989-11-02,2.1134467124938965
1989-11-03,2.075706720352173
1989-11-06,2.1134467124938965
1989-11-07,2.075706720352173
1989-11-08,2.0379655361175537
1989-11-09,2.075706720352173
1989-11-10,2.0379655361175537
1989-11-13,1.9624861478805542
1989-11-14,2.075706720352173
1989-11-15,2.075706720352173
1989-11-16,2.075706720352173
1989-11-17,2.0379655361175537
1989-11-20,2.0379655361175537
1989-11-21,2.000225067138672
1989-11-22,2.3021469116210938
1989-11-24,2.37762713432312
1989-11-27,2.3398866653442383
1989-11-28,2.37762713432312
1989-11-29,2.4908480644226074
1989-11-30,2.4908480644226074
1989-12-01,2.528587579727173
1989-12-04,2.4908480644226074
1989-12-05,2.4908480644226074
1989-12-06,2.415367603302002
1989-12-07,2.3398866653442383
1989-12-08,2.3021469116210938
1989-12-11,2.3021469116210938
1989-12-12,2.3398866653442383
1989-12-13,2.37762713432312
1989-12-14,2.415367603302002
1989-12-15,2.37762713432312
1989-12-18,2.3398866653442383
1989-12-19,2.3021469116210938
1989-12-20,2.3021469116210938
1989-12-21,2.3398866653442383
1989-12-22,2.4908480644226074
1989-12-26,2.528587579727173
1989-12-27,2.4908480644226074
1989-12-28,2.4531075954437256
1989-12-29,2.528587579727173
1990-01-02,2.604067325592041
1990-01-03,2.755028247833252
1990-01-04,2.7927684783935547
1990-01-05,2.8682479858398438
1990-01-08,2.8682479858398438
1990-01-09,2.7927684783935547
1990-01-10,2.7172884941101074
1990-01-11,2.830507755279541
1990-01-12,2.755028247833252
1990-01-15,2.6795480251312256
1990-01-16,2.9814682006835938
1990-01-17,2.9814682006835938
1990-01-18,3.0192081928253174
1990-01-19,3.0192081928253174
1990-01-22,2.943728446960449
1990-01-23,2.943728446960449
1990-01-24,2.830507755279541
1990-01-25,2.7927684783935547
1990-01-26,2.755028247833252
1990-01-29,2.7172884941101074
1990-01-30,2.566326856613159
1990-01-31,2.6418073177337646
1990-02-01,2.7927684783935547
1990-02-02,2.7927684783935547
1990-02-05,2.7927684783935547
1990-02-06,2.7927684783935547
1990-02-07,2.9059886932373047
1990-02-08,2.8682479858398438
1990-02-09,2.755028247833252
1990-02-12,2.7172884941101074
1990-02-13,2.7927684783935547
1990-02-14,2.830507755279541
1990-02-15,2.8682479858398438
1990-02-16,2.7927684783935547
1990-02-20,2.7172884941101074
1990-02-21,2.7172884941101074
1990-02-22,2.7172884941101074
1990-02-23,2.7172884941101074
1990-02-26,2.6418073177337646
1990-02-27,2.755028247833252
1990-02-28,2.8682479858398438
1990-03-01,3.09468936920166
1990-03-02,3.17016863822937
1990-03-05,3.17016863822937
1990-03-06,3.28338885307312
1990-03-07,3.245649576187134
1990-03-08,3.245649576187134
1990-03-09,3.321129083633423
1990-03-12,3.28338885307312
1990-03-13,3.4720892906188965
1990-03-14,3.5098307132720947
1990-03-15,3.585310459136963
1990-03-16,3.66079044342041
1990-03-19,3.6230504512786865
1990-03-20,3.6230504512786865
1990-03-21,3.8494904041290283
1990-03-22,3.7362704277038574
1990-03-23,3.7362704277038574
1990-03-26,3.69853138923645
1990-03-27,3.69853138923645
1990-03-28,3.6230504512786865
1990-03-29,3.5098307132720947
1990-03-30,3.3966097831726074
1990-04-02,3.43435001373291
1990-04-03,3.6230504512786865
1990-04-04,3.547569751739502
1990-04-05,3.585310459136963
1990-04-06,3.585310459136963
1990-04-09,3.547569751739502
1990-04-10,3.6230504512786865
1990-04-11,3.7362704277038574
1990-04-12,3.811751127243042
1990-04-16,3.811751127243042
1990-04-17,3.8872318267822266
1990-04-18,3.811751127243042
1990-04-19,3.7362704277038574
1990-04-20,3.8872318267822266
1990-04-23,3.7362704277038574
1990-04-24,3.69853138923645
1990-04-25,3.6230504512786865
1990-04-26,3.69853138923645
1990-04-27,3.5098307132720947
1990-04-30,3.5098307132720947
1990-05-01,3.3966097831726074
1990-05-02,3.5098307132720947
1990-05-03,3.358870029449463
1990-05-04,3.5098307132720947
1990-05-07,3.6230504512786865
1990-05-08,3.6230504512786865
1990-05-09,3.6230504512786865
1990-05-10,3.69853138923645
1990-05-11,3.69853138923645
1990-05-14,3.774012327194214
1990-05-15,3.7362704277038574
1990-05-16,3.774012327194214
1990-05-17,3.811751127243042
1990-05-18,3.8494904041290283
1990-05-21,3.8872318267822266
1990-05-22,3.8494904041290283
1990-05-23,3.9249722957611084
1990-05-24,3.8872318267822266
1990-05-25,3.8872318267822266
1990-05-29,3.9627108573913574
1990-05-30,3.9249722957611084
1990-05-31,3.774012327194214
1990-06-01,3.811751127243042
1990-06-04,3.8872318267822266
1990-06-05,3.9249722957611084
1990-06-06,3.9627108573913574
1990-06-07,4.113672733306885
1990-06-08,4.151412487030029
1990-06-11,4.377853870391846
1990-06-12,4.377853870391846
1990-06-13,4.415594577789307
1990-06-14,4.45333194732666
1990-06-15,4.302372932434082
1990-06-18,4.151412487030029
1990-06-19,4.226892948150635
1990-06-20,4.151412487030029
1990-06-21,4.189152717590332
1990-06-22,4.00045108795166
1990-06-25,4.038191318511963
1990-06-26,4.00045108795166
1990-06-27,4.00045108795166
1990-06-28,4.075931549072266
1990-06-29,4.00045108795166
1990-07-02,4.113672733306885
1990-07-03,4.075931549072266
1990-07-05,4.00045108795166
1990-07-06,3.9627108573913574
1990-07-09,3.9249722957611084
1990-07-10,4.00045108795166
1990-07-11,4.151412487030029
1990-07-12,4.302372932434082
1990-07-13,4.264632225036621
1990-07-16,4.151412487030029
1990-07-17,4.113672733306885
1990-07-18,4.038191318511963
1990-07-19,4.00045108795166
1990-07-20,3.66079044342041
1990-07-23,3.547569751739502
1990-07-24,3.69853138923645
1990-07-25,3.69853138923645
1990-07-26,3.7362704277038574
1990-07-27,3.7362704277038574
1990-07-30,3.6230504512786865
1990-07-31,3.66079044342041
1990-08-01,3.66079044342041
1990-08-02,3.5098307132720947
1990-08-03,3.358870029449463
1990-08-06,3.17016863822937
1990-08-07,3.0569489002227783
1990-08-08,2.9814682006835938
1990-08-09,3.09468936920166
1990-08-10,3.0569489002227783
1990-08-13,3.1324305534362793
1990-08-14,3.2079098224639893
1990-08-15,3.321129083633423
1990-08-16,3.28338885307312
1990-08-17,3.0569489002227783
1990-08-20,3.0192081928253174
1990-08-21,3.09468936920166
1990-08-22,2.943728446960449
1990-08-23,2.7927684783935547
1990-08-24,2.830507755279541
1990-08-27,3.0192081928253174
1990-08-28,2.9814682006835938
1990-08-29,2.9059886932373047
1990-08-30,2.8682479858398438
1990-08-31,2.9059886932373047
1990-09-04,2.8682479858398438
1990-09-05,2.7927684783935547
1990-09-06,2.6418073177337646
1990-09-07,2.6795480251312256
1990-09-10,2.6795480251312256
1990-09-11,2.6795480251312256
1990-09-12,2.604067325592041
1990-09-13,2.604067325592041
1990-09-14,2.528587579727173
1990-09-17,2.4531075954437256
1990-09-18,2.415367603302002
1990-09-19,2.3021469116210938
1990-09-20,2.188926935195923
1990-09-21,2.075706720352173
1990-09-24,1.9624861478805542
1990-09-25,1.9247452020645142
1990-09-26,1.849265694618225
1990-09-27,1.7360442876815796
1990-09-28,1.887006163597107
1990-10-01,2.000225067138672
1990-10-02,1.887006163597107
1990-10-03,1.887006163597107
1990-10-04,2.000225067138672
1990-10-05,1.9624861478805542
1990-10-08,1.849265694618225
1990-10-09,1.698304533958435
1990-10-10,1.585084319114685
1990-10-11,1.622824788093567
1990-10-12,1.7360442876815796
1990-10-15,1.585084319114685
1990-10-16,1.585084319114685
1990-10-17,1.585084319114685
1990-10-18,1.7737853527069092
1990-10-19,1.811525583267212
1990-10-22,1.887006163597107
1990-10-23,1.849265694618225
1990-10-24,1.811525583267212
1990-10-25,1.7360442876815796
1990-10-26,1.698304533958435
1990-10-29,1.7360442876815796
1990-10-30,1.7360442876815796
1990-10-31,1.698304533958435
1990-11-01,1.698304533958435
1990-11-02,1.698304533958435
1990-11-05,1.7360442876815796
1990-11-06,1.7737853527069092
1990-11-07,1.54734468460083
1990-11-08,1.3963837623596191
1990-11-09,1.3963837623596191
1990-11-12,1.4718647003173828
1990-11-13,1.4718647003173828
1990-11-14,1.585084319114685
1990-11-15,1.585084319114685
1990-11-16,1.585084319114685
1990-11-19,1.585084319114685
1990-11-20,1.509604573249817
1990-11-21,1.509604573249817
1990-11-23,1.54734468460083
1990-11-26,1.54734468460083
1990-11-27,1.54734468460083
1990-11-28,1.509604573249817
1990-11-29,1.509604573249817
1990-11-30,1.4718647003173828
1990-12-03,1.3963837623596191
1990-12-04,1.4341243505477905
1990-12-05,1.585084319114685
1990-12-06,1.54734468460083
1990-12-07,1.4718647003173828
1990-12-10,1.4341243505477905
1990-12-11,1.4718647003173828
1990-12-12,1.4718647003173828
1990-12-13,1.4341243505477905
1990-12-14,1.4718647003173828
1990-12-17,1.3963837623596191
1990-12-18,1.3586440086364746
1990-12-19,1.3586440086364746
1990-12-20,1.3586440086364746
1990-12-21,1.3586440086364746
1990-12-24,1.3586440086364746
1990-12-26,1.3963837623596191
1990-12-27,1.3963837623596191
1990-12-28,1.3963837623596191
1990-12-31,1.4718647003173828
1991-01-02,1.509604573249817
1991-01-03,1.509604573249817
1991-01-04,1.4718647003173828
1991-01-07,1.3963837623596191
1991-01-08,1.3586440086364746
1991-01-09,1.3209036588668823
1991-01-10,1.3586440086364746
1991-01-11,1.2454240322113037
1991-01-14,1.2831634283065796
1991-01-15,1.2831634283065796
1991-01-16,1.2831634283065796
1991-01-17,1.3586440086364746
1991-01-18,1.3586440086364746
1991-01-21,1.3963837623596191
1991-01-22,1.4718647003173828
1991-01-23,1.622824788093567
1991-01-24,1.585084319114685
1991-01-25,1.54734468460083
1991-01-28,1.585084319114685
1991-01-29,1.622824788093567
1991-01-30,1.622824788093567
1991-01-31,1.622824788093567
1991-02-01,1.585084319114685
1991-02-04,1.7737853527069092
1991-02-05,1.811525583267212
1991-02-06,1.9624861478805542
1991-02-07,1.9247452020645142
1991-02-08,1.3586440086364746
1991-02-11,1.3963837623596191
1991-02-12,1.2454240322113037
1991-02-13,1.3963837623596191
1991-02-14,1.3209036588668823
1991-02-15,1.3586440086364746
1991-02-19,1.3209036588668823
1991-02-20,1.3586440086364746
1991-02-21,1.2831634283065796
1991-02-22,1.3209036588668823
1991-02-25,1.3586440086364746
1991-02-26,1.3586440086364746
1991-02-27,1.3209036588668823
1991-02-28,1.3586440086364746
1991-03-01,1.3209036588668823
1991-03-04,1.3209036588668823
1991-03-05,1.3209036588668823
1991-03-06,1.54734468460083
1991-03-07,1.585084319114685
1991-03-08,1.509604573249817
1991-03-11,1.585084319114685
1991-03-12,1.4718647003173828
1991-03-13,1.509604573249817
1991-03-14,1.4718647003173828
1991-03-15,1.4718647003173828
1991-03-18,1.4341243505477905
1991-03-19,1.3963837623596191
1991-03-20,1.4341243505477905
1991-03-21,1.3963837623596191
1991-03-22,1.3963837623596191
1991-03-25,1.509604573249817
1991-03-26,1.622824788093567
1991-03-27,1.54734468460083
1991-03-28,1.622824788093567
1991-04-01,1.54734468460083
1991-04-02,1.585084319114685
1991-04-03,1.54734468460083
1991-04-04,1.509604573249817
1991-04-05,1.54734468460083
1991-04-08,1.509604573249817
1991-04-09,1.509604573249817
1991-04-10,1.4341243505477905
1991-04-11,1.585084319114685
1991-04-12,1.4718647003173828
1991-04-15,1.4341243505477905
1991-04-16,1.509604573249817
1991-04-17,1.7360442876815796
1991-04-18,1.698304533958435
1991-04-19,1.7360442876815796
1991-04-22,1.849265694618225
1991-04-23,1.7737853527069092
1991-04-24,1.698304533958435
1991-04-25,1.698304533958435
1991-04-26,1.6605645418167114
1991-04-29,1.6605645418167114
1991-04-30,1.54734468460083
1991-05-01,1.54734468460083
1991-05-02,1.509604573249817
1991-05-03,1.54734468460083
1991-05-06,1.509604573249817
1991-05-07,1.54734468460083
1991-05-08,1.509604573249817
1991-05-09,1.585084319114685
1991-05-10,1.54734468460083
1991-05-13,1.54734468460083
1991-05-14,1.509604573249817
1991-05-15,1.4341243505477905
1991-05-16,1.509604573249817
1991-05-17,1.4718647003173828
1991-05-20,1.509604573249817
1991-05-21,1.4718647003173828
1991-05-22,1.4718647003173828
1991-05-23,1.4718647003173828
1991-05-24,1.4341243505477905
1991-05-28,1.4341243505477905
1991-05-29,1.4341243505477905
1991-05-30,1.3209036588668823
1991-05-31,1.3963837623596191
1991-06-03,1.3963837623596191
1991-06-04,1.3963837623596191
1991-06-05,1.3963837623596191
1991-06-06,1.3586440086364746
1991-06-07,1.3963837623596191
1991-06-10,1.3586440086364746
1991-06-11,1.3586440086364746
1991-06-12,1.3209036588668823
1991-06-13,1.3209036588668823
1991-06-14,1.2831634283065796
1991-06-17,1.3209036588668823
1991-06-18,1.3586440086364746
1991-06-19,1.3586440086364746
1991-06-20,1.3209036588668823
1991-06-21,1.3586440086364746
1991-06-24,1.2831634283065796
1991-06-25,1.2831634283065796
1991-06-26,1.1322038173675537
1991-06-27,1.1322038173675537
1991-06-28,1.207683801651001
1991-07-01,1.1322038173675537
1991-07-02,1.1699438095092773
1991-07-03,1.1322038173675537
1991-07-05,1.1322038173675537
1991-07-08,1.1322038173675537
1991-07-09,1.0944631099700928
1991-07-10,1.1322038173675537
1991-07-11,1.1699438095092773
1991-07-12,1.2454240322113037
1991-07-15,1.207683801651001
1991-07-16,1.1699438095092773
1991-07-17,1.0944631099700928
1991-07-18,1.0944631099700928
1991-07-19,1.1322038173675537
1991-07-22,1.1322038173675537
1991-07-23,1.1322038173675537
1991-07-24,1.0944631099700928
1991-07-25,1.1322038173675537
1991-07-26,1.1322038173675537
1991-07-29,1.0567231178283691
1991-07-30,1.0567231178283691
1991-07-31,0.9812430739402771
1991-08-01,1.0189827680587769
1991-08-02,1.0189827680587769
1991-08-05,1.0189827680587769
1991-08-06,1.0189827680587769
1991-08-07,1.0567231178283691
1991-08-08,1.0567231178283691
1991-08-09,1.0189827680587769
1991-08-12,1.0189827680587769
1991-08-13,1.1699438095092773
1991-08-14,1.1699438095092773
1991-08-15,1.207683801651001
1991-08-16,1.1322038173675537
1991-08-19,1.0944631099700928
1991-08-20,1.1322038173675537
1991-08-21,1.1322038173675537
1991-08-22,1.1322038173675537
1991-08-23,1.1322038173675537
1991-08-26,1.0944631099700928
1991-08-27,1.0944631099700928
1991-08-28,1.0567231178283691
1991-08-29,1.0944631099700928
1991-08-30,1.0567231178283691
1991-09-03,1.0567231178283691
1991-09-04,0.9812430739402771
1991-09-05,0.9812430739402771
1991-09-06,0.9812430739402771
1991-09-09,0.9812430739402771
1991-09-10,1.0189827680587769
1991-09-11,0.9435030817985535
1991-09-12,0.9812430739402771
1991-09-13,0.9812430739402771
1991-09-16,0.905762791633606
1991-09-17,0.8680225610733032
1991-09-18,0.8680225610733032
1991-09-19,0.9435030817985535
1991-09-20,0.9435030817985535
1991-09-23,0.8680225610733032
1991-09-24,0.905762791633606
1991-09-25,0.9435030817985535
1991-09-26,0.9812430739402771
1991-09-27,0.9435030817985535
1991-09-30,0.905762791633606
1991-10-01,0.905762791633606
1991-10-02,0.905762791633606
1991-10-03,0.9435030817985535
1991-10-04,0.905762791633606
1991-10-07,0.9435030817985535
1991-10-08,0.9435030817985535
1991-10-09,0.9435030817985535
1991-10-10,0.9812430739402771
1991-10-11,0.9812430739402771
1991-10-14,0.9812430739402771
1991-10-15,0.9435030817985535
1991-10-16,0.9812430739402771
1991-10-17,0.9812430739402771
1991-10-18,0.905762791633606
1991-10-21,0.9435030817985535
1991-10-22,0.9812430739402771
1991-10-23,0.905762791633606
1991-10-24,0.9435030817985535
1991-10-25,0.905762791633606
1991-10-28,0.7925418615341187
1991-10-29,0.8302826881408691
1991-10-30,0.8302826881408691
1991-10-31,0.7925418615341187
1991-11-01,0.7925418615341187
1991-11-04,0.7925418615341187
1991-11-05,0.7170617580413818
1991-11-06,0.754801869392395
1991-11-07,0.8302826881408691
1991-11-08,0.905762791633606
1991-11-11,0.905762791633606
1991-11-12,0.8680225610733032
1991-11-13,0.8680225610733032
1991-11-14,0.8302826881408691
1991-11-15,0.8302826881408691
1991-11-18,0.8302826881408691
1991-11-19,0.7925418615341187
1991-11-20,0.7925418615341187
1991-11-21,0.754801869392395
1991-11-22,0.7170617580413818
1991-11-25,0.7170617580413818
1991-11-26,0.7170617580413818
1991-11-27,0.6793220043182373
1991-11-29,0.7170617580413818
1991-12-02,0.7170617580413818
1991-12-03,0.6793220043182373
1991-12-04,0.7170617580413818
1991-12-05,0.7170617580413818
1991-12-06,0.6793220043182373
1991-12-09,0.6415817141532898
1991-12-10,0.6415817141532898
1991-12-11,0.6415817141532898
1991-12-12,0.6038419008255005
1991-12-13,0.6038419008255005
1991-12-16,0.6415817141532898
1991-12-17,0.6415817141532898
1991-12-18,0.6415817141532898
1991-12-19,0.6415817141532898
1991-12-20,0.6793220043182373
1991-12-23,0.6415817141532898
1991-12-24,0.6793220043182373
1991-12-26,0.7925418615341187
1991-12-27,0.7925418615341187
1991-12-30,0.754801869392395
1991-12-31,0.7925418615341187
1992-01-02,0.8302826881408691
1992-01-03,0.9435030817985535
1992-01-06,0.905762791633606
1992-01-07,0.905762791633606
1992-01-08,0.9435030817985535
1992-01-09,0.9435030817985535
1992-01-10,0.9435030817985535
1992-01-13,0.9435030817985535
1992-01-14,0.9812430739402771
1992-01-15,1.0567231178283691
1992-01-16,1.1322038173675537
1992-01-17,1.207683801651001
1992-01-20,1.207683801651001
1992-01-21,1.1699438095092773
1992-01-22,1.207683801651001
1992-01-23,1.1699438095092773
1992-01-24,1.1699438095092773
1992-01-27,1.207683801651001
1992-01-28,1.1699438095092773
1992-01-29,1.1322038173675537
1992-01-30,1.207683801651001
1992-01-31,1.2831634283065796
1992-02-03,1.207683801651001
1992-02-04,1.1322038173675537
1992-02-05,1.1322038173675537
1992-02-06,1.1322038173675537
1992-02-07,1.2454240322113037
1992-02-10,1.2454240322113037
1992-02-11,1.2454240322113037
1992-02-12,1.3963837623596191
1992-02-13,1.3586440086364746
1992-02-14,1.3209036588668823
1992-02-18,1.3586440086364746
1992-02-19,1.3209036588668823
1992-02-20,1.3586440086364746
1992-02-21,1.2831634283065796
1992-02-24,1.3209036588668823
1992-02-25,1.2454240322113037
1992-02-26,1.2831634283065796
1992-02-27,1.3209036588668823
1992-02-28,1.3586440086364746
1992-03-02,1.3586440086364746
1992-03-03,1.3586440086364746
1992-03-04,1.2831634283065796
1992-03-05,1.2454240322113037
1992-03-06,1.207683801651001
1992-03-09,1.207683801651001
1992-03-10,1.1322038173675537
1992-03-11,1.0944631099700928
1992-03-12,1.1322038173675537
1992-03-13,1.207683801651001
1992-03-16,1.1699438095092773
1992-03-17,1.207683801651001
1992-03-18,1.207683801651001
1992-03-19,1.2454240322113037
1992-03-20,1.207683801651001
1992-03-23,1.1699438095092773
1992-03-24,1.207683801651001
1992-03-25,1.1699438095092773
1992-03-26,1.1699438095092773
1992-03-27,1.1322038173675537
1992-03-30,1.0944631099700928
1992-03-31,1.1699438095092773
1992-04-01,1.1699438095092773
1992-04-02,1.0944631099700928
1992-04-03,1.1322038173675537
1992-04-06,1.0944631099700928
1992-04-07,1.1322038173675537
1992-04-08,1.1322038173675537
1992-04-09,1.1322038173675537
1992-04-10,1.0944631099700928
1992-04-13,1.1322038173675537
1992-04-14,1.1322038173675537
1992-04-15,1.1322038173675537
1992-04-16,1.1322038173675537
1992-04-20,1.0944631099700928
1992-04-21,1.0944631099700928
1992-04-22,1.1699438095092773
1992-04-23,1.207683801651001
1992-04-24,1.2454240322113037
1992-04-27,1.2831634283065796
1992-04-28,1.207683801651001
1992-04-29,1.1699438095092773
1992-04-30,1.2831634283065796
1992-05-01,1.3209036588668823
1992-05-04,1.2454240322113037
1992-05-05,1.2831634283065796
1992-05-06,1.2831634283065796
1992-05-07,1.2831634283065796
1992-05-08,1.2831634283065796
1992-05-11,1.2831634283065796
1992-05-12,1.3586440086364746
1992-05-13,1.4341243505477905
1992-05-14,1.3586440086364746
1992-05-15,1.3586440086364746
1992-05-18,1.3963837623596191
1992-05-19,1.3963837623596191
1992-05-20,1.54734468460083
1992-05-21,1.509604573249817
1992-05-22,1.509604573249817
1992-05-26,1.622824788093567
1992-05-27,1.622824788093567
1992-05-28,1.585084319114685
1992-05-29,1.6605645418167114
1992-06-01,1.622824788093567
1992-06-02,1.585084319114685
1992-06-03,1.585084319114685
1992-06-04,1.585084319114685
1992-06-05,1.585084319114685
1992-06-08,1.585084319114685
1992-06-09,1.54734468460083
1992-06-10,1.4718647003173828
1992-06-11,1.509604573249817
1992-06-12,1.509604573249817
1992-06-15,1.509604573249817
1992-06-16,1.4718647003173828
1992-06-17,1.4341243505477905
1992-06-18,1.3963837623596191
1992-06-19,1.3963837623596191
1992-06-22,1.3586440086364746
1992-06-23,1.3586440086364746
1992-06-24,1.3586440086364746
1992-06-25,1.3209036588668823
1992-06-26,1.2831634283065796
1992-06-29,1.3963837623596191
1992-06-30,1.4718647003173828
1992-07-01,1.4718647003173828
1992-07-02,1.4341243505477905
1992-07-06,1.4718647003173828
1992-07-07,1.4718647003173828
1992-07-08,1.4718647003173828
1992-07-09,1.4718647003173828
1992-07-10,1.4341243505477905
1992-07-13,1.4341243505477905
1992-07-14,1.4718647003173828
1992-07-15,1.4718647003173828
1992-07-16,1.4718647003173828
1992-07-17,1.3963837623596191
1992-07-20,1.509604573249817
1992-07-21,1.509604573249817
1992-07-22,1.509604573249817
1992-07-23,1.4718647003173828
1992-07-24,1.4718647003173828
1992-07-27,1.509604573249817
1992-07-28,1.4718647003173828
1992-07-29,1.3586440086364746
1992-07-30,1.3963837623596191
1992-07-31,1.3963837623596191
1992-08-03,1.3963837623596191
1992-08-04,1.3209036588668823
1992-08-05,1.3963837623596191
1992-08-06,1.3586440086364746
1992-08-07,1.3586440086364746
1992-08-10,1.3586440086364746
1992-08-11,1.3586440086364746
1992-08-12,1.3963837623596191
1992-08-13,1.4341243505477905
1992-08-14,1.4341243505477905
1992-08-17,1.4341243505477905
1992-08-18,1.4341243505477905
1992-08-19,1.3963837623596191
1992-08-20,1.3963837623596191
1992-08-21,1.3586440086364746
1992-08-24,1.2831634283065796
1992-08-25,1.3209036588668823
1992-08-26,1.3209036588668823
1992-08-27,1.2831634283065796
1992-08-28,1.2831634283065796
1992-08-31,1.3209036588668823
1992-09-01,1.3586440086364746
1992-09-02,1.3586440086364746
1992-09-03,1.3963837623596191
1992-09-04,1.3963837623596191
1992-09-08,1.3209036588668823
1992-09-09,1.3963837623596191
1992-09-10,1.3586440086364746
1992-09-11,1.3209036588668823
1992-09-14,1.3963837623596191
1992-09-15,1.3963837623596191
1992-09-16,1.3209036588668823
1992-09-17,1.3586440086364746
1992-09-18,1.3963837623596191
1992-09-21,1.3963837623596191
1992-09-22,1.3586440086364746
1992-09-23,1.3963837623596191
1992-09-24,1.3963837623596191
1992-09-25,1.3586440086364746
1992-09-28,1.4341243505477905
1992-09-29,1.54734468460083
1992-09-30,1.622824788093567
1992-10-01,1.585084319114685
1992-10-02,1.509604573249817
1992-10-05,1.54734468460083
1992-10-06,1.509604573249817
1992-10-07,1.6605645418167114
1992-10-08,1.7737853527069092
1992-10-09,1.811525583267212
1992-10-12,1.811525583267212
1992-10-13,1.7737853527069092
1992-10-14,1.7737853527069092
1992-10-15,1.887006163597107
1992-10-16,1.9247452020645142
1992-10-19,1.9624861478805542
1992-10-20,1.887006163597107
1992-10-21,2.0379655361175537
1992-10-22,2.000225067138672
1992-10-23,1.9624861478805542
1992-10-26,1.9247452020645142
1992-10-27,2.0379655361175537
1992-10-28,2.1134467124938965
1992-10-29,2.1134467124938965
1992-10-30,2.075706720352173
1992-11-02,2.151186466217041
1992-11-03,2.151186466217041
1992-11-04,2.075706720352173
1992-11-05,2.075706720352173
1992-11-06,2.1134467124938965
1992-11-09,2.1134467124938965
1992-11-10,2.188926935195923
1992-11-11,2.3021469116210938
1992-11-12,2.3398866653442383
1992-11-13,2.3021469116210938
1992-11-16,2.3021469116210938
1992-11-17,2.37762713432312
1992-11-18,2.37762713432312
1992-11-19,2.26440691947937
1992-11-20,2.188926935195923
1992-11-23,2.26440691947937
1992-11-24,2.26440691947937
1992-11-25,2.26440691947937
1992-11-27,2.3021469116210938
1992-11-30,2.188926935195923
1992-12-01,2.26440691947937
1992-12-02,2.26440691947937
1992-12-03,2.3021469116210938
1992-12-04,2.37762713432312
1992-12-07,2.3398866653442383
1992-12-08,2.3398866653442383
1992-12-09,2.3398866653442383
1992-12-10,2.3021469116210938
1992-12-11,2.3398866653442383
1992-12-14,2.3021469116210938
1992-12-15,2.22666597366333
1992-12-16,2.188926935195923
1992-12-17,2.188926935195923
1992-12-18,2.22666597366333
1992-12-21,2.3021469116210938
1992-12-22,2.37762713432312
1992-12-23,2.3398866653442383
1992-12-24,2.528587579727173
1992-12-28,2.566326856613159
1992-12-29,2.566326856613159
1992-12-30,2.528587579727173
1992-12-31,2.604067325592041
1993-01-04,2.566326856613159
1993-01-05,2.566326856613159
1993-01-06,2.604067325592041
1993-01-07,2.6418073177337646
1993-01-08,2.7172884941101074
1993-01-11,2.8682479858398438
1993-01-12,2.4908480644226074
1993-01-13,2.3398866653442383
1993-01-14,2.415367603302002
1993-01-15,2.3398866653442383
1993-01-18,2.4531075954437256
1993-01-19,2.415367603302002
1993-01-20,2.4908480644226074
1993-01-21,2.528587579727173
1993-01-22,2.528587579727173
1993-01-25,2.4908480644226074
1993-01-26,2.4908480644226074
1993-01-27,2.4531075954437256
1993-01-28,2.604067325592041
1993-01-29,2.7172884941101074
1993-02-01,2.7172884941101074
1993-02-02,2.7927684783935547
1993-02-03,2.830507755279541
1993-02-04,2.755028247833252
1993-02-05,2.6418073177337646
1993-02-08,2.6795480251312256
1993-02-09,2.6418073177337646
1993-02-10,2.6418073177337646
1993-02-11,2.755028247833252
1993-02-12,2.755028247833252
1993-02-16,2.566326856613159
1993-02-17,2.6795480251312256
1993-02-18,2.7927684783935547
1993-02-19,2.8682479858398438
1993-02-22,2.8682479858398438
1993-02-23,2.755028247833252
1993-02-24,2.6795480251312256
1993-02-25,2.6418073177337646
1993-02-26,2.4531075954437256
1993-03-01,2.4531075954437256
1993-03-02,2.528587579727173
1993-03-03,2.566326856613159
1993-03-04,2.566326856613159
1993-03-05,2.604067325592041
1993-03-08,2.566326856613159
1993-03-09,2.6418073177337646
1993-03-10,2.6795480251312256
1993-03-11,2.6418073177337646
1993-03-12,2.4531075954437256
1993-03-15,2.4531075954437256
1993-03-16,2.4531075954437256
1993-03-17,2.000225067138672
1993-03-18,1.7737853527069092
1993-03-19,1.698304533958435
1993-03-22,1.698304533958435
1993-03-23,1.622824788093567
1993-03-24,1.585084319114685
1993-03-25,1.622824788093567
1993-03-26,1.622824788093567
1993-03-29,1.7737853527069092
1993-03-30,1.811525583267212
1993-03-31,1.698304533958435
1993-04-01,1.585084319114685
1993-04-02,1.54734468460083
1993-04-05,1.54734468460083
1993-04-06,1.54734468460083
1993-04-07,1.4718647003173828
1993-04-08,1.4718647003173828
1993-04-12,1.3963837623596191
1993-04-13,1.4341243505477905
1993-04-14,1.4718647003173828
1993-04-15,1.54734468460083
1993-04-16,1.509604573249817
1993-04-19,1.4341243505477905
1993-04-20,1.4718647003173828
1993-04-21,1.509604573249817
1993-04-22,1.54734468460083
1993-04-23,1.4718647003173828
1993-04-26,1.4341243505477905
1993-04-27,1.4341243505477905
1993-04-28,1.4341243505477905
1993-04-29,1.4718647003173828
1993-04-30,1.4718647003173828
1993-05-03,1.509604573249817
1993-05-04,1.585084319114685
1993-05-05,1.622824788093567
1993-05-06,1.585084319114685
1993-05-07,1.54734468460083
1993-05-10,1.622824788093567
1993-05-11,1.585084319114685
1993-05-12,1.54734468460083
1993-05-13,1.54734468460083
1993-05-14,1.54734468460083
1993-05-17,1.509604573249817
1993-05-18,1.509604573249817
1993-05-19,1.585084319114685
1993-05-20,1.585084319114685
1993-05-21,1.585084319114685
1993-05-24,1.509604573249817
1993-05-25,1.54734468460083
1993-05-26,1.4718647003173828
1993-05-27,1.509604573249817
1993-05-28,1.54734468460083
1993-06-01,1.54734468460083
1993-06-02,1.509604573249817
1993-06-03,1.4718647003173828
1993-06-04,1.4341243505477905
1993-06-07,1.4341243505477905
1993-06-08,1.3586440086364746
1993-06-09,1.3586440086364746
1993-06-10,1.3963837623596191
1993-06-11,1.3963837623596191
1993-06-14,1.3586440086364746
1993-06-15,1.3209036588668823
1993-06-16,1.2831634283065796
1993-06-17,1.2831634283065796
1993-06-18,1.207683801651001
1993-06-21,1.207683801651001
1993-06-22,1.1699438095092773
1993-06-23,1.207683801651001
1993-06-24,1.1322038173675537
1993-06-25,1.1699438095092773
1993-06-28,1.1322038173675537
1993-06-29,1.1699438095092773
1993-06-30,1.2454240322113037
1993-07-01,1.1699438095092773
1993-07-02,1.1699438095092773
1993-07-06,1.1699438095092773
1993-07-07,1.1699438095092773
1993-07-08,1.1699438095092773
1993-07-09,1.207683801651001
1993-07-12,1.207683801651001
1993-07-13,1.1699438095092773
1993-07-14,1.207683801651001
1993-07-15,1.207683801651001
1993-07-16,1.1322038173675537
1993-07-19,1.1322038173675537
1993-07-20,1.1699438095092773
1993-07-21,1.1699438095092773
1993-07-22,1.1699438095092773
1993-07-23,1.1699438095092773
1993-07-26,1.1699438095092773
1993-07-27,1.1699438095092773
1993-07-28,1.3209036588668823
1993-07-29,1.2831634283065796
1993-07-30,1.2831634283065796
1993-08-02,1.2831634283065796
1993-08-03,1.3209036588668823
1993-08-04,1.3209036588668823
1993-08-05,1.3586440086364746
1993-08-06,1.509604573249817
1993-08-09,1.7360442876815796
1993-08-10,1.698304533958435
1993-08-11,1.622824788093567
1993-08-12,1.54734468460083
1993-08-13,1.622824788093567
1993-08-16,1.7360442876815796
1993-08-17,1.7737853527069092
1993-08-18,1.849265694618225
1993-08-19,1.811525583267212
1993-08-20,1.7360442876815796
1993-08-23,1.7360442876815796
1993-08-24,1.6605645418167114
1993-08-25,1.811525583267212
1993-08-26,1.7360442876815796
1993-08-27,1.7360442876815796
1993-08-30,1.7737853527069092
1993-08-31,1.698304533958435
1993-09-01,1.6605645418167114
1993-09-02,1.585084319114685
1993-09-03,1.585084319114685
1993-09-07,1.54734468460083
1993-09-08,1.509604573249817
1993-09-09,1.509604573249817
1993-09-10,1.4718647003173828
1993-09-13,1.3963837623596191
1993-09-14,1.4718647003173828
1993-09-15,1.3963837623596191
1993-09-16,1.3963837623596191
1993-09-17,1.4341243505477905
1993-09-20,1.4718647003173828
1993-09-21,1.4718647003173828
1993-09-22,1.4718647003173828
1993-09-23,1.509604573249817
1993-09-24,1.509604573249817
1993-09-27,1.509604573249817
1993-09-28,1.4718647003173828
1993-09-29,1.4718647003173828
1993-09-30,1.509604573249817
1993-10-01,1.585084319114685
1993-10-04,1.509604573249817
1993-10-05,1.509604573249817
1993-10-06,1.4718647003173828
1993-10-07,1.54734468460083
1993-10-08,1.54734468460083
1993-10-11,1.509604573249817
1993-10-12,1.698304533958435
1993-10-13,1.887006163597107
1993-10-14,2.000225067138672
1993-10-15,2.000225067138672
1993-10-18,2.000225067138672
1993-10-19,1.9247452020645142
1993-10-20,1.9624861478805542
1993-10-21,2.0379655361175537
1993-10-22,2.3021469116210938
1993-10-25,2.415367603302002
1993-10-26,2.3021469116210938
1993-10-27,2.37762713432312
1993-10-28,2.3398866653442383
1993-10-29,2.37762713432312
1993-11-01,2.3398866653442383
1993-11-02,2.3398866653442383
1993-11-03,2.37762713432312
1993-11-04,2.3398866653442383
1993-11-05,2.3398866653442383
1993-11-08,2.4908480644226074
1993-11-09,2.6418073177337646
1993-11-10,2.6418073177337646
1993-11-11,2.830507755279541
1993-11-12,3.0569489002227783
1993-11-15,2.8682479858398438
1993-11-16,2.830507755279541
1993-11-17,2.8682479858398438
1993-11-18,2.9059886932373047
1993-11-19,2.9814682006835938
1993-11-22,2.7927684783935547
1993-11-23,2.7927684783935547
1993-11-24,2.830507755279541
1993-11-26,2.8682479858398438
1993-11-29,3.09468936920166
1993-11-30,2.9814682006835938
1993-12-01,3.0192081928253174
1993-12-02,3.0192081928253174
1993-12-03,2.943728446960449
1993-12-06,2.830507755279541
1993-12-07,2.9059886932373047
1993-12-08,2.8682479858398438
1993-12-09,2.8682479858398438
1993-12-10,2.9059886932373047
1993-12-13,3.09468936920166
1993-12-14,2.943728446960449
1993-12-15,2.943728446960449
1993-12-16,2.9814682006835938
1993-12-17,2.9814682006835938
1993-12-20,3.0192081928253174
1993-12-21,2.9814682006835938
1993-12-22,2.9814682006835938
1993-12-23,2.8682479858398438
1993-12-27,2.755028247833252
1993-12-28,2.6795480251312256
1993-12-29,2.755028247833252
1993-12-30,2.7172884941101074
1993-12-31,2.755028247833252
1994-01-03,2.6418073177337646
1994-01-04,2.6795480251312256
1994-01-05,2.943728446960449
1994-01-06,3.0192081928253174
1994-01-07,3.5098307132720947
1994-01-10,3.547569751739502
1994-01-11,3.585310459136963
1994-01-12,3.66079044342041
1994-01-13,3.8494904041290283
1994-01-14,3.8494904041290283
1994-01-17,3.8872318267822266
1994-01-18,3.8872318267822266
1994-01-19,3.7362704277038574
1994-01-20,3.7362704277038574
1994-01-21,3.6230504512786865
1994-01-24,3.547569751739502
1994-01-25,3.321129083633423
1994-01-26,3.28338885307312
1994-01-27,3.5098307132720947
1994-01-28,3.5098307132720947
1994-01-31,3.6230504512786865
1994-02-01,3.69853138923645
1994-02-02,3.66079044342041
1994-02-03,3.7362704277038574
1994-02-04,3.4720892906188965
1994-02-07,3.6230504512786865
1994-02-08,3.69853138923645
1994-02-09,3.774012327194214
1994-02-10,3.69853138923645
1994-02-11,3.7362704277038574
1994-02-14,3.7362704277038574
1994-02-15,3.8494904041290283
1994-02-16,4.038191318511963
1994-02-17,3.8494904041290283
1994-02-18,3.9627108573913574
1994-02-22,4.151412487030029
1994-02-23,4.302372932434082
1994-02-24,4.264632225036621
1994-02-25,4.45333194732666
1994-02-28,4.566554069519043
1994-03-01,4.755255222320557
1994-03-02,5.434576511383057
1994-03-03,5.5100555419921875
1994-03-04,5.32135534286499
1994-03-07,5.32135534286499
1994-03-08,5.170395374298096
1994-03-09,5.396835803985596
1994-03-10,5.434576511383057
1994-03-11,5.359096527099609
1994-03-14,5.585536956787109
1994-03-15,5.962937355041504
1994-03-16,6.038417339324951
1994-03-17,6.038417339324951
1994-03-18,6.038417339324951
1994-03-21,5.962937355041504
1994-03-22,6.038417339324951
1994-03-23,6.076157093048096
1994-03-24,5.774237632751465
1994-03-25,5.32135534286499
1994-03-28,5.5100555419921875
1994-03-29,5.170395374298096
1994-03-30,5.09491491317749
1994-03-31,5.09491491317749
1994-04-04,4.868473529815674
1994-04-05,5.5100555419921875
1994-04-06,5.5100555419921875
1994-04-07,5.887457847595215
1994-04-08,5.283615589141846
1994-04-11,5.057175159454346
1994-04-12,4.906214237213135
1994-04-13,4.6042938232421875
1994-04-14,4.52881383895874
1994-04-15,4.491072654724121
1994-04-18,4.415594577789307
1994-04-19,4.264632225036621
1994-04-20,3.9249722957611084
1994-04-21,4.45333194732666
1994-04-22,4.566554069519043
1994-04-25,4.755255222320557
1994-04-26,4.755255222320557
1994-04-28,4.679774284362793
1994-04-29,4.755255222320557
1994-05-02,5.132653713226318
1994-05-03,5.019435882568359
1994-05-04,4.906214237213135
1994-05-05,4.906214237213135
1994-05-06,4.868473529815674
1994-05-09,4.755255222320557
1994-05-10,4.415594577789307
1994-05-11,3.9627108573913574
1994-05-12,3.8872318267822266
1994-05-13,3.9249722957611084
1994-05-16,3.811751127243042
1994-05-17,3.8494904041290283
1994-05-18,4.075931549072266
1994-05-19,4.189152717590332
1994-05-20,4.075931549072266
1994-05-23,4.151412487030029
1994-05-24,4.151412487030029
1994-05-25,4.226892948150635
1994-05-26,4.226892948150635
1994-05-27,4.151412487030029
1994-05-31,4.226892948150635
1994-06-01,4.45333194732666
1994-06-02,4.45333194732666
1994-06-03,4.415594577789307
1994-06-06,4.377853870391846
1994-06-07,4.151412487030029
1994-06-08,4.038191318511963
1994-06-09,4.00045108795166
1994-06-10,4.151412487030029
1994-06-13,4.151412487030029
1994-06-14,4.189152717590332
1994-06-15,4.00045108795166
1994-06-16,4.038191318511963
1994-06-17,3.8494904041290283
1994-06-20,3.7362704277038574
1994-06-21,3.69853138923645
1994-06-22,3.8494904041290283
1994-06-23,3.585310459136963
1994-06-24,3.585310459136963
1994-06-27,3.9627108573913574
1994-06-28,3.9627108573913574
1994-06-29,3.9627108573913574
1994-06-30,3.8494904041290283
1994-07-01,3.9249722957611084
1994-07-05,3.9249722957611084
1994-07-06,3.8872318267822266
1994-07-07,4.189152717590332
1994-07-08,4.226892948150635
1994-07-11,4.302372932434082
1994-07-12,4.45333194732666
1994-07-13,4.491072654724121
1994-07-14,4.52881383895874
1994-07-15,4.45333194732666
1994-07-18,4.642035484313965
1994-07-19,4.377853870391846
1994-07-20,4.226892948150635
1994-07-21,4.226892948150635
1994-07-22,4.264632225036621
1994-07-25,4.226892948150635
1994-07-26,4.151412487030029
1994-07-27,4.113672733306885
1994-07-28,4.189152717590332
1994-07-29,4.6042938232421875
1994-08-01,4.755255222320557
1994-08-02,4.792994022369385
1994-08-03,4.6042938232421875
1994-08-04,4.566554069519043
1994-08-05,4.6042938232421875
1994-08-08,4.755255222320557
1994-08-09,4.717514991760254
1994-08-10,4.830734729766846
1994-08-11,4.755255222320557
1994-08-12,4.755255222320557
1994-08-15,4.717514991760254
1994-08-16,4.792994022369385
1994-08-17,4.792994022369385
1994-08-18,4.755255222320557
1994-08-19,4.755255222320557
1994-08-22,4.679774284362793
1994-08-23,4.52881383895874
1994-08-24,4.45333194732666
1994-08-25,4.6042938232421875
1994-08-26,4.642035484313965
1994-08-29,4.6042938232421875
1994-08-30,4.642035484313965
1994-08-31,4.52881383895874
1994-09-01,4.415594577789307
1994-09-02,4.377853870391846
1994-09-06,4.45333194732666
1994-09-07,4.642035484313965
1994-09-08,4.566554069519043
1994-09-09,4.415594577789307
1994-09-12,4.491072654724121
1994-09-13,4.566554069519043
1994-09-14,4.830734729766846
1994-09-15,4.868473529815674
1994-09-16,4.792994022369385
1994-09-19,4.642035484313965
1994-09-20,4.52881383895874
1994-09-21,4.566554069519043
1994-09-22,4.491072654724121
1994-09-23,4.491072654724121
1994-09-26,4.491072654724121
1994-09-27,4.491072654724121
1994-09-28,4.52881383895874
1994-09-29,4.45333194732666
1994-09-30,4.491072654724121
1994-10-03,4.491072654724121
1994-10-04,4.377853870391846
1994-10-05,4.302372932434082
1994-10-06,4.264632225036621
1994-10-07,4.302372932434082
1994-10-10,4.491072654724121
1994-10-11,4.755255222320557
1994-10-12,5.057175159454346
1994-10-13,4.943955421447754
1994-10-14,4.868473529815674
1994-10-17,4.830734729766846
1994-10-18,4.755255222320557
1994-10-19,4.792994022369385
1994-10-20,4.830734729766846
1994-10-21,4.792994022369385
1994-10-24,4.717514991760254
1994-10-25,4.717514991760254
1994-10-26,4.679774284362793
1994-10-27,4.755255222320557
1994-10-28,5.057175159454346
1994-10-31,5.170395374298096
1994-11-01,5.434576511383057
1994-11-02,5.434576511383057
1994-11-03,5.283615589141846
1994-11-04,5.24587345123291
1994-11-07,5.132653713226318
1994-11-08,5.170395374298096
1994-11-09,5.170395374298096
1994-11-10,5.132653713226318
1994-11-11,5.057175159454346
1994-11-14,5.32135534286499
1994-11-15,5.359096527099609
1994-11-16,5.283615589141846
1994-11-17,5.32135534286499
1994-11-18,5.359096527099609
1994-11-21,5.32135534286499
1994-11-22,5.170395374298096
1994-11-23,5.32135534286499
1994-11-25,5.396835803985596
1994-11-28,5.472314834594727
1994-11-29,5.547796249389648
1994-11-30,5.585536956787109
1994-12-01,5.5100555419921875
1994-12-02,5.5100555419921875
1994-12-05,5.585536956787109
1994-12-06,5.661015510559082
1994-12-07,5.661015510559082
1994-12-08,5.359096527099609
1994-12-09,5.359096527099609
1994-12-12,5.24587345123291
1994-12-13,5.24587345123291
1994-12-14,5.359096527099609
1994-12-15,5.359096527099609
1994-12-16,5.208134651184082
1994-12-19,4.981696128845215
1994-12-20,4.981696128845215
1994-12-21,5.057175159454346
1994-12-22,5.019435882568359
1994-12-23,4.943955421447754
1994-12-27,5.132653713226318
1994-12-28,5.019435882568359
1994-12-29,5.132653713226318
1994-12-30,5.057175159454346
1995-01-03,5.09491491317749
1995-01-04,5.132653713226318
1995-01-05,5.09491491317749
1995-01-06,5.170395374298096
1995-01-09,5.547796249389648
1995-01-10,5.585536956787109
1995-01-11,5.811977386474609
1995-01-12,4.981696128845215
1995-01-13,4.906214237213135
1995-01-16,5.019435882568359
1995-01-17,5.09491491317749
1995-01-18,5.019435882568359
1995-01-19,4.943955421447754
1995-01-20,4.868473529815674
1995-01-23,4.755255222320557
1995-01-24,4.717514991760254
1995-01-25,4.717514991760254
1995-01-26,4.679774284362793
1995-01-27,4.755255222320557
1995-01-30,4.566554069519043
1995-01-31,4.642035484313965
1995-02-01,4.679774284362793
1995-02-02,4.717514991760254
1995-02-03,4.642035484313965
1995-02-06,4.792994022369385
1995-02-07,4.679774284362793
1995-02-08,4.792994022369385
1995-02-09,4.981696128845215
1995-02-10,4.981696128845215
1995-02-13,4.906214237213135
1995-02-14,4.830734729766846
1995-02-15,4.868473529815674
1995-02-16,4.679774284362793
1995-02-17,4.755255222320557
1995-02-21,4.6042938232421875
1995-02-22,4.52881383895874
1995-02-23,4.377853870391846
1995-02-24,4.151412487030029
1995-02-27,4.45333194732666
1995-02-28,4.52881383895874
1995-03-01,4.415594577789307
1995-03-02,4.377853870391846
1995-03-03,4.377853870391846
1995-03-06,4.45333194732666
1995-03-07,4.340113162994385
1995-03-08,4.377853870391846
1995-03-09,4.45333194732666
1995-03-10,4.340113162994385
1995-03-13,4.415594577789307
1995-03-14,4.377853870391846
1995-03-15,4.377853870391846
1995-03-16,4.377853870391846
1995-03-17,4.151412487030029
1995-03-20,4.151412487030029
1995-03-21,4.038191318511963
1995-03-22,4.113672733306885
1995-03-23,4.151412487030029
1995-03-24,4.113672733306885
1995-03-27,4.151412487030029
1995-03-28,4.113672733306885
1995-03-29,4.264632225036621
1995-03-30,4.226892948150635
1995-03-31,4.151412487030029
1995-04-03,4.189152717590332
1995-04-04,4.151412487030029
1995-04-05,4.113672733306885
1995-04-06,4.113672733306885
1995-04-07,4.075931549072266
1995-04-10,4.264632225036621
1995-04-11,4.377853870391846
1995-04-12,4.792994022369385
1995-04-13,4.679774284362793
1995-04-17,4.340113162994385
1995-04-18,4.52881383895874
1995-04-19,4.45333194732666
1995-04-20,4.415594577789307
1995-04-21,4.52881383895874
1995-04-24,4.868473529815674
1995-04-25,4.717514991760254
1995-04-26,4.717514991760254
1995-04-27,4.906214237213135
1995-04-28,4.830734729766846
1995-05-01,4.868473529815674
1995-05-02,4.830734729766846
1995-05-03,5.24587345123291
1995-05-04,5.132653713226318
1995-05-05,5.09491491317749
1995-05-08,5.283615589141846
1995-05-09,5.32135534286499
1995-05-10,5.170395374298096
1995-05-11,5.170395374298096
1995-05-12,5.208134651184082
1995-05-15,5.472314834594727
1995-05-16,5.359096527099609
1995-05-17,5.774237632751465
1995-05-18,5.62327766418457
1995-05-19,5.698757171630859
1995-05-22,5.62327766418457
1995-05-23,5.62327766418457
1995-05-24,5.434576511383057
1995-05-25,5.359096527099609
1995-05-26,5.208134651184082
1995-05-30,5.32135534286499
1995-05-31,5.32135534286499
1995-06-01,5.5100555419921875
1995-06-02,5.396835803985596
1995-06-05,5.661015510559082
1995-06-06,5.661015510559082
1995-06-07,5.585536956787109
1995-06-08,6.000677585601807
1995-06-09,6.264861106872559
1995-06-12,6.076157093048096
1995-06-13,6.189377784729004
1995-06-14,6.038417339324951
1995-06-15,6.076157093048096
1995-06-16,6.189377784729004
1995-06-19,6.264861106872559
1995-06-20,6.4158196449279785
1995-06-21,6.227118968963623
1995-06-22,6.302597522735596
1995-06-23,6.038417339324951
1995-06-26,5.811977386474609
1995-06-27,5.472314834594727
1995-06-28,5.434576511383057
1995-06-29,5.24587345123291
1995-06-30,5.283615589141846
1995-07-03,5.359096527099609
1995-07-05,5.208134651184082
1995-07-06,5.359096527099609
1995-07-07,5.547796249389648
1995-07-10,5.434576511383057
1995-07-11,5.547796249389648
1995-07-12,5.7364959716796875
1995-07-13,5.661015510559082
1995-07-14,5.62327766418457
1995-07-17,5.585536956787109
1995-07-18,5.359096527099609
1995-07-19,5.057175159454346
1995-07-20,5.32135534286499
1995-07-21,5.170395374298096
1995-07-24,5.5100555419921875
1995-07-25,5.359096527099609
1995-07-26,5.434576511383057
1995-07-27,5.698757171630859
1995-07-28,6.076157093048096
1995-07-31,5.849715232849121
1995-08-01,5.849715232849121
1995-08-02,5.661015510559082
1995-08-03,5.62327766418457
1995-08-04,5.661015510559082
1995-08-07,5.661015510559082
1995-08-08,5.7364959716796875
1995-08-09,5.811977386474609
1995-08-10,5.849715232849121
1995-08-11,6.11389684677124
1995-08-14,6.151637077331543
1995-08-15,6.453557968139648
1995-08-16,6.4158196449279785
1995-08-17,6.491299152374268
1995-08-18,6.566779136657715
1995-08-21,6.076157093048096
1995-08-22,6.378078460693359
1995-08-23,6.529040336608887
1995-08-24,6.4158196449279785
1995-08-25,6.264861106872559
1995-08-28,6.151637077331543
1995-08-29,6.227118968963623
1995-08-30,6.038417339324951
1995-08-31,6.227118968963623
1995-09-01,6.076157093048096
1995-09-05,6.189377784729004
1995-09-06,6.264861106872559
1995-09-07,6.264861106872559
1995-09-08,6.227118968963623
1995-09-11,5.434576511383057
1995-09-12,5.359096527099609
1995-09-13,5.472314834594727
1995-09-14,5.359096527099609
1995-09-15,5.208134651184082
1995-09-18,5.32135534286499
1995-09-19,5.32135534286499
1995-09-20,5.585536956787109
1995-09-21,5.434576511383057
1995-09-22,5.359096527099609
1995-09-25,4.830734729766846
1995-09-26,4.792994022369385
1995-09-27,4.679774284362793
1995-09-28,4.868473529815674
1995-09-29,4.792994022369385
1995-10-02,4.679774284362793
1995-10-03,4.679774284362793
1995-10-04,4.6042938232421875
1995-10-05,4.792994022369385
1995-10-06,4.830734729766846
1995-10-09,4.6042938232421875
1995-10-10,4.6042938232421875
1995-10-11,4.642035484313965
1995-10-12,4.755255222320557
1995-10-13,4.792994022369385
1995-10-16,4.943955421447754
1995-10-17,4.943955421447754
1995-10-18,4.943955421447754
1995-10-19,4.981696128845215
1995-10-20,5.057175159454346
1995-10-23,4.981696128845215
1995-10-24,4.981696128845215
1995-10-25,5.019435882568359
1995-10-26,4.679774284362793
1995-10-27,4.679774284362793
1995-10-30,4.755255222320557
1995-10-31,4.679774284362793
1995-11-01,4.679774284362793
1995-11-02,4.792994022369385
1995-11-03,4.830734729766846
1995-11-06,4.981696128845215
1995-11-07,4.792994022369385
1995-11-08,4.679774284362793
1995-11-09,4.868473529815674
1995-11-10,4.943955421447754
1995-11-13,4.830734729766846
1995-11-14,4.717514991760254
1995-11-15,4.642035484313965
1995-11-16,4.717514991760254
1995-11-17,4.642035484313965
1995-11-20,4.52881383895874
1995-11-21,4.377853870391846
1995-11-22,4.377853870391846
1995-11-24,4.491072654724121
1995-11-27,4.377853870391846
1995-11-28,4.6042938232421875
1995-11-29,4.566554069519043
1995-11-30,4.6042938232421875
1995-12-01,4.981696128845215
1995-12-04,5.170395374298096
1995-12-05,5.170395374298096
1995-12-06,5.208134651184082
1995-12-07,5.396835803985596
1995-12-08,5.359096527099609
1995-12-11,5.283615589141846
1995-12-12,5.62327766418457
1995-12-13,5.434576511383057
1995-12-14,5.396835803985596
1995-12-15,5.132653713226318
1995-12-18,4.868473529815674
1995-12-19,5.09491491317749
1995-12-20,4.906214237213135
1995-12-21,5.09491491317749
1995-12-22,5.208134651184082
1995-12-26,5.283615589141846
1995-12-27,5.283615589141846
1995-12-28,5.396835803985596
1995-12-29,5.396835803985596
1996-01-02,5.472314834594727
1996-01-03,5.547796249389648
1996-01-04,5.434576511383057
1996-01-05,5.283615589141846
1996-01-08,5.283615589141846
1996-01-09,5.057175159454346
1996-01-10,5.09491491317749
1996-01-11,5.170395374298096
1996-01-12,5.208134651184082
1996-01-15,5.057175159454346
1996-01-16,5.359096527099609
1996-01-17,5.019435882568359
1996-01-18,5.057175159454346
1996-01-19,5.283615589141846
1996-01-22,5.62327766418457
1996-01-23,5.774237632751465
1996-01-24,5.925198078155518
1996-01-25,5.661015510559082
1996-01-26,5.698757171630859
1996-01-29,5.698757171630859
1996-01-30,5.698757171630859
1996-01-31,5.585536956787109
1996-02-01,5.585536956787109
1996-02-02,5.62327766418457
1996-02-05,5.698757171630859
1996-02-06,5.887457847595215
1996-02-07,5.849715232849121
1996-02-08,5.925198078155518
1996-02-09,5.849715232849121
1996-02-12,5.811977386474609
1996-02-13,5.698757171630859
1996-02-14,5.7364959716796875
1996-02-15,5.925198078155518
1996-02-16,6.000677585601807
1996-02-20,5.887457847595215
1996-02-21,5.925198078155518
1996-02-22,6.000677585601807
1996-02-23,5.849715232849121
1996-02-26,5.925198078155518
1996-02-27,6.038417339324951
1996-02-28,6.264861106872559
1996-02-29,6.302597522735596
1996-03-01,5.925198078155518
1996-03-04,5.7364959716796875
1996-03-05,5.547796249389648
1996-03-06,5.434576511383057
1996-03-07,5.32135534286499
1996-03-08,5.434576511383057
1996-03-11,5.5100555419921875
1996-03-12,5.434576511383057
1996-03-13,5.585536956787109
1996-03-14,5.547796249389648
1996-03-15,5.698757171630859
1996-03-18,5.62327766418457
1996-03-19,5.547796249389648
1996-03-20,5.472314834594727
1996-03-21,5.396835803985596
1996-03-22,5.472314834594727
1996-03-25,5.434576511383057
1996-03-26,5.5100555419921875
1996-03-27,5.5100555419921875
1996-03-28,5.62327766418457
1996-03-29,5.811977386474609
1996-04-01,5.925198078155518
1996-04-02,5.811977386474609
1996-04-03,5.887457847595215
1996-04-04,5.887457847595215
1996-04-08,5.811977386474609
1996-04-09,5.849715232849121
1996-04-10,5.7364959716796875
1996-04-11,5.774237632751465
1996-04-12,5.774237632751465
1996-04-15,5.774237632751465
1996-04-16,5.887457847595215
1996-04-17,5.7364959716796875
1996-04-18,5.887457847595215
1996-04-19,5.811977386474609
1996-04-22,5.849715232849121
1996-04-23,6.151637077331543
1996-04-24,6.378078460693359
1996-04-25,6.566779136657715
1996-04-26,6.679998874664307
1996-04-29,6.679998874664307
1996-04-30,7.095139503479004
1996-05-01,7.472539901733398
1996-05-02,7.736723899841309
1996-05-03,7.3970627784729
1996-05-06,7.472539901733398
1996-05-07,7.548024654388428
1996-05-08,7.774463653564453
1996-05-09,7.661240100860596
1996-05-10,7.661240100860596
1996-05-13,7.849945545196533
1996-05-14,7.736723899841309
1996-05-15,8.038646697998047
1996-05-16,8.302824974060059
1996-05-17,8.45378589630127
1996-05-20,8.49152660369873
1996-05-21,8.49152660369873
1996-05-22,8.717966079711914
1996-05-23,8.265083312988281
1996-05-24,7.849945545196533
1996-05-28,8.302824974060059
1996-05-29,8.151863098144531
1996-05-30,7.5857625007629395
1996-05-31,7.849945545196533
1996-06-03,7.623502254486084
1996-06-04,7.698980808258057
1996-06-05,7.623502254486084
1996-06-06,7.434804439544678
1996-06-07,7.283840179443359
1996-06-10,7.510283470153809
1996-06-11,6.944178581237793
1996-06-12,6.86870002746582
1996-06-13,7.057400703430176
1996-06-14,7.0196614265441895
1996-06-17,7.132879257202148
1996-06-18,7.283840179443359
1996-06-19,7.5857625007629395
1996-06-20,7.623502254486084
1996-06-21,7.510283470153809
1996-06-24,7.283840179443359
1996-06-25,7.057400703430176
1996-06-26,6.906440734863281
1996-06-27,7.3593220710754395
1996-06-28,7.88768196105957
1996-07-01,7.661240100860596
1996-07-02,7.623502254486084
1996-07-03,7.472539901733398
1996-07-05,7.283840179443359
1996-07-08,7.2461018562316895
1996-07-09,7.3593220710754395
1996-07-10,7.0196614265441895
1996-07-11,6.7554779052734375
1996-07-12,6.642259120941162
1996-07-15,6.453557968139648
1996-07-16,6.283728122711182
1996-07-17,6.86870002746582
1996-07-18,7.132879257202148
1996-07-19,7.095139503479004
1996-07-22,6.7554779052734375
1996-07-23,6.830957412719727
1996-07-24,7.170621871948242
1996-07-25,8.07638168334961
1996-07-26,8.22734546661377
1996-07-29,8.378305435180664
1996-07-30,8.680225372314453
1996-07-31,9.01988410949707
1996-08-01,9.095367431640625
1996-08-02,9.812429428100586
1996-08-05,9.58598804473877
1996-08-06,10.038871765136719
1996-08-07,9.925649642944336
1996-08-08,10.152092933654785
1996-08-09,10.265307426452637
1996-08-12,10.340791702270508
1996-08-13,10.18982982635498
1996-08-14,10.076608657836914
1996-08-15,10.038871765136719
1996-08-16,9.963391304016113
1996-08-19,10.076608657836914
1996-08-20,10.114350318908691
1996-08-21,10.529494285583496
1996-08-22,10.529494285583496
1996-08-23,10.982373237609863
1996-08-26,10.567230224609375
1996-08-27,10.567230224609375
1996-08-28,10.604969024658203
1996-08-29,10.718193054199219
1996-08-30,10.604969024658203
1996-09-03,10.604969024658203
1996-09-04,10.529494285583496
1996-09-05,10.114350318908691
1996-09-06,10.227571487426758
1996-09-09,10.454010963439941
1996-09-10,10.944629669189453
1996-09-11,11.359772682189941
1996-09-12,11.208813667297363
1996-09-13,11.623955726623535
1996-09-16,11.88813591003418
1996-09-17,11.774914741516113
1996-09-18,11.699431419372559
1996-09-19,12.03909683227539
1996-09-20,12.03909683227539
1996-09-23,12.303275108337402
1996-09-24,12.303275108337402
1996-09-25,12.303275108337402
1996-09-26,11.925873756408691
1996-09-27,12.22779369354248
1996-09-30,12.11457633972168
1996-10-01,11.812658309936523
1996-10-02,12.152314186096191
1996-10-03,12.265536308288574
1996-10-04,12.831639289855957
1996-10-07,13.209035873413086
1996-10-08,12.68067455291748
1996-10-09,12.869377136230469
1996-10-10,13.359997749328613
1996-10-11,13.96384048461914
1996-10-14,13.737398147583008
1996-10-15,13.775136947631836
1996-10-16,13.510955810546875
1996-10-17,13.246781349182129
1996-10-18,13.58643913269043
1996-10-21,13.548700332641602
1996-10-22,13.473220825195312
1996-10-23,14.492203712463379
1996-10-24,14.567680358886719
1996-10-25,14.982827186584473
1996-10-28,14.718644142150879
1996-10-29,14.190279960632324
1996-10-30,14.378982543945312
1996-10-31,14.643159866333008
1996-11-01,14.982827186584473
1996-11-04,15.13378620147705
1996-11-05,15.624404907226562
1996-11-06,15.88858413696289
1996-11-07,16.115026473999023
1996-11-08,16.75661277770996
1996-11-11,17.171756744384766
1996-11-12,17.134010314941406
1996-11-13,17.020790100097656
1996-11-14,17.58688735961914
1996-11-15,16.869829177856445
1996-11-18,17.096267700195312
1996-11-19,16.75661277770996
1996-11-20,16.75661277770996
1996-11-21,16.4924259185791
1996-11-22,16.379213333129883
1996-11-25,16.15276336669922
1996-11-26,16.039541244506836
1996-11-27,16.228252410888672
1996-11-29,16.228252410888672
1996-12-02,17.70011329650879
1996-12-03,17.058530807495117
1996-12-04,17.775588989257812
1996-12-05,17.549152374267578
1996-12-06,17.81332778930664
1996-12-09,18.341693878173828
1996-12-10,18.379436492919922
1996-12-11,18.077512741088867
1996-12-12,17.36045265197754
1996-12-13,16.983051300048828
1996-12-16,16.19050407409668
1996-12-17,16.379213333129883
1996-12-18,17.28497314453125
1996-12-19,17.81332778930664
1996-12-20,17.134010314941406
1996-12-23,16.56790542602539
1996-12-24,17.171756744384766
1996-12-26,17.36045265197754
1996-12-27,17.247228622436523
1996-12-30,17.28497314453125
1996-12-31,17.171756744384766
1997-01-02,16.56790542602539
1997-01-03,17.28497314453125
1997-01-06,18.03976821899414
1997-01-07,17.964290618896484
1997-01-08,18.681354522705078
1997-01-09,19.05875587463379
1997-01-10,20.153217315673828
1997-01-13,21.738306045532227
1997-01-14,22.644062042236328
1997-01-15,21.20993995666504
1997-01-16,21.13446044921875
1997-01-17,20.83254051208496
1997-01-20,20.908021926879883
1997-01-21,21.13446044921875
1997-01-22,21.058988571166992
1997-01-23,20.568357467651367
1997-01-24,21.058988571166992
1997-01-27,20.530616760253906
1997-01-28,20.908021926879883
1997-01-29,21.058988571166992
1997-01-30,22.228927612304688
1997-01-31,21.889259338378906
1997-02-03,21.20993995666504
1997-02-04,20.681581497192383
1997-02-05,19.134233474731445
1997-02-06,20.03999900817871
1997-02-07,20.983495712280273
1997-02-10,20.908021926879883
1997-02-11,20.49287986755371
1997-02-12,20.908021926879883
1997-02-13,21.096731185913086
1997-02-14,21.021242141723633
1997-02-18,21.47412872314453
1997-02-19,23.21016502380371
1997-02-20,22.304407119750977
1997-02-21,21.323162078857422
1997-02-24,21.738306045532227
1997-02-25,20.643842697143555
1997-02-26,20.30418586730957
1997-02-27,19.021020889282227
1997-02-28,17.81332778930664
1997-03-03,17.549152374267578
1997-03-04,17.28497314453125
1997-03-05,17.43593406677246
1997-03-06,17.134010314941406
1997-03-07,17.58688735961914
1997-03-10,18.454912185668945
1997-03-11,17.58688735961914
1997-03-12,19.473896026611328
1997-03-13,19.05875587463379
1997-03-14,17.70011329650879
1997-03-17,17.549152374267578
1997-03-18,17.36045265197754
1997-03-19,16.228252410888672
1997-03-20,17.511415481567383
1997-03-21,16.869829177856445
1997-03-24,17.134010314941406
1997-03-25,18.341693878173828
1997-03-26,18.983280181884766
1997-03-27,18.341693878173828
1997-03-31,17.096267700195312
1997-04-01,17.70011329650879
1997-04-02,18.152992248535156
1997-04-03,18.643619537353516
1997-04-04,19.511634826660156
1997-04-07,19.662601470947266
1997-04-08,20.455142974853516
1997-04-09,20.643842697143555
1997-04-10,19.8890380859375
1997-04-11,19.021020889282227
1997-04-14,19.360675811767578
1997-04-15,18.568140029907227
1997-04-16,18.7568359375
1997-04-17,19.096498489379883
1997-04-18,18.341693878173828
1997-04-21,17.58688735961914
1997-04-22,17.511415481567383
1997-04-23,18.077512741088867
1997-04-24,17.511415481567383
1997-04-25,16.643388748168945
1997-04-28,17.096267700195312
1997-04-29,18.341693878173828
1997-04-30,18.605871200561523
1997-05-01,19.39841651916504
1997-05-02,21.28542137145996
1997-05-05,21.738306045532227
1997-05-06,21.889259338378906
1997-05-07,21.66282081604004
1997-05-08,20.945764541625977
1997-05-09,21.28542137145996
1997-05-12,21.436384201049805
1997-05-13,20.41739845275879
1997-05-14,19.28519630432129
1997-05-15,20.757057189941406
1997-05-16,19.92678451538086
1997-05-19,18.643619537353516
1997-05-20,19.096498489379883
1997-05-21,17.81332778930664
1997-05-22,17.247228622436523
1997-05-23,15.964069366455078
1997-05-27,17.171756744384766
1997-05-28,17.888811111450195
1997-05-29,16.416948318481445
1997-05-30,16.34147071838379
1997-06-02,17.624637603759766
1997-06-03,16.75661277770996
1997-06-04,16.90757179260254
1997-06-05,17.43593406677246
1997-06-06,17.58688735961914
1997-06-09,17.58688735961914
1997-06-10,16.983051300048828
1997-06-11,17.209489822387695
1997-06-12,17.209489822387695
1997-06-13,17.662378311157227
1997-06-16,18.71909523010254
1997-06-17,20.153217315673828
1997-06-18,19.322938919067383
1997-06-19,19.17197608947754
1997-06-20,19.247453689575195
1997-06-23,19.549379348754883
1997-06-24,20.3419189453125
1997-06-25,19.851299285888672
1997-06-26,18.794570922851562
1997-06-27,19.134233474731445
1997-06-30,19.096498489379883
1997-07-01,18.681354522705078
1997-07-02,19.39841651916504
1997-07-03,19.73807716369629
1997-07-07,19.851299285888672
1997-07-08,20.30418586730957
1997-07-09,20.83254051208496
1997-07-10,20.643842697143555
1997-07-11,21.66282081604004
1997-07-14,22.681808471679688
1997-07-15,24.342376708984375
1997-07-16,24.75751304626465
1997-07-17,23.625316619873047
1997-07-18,23.247909545898438
1997-07-21,22.49310874938965
1997-07-22,24.153669357299805
1997-07-23,24.455589294433594
1997-07-24,23.398862838745117
1997-07-25,23.172426223754883
1997-07-28,22.568588256835938
1997-07-29,21.889259338378906
1997-07-30,23.247909545898438
1997-07-31,23.247909545898438
1997-08-01,23.92723274230957
1997-08-04,24.22915267944336
1997-08-05,27.474796295166016
1997-08-06,27.62575912475586
1997-08-07,28.68248748779297
1997-08-08,29.5882511138916
1997-08-11,30.19209861755371
1997-08-12,28.60700225830078
1997-08-13,29.852426528930664
1997-08-14,29.5882511138916
1997-08-15,29.135360717773438
1997-08-18,29.399551391601562
1997-08-19,31.21107292175293
1997-08-20,32.607452392578125
1997-08-21,31.399782180786133
1997-08-22,32.00360870361328
1997-08-25,32.15458679199219
1997-08-26,31.022377014160156
1997-08-27,30.19209861755371
1997-08-28,28.984403610229492
1997-08-29,29.059877395629883
1997-09-02,28.38055992126465
1997-09-03,27.701251983642578
1997-09-04,28.0031681060791
1997-09-05,28.833444595336914
1997-09-08,26.56903648376465
1997-09-09,26.493562698364258
1997-09-10,26.719995498657227
1997-09-11,27.588024139404297
1997-09-12,27.776714324951172
1997-09-15,26.56903648376465
1997-09-16,27.323833465576172
1997-09-17,29.361804962158203
1997-09-18,29.361804962158203
1997-09-19,29.022140502929688
1997-09-22,30.19209861755371
1997-09-23,30.456274032592773
1997-09-24,29.286319732666016
1997-09-25,29.173097610473633
1997-09-26,29.286319732666016
1997-09-29,24.75751304626465
1997-09-30,24.153669357299805
1997-10-01,22.719545364379883
1997-10-02,23.247909545898438
1997-10-03,23.776273727416992
1997-10-06,23.247909545898438
1997-10-07,23.021469116210938
1997-10-08,23.096952438354492
1997-10-09,24.380115509033203
1997-10-10,25.13491439819336
1997-10-13,24.644290924072266
1997-10-14,23.92723274230957
1997-10-15,23.247909545898438
1997-10-16,22.644062042236328
1997-10-17,21.700563430786133
1997-10-20,22.115703582763672
1997-10-21,22.606325149536133
1997-10-22,22.304407119750977
1997-10-23,21.20993995666504
1997-10-24,20.077741622924805
1997-10-27,18.303953170776367
1997-10-28,19.587114334106445
1997-10-29,18.417177200317383
1997-10-30,17.775588989257812
1997-10-31,18.115257263183594
1997-11-03,18.681354522705078
1997-11-04,19.096498489379883
1997-11-05,18.681354522705078
1997-11-06,18.266216278076172
1997-11-07,14.265758514404297
1997-11-10,13.133557319641113
1997-11-11,12.831639289855957
1997-11-12,11.963617324829102
1997-11-13,12.68067455291748
1997-11-14,14.114801406860352
1997-11-17,13.926098823547363
1997-11-18,13.284518241882324
1997-11-19,13.209035873413086
1997-11-20,13.661916732788086
1997-11-21,13.246781349182129
1997-11-24,12.718419075012207
1997-11-25,12.56745719909668
1997-11-26,12.22779369354248
1997-11-28,12.190056800842285
1997-12-01,12.756156921386719
1997-12-02,11.699431419372559
1997-12-03,11.586213111877441
1997-12-04,10.83141040802002
1997-12-05,10.944629669189453
1997-12-08,10.906890869140625
1997-12-09,10.454010963439941
1997-12-10,10.41627025604248
1997-12-11,9.887909889221191
1997-12-12,9.510510444641113
1997-12-15,9.58598804473877
1997-12-16,9.812429428100586
1997-12-17,9.472768783569336
1997-12-18,9.208588600158691
1997-12-19,9.321809768676758
1997-12-22,8.793444633483887
1997-12-23,9.208588600158691
1997-12-24,8.982145309448242
1997-12-26,8.831189155578613
1997-12-29,8.944405555725098
1997-12-30,9.208588600158691
1997-12-31,9.661469459533691
1998-01-02,10.41627025604248
1998-01-05,10.869153022766113
1998-01-06,10.567230224609375
1998-01-07,10.41627025604248
1998-01-08,9.887909889221191
1998-01-09,9.472768783569336
1998-01-12,9.095367431640625
1998-01-13,9.925649642944336
1998-01-14,9.623725891113281
1998-01-15,9.925649642944336
1998-01-16,9.58598804473877
1998-01-20,10.37852954864502
1998-01-21,11.54847526550293
1998-01-22,11.284294128417969
1998-01-23,11.057851791381836
1998-01-26,10.642709732055664
1998-01-27,10.152092933654785
1998-01-28,10.944629669189453
1998-01-29,10.454010963439941
1998-01-30,11.397514343261719
1998-02-02,11.171072959899902
1998-02-03,11.020112037658691
1998-02-04,11.284294128417969
1998-02-05,11.020112037658691
1998-02-06,11.171072959899902
1998-02-09,10.869153022766113
1998-02-10,11.359772682189941
1998-02-11,11.472991943359375
1998-02-12,11.586213111877441
1998-02-13,11.925873756408691
1998-02-17,11.774914741516113
1998-02-18,11.850395202636719
1998-02-19,11.586213111877441
1998-02-20,11.284294128417969
1998-02-23,11.246554374694824
1998-02-24,10.869153022766113
1998-02-25,10.944629669189453
1998-02-26,11.133334159851074
1998-02-27,11.020112037658691
1998-03-02,10.869153022766113
1998-03-03,10.604969024658203
1998-03-04,10.529494285583496
1998-03-05,9.887909889221191
1998-03-06,10.001126289367676
1998-03-09,9.510510444641113
1998-03-10,9.887909889221191
1998-03-11,10.567230224609375
1998-03-12,10.454010963439941
1998-03-13,10.37852954864502
1998-03-16,10.303048133850098
1998-03-17,10.152092933654785
1998-03-18,10.001126289367676
1998-03-19,10.37852954864502
1998-03-20,10.076608657836914
1998-03-23,9.963391304016113
1998-03-24,10.303048133850098
1998-03-25,10.340791702270508
1998-03-26,10.793671607971191
1998-03-27,10.75593376159668
1998-03-30,11.020112037658691
1998-03-31,10.604969024658203
1998-04-01,11.774914741516113
1998-04-02,11.397514343261719
1998-04-03,11.171072959899902
1998-04-06,11.020112037658691
1998-04-07,10.680448532104492
1998-04-08,11.246554374694824
1998-04-09,11.020112037658691
1998-04-13,10.75593376159668
1998-04-14,11.322031021118164
1998-04-15,11.586213111877441
1998-04-16,11.171072959899902
1998-04-17,11.171072959899902
1998-04-20,11.925873756408691
1998-04-21,11.925873756408691
1998-04-22,12.90711784362793
1998-04-23,12.56745719909668
1998-04-24,13.284518241882324
1998-04-27,12.831639289855957
1998-04-28,11.623955726623535
1998-04-29,11.510734558105469
1998-04-30,11.925873756408691
1998-05-01,11.850395202636719
1998-05-04,12.001355171203613
1998-05-05,12.001355171203613
1998-05-06,12.001355171203613
1998-05-07,12.03909683227539
1998-05-08,12.303275108337402
1998-05-11,11.88813591003418
1998-05-12,12.076834678649902
1998-05-13,11.812658309936523
1998-05-14,11.88813591003418
1998-05-15,11.54847526550293
1998-05-18,11.472991943359375
1998-05-19,11.359772682189941
1998-05-20,11.359772682189941
1998-05-21,11.020112037658691
1998-05-22,10.529494285583496
1998-05-26,10.491747856140137
1998-05-27,10.265307426452637
1998-05-28,10.491747856140137
1998-05-29,10.303048133850098
1998-06-01,9.661469459533691
1998-06-02,9.548249244689941
1998-06-03,9.35954761505127
1998-06-04,9.397285461425781
1998-06-05,9.35954761505127
1998-06-08,9.208588600158691
1998-06-09,9.35954761505127
1998-06-10,6.7554779052734375
1998-06-11,6.491299152374268
1998-06-12,6.642259120941162
1998-06-15,6.642259120941162
1998-06-16,6.86870002746582
1998-06-17,6.98192024230957
1998-06-18,6.98192024230957
1998-06-19,6.86870002746582
1998-06-22,6.793218612670898
1998-06-23,6.793218612670898
1998-06-24,6.717739105224609
1998-06-25,6.830957412719727
1998-06-26,6.793218612670898
1998-06-29,7.0196614265441895
1998-06-30,7.132879257202148
1998-07-01,7.057400703430176
1998-07-02,6.717739105224609
1998-07-06,6.7554779052734375
1998-07-07,6.830957412719727
1998-07-08,7.548024654388428
1998-07-09,7.472539901733398
1998-07-10,7.321579933166504
1998-07-13,7.5857625007629395
1998-07-14,7.3970627784729
1998-07-15,7.5857625007629395
1998-07-16,7.736723899841309
1998-07-17,7.548024654388428
1998-07-20,7.3593220710754395
1998-07-21,7.434804439544678
1998-07-22,7.057400703430176
1998-07-23,7.132879257202148
1998-07-24,6.906440734863281
1998-07-27,6.717739105224609
1998-07-28,6.98192024230957
1998-07-29,6.793218612670898
1998-07-30,6.944178581237793
1998-07-31,6.717739105224609
1998-08-03,6.642259120941162
1998-08-04,6.604517936706543
1998-08-05,6.378078460693359
1998-08-06,7.3970627784729
1998-08-07,7.283840179443359
1998-08-10,7.2461018562316895
1998-08-11,7.057400703430176
1998-08-12,7.321579933166504
1998-08-13,7.510283470153809
1998-08-14,7.963165283203125
1998-08-17,7.88768196105957
1998-08-18,7.812202453613281
1998-08-19,7.472539901733398
1998-08-20,7.2083611488342285
1998-08-21,6.944178581237793
1998-08-24,6.86870002746582
1998-08-25,6.7554779052734375
1998-08-26,6.491299152374268
1998-08-27,5.962937355041504
1998-08-28,5.7364959716796875
1998-08-31,4.906214237213135
1998-09-01,5.32135534286499
1998-09-02,5.62327766418457
1998-09-03,5.283615589141846
1998-09-04,5.396835803985596
1998-09-08,5.62327766418457
1998-09-09,6.189377784729004
1998-09-10,6.189377784729004
1998-09-11,6.11389684677124
1998-09-14,6.189377784729004
1998-09-15,5.925198078155518
1998-09-16,5.962937355041504
1998-09-17,6.11389684677124
1998-09-18,6.34033727645874
1998-09-21,6.717739105224609
1998-09-22,6.491299152374268
1998-09-23,6.830957412719727
1998-09-24,6.491299152374268
1998-09-25,6.604517936706543
1998-09-28,6.4158196449279785
1998-09-29,6.302597522735596
1998-09-30,6.491299152374268
1998-10-01,5.811977386474609
1998-10-02,5.887457847595215
1998-10-05,5.661015510559082
1998-10-06,5.434576511383057
1998-10-07,4.981696128845215
1998-10-08,4.868473529815674
1998-10-09,4.868473529815674
1998-10-12,5.057175159454346
1998-10-13,4.868473529815674
1998-10-14,4.717514991760254
1998-10-15,4.830734729766846
1998-10-16,4.679774284362793
1998-10-19,4.906214237213135
1998-10-20,4.792994022369385
1998-10-21,4.792994022369385
1998-10-22,4.755255222320557
1998-10-23,5.434576511383057
1998-10-26,5.32135534286499
1998-10-27,5.32135534286499
1998-10-28,5.62327766418457
1998-10-29,5.811977386474609
1998-10-30,6.34033727645874
1998-11-02,6.34033727645874
1998-11-03,7.623502254486084
1998-11-04,8.604744911193848
1998-11-05,8.22734546661377
1998-11-06,8.151863098144531
1998-11-09,8.07638168334961
1998-11-10,7.963165283203125
1998-11-11,8.000901222229004
1998-11-12,8.265083312988281
1998-11-13,8.000901222229004
1998-11-16,7.88768196105957
1998-11-17,7.774463653564453
1998-11-18,7.812202453613281
1998-11-19,8.944405555725098
1998-11-20,8.717966079711914
1998-11-23,8.529265403747559
1998-11-24,8.604744911193848
1998-11-25,8.529265403747559
1998-11-27,8.604744911193848
1998-11-30,7.88768196105957
1998-12-01,10.793671607971191
1998-12-02,10.038871765136719
1998-12-03,10.642709732055664
1998-12-04,10.944629669189453
1998-12-07,10.680448532104492
1998-12-08,10.680448532104492
1998-12-09,10.303048133850098
1998-12-10,9.661469459533691
1998-12-11,9.435029983520508
1998-12-14,9.435029983520508
1998-12-15,9.548249244689941
1998-12-16,9.208588600158691
1998-12-17,9.321809768676758
1998-12-18,9.812429428100586
1998-12-21,9.850170135498047
1998-12-22,9.510510444641113
1998-12-23,9.208588600158691
1998-12-24,9.623725891113281
1998-12-28,9.35954761505127
1998-12-29,8.793444633483887
1998-12-30,9.246328353881836
1998-12-31,9.095367431640625
1999-01-04,9.095367431640625
1999-01-05,10.001126289367676
1999-01-06,9.963391304016113
1999-01-07,10.869153022766113
1999-01-08,10.982373237609863
1999-01-11,11.472991943359375
1999-01-12,11.774914741516113
1999-01-13,12.303275108337402
1999-01-14,12.076834678649902
1999-01-15,12.001355171203613
1999-01-19,11.623955726623535
1999-01-20,9.963391304016113
1999-01-21,9.925649642944336
1999-01-22,9.246328353881836
1999-01-25,9.05762767791748
1999-01-26,8.831189155578613
1999-01-27,8.151863098144531
1999-01-28,8.49152660369873
1999-01-29,8.22734546661377
1999-02-01,8.680225372314453
1999-02-02,7.774463653564453
1999-02-03,8.000901222229004
1999-02-04,7.623502254486084
1999-02-05,7.774463653564453
1999-02-08,7.86881160736084
1999-02-09,7.3593220710754395
1999-02-10,7.283840179443359
1999-02-11,7.3970627784729
1999-02-12,7.095139503479004
1999-02-16,6.7554779052734375
1999-02-17,6.11389684677124
1999-02-18,6.604517936706543
1999-02-19,6.453557968139648
1999-02-22,6.642259120941162
1999-02-23,6.642259120941162
1999-02-24,6.264861106872559
1999-02-25,6.264861106872559
1999-02-26,5.7364959716796875
1999-03-01,6.11389684677124
1999-03-02,5.887457847595215
1999-03-03,5.7364959716796875
1999-03-04,5.774237632751465
1999-03-05,5.661015510559082
1999-03-08,5.774237632751465
1999-03-09,5.887457847595215
1999-03-10,5.7364959716796875
1999-03-11,5.774237632751465
1999-03-12,5.661015510559082
1999-03-15,5.7364959716796875
1999-03-16,5.7364959716796875
1999-03-17,5.887457847595215
1999-03-18,5.811977386474609
1999-03-19,5.62327766418457
1999-03-22,5.208134651184082
1999-03-23,5.24587345123291
1999-03-24,5.170395374298096
1999-03-25,5.170395374298096
1999-03-26,5.170395374298096
1999-03-29,5.057175159454346
1999-03-30,4.830734729766846
1999-03-31,4.755255222320557
1999-04-01,4.830734729766846
1999-04-05,4.679774284362793
1999-04-06,4.6042938232421875
1999-04-07,4.491072654724121
1999-04-08,4.45333194732666
1999-04-09,4.377853870391846
1999-04-12,4.415594577789307
1999-04-13,4.226892948150635
1999-04-14,4.189152717590332
1999-04-15,4.302372932434082
1999-04-16,4.264632225036621
1999-04-19,4.189152717590332
1999-04-20,4.226892948150635
1999-04-21,4.00045108795166
1999-04-22,4.491072654724121
1999-04-23,4.6042938232421875
1999-04-26,4.415594577789307
1999-04-27,5.359096527099609
1999-04-28,4.943955421447754
1999-04-29,5.019435882568359
1999-04-30,4.868473529815674
1999-05-03,4.755255222320557
1999-05-04,4.6042938232421875
1999-05-05,4.642035484313965
1999-05-06,4.566554069519043
1999-05-07,4.566554069519043
1999-05-10,5.057175159454346
1999-05-11,5.057175159454346
1999-05-12,5.24587345123291
1999-05-13,5.434576511383057
1999-05-14,5.434576511383057
1999-05-17,5.396835803985596
1999-05-18,5.359096527099609
1999-05-19,5.32135534286499
1999-05-20,5.62327766418457
1999-05-21,5.359096527099609
1999-05-24,5.208134651184082
1999-05-25,4.981696128845215
1999-05-26,4.717514991760254
1999-05-27,4.679774284362793
1999-05-28,4.830734729766846
1999-06-01,4.792994022369385
1999-06-02,4.642035484313965
1999-06-03,4.679774284362793
1999-06-04,4.566554069519043
1999-06-07,4.717514991760254
1999-06-08,4.491072654724121
1999-06-09,4.642035484313965
1999-06-10,4.52881383895874
1999-06-11,4.491072654724121
1999-06-14,4.302372932434082
1999-06-15,4.151412487030029
1999-06-16,4.151412487030029
1999-06-17,3.9249722957611084
1999-06-18,4.038191318511963
1999-06-21,4.00045108795166
1999-06-22,3.9627108573913574
1999-06-23,3.9627108573913574
1999-06-24,3.8872318267822266
1999-06-25,3.774012327194214
1999-06-28,3.8872318267822266
1999-06-29,3.811751127243042
1999-06-30,3.9249722957611084
1999-07-01,3.9249722957611084
1999-07-02,3.8494904041290283
1999-07-06,3.8494904041290283
1999-07-07,3.8494904041290283
1999-07-08,3.774012327194214
1999-07-09,3.7362704277038574
1999-07-12,3.6230504512786865
1999-07-13,3.5098307132720947
1999-07-14,4.189152717590332
1999-07-15,4.151412487030029
1999-07-16,3.7362704277038574
1999-07-19,3.66079044342041
1999-07-20,3.585310459136963
1999-07-21,3.66079044342041
1999-07-22,3.43435001373291
1999-07-23,3.0569489002227783
1999-07-26,2.943728446960449
1999-07-27,3.0192081928253174
1999-07-28,2.9814682006835938
1999-07-29,2.9814682006835938
1999-07-30,2.943728446960449
1999-08-02,2.755028247833252
1999-08-03,2.4908480644226074
1999-08-04,2.415367603302002
1999-08-05,2.528587579727173
1999-08-06,2.415367603302002
1999-08-09,2.3398866653442383
1999-08-10,2.3021469116210938
1999-08-11,2.22666597366333
1999-08-12,2.151186466217041
1999-08-13,2.26440691947937
1999-08-16,2.6418073177337646
1999-08-17,2.830507755279541
1999-08-18,3.43435001373291
1999-08-19,4.151412487030029
1999-08-20,3.585310459136963
1999-08-23,3.3966097831726074
1999-08-24,3.547569751739502
1999-08-25,3.5098307132720947
1999-08-26,3.43435001373291
1999-08-27,3.28338885307312
1999-08-30,3.3966097831726074
1999-08-31,3.69853138923645
1999-09-01,3.8494904041290283
1999-09-02,3.69853138923645
1999-09-03,3.6230504512786865
1999-09-07,3.5098307132720947
1999-09-08,3.3966097831726074
1999-09-09,3.321129083633423
1999-09-10,3.245649576187134
1999-09-13,3.245649576187134
1999-09-14,3.09468936920166
1999-09-15,2.9814682006835938
1999-09-16,2.7927684783935547
1999-09-17,2.9059886932373047
1999-09-20,2.7927684783935547
1999-09-21,2.566326856613159
1999-09-22,2.6418073177337646
1999-09-23,2.7172884941101074
1999-09-24,2.604067325592041
1999-09-27,2.528587579727173
1999-09-28,2.415367603302002
1999-09-29,2.3021469116210938
1999-09-30,2.22666597366333
1999-10-01,2.528587579727173
1999-10-04,2.37762713432312
1999-10-05,2.3398866653442383
1999-10-06,2.415367603302002
1999-10-07,2.3021469116210938
1999-10-08,2.188926935195923
1999-10-11,2.22666597366333
1999-10-12,2.151186466217041
1999-10-13,2.1134467124938965
1999-10-14,2.188926935195923
1999-10-15,2.1134467124938965
1999-10-18,2.000225067138672
1999-10-19,2.075706720352173
1999-10-20,2.000225067138672
1999-10-21,2.0379655361175537
1999-10-22,2.075706720352173
1999-10-25,1.849265694618225
1999-10-26,1.849265694618225
1999-10-27,1.9624861478805542
1999-10-28,1.9247452020645142
1999-10-29,1.9624861478805542
1999-11-01,1.887006163597107
1999-11-02,1.887006163597107
1999-11-03,1.7737853527069092
1999-11-04,1.698304533958435
1999-11-05,1.698304533958435
1999-11-08,1.7737853527069092
1999-11-09,1.9624861478805542
1999-11-10,2.566326856613159
1999-11-11,2.3398866653442383
1999-11-12,2.26440691947937
1999-11-15,2.26440691947937
1999-11-16,2.22666597366333
1999-11-17,2.37762713432312
1999-11-18,2.37762713432312
1999-11-19,2.3398866653442383
1999-11-22,2.3398866653442383
1999-11-23,2.22666597366333
1999-11-24,2.22666597366333
1999-11-26,2.22666597366333
1999-11-29,2.528587579727173
1999-11-30,2.3398866653442383
1999-12-01,2.3021469116210938
1999-12-02,2.3021469116210938
1999-12-03,2.26440691947937
1999-12-06,2.26440691947937
1999-12-07,2.22666597366333
1999-12-08,2.151186466217041
1999-12-09,2.1134467124938965
1999-12-10,2.188926935195923
1999-12-13,2.075706720352173
1999-12-14,2.188926935195923
1999-12-15,2.1134467124938965
1999-12-16,2.415367603302002
1999-12-17,2.528587579727173
1999-12-20,2.37762713432312
1999-12-21,2.3398866653442383
1999-12-22,2.3398866653442383
1999-12-23,2.26440691947937
1999-12-27,2.22666597366333
1999-12-28,2.151186466217041
1999-12-29,2.22666597366333
1999-12-30,2.3021469116210938
1999-12-31,2.528587579727173
2000-01-03,2.37762713432312
2000-01-04,2.830507755279541
2000-01-05,2.6418073177337646
2000-01-06,2.755028247833252
2000-01-07,3.3966097831726074
2000-01-10,3.0192081928253174
2000-01-11,3.0192081928253174
2000-01-12,2.755028247833252
2000-01-13,2.604067325592041
2000-01-14,2.7172884941101074
2000-01-18,3.09468936920166
2000-01-19,4.038191318511963
2000-01-20,3.358870029449463
2000-01-21,3.09468936920166
2000-01-24,2.8682479858398438
2000-01-25,3.321129083633423
2000-01-26,3.4720892906188965
2000-01-27,2.7927684783935547
2000-01-28,3.0192081928253174
2000-01-31,2.8682479858398438
2000-02-01,2.830507755279541
2000-02-02,2.8682479858398438
2000-02-03,3.0569489002227783
2000-02-04,3.0569489002227783
2000-02-07,3.17016863822937
2000-02-08,3.09468936920166
2000-02-09,3.0192081928253174
2000-02-10,2.9059886932373047
2000-02-11,2.9814682006835938
2000-02-14,2.830507755279541
2000-02-15,2.7172884941101074
2000-02-16,2.7172884941101074
2000-02-17,2.7172884941101074
2000-02-18,2.604067325592041
2000-02-22,2.566326856613159
2000-02-23,2.604067325592041
2000-02-24,2.566326856613159
2000-02-25,2.37762713432312
2000-02-28,2.37762713432312
2000-02-29,2.7172884941101074
2000-03-01,2.830507755279541
2000-03-02,2.8682479858398438
2000-03-03,2.7172884941101074
2000-03-06,2.9059886932373047
2000-03-07,2.755028247833252
2000-03-08,2.755028247833252
2000-03-09,3.6230504512786865
2000-03-10,3.1324305534362793
2000-03-13,4.377853870391846
2000-03-14,3.9249722957611084
2000-03-15,3.9249722957611084
2000-03-16,4.6042938232421875
2000-03-17,4.52881383895874
2000-03-20,4.189152717590332
2000-03-21,4.302372932434082
2000-03-22,4.830734729766846
2000-03-23,5.283615589141846
2000-03-24,5.208134651184082
2000-03-27,4.981696128845215
2000-03-28,4.642035484313965
2000-03-29,4.679774284362793
2000-03-30,4.151412487030029
2000-03-31,4.491072654724121
2000-04-03,4.302372932434082
2000-04-04,3.8872318267822266
2000-04-05,4.642035484313965
2000-04-06,4.679774284362793
2000-04-07,4.566554069519043
2000-04-10,4.264632225036621
2000-04-11,4.038191318511963
2000-04-12,3.774012327194214
2000-04-13,4.075931549072266
2000-04-14,3.6230504512786865
2000-04-17,3.3966097831726074
2000-04-18,3.7362704277038574
2000-04-19,4.226892948150635
2000-04-20,3.7362704277038574
2000-04-24,3.66079044342041
2000-04-25,4.226892948150635
2000-04-26,4.113672733306885
2000-04-27,4.679774284362793
2000-04-28,4.151412487030029
2000-05-01,4.340113162994385
2000-05-02,4.038191318511963
2000-05-03,4.038191318511963
2000-05-04,3.9627108573913574
2000-05-05,3.9627108573913574
2000-05-08,3.9249722957611084
2000-05-09,3.547569751739502
2000-05-10,4.151412487030029
2000-05-11,3.547569751739502
2000-05-12,3.4720892906188965
2000-05-15,3.585310459136963
2000-05-16,3.3966097831726074
2000-05-17,3.1324305534362793
2000-05-18,3.17016863822937
2000-05-19,3.1324305534362793
2000-05-22,3.0192081928253174
2000-05-23,3.0192081928253174
2000-05-24,2.830507755279541
2000-05-25,2.604067325592041
2000-05-26,2.7927684783935547
2000-05-30,2.8682479858398438
2000-05-31,2.830507755279541
2000-06-01,2.604067325592041
2000-06-02,2.7172884941101074
2000-06-05,2.755028247833252
2000-06-06,2.7172884941101074
2000-06-07,2.6418073177337646
2000-06-08,2.604067325592041
2000-06-09,2.604067325592041
2000-06-12,2.604067325592041
2000-06-13,2.604067325592041
2000-06-14,2.566326856613159
2000-06-15,2.4531075954437256
2000-06-16,2.4908480644226074
2000-06-19,2.8682479858398438
2000-06-20,2.943728446960449
2000-06-21,3.1324305534362793
2000-06-22,3.0569489002227783
2000-06-23,2.8682479858398438
2000-06-26,2.9059886932373047
2000-06-27,2.9814682006835938
2000-06-28,2.9059886932373047
2000-06-29,2.8682479858398438
2000-06-30,3.0192081928253174
2000-07-03,2.9814682006835938
2000-07-05,2.830507755279541
2000-07-06,2.755028247833252
2000-07-07,2.7172884941101074
2000-07-10,2.6418073177337646
2000-07-11,2.943728446960449
2000-07-12,3.245649576187134
2000-07-13,3.3966097831726074
2000-07-14,3.17016863822937
2000-07-17,3.0569489002227783
2000-07-18,3.0192081928253174
2000-07-19,2.9059886932373047
2000-07-20,2.830507755279541
2000-07-21,2.8682479858398438
2000-07-24,2.830507755279541
2000-07-25,2.7172884941101074
2000-07-26,2.604067325592041
2000-07-27,2.415367603302002
2000-07-28,2.37762713432312
2000-07-31,2.4908480644226074
2000-08-01,2.4531075954437256
2000-08-02,2.415367603302002
2000-08-03,2.26440691947937
2000-08-04,2.3021469116210938
2000-08-07,2.37762713432312
2000-08-08,2.26440691947937
2000-08-09,2.151186466217041
2000-08-10,2.188926935195923
2000-08-11,2.22666597366333
2000-08-14,2.26440691947937
2000-08-15,2.4908480644226074
2000-08-16,2.604067325592041
2000-08-17,2.6418073177337646
2000-08-18,3.3966097831726074
2000-08-21,3.28338885307312
2000-08-22,3.17016863822937
2000-08-23,2.9814682006835938
2000-08-24,3.321129083633423
2000-08-25,3.28338885307312
2000-08-28,3.66079044342041
2000-08-29,3.6230504512786865
2000-08-30,3.5098307132720947
2000-08-31,3.547569751739502
2000-09-01,3.4720892906188965
2000-09-05,3.6230504512786865
2000-09-06,3.547569751739502
2000-09-07,3.5098307132720947
2000-09-08,3.5098307132720947
2000-09-11,3.43435001373291
2000-09-12,3.2079098224639893
2000-09-13,3.0569489002227783
2000-09-14,3.17016863822937
2000-09-15,3.245649576187134
2000-09-18,3.321129083633423
2000-09-19,3.358870029449463
2000-09-20,3.6230504512786865
2000-09-21,3.6230504512786865
2000-09-22,3.3966097831726074
2000-09-25,3.358870029449463
2000-09-26,3.09468936920166
2000-09-27,3.0569489002227783
2000-09-28,3.28338885307312
2000-09-29,3.547569751739502
2000-10-02,3.5098307132720947
2000-10-03,3.358870029449463
2000-10-04,3.69853138923645
2000-10-05,4.00045108795166
2000-10-06,3.69853138923645
2000-10-09,3.7362704277038574
2000-10-10,3.6230504512786865
2000-10-11,3.321129083633423
2000-10-12,3.17016863822937
2000-10-13,3.358870029449463
2000-10-16,3.3966097831726074
2000-10-17,3.2079098224639893
2000-10-18,3.0192081928253174
2000-10-19,3.1324305534362793
2000-10-20,3.17016863822937
2000-10-23,3.358870029449463
2000-10-24,3.43435001373291
2000-10-25,3.69853138923645
2000-10-26,3.6230504512786865
2000-10-27,3.6230504512786865
2000-10-30,3.547569751739502
2000-10-31,3.6230504512786865
2000-11-01,3.4720892906188965
2000-11-02,3.66079044342041
2000-11-03,3.585310459136963
2000-11-06,3.585310459136963
2000-11-07,3.5098307132720947
2000-11-08,3.6230504512786865
2000-11-09,3.4720892906188965
2000-11-10,3.358870029449463
2000-11-13,3.1324305534362793
2000-11-14,3.245649576187134
2000-11-15,3.3966097831726074
2000-11-16,3.358870029449463
2000-11-17,3.358870029449463
2000-11-20,3.43435001373291
2000-11-21,3.358870029449463
2000-11-22,3.245649576187134
2000-11-24,3.245649576187134
2000-11-27,3.0569489002227783
2000-11-28,2.566326856613159
2000-11-29,2.1134467124938965
2000-11-30,1.9624861478805542
2000-12-01,2.000225067138672
2000-12-04,1.3586440086364746
2000-12-05,1.509604573249817
2000-12-06,1.4718647003173828
2000-12-07,1.4718647003173828
2000-12-08,1.54734468460083
2000-12-11,1.9624861478805542
2000-12-12,2.075706720352173
2000-12-13,1.7737853527069092
2000-12-14,1.698304533958435
2000-12-15,1.6605645418167114
2000-12-18,1.585084319114685
2000-12-19,1.4718647003173828
2000-12-20,1.3963837623596191
2000-12-21,1.585084319114685
2000-12-22,1.698304533958435
2000-12-26,1.509604573249817
2000-12-27,1.4341243505477905
2000-12-28,1.509604573249817
2000-12-29,1.4718647003173828
2001-01-02,1.3963837623596191
2001-01-03,1.698304533958435
2001-01-04,1.9624861478805542
2001-01-05,1.9624861478805542
2001-01-08,1.9624861478805542
2001-01-09,2.151186466217041
2001-01-10,2.3021469116210938
2001-01-11,2.37762713432312
2001-01-12,2.3021469116210938
2001-01-16,2.3021469116210938
2001-01-17,2.3021469116210938
2001-01-18,2.3398866653442383
2001-01-19,2.22666597366333
2001-01-22,2.6418073177337646
2001-01-23,2.943728446960449
2001-01-24,3.1324305534362793
2001-01-25,2.9059886932373047
2001-01-26,2.4908480644226074
2001-01-29,2.7172884941101074
2001-01-30,2.8863635063171387
2001-01-31,3.188284397125244
2001-02-01,3.0735554695129395
2001-02-02,2.8380565643310547
2001-02-05,2.8984408378601074
2001-02-06,2.7655954360961914
2001-02-07,2.6327507495880127
2001-02-08,2.5904812812805176
2001-02-09,2.53613543510437
2001-02-12,2.9346706867218018
2001-02-13,3.031285524368286
2001-02-14,2.958824396133423
2001-02-15,3.158092737197876
2001-02-16,3.0071310997009277
2001-02-20,2.7172884941101074
2001-02-21,2.6025588512420654
2001-02-22,2.6267120838165283
2001-02-23,2.596519708633423
2001-02-26,2.7052111625671387
2001-02-27,2.5904812812805176
2001-02-28,2.4878287315368652
2001-03-01,2.3247904777526855
2001-03-02,2.354982852935791
2001-03-05,2.294598340988159
2001-03-06,2.4999046325683594
2001-03-07,2.668980836868286
2001-03-08,2.6569035053253174
2001-03-09,2.53613543510437
2001-03-12,2.4757513999938965
2001-03-13,2.294598340988159
2001-03-14,2.3247904777526855
2001-03-15,2.493865966796875
2001-03-16,2.4274444580078125
2001-03-19,2.566326856613159
2001-03-20,2.354982852935791
2001-03-21,2.397252082824707
2001-03-22,2.415367603302002
2001-03-23,2.5482125282287598
2001-03-26,2.53613543510437
2001-03-27,2.650865316390991
2001-03-28,2.6146347522735596
2001-03-29,2.7535183429718018
2001-03-30,2.8742873668670654
2001-04-02,2.8984408378601074
2001-04-03,2.560288667678833
2001-04-04,2.3247904777526855
2001-04-05,2.4878287315368652
2001-04-06,2.415367603302002
2001-04-09,2.439521312713623
2001-04-10,2.819941282272339
2001-04-11,2.8924014568328857
2001-04-12,3.02524733543396
2001-04-16,3.164130687713623
2001-04-17,3.0494003295898438
2001-04-18,3.2245147228240967
2001-04-19,3.2426304817199707
2001-04-20,3.091669797897339
2001-04-23,3.0373237133026123
2001-04-24,3.0795931816101074
2001-04-25,3.152054786682129
2001-04-26,3.0554392337799072
2001-04-27,3.0494003295898438
2001-04-30,3.2124383449554443
2001-05-01,3.315091609954834
2001-05-02,3.2365922927856445
2001-05-03,3.254706621170044
2001-05-04,3.218477249145508
2001-05-07,3.218477249145508
2001-05-08,3.164130687713623
2001-05-09,3.085632085800171
2001-05-10,3.0494003295898438
2001-05-11,3.001093864440918
2001-05-14,2.989018440246582
2001-05-15,3.013169765472412
2001-05-16,3.17016863822937
2001-05-17,3.0735554695129395
2001-05-18,3.031285524368286
2001-05-21,3.0795931816101074
2001-05-22,2.9709017276763916
2001-05-23,2.940709352493286
2001-05-24,2.958824396133423
2001-05-25,2.940709352493286
2001-05-29,2.7172884941101074
2001-05-30,2.5482125282287598
2001-05-31,2.6025588512420654
2001-06-01,2.6810569763183594
2001-06-04,2.6387887001037598
2001-06-05,2.650865316390991
2001-06-06,2.445558786392212
2001-06-07,2.415367603302002
2001-06-08,2.403289794921875
2001-06-11,2.179868221282959
2001-06-12,2.1134467124938965
2001-06-13,1.9866389036178589
2001-06-14,1.944369912147522
2001-06-15,2.0953309535980225
2001-06-18,1.8719090223312378
2001-06-19,1.8719090223312378
2001-06-20,1.9383318424224854
2001-06-21,2.0711781978607178
2001-06-22,2.040984869003296
2001-06-25,1.9322940111160278
2001-06-26,2.0530622005462646
2001-06-27,2.08325457572937
2001-06-28,2.204022169113159
2001-06-29,2.3851754665374756
2001-07-02,2.0953309535980225
2001-07-03,2.131561279296875
2001-07-05,2.137599229812622
2001-07-06,1.974562406539917
2001-07-09,2.022869825363159
2001-07-10,1.883985996246338
2001-07-11,1.8960635662078857
2001-07-12,1.9262553453445435
2001-07-13,1.9262553453445435
2001-07-16,1.9081404209136963
2001-07-17,1.890024185180664
2001-07-18,1.890024185180664
2001-07-19,1.9141793251037598
2001-07-20,1.9322940111160278
2001-07-23,1.8719090223312378
2001-07-24,1.781333327293396
2001-07-25,1.811525583267212
2001-07-26,2.022869825363159
2001-07-27,2.0711781978607178
2001-07-30,2.0289089679718018
2001-07-31,2.1194851398468018
2001-08-01,2.2704460620880127
2001-08-02,2.2281763553619385
2001-08-03,2.288559675216675
2001-08-06,2.4214060306549072
2001-08-07,2.373098373413086
2001-08-08,2.246291160583496
2001-08-09,2.288559675216675
2001-08-10,2.2281763553619385
2001-08-13,2.246291160583496
2001-08-14,2.2342147827148438
2001-08-15,2.149677038192749
2001-08-16,2.204022169113159
2001-08-17,2.197984457015991
2001-08-20,2.1859066486358643
2001-08-21,2.1134467124938965
2001-08-22,2.2281763553619385
2001-08-23,2.1677913665771484
2001-08-24,2.1919453144073486
2001-08-27,2.131561279296875
2001-08-28,2.107407808303833
2001-08-29,2.034946918487549
2001-08-30,1.9383318424224854
2001-08-31,1.9202171564102173
2001-09-04,1.8477561473846436
2001-09-05,2.155714750289917
2001-09-06,1.9322940111160278
2001-09-07,1.974562406539917
2001-09-10,1.974562406539917
2001-09-17,1.7330256700515747
2001-09-18,1.6605645418167114
2001-09-19,1.6907567977905273
2001-09-20,1.5337578058242798
2001-09-21,1.334490418434143
2001-09-24,1.4190282821655273
2001-09-25,1.4311048984527588
2001-09-26,1.2680681943893433
2001-09-27,1.2378761768341064
2001-09-28,1.3103370666503906
2001-10-01,1.4733740091323853
2001-10-02,1.4371436834335327
2001-10-03,1.6907567977905273
2001-10-04,1.6303730010986328
2001-10-05,1.6001801490783691
2001-10-08,1.5639501810073853
2001-10-09,1.497527837753296
2001-10-10,1.509604573249817
2001-10-11,1.6303730010986328
2001-10-12,1.5699889659881592
2001-10-15,1.5337578058242798
2001-10-16,1.5397969484329224
2001-10-17,1.6001801490783691
2001-10-18,1.6605645418167114
2001-10-19,1.8719090223312378
2001-10-22,1.890024185180664
2001-10-23,1.9564481973648071
2001-10-24,2.1134467124938965
2001-10-25,2.0107932090759277
2001-10-26,2.107407808303833
2001-10-29,1.974562406539917
2001-10-30,2.0530622005462646
2001-10-31,2.022869825363159
2001-11-01,2.0530622005462646
2001-11-02,2.4093289375305176
2001-11-05,2.3127145767211914
2001-11-06,2.415367603302002
2001-11-07,2.3851754665374756
2001-11-08,2.566326856613159
2001-11-09,2.4576361179351807
2001-11-12,2.554250478744507
2001-11-13,2.578404426574707
2001-11-14,2.644827365875244
2001-11-15,2.560288667678833
2001-11-16,2.5180203914642334
2001-11-19,2.6267120838165283
2001-11-20,2.367060422897339
2001-11-21,2.6025588512420654
2001-11-23,2.747479200363159
2001-11-26,2.982978582382202
2001-11-27,2.8018264770507812
2001-11-28,2.668980836868286
2001-11-29,2.735403299331665
2001-11-30,2.844094753265381
2001-12-03,2.8018264770507812
2001-12-04,2.856171131134033
2001-12-05,2.9346706867218018
2001-12-06,3.17016863822937
2001-12-07,3.393589973449707
2001-12-10,3.2667837142944336
2001-12-11,3.6230504512786865
2001-12-12,3.707587242126465
2001-12-13,3.653242349624634
2001-12-14,3.4539742469787598
2001-12-17,3.617011785507202
2001-12-18,3.7679710388183594
2001-12-19,3.5747432708740234
2001-12-20,3.333207845687866
2001-12-21,3.68343448638916
2001-12-24,3.68343448638916
2001-12-26,3.8947784900665283
2001-12-27,4.094047546386719
2001-12-28,3.9249722957611084
2001-12-31,3.786087989807129
2002-01-02,3.707587242126465
2002-01-03,3.707587242126465
2002-01-04,3.8947784900665283
2002-01-07,4.142355442047119
2002-01-08,4.226892948150635
2002-01-09,4.52881383895874
2002-01-10,4.438238143920898
2002-01-11,4.4684295654296875
2002-01-14,4.124239921569824
2002-01-15,4.214815616607666
2002-01-16,4.232931613922119
2002-01-17,4.19669771194458
2002-01-18,3.900817632675171
2002-01-22,4.220854759216309
2002-01-23,4.257083415985107
2002-01-24,4.293315410614014
2002-01-25,4.160469055175781
2002-01-28,4.100085735321045
2002-01-29,4.13631534576416
2002-01-30,3.9189321994781494
2002-01-31,3.774012327194214
2002-02-01,3.4539742469787598
2002-02-04,3.339245319366455
2002-02-05,3.393589973449707
2002-02-06,3.532473564147949
2002-02-07,3.5868208408355713
2002-02-08,3.4660513401031494
2002-02-11,3.774012327194214
2002-02-12,3.743818998336792
2002-02-13,3.6230504512786865
2002-02-14,3.701550245285034
2002-02-15,3.6109747886657715
2002-02-19,3.230553388595581
2002-02-20,3.774012327194214
2002-02-21,3.5083212852478027
2002-02-22,3.4418983459472656
2002-02-25,3.5566279888153076
2002-02-26,3.647204637527466
2002-02-27,3.7558951377868652
2002-02-28,3.5083212852478027
2002-03-01,3.713627815246582
2002-03-04,4.124239921569824
2002-03-05,3.991394519805908
2002-03-06,4.19669771194458
2002-03-07,4.0095109939575195
2002-03-08,3.973278284072876
2002-03-11,4.075931549072266
2002-03-12,4.003472328186035
2002-03-13,3.749858856201172
2002-03-14,3.6230504512786865
2002-03-15,3.6290903091430664
2002-03-18,3.647204637527466
2002-03-19,3.5868208408355713
2002-03-20,3.5988972187042236
2002-03-21,3.635128974914551
2002-03-22,3.653242349624634
2002-03-25,3.6290903091430664
2002-03-26,3.743818998336792
2002-03-27,3.7196648120880127
2002-03-28,3.761934757232666
2002-04-01,3.695512294769287
2002-04-02,3.617011785507202
2002-04-03,3.6230504512786865
2002-04-04,3.9853549003601074
2002-04-05,4.0095109939575195
2002-04-08,4.081968784332275
2002-04-09,3.991394519805908
2002-04-10,3.991394519805908
2002-04-11,3.8947784900665283
2002-04-12,4.075931549072266
2002-04-15,4.269161701202393
2002-04-16,4.347659587860107
2002-04-17,4.408045291900635
2002-04-18,4.522776126861572
2002-04-19,4.486545562744141
2002-04-22,4.311429500579834
2002-04-23,4.263123512268066
2002-04-24,3.9249722957611084
2002-04-25,4.015546798706055
2002-04-26,3.653242349624634
2002-04-29,3.7377798557281494
2002-04-30,3.7377798557281494
2002-05-01,3.6713573932647705
2002-05-02,3.677396774291992
2002-05-03,3.59285831451416
2002-05-06,3.0795931816101074
2002-05-07,2.5240585803985596
2002-05-08,2.940709352493286
2002-05-09,2.989018440246582
2002-05-10,2.9467484951019287
2002-05-13,2.8984408378601074
2002-05-14,3.17016863822937
2002-05-15,3.2486684322357178
2002-05-16,3.4237825870513916
2002-05-17,3.339245319366455
2002-05-20,3.188284397125244
2002-05-21,2.952786445617676
2002-05-22,2.952786445617676
2002-05-23,2.9165568351745605
2002-05-24,2.6810569763183594
2002-05-28,2.8682479858398438
2002-05-29,2.807864189147949
2002-05-30,2.7957875728607178
2002-05-31,2.777672052383423
2002-06-03,2.596519708633423
2002-06-04,2.68709659576416
2002-06-05,2.7172884941101074
2002-06-06,2.7172884941101074
2002-06-07,2.6810569763183594
2002-06-10,2.4878287315368652
2002-06-11,2.33082914352417
2002-06-12,2.3851754665374756
2002-06-13,2.4274444580078125
2002-06-14,2.469712495803833
2002-06-17,2.560288667678833
2002-06-18,2.560288667678833
2002-06-19,2.4757513999938965
2002-06-20,2.354982852935791
2002-06-21,2.131561279296875
2002-06-24,2.3006372451782227
2002-06-25,2.0530622005462646
2002-06-26,1.9081404209136963
2002-06-27,1.9322940111160278
2002-06-28,1.9624861478805542
2002-07-01,2.1134467124938965
2002-07-02,2.1859066486358643
2002-07-03,2.1134467124938965
2002-07-05,2.4576361179351807
2002-07-08,2.3006372451782227
2002-07-09,2.354982852935791
2002-07-10,2.445558786392212
2002-07-11,2.4757513999938965
2002-07-12,2.584442377090454
2002-07-15,2.5482125282287598
2002-07-16,2.560288667678833
2002-07-17,2.608595848083496
2002-07-18,2.348944664001465
2002-07-19,2.367060422897339
2002-07-22,1.8719090223312378
2002-07-23,1.9202171564102173
2002-07-24,1.8417177200317383
2002-07-25,1.865870714187622
2002-07-26,2.197984457015991
2002-07-29,2.807864189147949
2002-07-30,2.7655954360961914
2002-07-31,2.6810569763183594
2002-08-01,2.6569035053253174
2002-08-02,2.596519708633423
2002-08-05,2.505943775177002
2002-08-06,2.7716333866119385
2002-08-07,2.825979709625244
2002-08-08,3.1339385509490967
2002-08-09,2.9286327362060547
2002-08-12,3.013169765472412
2002-08-13,2.8984408378601074
2002-08-14,3.085632085800171
2002-08-15,3.139976978302002
2002-08-16,3.17016863822937
2002-08-19,3.2848992347717285
2002-08-20,3.230553388595581
2002-08-21,3.17016863822937
2002-08-22,3.2245147228240967
2002-08-23,3.0795931816101074
2002-08-26,3.0192081928253174
2002-08-27,2.675018310546875
2002-08-28,2.397252082824707
2002-08-29,2.4274444580078125
2002-08-30,2.445558786392212
2002-09-03,2.469712495803833
2002-09-04,2.4999046325683594
2002-09-05,2.4999046325683594
2002-09-06,2.596519708633423
2002-09-09,2.6810569763183594
2002-09-10,2.807864189147949
2002-09-11,2.856171131134033
2002-09-12,2.729365587234497
2002-09-13,2.8018264770507812
2002-09-16,2.668980836868286
2002-09-17,2.7414419651031494
2002-09-18,2.7172884941101074
2002-09-19,2.608595848083496
2002-09-20,2.505943775177002
2002-09-23,2.3247904777526855
2002-09-24,2.415367603302002
2002-09-25,2.584442377090454
2002-09-26,2.729365587234497
2002-09-27,2.6146347522735596
2002-09-30,2.8380565643310547
2002-10-01,2.976940155029297
2002-10-02,2.976940155029297
2002-10-03,2.8924014568328857
2002-10-04,2.8863635063171387
2002-10-07,2.8682479858398438
2002-10-08,2.8742873668670654
2002-10-09,2.8863635063171387
2002-10-10,2.989018440246582
2002-10-11,3.0795931816101074
2002-10-14,2.989018440246582
2002-10-15,3.0795931816101074
2002-10-16,2.989018440246582
2002-10-17,3.4418983459472656
2002-10-18,3.617011785507202
2002-10-21,3.864588737487793
2002-10-22,3.8162808418273926
2002-10-23,3.8525097370147705
2002-10-24,3.743818998336792
2002-10-25,3.653242349624634
2002-10-28,3.8525097370147705
2002-10-29,3.798163652420044
2002-10-30,3.774012327194214
2002-10-31,3.7377798557281494
2002-11-01,4.226892948150635
2002-11-04,4.257083415985107
2002-11-05,4.226892948150635
2002-11-06,4.486545562744141
2002-11-07,4.347659587860107
2002-11-08,4.498620986938477
2002-11-11,4.444273948669434
2002-11-12,4.462392330169678
2002-11-13,4.661659240722656
2002-11-14,4.776388168334961
2002-11-15,4.758272647857666
2002-11-18,4.746196269989014
2002-11-19,4.649580955505371
2002-11-20,4.734120845794678
2002-11-21,4.879042625427246
2002-11-22,4.939424991607666
2002-11-25,5.07227087020874
2002-11-26,4.969616889953613
2002-11-27,5.2473859786987305
2002-11-29,5.102462291717529
2002-12-02,5.374192714691162
2002-12-03,5.048117160797119
2002-12-04,4.691850662231445
2002-12-05,4.408045291900635
2002-12-06,4.462392330169678
2002-12-09,3.9974310398101807
2002-12-10,4.462392330169678
2002-12-11,4.432199001312256
2002-12-12,4.341622829437256
2002-12-13,4.106124401092529
2002-12-16,4.257083415985107
2002-12-17,4.184623718261719
2002-12-18,3.912895441055298
2002-12-19,3.9068572521209717
2002-12-20,4.069893836975098
2002-12-23,3.8947784900665283
2002-12-24,4.075931549072266
2002-12-26,4.003472328186035
2002-12-27,3.900817632675171
2002-12-30,3.8162808418273926
2002-12-31,3.858550548553467
2003-01-02,4.148392677307129
2003-01-03,4.281238079071045
2003-01-06,4.691850662231445
2003-01-07,4.921309947967529
2003-01-08,4.643543720245361
2003-01-09,4.915271282196045
2003-01-10,4.589196681976318
2003-01-13,4.498620986938477
2003-01-14,4.649580955505371
2003-01-15,4.52881383895874
2003-01-16,4.613350868225098
2003-01-17,4.2389702796936035
2003-01-21,4.299354076385498
2003-01-22,4.311429500579834
2003-01-23,4.4684295654296875
2003-01-24,4.921309947967529
2003-01-27,4.8246965408325195
2003-01-28,5.023962497711182
2003-01-29,5.0662336349487305
2003-01-30,4.89111852645874
2003-01-31,4.800540924072266
2003-02-03,4.776388168334961
2003-02-04,4.758272647857666
2003-02-05,4.728079795837402
2003-02-06,4.679774284362793
2003-02-07,4.474467754364014
2003-02-10,4.4684295654296875
2003-02-11,4.559006690979004
2003-02-12,4.377853870391846
2003-02-13,4.2389702796936035
2003-02-14,4.2872772216796875
2003-02-18,4.498620986938477
2003-02-19,4.408045291900635
2003-02-20,4.420122146606445
2003-02-21,4.534852504730225
2003-02-24,4.637506008148193
2003-02-25,4.7401580810546875
2003-02-26,4.800540924072266
2003-02-27,4.8367743492126465
2003-02-28,4.909233570098877
2003-03-03,4.7401580810546875
2003-03-04,4.619389057159424
2003-03-05,4.673735618591309
2003-03-06,4.794504165649414
2003-03-07,4.703927516937256
2003-03-10,4.69788932800293
2003-03-11,4.673735618591309
2003-03-12,4.323507785797119
2003-03-13,4.486545562744141
2003-03-14,4.311429500579834
2003-03-17,4.595235824584961
2003-03-18,4.806580066680908
2003-03-19,4.679774284362793
2003-03-20,4.685811996459961
2003-03-21,4.921309947967529
2003-03-24,4.812619209289551
2003-03-25,5.011888027191162
2003-03-26,5.174925327301025
2003-03-27,5.5794997215271
2003-03-28,5.543266773223877
2003-03-31,5.4708075523376465
2003-04-01,5.694228172302246
2003-04-02,5.99614953994751
2003-04-03,6.014262676239014
2003-04-04,5.639883518218994
2003-04-07,5.440615177154541
2003-04-08,5.180963516235352
2003-04-09,5.193039417266846
2003-04-10,5.271538734436035
2003-04-11,5.374192714691162
2003-04-14,5.525153160095215
2003-04-15,5.597614288330078
2003-04-16,5.639883518218994
2003-04-17,5.7364959716796875
2003-04-21,5.833112716674805
2003-04-22,5.887457847595215
2003-04-23,5.700267314910889
2003-04-24,5.5794997215271
2003-04-25,5.585536956787109
2003-04-28,5.585536956787109
2003-04-29,5.615728378295898
2003-04-30,5.633843898773193
2003-05-01,5.657997131347656
2003-05-02,5.772727012634277
2003-05-05,5.953880786895752
2003-05-06,5.941803455352783
2003-05-07,5.845187187194824
2003-05-08,5.676113128662109
2003-05-09,5.718380928039551
2003-05-12,6.3282623291015625
2003-05-13,6.73887300491333
2003-05-14,6.660375595092773
2003-05-15,6.8173747062683105
2003-05-16,6.853604316711426
2003-05-19,6.473184585571289
2003-05-20,6.346376895904541
2003-05-21,6.334299087524414
2003-05-22,6.5577216148376465
2003-05-23,6.461106777191162
2003-05-27,7.064946174621582
2003-05-28,7.161563873291016
2003-05-29,7.505754470825195
2003-05-30,7.560097694396973
2003-06-02,7.620486259460449
2003-06-03,7.638596057891846
2003-06-04,7.493678092956543
2003-06-05,7.7412495613098145
2003-06-06,7.161563873291016
2003-06-09,7.034757137298584
2003-06-10,6.841528415679932
2003-06-11,6.913990020751953
2003-06-12,7.034757137298584
2003-06-13,6.841528415679932
2003-06-16,7.179680347442627
2003-06-17,7.306485176086426
2003-06-18,7.535943031311035
2003-06-19,7.119295120239258
2003-06-20,6.835489273071289
2003-06-23,6.793218612670898
2003-06-24,6.491299152374268
2003-06-25,6.455068588256836
2003-06-26,6.618107318878174
2003-06-27,6.449029445648193
2003-06-30,6.219569683074951
2003-07-01,7.179680347442627
2003-07-02,7.747289657592773
2003-07-03,7.6687912940979
2003-07-07,7.940518856048584
2003-07-08,7.717101097106934
2003-07-09,7.656716346740723
2003-07-10,7.457444190979004
2003-07-11,7.457444190979004
2003-07-14,7.837864398956299
2003-07-15,7.6506757736206055
2003-07-16,7.5117902755737305
2003-07-17,7.475560665130615
2003-07-18,7.064946174621582
2003-07-21,6.684528350830078
2003-07-22,7.137409210205078
2003-07-23,7.40913724899292
2003-07-24,7.064946174621582
2003-07-25,6.002187728881836
2003-07-28,5.8753790855407715
2003-07-29,5.7485737800598145
2003-07-30,5.857265472412109
2003-07-31,6.014262676239014
2003-08-01,5.893496513366699
2003-08-04,5.706303596496582
2003-08-05,5.555344581604004
2003-08-06,5.482883930206299
2003-08-07,5.217191696166992
2003-08-08,5.2473859786987305
2003-08-11,5.440615177154541
2003-08-12,5.5493059158325195
2003-08-13,5.676113128662109
2003-08-14,5.700267314910889
2003-08-15,5.585536956787109
2003-08-18,5.863303184509277
2003-08-19,5.941803455352783
2003-08-20,5.947841167449951
2003-08-21,5.857265472412109
2003-08-22,5.585536956787109
2003-08-25,5.386268615722656
2003-08-26,5.525153160095215
2003-08-27,5.7364959716796875
2003-08-28,6.932103157043457
2003-08-29,6.938141822814941
2003-09-02,6.974375247955322
2003-09-03,6.73887300491333
2003-09-04,6.913990020751953
2003-09-05,6.944178581237793
2003-09-08,7.161563873291016
2003-09-09,7.191756725311279
2003-09-10,6.690567970275879
2003-09-11,6.799257755279541
2003-09-12,6.756990909576416
2003-09-15,6.630183219909668
2003-09-16,6.932103157043457
2003-09-17,7.548024654388428
2003-09-18,7.620486259460449
2003-09-19,7.958635330200195
2003-09-22,7.952596187591553
2003-09-23,8.194134712219238
2003-09-24,7.892213821411133
2003-09-25,7.608405590057373
2003-09-26,7.674829006195068
2003-09-29,7.801635265350342
2003-09-30,7.783519744873047
2003-10-01,8.091479301452637
2003-10-02,8.12770938873291
2003-10-03,8.423593521118164
2003-10-06,8.725515365600586
2003-10-07,8.954975128173828
2003-10-08,8.755707740783691
2003-10-09,8.930818557739258
2003-10-10,8.659090995788574
2003-10-13,8.598708152770996
2003-10-14,8.74362564086914
2003-10-15,8.45378589630127
2003-10-16,8.6107816696167
2003-10-17,8.333017349243164
2003-10-20,8.121672630310059
2003-10-21,8.616823196411133
2003-10-22,7.427255630493164
2003-10-23,7.487637996673584
2003-10-24,7.753326892852783
2003-10-27,7.765402793884277
2003-10-28,8.025057792663574
2003-10-29,8.592667579650879
2003-10-30,8.320938110351562
2003-10-31,8.121672630310059
2003-11-03,8.411517143249512
2003-11-04,8.471899032592773
2003-11-05,8.459823608398438
2003-11-06,8.405477523803711
2003-11-07,7.922403335571289
2003-11-10,7.680868625640869
2003-11-11,7.517830848693848
2003-11-12,8.18205451965332
2003-11-13,7.940518856048584
2003-11-14,7.614444732666016
2003-11-17,7.427255630493164
2003-11-18,7.149486541748047
2003-11-19,7.040792465209961
2003-11-20,7.010602951049805
2003-11-21,7.125332832336426
2003-11-24,7.487637996673584
2003-11-25,7.372907638549805
2003-11-26,7.457444190979004
2003-11-28,7.5117902755737305
2003-12-01,7.686905384063721
2003-12-02,7.354792594909668
2003-12-03,6.8777570724487305
2003-12-04,6.883796691894531
2003-12-05,6.950218677520752
2003-12-08,6.85964298248291
2003-12-09,6.581875324249268
2003-12-10,6.334299087524414
2003-12-11,6.799257755279541
2003-12-12,6.9079484939575195
2003-12-15,6.279953956604004
2003-12-16,6.461106777191162
2003-12-17,6.41883659362793
2003-12-18,6.461106777191162
2003-12-19,6.292031764984131
2003-12-22,6.442992687225342
2003-12-23,6.587915420532227
2003-12-24,6.593951225280762
2003-12-26,6.660375595092773
2003-12-29,6.799257755279541
2003-12-30,6.974375247955322
2003-12-31,7.119295120239258
2004-01-02,7.403100490570068
2004-01-05,7.481600284576416
2004-01-06,7.6506757736206055
2004-01-07,7.711058139801025
2004-01-08,8.000901222229004
2004-01-09,7.849945545196533
2004-01-12,7.904292106628418
2004-01-13,7.801635265350342
2004-01-14,7.747289657592773
2004-01-15,7.614444732666016
2004-01-16,7.801635265350342
2004-01-20,7.831830024719238
2004-01-21,6.74491024017334
2004-01-22,6.491299152374268
2004-01-23,6.67849063873291
2004-01-26,6.750951290130615
2004-01-27,6.648297309875488
2004-01-28,6.521492958068848
2004-01-29,6.219569683074951
2004-01-30,6.177302360534668
2004-02-02,6.177302360534668
2004-02-03,6.086725234985352
2004-02-04,5.845187187194824
2004-02-05,6.068609714508057
2004-02-06,6.593951225280762
2004-02-09,6.37656831741333
2004-02-10,6.3705315589904785
2004-02-11,6.491299152374268
2004-02-12,6.5577216148376465
2004-02-13,6.756990909576416
2004-02-17,6.726796627044678
2004-02-18,6.8173747062683105
2004-02-19,6.871719837188721
2004-02-20,6.636221408843994
2004-02-23,6.46714448928833
2004-02-24,6.334299087524414
2004-02-25,6.7026448249816895
2004-02-26,6.974375247955322
2004-02-27,6.8777570724487305
2004-03-01,7.004568099975586
2004-03-02,6.793218612670898
2004-03-03,6.793218612670898
2004-03-04,6.871719837188721
2004-03-05,6.775106430053711
2004-03-08,6.5154523849487305
2004-03-09,6.394684314727783
2004-03-10,6.249763011932373
2004-03-11,6.062570095062256
2004-03-12,6.364492416381836
2004-03-15,6.243725299835205
2004-03-16,6.46714448928833
2004-03-17,6.563760280609131
2004-03-18,6.491299152374268
2004-03-19,6.352416515350342
2004-03-22,6.14107084274292
2004-03-23,6.14107084274292
2004-03-24,6.1531500816345215
2004-03-25,6.41883659362793
2004-03-26,6.364492416381836
2004-03-29,6.708680152893066
2004-03-30,6.756990909576416
2004-03-31,6.7811455726623535
2004-04-01,6.913990020751953
2004-04-02,7.022678852081299
2004-04-05,6.974375247955322
2004-04-06,6.895872592926025
2004-04-07,6.865682601928711
2004-04-08,6.895872592926025
2004-04-12,6.968334197998047
2004-04-13,6.865682601928711
2004-04-14,6.73887300491333
2004-04-15,6.612066268920898
2004-04-16,6.35845422744751
2004-04-19,6.455068588256836
2004-04-20,6.346376895904541
2004-04-21,6.189377784729004
2004-04-22,5.42249870300293
2004-04-23,5.362113952636719
2004-04-26,5.193039417266846
2004-04-27,5.0601935386657715
2004-04-28,5.132653713226318
2004-04-29,4.975656509399414
2004-04-30,4.879042625427246
2004-05-03,4.764310359954834
2004-05-04,4.915271282196045
2004-05-05,5.138693332672119
2004-05-06,5.042078971862793
2004-05-07,5.090385913848877
2004-05-10,4.921309947967529
2004-05-11,5.023962497711182
2004-05-12,4.999808311462402
2004-05-13,4.957540988922119
2004-05-14,4.8428120613098145
2004-05-17,4.8246965408325195
2004-05-18,4.860926628112793
2004-05-19,4.903194904327393
2004-05-20,4.921309947967529
2004-05-21,4.981696128845215
2004-05-24,5.229269027709961
2004-05-25,5.410423278808594
2004-05-26,5.525153160095215
2004-05-27,5.434576511383057
2004-05-28,5.519114017486572
2004-06-01,5.537229537963867
2004-06-02,5.404385089874268
2004-06-03,5.38023042678833
2004-06-04,5.5009989738464355
2004-06-07,5.537229537963867
2004-06-08,5.615728378295898
2004-06-09,5.482883930206299
2004-06-10,5.5009989738464355
2004-06-14,5.428537845611572
2004-06-15,5.5613813400268555
2004-06-16,5.452691078186035
2004-06-17,5.440615177154541
2004-06-18,5.555344581604004
2004-06-21,5.3681535720825195
2004-06-22,5.331921577453613
2004-06-23,5.482883930206299
2004-06-24,5.374192714691162
2004-06-25,5.229269027709961
2004-06-28,5.199078559875488
2004-06-29,5.235307693481445
2004-06-30,5.229269027709961
2004-07-01,5.180963516235352
2004-07-02,5.07227087020874
2004-07-06,4.873002529144287
2004-07-07,4.939424991607666
2004-07-08,4.89111852645874
2004-07-09,4.915271282196045
2004-07-12,4.818657875061035
2004-07-13,4.915271282196045
2004-07-14,4.812619209289551
2004-07-15,4.854888916015625
2004-07-16,4.794504165649414
2004-07-19,4.915271282196045
2004-07-20,5.11453914642334
2004-07-21,4.782427787780762
2004-07-22,4.879042625427246
2004-07-23,4.758272647857666
2004-07-26,4.703927516937256
2004-07-27,4.885079383850098
2004-07-28,4.776388168334961
2004-07-29,4.969616889953613
2004-07-30,4.232931613922119
2004-08-02,4.329545497894287
2004-08-03,4.190661907196045
2004-08-04,4.2450079917907715
2004-08-05,4.2389702796936035
2004-08-06,4.106124401092529
2004-08-09,3.973278284072876
2004-08-10,4.154432773590088
2004-08-11,4.118201732635498
2004-08-12,3.949125289916992
2004-08-13,3.9370479583740234
2004-08-16,3.955164670944214
2004-08-17,3.9672396183013916
2004-08-18,4.2389702796936035
2004-08-19,4.329545497894287
2004-08-20,4.516736030578613
2004-08-23,4.559006690979004
2004-08-24,4.432199001312256
2004-08-25,4.552968502044678
2004-08-26,4.498620986938477
2004-08-27,4.522776126861572
2004-08-30,4.510696887969971
2004-08-31,4.5046586990356445
2004-09-01,4.734120845794678
2004-09-02,4.8428120613098145
2004-09-03,4.8367743492126465
2004-09-07,4.915271282196045
2004-09-08,4.975656509399414
2004-09-09,5.023962497711182
2004-09-10,5.16284704208374
2004-09-13,5.096425533294678
2004-09-14,5.223231315612793
2004-09-15,5.042078971862793
2004-09-16,5.223231315612793
2004-09-17,5.362113952636719
2004-09-20,5.3681535720825195
2004-09-21,5.404385089874268
2004-09-22,5.301730632781982
2004-09-23,5.259461879730225
2004-09-24,5.138693332672119
2004-09-27,5.023962497711182
2004-09-28,5.132653713226318
2004-09-29,5.295691967010498
2004-09-30,5.307769298553467
2004-10-01,5.5070366859436035
2004-10-04,5.657997131347656
2004-10-05,5.609690189361572
2004-10-06,5.7485737800598145
2004-10-07,5.7364959716796875
2004-10-08,5.700267314910889
2004-10-11,5.724420547485352
2004-10-12,5.615728378295898
2004-10-13,5.494959354400635
2004-10-14,5.464768886566162
2004-10-15,5.434576511383057
2004-10-18,5.555344581604004
2004-10-19,5.482883930206299
2004-10-20,5.404385089874268
2004-10-21,4.8428120613098145
2004-10-22,4.93338680267334
2004-10-25,4.999808311462402
2004-10-26,4.848849296569824
2004-10-27,4.963580131530762
2004-10-28,4.969616889953613
2004-10-29,5.030002593994141
2004-11-01,5.11453914642334
2004-11-02,5.174925327301025
2004-11-03,5.193039417266846
2004-11-04,5.2473859786987305
2004-11-05,5.283615589141846
2004-11-08,5.307769298553467
2004-11-09,5.3681535720825195
2004-11-10,5.343998908996582
2004-11-11,5.41646146774292
2004-11-12,5.428537845611572
2004-11-15,5.585536956787109
2004-11-16,5.5613813400268555
2004-11-17,5.670074462890625
2004-11-18,5.5613813400268555
2004-11-19,5.446651458740234
2004-11-22,5.603652477264404
2004-11-23,5.567422866821289
2004-11-24,5.7364959716796875
2004-11-26,5.778767108917236
2004-11-29,5.670074462890625
2004-11-30,5.899535179138184
2004-12-01,6.267877578735352
2004-12-02,6.406761169433594
2004-12-03,6.442992687225342
2004-12-06,6.545646667480469
2004-12-07,6.267877578735352
2004-12-08,6.279953956604004
2004-12-09,6.1954169273376465
2004-12-10,6.201455593109131
2004-12-13,6.159186840057373
2004-12-14,6.225608825683594
2004-12-15,6.3705315589904785
2004-12-16,6.364492416381836
2004-12-17,6.34033727645874
2004-12-20,6.189377784729004
2004-12-21,6.243725299835205
2004-12-22,6.394684314727783
2004-12-23,6.334299087524414
2004-12-27,6.37656831741333
2004-12-28,6.400722026824951
2004-12-29,6.442992687225342
2004-12-30,6.473184585571289
2004-12-31,6.545646667480469
2005-01-03,6.485260963439941
2005-01-04,6.322224140167236
2005-01-05,6.177302360534668
2005-01-06,6.122956275939941
2005-01-07,6.098801136016846
2005-01-10,6.1108784675598145
2005-01-11,6.0082268714904785
2005-01-12,6.002187728881836
2005-01-13,6.104839324951172
2005-01-14,6.310146808624268
2005-01-18,6.612066268920898
2005-01-19,6.334299087524414
2005-01-20,6.165224075317383
2005-01-21,6.225608825683594
2005-01-24,6.098801136016846
2005-01-25,6.231647491455078
2005-01-26,6.122956275939941
2005-01-27,6.352416515350342
2005-01-28,6.3282623291015625
2005-01-31,6.50337553024292
2005-02-01,6.835489273071289
2005-02-02,6.9985270500183105
2005-02-03,6.956257343292236
2005-02-04,6.99248743057251
2005-02-07,6.853604316711426
2005-02-08,6.823413848876953
2005-02-09,6.7811455726623535
2005-02-10,6.73887300491333
2005-02-11,6.763027191162109
2005-02-14,6.769066333770752
2005-02-15,6.7871809005737305
2005-02-16,6.829451560974121
2005-02-17,6.805296421051025
2005-02-18,6.805296421051025
2005-02-22,6.666415214538574
2005-02-23,6.5577216148376465
2005-02-24,6.630183219909668
2005-02-25,6.883796691894531
2005-02-28,6.799257755279541
2005-03-01,6.926064968109131
2005-03-02,7.143448829650879
2005-03-03,7.197794437408447
2005-03-04,7.240061283111572
2005-03-07,7.234023571014404
2005-03-08,7.179680347442627
2005-03-09,7.203831195831299
2005-03-10,7.203831195831299
2005-03-11,7.137409210205078
2005-03-14,7.13137149810791
2005-03-15,7.08306360244751
2005-03-16,6.99248743057251
2005-03-17,6.980411529541016
2005-03-18,6.9985270500183105
2005-03-21,7.2762908935546875
2005-03-22,7.191756725311279
2005-03-23,7.31252384185791
2005-03-24,7.270257949829102
2005-03-28,6.901910305023193
2005-03-29,6.606029510498047
2005-03-30,6.74491024017334
2005-03-31,7.698980808258057
2005-04-01,7.7895588874816895
2005-04-04,7.849945545196533
2005-04-05,7.783519744873047
2005-04-06,7.862022876739502
2005-04-07,8.121672630310059
2005-04-08,8.320938110351562
2005-04-11,8.393396377563477
2005-04-12,8.194134712219238
2005-04-13,8.00694465637207
2005-04-14,7.6506757736206055
2005-04-15,7.240061283111572
2005-04-18,7.3970627784729
2005-04-19,7.656716346740723
2005-04-20,7.505754470825195
2005-04-21,7.7895588874816895
2005-04-22,7.36686897277832
2005-04-25,7.644638538360596
2005-04-26,7.560097694396973
2005-04-27,7.6929473876953125
2005-04-28,7.662752628326416
2005-04-29,7.662752628326416
2005-05-02,7.7412495613098145
2005-05-03,7.831830024719238
2005-05-04,7.922403335571289
2005-05-05,7.7412495613098145
2005-05-06,7.9827880859375
2005-05-09,8.115633010864258
2005-05-10,7.9827880859375
2005-05-11,8.012981414794922
2005-05-12,8.03109359741211
2005-05-13,8.248480796813965
2005-05-16,8.447746276855469
2005-05-17,8.604744911193848
2005-05-18,8.8040132522583
2005-05-19,8.665129661560059
2005-05-20,8.598708152770996
2005-05-23,8.719472885131836
2005-05-24,8.797977447509766
2005-05-25,8.810050010681152
2005-05-26,8.936860084533691
2005-05-27,9.021392822265625
2005-05-31,9.063663482666016
2005-06-01,9.081783294677734
2005-06-02,9.087818145751953
2005-06-03,8.924784660339355
2005-06-06,9.027434349060059
2005-06-07,9.631274223327637
2005-06-08,9.299161911010742
2005-06-09,9.341432571411133
2005-06-10,9.45012378692627
2005-06-13,9.45012378692627
2005-06-14,8.640975952148438
2005-06-15,8.731551170349121
2005-06-16,8.695319175720215
2005-06-17,8.067328453063965
2005-06-20,8.290746688842773
2005-06-21,8.411517143249512
2005-06-22,8.526247024536133
2005-06-23,8.357171058654785
2005-06-24,8.000901222229004
2005-06-27,7.970709800720215
2005-06-28,8.000901222229004
2005-06-29,8.188093185424805
2005-06-30,8.103555679321289
2005-07-01,8.308866500854492
2005-07-05,8.278666496276855
2005-07-06,8.417556762695312
2005-07-07,8.393396377563477
2005-07-08,8.616823196411133
2005-07-11,8.791936874389648
2005-07-12,8.785898208618164
2005-07-13,8.816089630126953
2005-07-14,8.755707740783691
2005-07-15,8.622859001159668
2005-07-18,8.580591201782227
2005-07-19,8.87647533416748
2005-07-20,8.767782211303711
2005-07-21,8.465863227844238
2005-07-22,8.538324356079102
2005-07-25,8.508126258850098
2005-07-26,8.858358383178711
2005-07-27,8.761747360229492
2005-07-28,9.051589012145996
2005-07-29,9.051589012145996
2005-08-01,9.081783294677734
2005-08-02,9.105936050415039
2005-08-03,9.045552253723145
2005-08-04,9.045552253723145
2005-08-05,8.99724292755127
2005-08-08,8.852322578430176
2005-08-09,8.779858589172363
2005-08-10,8.816089630126953
2005-08-11,8.991203308105469
2005-08-12,8.816089630126953
2005-08-15,8.846280097961426
2005-08-16,8.6107816696167
2005-08-17,8.70740032196045
2005-08-18,8.502094268798828
2005-08-19,8.538324356079102
2005-08-22,8.592667579650879
2005-08-23,8.689285278320312
2005-08-24,8.653055191040039
2005-08-25,8.604744911193848
2005-08-26,8.302824974060059
2005-08-29,8.393396377563477
2005-08-30,8.18205451965332
2005-08-31,8.363208770751953
2005-09-01,8.206209182739258
2005-09-02,8.206209182739258
2005-09-06,8.188093185424805
2005-09-07,8.683246612548828
2005-09-08,8.345090866088867
2005-09-09,8.266595840454102
2005-09-12,8.302824974060059
2005-09-13,8.477941513061523
2005-09-14,8.169981956481934
2005-09-15,7.934481143951416
2005-09-16,7.874096870422363
2005-09-19,7.783519744873047
2005-09-20,7.7895588874816895
2005-09-21,7.849945545196533
2005-09-22,7.711058139801025
2005-09-23,7.626521110534668
2005-09-26,7.6929473876953125
2005-09-27,7.469525337219238
2005-09-28,7.421215534210205
2005-09-29,7.638596057891846
2005-09-30,7.807671070098877
2005-10-03,7.783519744873047
2005-10-04,7.729176998138428
2005-10-05,7.578213691711426
2005-10-06,7.433292388916016
2005-10-07,7.360832214355469
2005-10-10,7.348753929138184
2005-10-11,7.439328670501709
2005-10-12,7.095139503479004
2005-10-13,7.185717582702637
2005-10-14,7.221949577331543
2005-10-17,7.149486541748047
2005-10-18,7.179680347442627
2005-10-19,7.077024936676025
2005-10-20,7.016643524169922
2005-10-21,6.853604316711426
2005-10-24,6.986450672149658
2005-10-25,7.077024936676025
2005-10-26,7.13137149810791
2005-10-27,6.853604316711426
2005-10-28,7.137409210205078
2005-10-31,7.306485176086426
2005-11-01,7.143448829650879
2005-11-02,7.33064079284668
2005-11-03,7.638596057891846
2005-11-04,7.807671070098877
2005-11-07,7.5540618896484375
2005-11-08,7.469525337219238
2005-11-09,7.499716758728027
2005-11-10,7.372907638549805
2005-11-11,7.5117902755737305
2005-11-14,7.391024589538574
2005-11-15,7.318563461303711
2005-11-16,7.656716346740723
2005-11-17,8.308866500854492
2005-11-18,8.375284194946289
2005-11-21,8.18205451965332
2005-11-22,8.967049598693848
2005-11-23,8.936860084533691
2005-11-25,8.90666389465332
2005-11-28,8.755707740783691
2005-11-29,8.930818557739258
2005-11-30,9.009317398071289
2005-12-01,9.039512634277344
2005-12-02,9.051589012145996
2005-12-05,9.039512634277344
2005-12-06,9.033472061157227
2005-12-07,9.021392822265625
2005-12-08,9.136125564575195
2005-12-09,9.220664024353027
2005-12-12,9.244815826416016
2005-12-13,9.244815826416016
2005-12-14,9.208588600158691
2005-12-15,9.033472061157227
2005-12-16,9.244815826416016
2005-12-19,9.136125564575195
2005-12-20,9.395779609680176
2005-12-21,11.140878677368164
2005-12-22,11.43072509765625
2005-12-23,11.382416725158691
2005-12-27,11.05030632019043
2005-12-28,11.098611831665039
2005-12-29,11.134845733642578
2005-12-30,11.237493515014648
2006-01-03,11.485068321228027
2006-01-04,11.871525764465332
2006-01-05,11.75679874420166
2006-01-06,12.016453742980957
2006-01-09,12.765214920043945
2006-01-10,12.879945755004883
2006-01-11,13.121482849121094
2006-01-12,13.030902862548828
2006-01-13,13.012791633605957
2006-01-17,12.74709701538086
2006-01-18,12.68067455291748
2006-01-19,13.10336685180664
2006-01-20,12.463294982910156
2006-01-23,12.638409614562988
2006-01-24,12.578021049499512
2006-01-25,12.451217651367188
2006-01-26,12.964481353759766
2006-01-27,13.127520561218262
2006-01-30,13.278480529785156
2006-01-31,13.199982643127441
2006-02-01,13.115443229675293
2006-02-02,13.387170791625977
2006-02-03,13.713248252868652
2006-02-06,13.815896987915039
2006-02-07,13.266403198242188
2006-02-08,13.79174518585205
2006-02-09,13.942708015441895
2006-02-10,13.93062973022461
2006-02-13,14.190279960632324
2006-02-14,14.359360694885254
2006-02-15,14.492203712463379
2006-02-16,14.474089622497559
2006-02-17,14.600893020629883
2006-02-21,14.292936325073242
2006-02-22,13.954780578613281
2006-02-23,13.369056701660156
2006-02-24,13.495866775512695
2006-02-27,13.628713607788086
2006-02-28,13.435478210449219
2006-03-01,14.003089904785156
2006-03-02,13.864206314086914
2006-03-03,13.59248161315918
2006-03-06,13.507940292358398
2006-03-07,12.493488311767578
2006-03-08,11.919837951660156
2006-03-09,11.623955726623535
2006-03-10,11.352226257324219
2006-03-13,11.491108894348145
2006-03-14,11.829259872436523
2006-03-15,12.179489135742188
2006-03-16,11.75075912475586
2006-03-17,11.726606369018555
2006-03-20,11.919837951660156
2006-03-21,11.466955184936523
2006-03-22,11.53941535949707
2006-03-23,11.394495964050293
2006-03-24,11.587723731994629
2006-03-27,11.472991943359375
2006-03-28,11.273726463317871
2006-03-29,11.684335708618164
2006-03-30,11.943990707397461
2006-03-31,11.732644081115723
2006-04-03,11.974184036254883
2006-04-04,12.378756523132324
2006-04-05,12.644448280334473
2006-04-06,12.801444053649902
2006-04-07,12.366681098937988
2006-04-10,11.98625659942627
2006-04-11,12.094952583312988
2006-04-12,12.004374504089355
2006-04-13,11.925873756408691
2006-04-17,12.10098934173584
2006-04-18,12.300256729125977
2006-04-19,11.925873756408691
2006-04-20,11.696414947509766
2006-04-21,11.611875534057617
2006-04-24,11.448841094970703
2006-04-25,11.702454566955566
2006-04-26,11.53941535949707
2006-04-27,11.925873756408691
2006-04-28,12.704833030700684
2006-05-01,12.849753379821777
2006-05-02,12.964481353759766
2006-05-03,13.00675106048584
2006-05-04,13.157713890075684
2006-05-05,12.922213554382324
2006-05-08,13.055059432983398
2006-05-09,12.898058891296387
2006-05-10,12.632369995117188
2006-05-11,12.1553373336792
2006-05-12,12.004374504089355
2006-05-15,11.865489959716797
2006-05-16,11.491108894348145
2006-05-17,11.605838775634766
2006-05-18,11.636030197143555
2006-05-19,13.10336685180664
2006-05-22,12.620293617248535
2006-05-23,12.28214168548584
2006-05-24,12.076834678649902
2006-05-25,12.360637664794922
2006-05-26,12.408946990966797
2006-05-30,12.10702896118164
2006-05-31,12.288176536560059
2006-06-01,12.294220924377441
2006-06-02,12.52367877960205
2006-06-05,11.829259872436523
2006-06-06,11.79906940460205
2006-06-07,11.388456344604492
2006-06-08,11.871525764465332
2006-06-09,11.980220794677734
2006-06-12,11.545454025268555
2006-06-13,10.687997817993164
2006-06-14,10.524961471557617
2006-06-15,10.965766906738281
2006-06-16,10.700074195861816
2006-06-19,10.869153022766113
2006-06-20,10.687997817993164
2006-06-21,11.008034706115723
2006-06-22,10.851036071777344
2006-06-23,11.086532592773438
2006-06-26,10.917461395263672
2006-06-27,11.134845733642578
2006-06-28,11.140878677368164
2006-06-29,11.551497459411621
2006-06-30,11.962106704711914
2006-07-03,12.052679061889648
2006-07-05,11.786993026733398
2006-07-06,12.004374504089355
2006-07-07,11.895683288574219
2006-07-10,11.491108894348145
2006-07-11,11.623955726623535
2006-07-12,11.358264923095703
2006-07-13,11.15295696258545
2006-07-14,11.08049488067627
2006-07-17,11.189187049865723
2006-07-18,11.303918838500977
2006-07-19,11.587723731994629
2006-07-20,11.352226257324219
2006-07-21,10.579307556152344
2006-07-24,10.724227905273438
2006-07-25,10.573271751403809
2006-07-26,10.174734115600586
2006-07-27,10.084157943725586
2006-07-28,10.778575897216797
2006-07-31,10.591383934020996
2006-08-01,10.434383392333984
2006-08-02,10.355886459350586
2006-08-03,10.355886459350586
2006-08-04,10.241156578063965
2006-08-07,10.271349906921387
2006-08-08,10.041887283325195
2006-08-09,9.830543518066406
2006-08-10,9.812429428100586
2006-08-11,9.70977783203125
2006-08-14,9.70977783203125
2006-08-15,10.295502662658691
2006-08-16,10.95972728729248
2006-08-17,10.74234390258789
2006-08-18,10.90538215637207
2006-08-21,10.84499740600586
2006-08-22,10.935575485229492
2006-08-23,10.706116676330566
2006-08-24,10.410233497619629
2006-08-25,10.386078834533691
2006-08-28,10.567230224609375
2006-08-29,10.76046085357666
2006-08-30,10.90538215637207
2006-08-31,11.05030632019043
2006-09-01,11.436762809753418
2006-09-05,11.068418502807617
2006-09-06,10.241156578063965
2006-09-07,9.921121597290039
2006-09-08,9.884888648986816
2006-09-11,9.933196067810059
2006-09-12,10.265307426452637
2006-09-13,10.192851066589355
2006-09-14,10.144542694091797
2006-09-15,9.691656112670898
2006-09-18,9.963391304016113
2006-09-19,10.343809127807617
2006-09-20,10.41627025604248
2006-09-21,10.603462219238281
2006-09-22,10.355886459350586
2006-09-25,10.271349906921387
2006-09-26,10.247197151184082
2006-09-27,10.911422729492188
2006-09-28,10.838959693908691
2006-09-29,10.929537773132324
2006-10-02,10.712153434753418
2006-10-03,10.476654052734375
2006-10-04,10.573271751403809
2006-10-05,10.45250129699707
2006-10-06,10.3377685546875
2006-10-09,10.283422470092773
2006-10-10,10.295502662658691
2006-10-11,10.265307426452637
2006-10-12,10.223040580749512
2006-10-13,10.694038391113281
2006-10-16,11.014073371887207
2006-10-17,10.790653228759766
2006-10-18,10.627613067626953
2006-10-19,10.772538185119629
2006-10-20,10.633654594421387
2006-10-23,10.367962837219238
2006-10-24,10.289463996887207
2006-10-25,10.98388385772705
2006-10-26,11.068418502807617
2006-10-27,10.92349624633789
2006-10-30,10.838959693908691
2006-10-31,11.038228034973145
2006-11-01,10.808770179748535
2006-11-02,10.869153022766113
2006-11-03,11.436762809753418
2006-11-06,11.394495964050293
2006-11-07,11.382416725158691
2006-11-08,11.714530944824219
2006-11-09,11.859453201293945
2006-11-10,11.823219299316406
2006-11-13,11.714530944824219
2006-11-14,12.245912551879883
2006-11-15,12.336485862731934
2006-11-16,12.469331741333008
2006-11-17,12.348565101623535
2006-11-20,12.55387020111084
2006-11-21,12.559907913208008
2006-11-22,12.928254127502441
2006-11-24,12.885985374450684
2006-11-27,12.221756935119629
2006-11-28,12.517638206481934
2006-11-29,12.578021049499512
2006-11-30,12.390833854675293
2006-12-01,12.716907501220703
2006-12-04,12.861828804016113
2006-12-05,13.067136764526367
2006-12-06,12.741063117980957
2006-12-07,12.74709701538086
2006-12-08,12.741063117980957
2006-12-11,12.704833030700684
2006-12-12,12.445178985595703
2006-12-13,12.439140319824219
2006-12-14,12.42706298828125
2006-12-15,12.330448150634766
2006-12-18,12.620293617248535
2006-12-19,12.722945213317871
2006-12-20,12.632369995117188
2006-12-21,12.493488311767578
2006-12-22,12.390833854675293
2006-12-26,12.445178985595703
2006-12-27,12.644448280334473
2006-12-28,12.529720306396484
2006-12-29,12.354605674743652
2007-01-03,12.342527389526367
2007-01-04,12.390833854675293
2007-01-05,12.016453742980957
2007-01-08,12.022491455078125
2007-01-09,12.07079792022705
2007-01-10,12.408946990966797
2007-01-11,12.771252632141113
2007-01-12,12.704833030700684
2007-01-16,12.547830581665039
2007-01-17,12.753137588500977
2007-01-18,12.22779369354248
2007-01-19,12.167411804199219
2007-01-22,12.10098934173584
2007-01-23,12.016453742980957
2007-01-24,12.578021049499512
2007-01-25,12.559907913208008
2007-01-26,11.53941535949707
2007-01-29,11.823219299316406
2007-01-30,11.74472427368164
2007-01-31,11.835296630859375
2007-02-01,11.738683700561523
2007-02-02,11.666226387023926
2007-02-05,11.587723731994629
2007-02-06,11.527337074279785
2007-02-07,11.557534217834473
2007-02-08,11.53941535949707
2007-02-09,11.376378059387207
2007-02-12,11.273726463317871
2007-02-13,11.303918838500977
2007-02-14,11.485068321228027
2007-02-15,11.412607192993164
2007-02-16,11.382416725158691
2007-02-20,11.41865062713623
2007-02-21,11.74472427368164
2007-02-22,11.648106575012207
2007-02-23,12.167411804199219
2007-02-26,12.179489135742188
2007-02-27,11.599801063537598
2007-02-28,11.575648307800293
2007-03-01,11.527337074279785
2007-03-02,11.19522762298584
2007-03-05,10.95972728729248
2007-03-06,11.044265747070312
2007-03-07,11.05030632019043
2007-03-08,10.953689575195312
2007-03-09,10.97784423828125
2007-03-12,10.89934253692627
2007-03-13,10.68195915222168
2007-03-14,10.687997817993164
2007-03-15,10.863113403320312
2007-03-16,10.651769638061523
2007-03-19,10.736306190490723
2007-03-20,10.579307556152344
2007-03-21,10.76046085357666
2007-03-22,10.555154800415039
2007-03-23,10.645732879638672
2007-03-26,10.627613067626953
2007-03-27,10.506847381591797
2007-03-28,10.319656372070312
2007-03-29,10.331731796264648
2007-03-30,10.150581359863281
2007-04-02,10.144542694091797
2007-04-03,10.301542282104492
2007-04-04,10.108311653137207
2007-04-05,10.126424789428711
2007-04-09,10.277386665344238
2007-04-10,9.963391304016113
2007-04-11,10.108311653137207
2007-04-12,10.066041946411133
2007-04-13,10.380040168762207
2007-04-16,10.506847381591797
2007-04-17,10.404192924499512
2007-04-18,10.343809127807617
2007-04-19,10.434383392333984
2007-04-20,10.48873233795166
2007-04-23,10.585345268249512
2007-04-24,10.74234390258789
2007-04-25,10.730266571044922
2007-04-26,11.038228034973145
2007-04-27,10.603462219238281
2007-04-30,10.675923347473145
2007-05-01,10.639691352844238
2007-05-02,10.74838638305664
2007-05-03,10.869153022766113
2007-05-04,10.95972728729248
2007-05-07,11.086532592773438
2007-05-08,11.074459075927734
2007-05-09,10.98388385772705
2007-05-10,10.929537773132324
2007-05-11,11.110688209533691
2007-05-14,11.05030632019043
2007-05-15,10.911422729492188
2007-05-16,10.875190734863281
2007-05-17,10.724227905273438
2007-05-18,10.754423141479492
2007-05-21,10.657804489135742
2007-05-22,10.881230354309082
2007-05-23,10.863113403320312
2007-05-24,10.53703784942627
2007-05-25,10.549115180969238
2007-05-29,10.857074737548828
2007-05-30,11.201264381408691
2007-05-31,11.358264923095703
2007-06-01,11.509225845336914
2007-06-04,11.563570022583008
2007-06-05,11.533378601074219
2007-06-06,11.527337074279785
2007-06-07,11.575648307800293
2007-06-08,11.786993026733398
2007-06-11,12.04664421081543
2007-06-12,12.010411262512207
2007-06-13,12.131183624267578
2007-06-14,11.99229907989502
2007-06-15,11.943990707397461
2007-06-18,11.454878807067871
2007-06-19,11.557534217834473
2007-06-20,11.436762809753418
2007-06-21,11.617918014526367
2007-06-22,11.660181045532227
2007-06-25,11.623955726623535
2007-06-26,11.605838775634766
2007-06-27,11.913797378540039
2007-06-28,11.79302978515625
2007-06-29,11.684335708618164
2007-07-02,12.034567832946777
2007-07-03,12.469331741333008
2007-07-05,12.445178985595703
2007-07-06,12.74709701538086
2007-07-09,12.825599670410156
2007-07-10,12.668599128723145
2007-07-11,12.68067455291748
2007-07-12,12.83767318725586
2007-07-13,12.849753379821777
2007-07-16,12.813522338867188
2007-07-17,13.042985916137695
2007-07-18,13.061097145080566
2007-07-19,13.133557319641113
2007-07-20,13.785707473754883
2007-07-23,13.821937561035156
2007-07-24,13.652861595153809
2007-07-25,13.755514144897461
2007-07-26,13.604554176330566
2007-07-27,12.68067455291748
2007-07-30,12.994675636291504
2007-07-31,12.892022132873535
2007-08-01,13.030902862548828
2007-08-02,13.127520561218262
2007-08-03,12.722945213317871
2007-08-06,12.722945213317871
2007-08-07,12.088911056518555
2007-08-08,11.974184036254883
2007-08-09,11.551497459411621
2007-08-10,12.276103019714355
2007-08-13,12.433100700378418
2007-08-14,11.877568244934082
2007-08-15,12.064759254455566
2007-08-16,12.330448150634766
2007-08-17,12.348565101623535
2007-08-20,12.547830581665039
2007-08-21,12.378756523132324
2007-08-22,12.922213554382324
2007-08-23,12.855792045593262
2007-08-24,13.23017692565918
2007-08-27,13.163750648498535
2007-08-28,12.93428897857666
2007-08-29,13.888357162475586
2007-08-30,14.16612720489502
2007-08-31,14.105743408203125
2007-09-04,14.341243743896484
2007-09-05,14.17216682434082
2007-09-06,13.906473159790039
2007-09-07,13.507940292358398
2007-09-10,13.53209400177002
2007-09-11,14.129892349243164
2007-09-12,14.16612720489502
2007-09-13,13.767593383789062
2007-09-14,13.507940292358398
2007-09-17,13.350939750671387
2007-09-18,13.858168601989746
2007-09-19,14.039322853088379
2007-09-20,14.437853813171387
2007-09-21,14.685429573059082
2007-09-24,14.914888381958008
2007-09-25,15.295310974121094
2007-09-26,15.579117774963379
2007-09-27,15.216809272766113
2007-09-28,15.289277076721191
2007-10-01,15.355691909790039
2007-10-02,15.180577278137207
2007-10-03,15.174545288085938
2007-10-04,15.174545288085938
2007-10-05,15.337584495544434
2007-10-08,15.591193199157715
2007-10-09,15.911229133605957
2007-10-10,16.074268341064453
2007-10-11,15.476468086242676
2007-10-12,15.373810768127441
2007-10-15,15.180577278137207
2007-10-16,15.126240730285645
2007-10-17,15.361737251281738
2007-10-18,15.458353996276855
2007-10-19,15.071884155273438
2007-10-22,15.16246509552002
2007-10-23,15.31946849822998
2007-10-24,14.72769832611084
2007-10-25,14.329167366027832
2007-10-26,14.806200981140137
2007-10-29,15.259078979492188
2007-10-30,14.926963806152344
2007-10-31,15.651581764221191
2007-11-01,15.711960792541504
2007-11-02,17.457067489624023
2007-11-05,16.798885345458984
2007-11-06,16.690181732177734
2007-11-07,16.370153427124023
2007-11-08,15.911229133605957
2007-11-09,15.92330551147461
2007-11-12,15.168506622314453
2007-11-13,16.007844924926758
2007-11-14,16.025962829589844
2007-11-15,15.941421508789062
2007-11-16,16.044078826904297
2007-11-19,15.91727066040039
2007-11-20,15.240970611572266
2007-11-21,15.253044128417969
2007-11-23,15.331539154052734
2007-11-26,15.524773597717285
2007-11-27,15.911229133605957
2007-11-28,16.949832916259766
2007-11-29,17.02230453491211
2007-11-30,16.68414878845215
2007-12-03,16.702260971069336
2007-12-04,17.04645538330078
2007-12-05,18.368867874145508
2007-12-06,18.29037094116211
2007-12-07,19.002899169921875
2007-12-10,19.039133071899414
2007-12-11,18.22394561767578
2007-12-12,17.849567413330078
2007-12-13,17.620098114013672
2007-12-14,17.964290618896484
2007-12-17,17.825408935546875
2007-12-18,17.547639846801758
2007-12-19,18.181678771972656
2007-12-20,18.350753784179688
2007-12-21,17.940143585205078
2007-12-24,18.284326553344727
2007-12-26,18.465476989746094
2007-12-27,18.103178024291992
2007-12-28,18.085058212280273
2007-12-31,18.242055892944336
2008-01-02,17.269878387451172
2008-01-03,17.13702964782715
2008-01-04,15.476468086242676
2008-01-07,15.26512336730957
2008-01-08,14.22651195526123
2008-01-09,14.981319427490234
2008-01-10,15.343620300292969
2008-01-11,14.480122566223145
2008-01-14,15.174545288085938
2008-01-15,15.259078979492188
2008-01-16,14.902816772460938
2008-01-17,14.274818420410156
2008-01-18,14.256704330444336
2008-01-22,14.522393226623535
2008-01-23,15.059815406799316
2008-01-24,16.249385833740234
2008-01-25,15.754229545593262
2008-01-28,16.29768943786621
2008-01-29,16.279577255249023
2008-01-30,16.12257957458496
2008-01-31,15.971617698669434
2008-02-01,16.877382278442383
2008-02-04,17.185335159301758
2008-02-05,16.949832916259766
2008-02-06,16.9619140625
2008-02-07,16.430532455444336
2008-02-08,17.028335571289062
2008-02-11,17.14910888671875
2008-02-12,17.505373001098633
2008-02-13,17.819374084472656
2008-02-14,17.161182403564453
2008-02-15,17.44498634338379
2008-02-19,17.80729103088379
2008-02-20,18.5017147064209
2008-02-21,18.90024757385254
2008-02-22,18.85797691345215
2008-02-25,20.035465240478516
2008-02-26,20.524580001831055
2008-02-27,20.512508392333984
2008-02-28,19.540319442749023
2008-02-29,18.64059066772461
2008-03-03,18.845901489257812
2008-03-04,19.20821189880371
2008-03-05,19.298784255981445
2008-03-06,18.948558807373047
2008-03-07,18.284326553344727
2008-03-10,17.897871017456055
2008-03-11,18.646636962890625
2008-03-12,18.40509605407715
2008-03-13,18.85797691345215
2008-03-14,18.882122039794922
2008-03-17,17.92806053161621
2008-03-18,19.002899169921875
2008-03-19,17.765026092529297
2008-03-20,17.583873748779297
2008-03-24,19.033090591430664
2008-03-25,18.447364807128906
2008-03-26,17.79522132873535
2008-03-27,16.339963912963867
2008-03-28,16.116539001464844
2008-03-31,16.327877044677734
2008-04-01,16.871337890625
2008-04-02,16.64792251586914
2008-04-03,17.42083740234375
2008-04-04,17.13098907470703
2008-04-07,17.040416717529297
2008-04-08,17.076648712158203
2008-04-09,17.227609634399414
2008-04-10,18.04278564453125
2008-04-11,16.702260971069336
2008-04-14,16.303726196289062
2008-04-15,16.406383514404297
2008-04-16,16.99814796447754
2008-04-17,16.980031967163086
2008-04-18,17.69256019592285
2008-04-21,18.56209945678711
2008-04-22,18.01259994506836
2008-04-23,18.260173797607422
2008-04-24,18.870059967041016
2008-04-25,17.155147552490234
2008-04-28,17.541601181030273
2008-04-29,17.541601181030273
2008-04-30,17.505373001098633
2008-05-01,17.915985107421875
2008-05-02,17.783138275146484
2008-05-05,17.825408935546875
2008-05-06,17.861637115478516
2008-05-07,17.988452911376953
2008-05-08,18.356786727905273
2008-05-09,18.350753784179688
2008-05-12,18.4111385345459
2008-05-13,18.870059967041016
2008-05-14,20.452116012573242
2008-05-15,20.530616760253906
2008-05-16,21.382041931152344
2008-05-19,21.28542137145996
2008-05-20,21.03181266784668
2008-05-21,20.90500259399414
2008-05-22,21.599416732788086
2008-05-23,21.27334213256836
2008-05-27,21.67188262939453
2008-05-28,22.18514633178711
2008-05-29,22.275718688964844
2008-05-30,22.662181854248047
2008-06-02,22.34818458557129
2008-06-03,23.253944396972656
2008-06-04,23.278104782104492
2008-06-05,24.1415958404541
2008-06-06,23.50756072998047
2008-06-09,23.447175979614258
2008-06-10,23.688718795776367
2008-06-11,22.517263412475586
2008-06-12,22.420644760131836
2008-06-13,22.613872528076172
2008-06-16,23.25998878479004
2008-06-17,23.676633834838867
2008-06-18,23.749101638793945
2008-06-19,23.70079231262207
2008-06-20,22.65614891052246
2008-06-23,21.822845458984375
2008-06-24,21.840959548950195
2008-06-25,22.11872673034668
2008-06-26,21.315608978271484
2008-06-27,21.055959701538086
2008-06-30,20.850658416748047
2008-07-01,21.013696670532227
2008-07-02,20.69365692138672
2008-07-03,20.095849990844727
2008-07-07,20.40381622314453
2008-07-08,21.52695655822754
2008-07-09,20.470233917236328
2008-07-10,20.289085388183594
2008-07-11,19.9630069732666
2008-07-14,20.39777946472168
2008-07-15,20.458158493041992
2008-07-16,19.383312225341797
2008-07-17,19.624858856201172
2008-07-18,19.58258628845215
2008-07-21,20.05962371826172
2008-07-22,20.458158493041992
2008-07-23,21.128421783447266
2008-07-24,20.301164627075195
2008-07-25,18.682865142822266
2008-07-28,18.054868698120117
2008-07-29,17.740875244140625
2008-07-30,17.49933433532715
2008-07-31,17.384611129760742
2008-08-01,17.263839721679688
2008-08-04,16.943798065185547
2008-08-05,17.547639846801758
2008-08-06,17.565757751464844
2008-08-07,17.49329948425293
2008-08-08,17.565757751464844
2008-08-11,17.565757751464844
2008-08-12,17.746904373168945
2008-08-13,17.378570556640625
2008-08-14,17.438945770263672
2008-08-15,17.789180755615234
2008-08-18,17.2215633392334
2008-08-19,16.810955047607422
2008-08-20,17.227609634399414
2008-08-21,17.354412078857422
2008-08-22,17.438945770263672
2008-08-25,16.889453887939453
2008-08-26,16.64792251586914
2008-08-27,17.04645538330078
2008-08-28,17.016252517700195
2008-08-29,16.460725784301758
2008-09-02,15.899158477783203
2008-09-03,15.639506340026855
2008-09-04,15.808584213256836
2008-09-05,15.561003684997559
2008-09-08,15.367772102355957
2008-09-09,14.244630813598633
2008-09-10,14.806200981140137
2008-09-11,14.359360694885254
2008-09-12,14.534472465515137
2008-09-15,13.737398147583008
2008-09-16,13.743439674377441
2008-09-17,12.602178573608398
2008-09-18,13.743439674377441
2008-09-19,14.431817054748535
2008-09-22,13.157713890075684
2008-09-23,12.759177207946777
2008-09-24,12.885985374450684
2008-09-25,13.23017692565918
2008-09-26,13.067136764526367
2008-09-29,11.485068321228027
2008-09-30,12.873907089233398
2008-10-01,12.439140319824219
2008-10-02,12.088911056518555
2008-10-03,11.352226257324219
2008-10-06,11.074459075927734
2008-10-07,10.15661907196045
2008-10-08,9.347471237182617
2008-10-09,8.894590377807617
2008-10-10,8.665129661560059
2008-10-13,9.613160133361816
2008-10-14,9.498430252075195
2008-10-15,8.846280097961426
2008-10-16,9.492392539978027
2008-10-17,8.979125022888184
2008-10-20,9.407855033874512
2008-10-21,8.87647533416748
2008-10-22,8.314898490905762
2008-10-23,7.8801350593566895
2008-10-24,8.87647533416748
2008-10-27,8.4417085647583
2008-10-28,8.719472885131836
2008-10-29,9.35954761505127
2008-10-30,9.655427932739258
2008-10-31,9.945274353027344
2008-11-03,10.283422470092773
2008-11-04,10.585345268249512
2008-11-05,9.552776336669922
2008-11-06,9.262933731079102
2008-11-07,9.558816909790039
2008-11-10,9.051589012145996
2008-11-11,8.683246612548828
2008-11-12,7.952596187591553
2008-11-13,8.737591743469238
2008-11-14,8.121672630310059
2008-11-17,7.964673042297363
2008-11-18,7.632561683654785
2008-11-19,6.81133508682251
2008-11-20,5.99614953994751
2008-11-21,6.267877578735352
2008-11-24,7.052871227264404
2008-11-25,6.974375247955322
2008-11-26,7.572175979614258
2008-11-28,7.36686897277832
2008-12-01,6.509413242340088
2008-12-02,7.221949577331543
2008-12-03,7.626521110534668
2008-12-04,7.016643524169922
2008-12-05,7.258180618286133
2008-12-08,7.946556568145752
2008-12-09,7.644638538360596
2008-12-10,7.6687912940979
2008-12-11,7.101180076599121
2008-12-12,7.560097694396973
2008-12-15,7.137409210205078
2008-12-16,7.548024654388428
2008-12-17,7.680868625640869
2008-12-18,7.2762908935546875
2008-12-19,7.481600284576416
2008-12-22,7.185717582702637
2008-12-23,6.775106430053711
2008-12-24,6.835489273071289
2008-12-26,6.8475661277771
2008-12-29,6.636221408843994
2008-12-30,6.7811455726623535
2008-12-31,6.913990020751953
2009-01-02,7.445371150970459
2009-01-05,7.258180618286133
2009-01-06,8.647014617919922
2009-01-07,8.163938522338867
2009-01-08,8.236403465270996
2009-01-09,8.45378589630127
2009-01-12,8.073365211486816
2009-01-13,7.8801350593566895
2009-01-14,7.372907638549805
2009-01-15,7.843906402587891
2009-01-16,8.037134170532227
2009-01-20,7.270257949829102
2009-01-21,7.7895588874816895
2009-01-22,7.457444190979004
2009-01-23,7.849945545196533
2009-01-26,7.837864398956299
2009-01-27,8.18205451965332
2009-01-28,8.695319175720215
2009-01-29,9.510510444641113
2009-01-30,8.864398002624512
2009-02-02,9.371623992919922
2009-02-03,9.226702690124512
2009-02-04,10.174734115600586
2009-02-05,10.253236770629883
2009-02-06,10.814806938171387
2009-02-09,10.392117500305176
2009-02-10,9.99358081817627
2009-02-11,10.078118324279785
2009-02-12,10.313618659973145
2009-02-13,10.072083473205566
2009-02-17,9.444087028503418
2009-02-18,9.462200164794922
2009-02-19,8.779858589172363
2009-02-20,8.785898208618164
2009-02-23,8.326976776123047
2009-02-24,8.665129661560059
2009-02-25,8.785898208618164
2009-02-26,8.133747100830078
2009-02-27,8.248480796813965
2009-03-02,7.6687912940979
2009-03-03,8.242440223693848
2009-03-04,9.033472061157227
2009-03-05,8.755707740783691
2009-03-06,8.785898208618164
2009-03-09,9.093859672546387
2009-03-10,9.66750717163086
2009-03-11,10.005660057067871
2009-03-12,10.380040168762207
2009-03-13,10.392117500305176
2009-03-16,10.090195655822754
2009-03-17,10.3377685546875
2009-03-18,10.639691352844238
2009-03-19,10.772538185119629
2009-03-20,10.440423011779785
2009-03-23,11.394495964050293
2009-03-24,11.774914741516113
2009-03-25,11.485068321228027
2009-03-26,11.696414947509766
2009-03-27,11.774914741516113
2009-03-30,11.448841094970703
2009-03-31,11.678301811218262
2009-04-01,12.022491455078125
2009-04-02,12.131183624267578
2009-04-03,12.861828804016113
2009-04-06,12.469331741333008
2009-04-07,12.22779369354248
2009-04-08,12.831639289855957
2009-04-09,13.350939750671387
2009-04-13,12.885985374450684
2009-04-14,12.704833030700684
2009-04-15,12.83767318725586
2009-04-16,13.375090599060059
2009-04-17,13.538132667541504
2009-04-20,12.753137588500977
2009-04-21,13.091293334960938
2009-04-22,13.350939750671387
2009-04-23,13.157713890075684
2009-04-24,12.77729320526123
2009-04-27,13.151674270629883
2009-04-28,12.759177207946777
2009-04-29,13.314715385437012
2009-04-30,14.202360153198242
2009-05-01,14.123860359191895
2009-05-04,14.649201393127441
2009-05-05,14.74581527709961
2009-05-06,14.872621536254883
2009-05-07,14.129892349243164
2009-05-08,14.31708812713623
2009-05-11,13.978937149047852
2009-05-12,13.501904487609863
2009-05-13,13.58643913269043
2009-05-14,13.870248794555664
2009-05-15,13.98497486114502
2009-05-18,14.311049461364746
2009-05-19,14.769969940185547
2009-05-20,14.576735496520996
2009-05-21,14.709585189819336
2009-05-22,14.782049179077148
2009-05-26,15.096047401428223
2009-05-27,14.981319427490234
2009-05-28,14.84243106842041
2009-05-29,15.00546932220459
2009-06-01,15.645539283752441
2009-06-02,14.7035493850708
2009-06-03,14.129892349243164
2009-06-04,14.474089622497559
2009-06-05,14.298971176147461
2009-06-08,14.377473831176758
2009-06-09,15.047739028930664
2009-06-10,14.830350875854492
2009-06-11,15.361737251281738
2009-06-12,15.180577278137207
2009-06-15,15.017547607421875
2009-06-16,14.534472465515137
2009-06-17,14.757890701293945
2009-06-18,14.878657341003418
2009-06-19,15.349658012390137
2009-06-22,14.691468238830566
2009-06-23,15.096047401428223
2009-06-24,15.554962158203125
2009-06-25,15.446269035339355
2009-06-26,16.15276336669922
2009-06-29,15.995777130126953
2009-06-30,16.001802444458008
2009-07-01,16.182958602905273
2009-07-02,15.832728385925293
2009-07-06,15.91727066040039
2009-07-07,15.090007781982422
2009-07-08,15.18661880493164
2009-07-09,15.506653785705566
2009-07-10,15.31946849822998
2009-07-13,15.983695030212402
2009-07-14,15.868962287902832
2009-07-15,16.720380783081055
2009-07-16,17.43290901184082
2009-07-17,17.656330108642578
2009-07-20,17.463102340698242
2009-07-21,17.601987838745117
2009-07-22,18.260173797607422
2009-07-23,18.22394561767578
2009-07-24,18.356786727905273
2009-07-27,19.002899169921875
2009-07-28,18.60436248779297
2009-07-29,18.187719345092773
2009-07-30,18.39905548095703
2009-07-31,18.266216278076172
2009-08-03,18.95458984375
2009-08-04,18.984785079956055
2009-08-05,18.882122039794922
2009-08-06,19.153860092163086
2009-08-07,19.310855865478516
2009-08-10,19.20821189880371
2009-08-11,19.27463150024414
2009-08-12,19.504085540771484
2009-08-13,19.32897186279297
2009-08-14,18.839860916137695
2009-08-17,18.525867462158203
2009-08-18,18.906286239624023
2009-08-19,19.383312225341797
2009-08-20,19.884511947631836
2009-08-21,19.836200714111328
2009-08-24,19.56447410583496
2009-08-25,19.975082397460938
2009-08-26,20.58496856689453
2009-08-27,21.019729614257812
2009-08-28,20.74196434020996
2009-08-31,20.6997013092041
2009-09-01,20.035465240478516
2009-09-02,19.73354721069336
2009-09-03,19.98112678527832
2009-09-04,20.48834991455078
2009-09-08,21.128421783447266
2009-09-09,21.26127052307129
2009-09-10,21.587343215942383
2009-09-11,21.182767868041992
2009-09-14,21.267309188842773
2009-09-15,22.003997802734375
2009-09-16,22.251571655273438
2009-09-17,22.100610733032227
2009-09-18,21.87114906311035
2009-09-21,21.762460708618164
2009-09-22,21.889259338378906
2009-09-23,22.20326042175293
2009-09-24,21.82887840270996
2009-09-25,21.249191284179688
2009-09-28,22.31195068359375
2009-09-29,21.840959548950195
2009-09-30,22.0583438873291
2009-10-01,21.321657180786133
2009-10-02,21.333730697631836
2009-10-05,22.040224075317383
2009-10-06,22.100610733032227
2009-10-07,21.87114906311035
2009-10-08,21.98587417602539
2009-10-09,22.481029510498047
2009-10-12,22.752756118774414
2009-10-13,22.831253051757812
2009-10-14,22.776912689208984
2009-10-15,21.87114906311035
2009-10-16,21.64772605895996
2009-10-19,22.179109573364258
2009-10-20,22.088531494140625
2009-10-21,21.653762817382812
2009-10-22,22.40856170654297
2009-10-23,21.400148391723633
2009-10-26,21.369962692260742
2009-10-27,20.86273193359375
2009-10-28,20.277006149291992
2009-10-29,21.140501022338867
2009-10-30,20.33738899230957
2009-11-02,20.603084564208984
2009-11-03,20.735925674438477
2009-11-04,21.062009811401367
2009-11-05,21.91945457458496
2009-11-06,22.003997802734375
2009-11-09,22.5897216796875
2009-11-10,22.734642028808594
2009-11-11,23.266023635864258
2009-11-12,23.205638885498047
2009-11-13,23.247909545898438
2009-11-16,23.646438598632812
2009-11-17,23.604177474975586
2009-11-18,23.217716217041016
2009-11-19,22.50518035888672
2009-11-20,22.37233543395996
2009-11-23,23.036563873291016
2009-11-24,22.795028686523438
2009-11-25,23.223752975463867
2009-11-27,22.644062042236328
2009-11-30,22.245525360107422
2009-12-01,23.175447463989258
2009-12-02,23.48944854736328
2009-12-03,23.33245086669922
2009-12-04,23.839675903320312
2009-12-07,23.5860595703125
2009-12-08,23.34452247619629
2009-12-09,23.88194465637207
2009-12-10,23.809480667114258
2009-12-11,23.549829483032227
2009-12-14,24.020822525024414
2009-12-15,23.91214370727539
2009-12-16,24.8541259765625
2009-12-17,25.349279403686523
2009-12-18,25.838390350341797
2009-12-21,26.098037719726562
2009-12-22,26.24899673461914
2009-12-23,26.617341995239258
2009-12-24,26.95549201965332
2009-12-28,26.550922393798828
2009-12-29,26.56300163269043
2009-12-30,26.99173355102539
2009-12-31,26.659610748291016
2010-01-04,27.329875946044922
2010-01-05,28.05448341369629
2010-01-06,28.078645706176758
2010-01-07,27.529151916503906
2010-01-08,27.668033599853516
2010-01-11,27.698225021362305
2010-01-12,26.985689163208008
2010-01-13,27.45063591003418
2010-01-14,27.63783836364746
2010-01-15,26.556961059570312
2010-01-19,27.148723602294922
2010-01-20,26.726036071777344
2010-01-21,27.34799575805664
2010-01-22,24.600515365600586
2010-01-25,25.053394317626953
2010-01-26,24.672971725463867
2010-01-27,24.54012680053711
2010-01-28,23.839675903320312
2010-01-29,22.93994903564453
2010-02-01,23.97251319885254
2010-02-02,24.437477111816406
2010-02-03,24.449552536010742
2010-02-04,23.38075065612793
2010-02-05,23.809480667114258
2010-02-08,23.94232749938965
2010-02-09,24.383134841918945
2010-02-10,24.195941925048828
2010-02-11,24.32878303527832
2010-02-12,24.06309700012207
2010-02-16,25.711584091186523
2010-02-17,25.747817993164062
2010-02-18,26.20673370361328
2010-02-19,26.05577278137207
2010-02-22,25.584775924682617
2010-02-23,24.66089630126953
2010-02-24,23.543790817260742
2010-02-25,23.61021614074707
2010-02-26,23.326406478881836
2010-03-01,24.443513870239258
2010-03-02,23.918170928955078
2010-03-03,23.33245086669922
2010-03-04,23.809480667114258
2010-03-05,23.70079231262207
2010-03-08,23.91214370727539
2010-03-09,23.42302894592285
2010-03-10,22.988258361816406
2010-03-11,23.465288162231445
2010-03-12,23.175447463989258
2010-03-15,23.096952438354492
2010-03-16,23.296213150024414
2010-03-17,23.646438598632812
2010-03-18,23.555866241455078
2010-03-19,23.030529022216797
2010-03-22,24.54012680053711
2010-03-23,25.37343406677246
2010-03-24,25.174163818359375
2010-03-25,24.56428337097168
2010-03-26,23.88194465637207
2010-03-29,24.135555267333984
2010-03-30,23.761173248291016
2010-03-31,23.543790817260742
2010-04-01,23.555866241455078
2010-04-05,24.53409194946289
2010-04-06,24.787704467773438
2010-04-07,24.322744369506836
2010-04-08,24.358978271484375
2010-04-09,24.99301528930664
2010-04-12,24.80582046508789
2010-04-13,24.24424934387207
2010-04-14,25.02924156188965
2010-04-15,25.22246742248535
2010-04-16,24.419357299804688
2010-04-19,23.900056838989258
2010-04-20,24.28652000427246
2010-04-21,24.32878303527832
2010-04-22,24.56428337097168
2010-04-23,26.997772216796875
2010-04-26,26.635461807250977
2010-04-27,25.84442710876465
2010-04-28,25.820274353027344
2010-04-29,25.92292594909668
2010-04-30,24.81186294555664
2010-05-03,25.20435905456543
2010-05-04,24.473703384399414
2010-05-05,24.55220603942871
2010-05-06,23.398862838745117
2010-05-07,23.151296615600586
2010-05-10,24.12348175048828
2010-05-11,23.94232749938965
2010-05-12,24.509933471679688
2010-05-13,23.96044158935547
2010-05-14,23.284141540527344
2010-05-17,23.598140716552734
2010-05-18,22.179109573364258
2010-05-19,21.774532318115234
2010-05-20,21.27334213256836
2010-05-21,21.74435043334961
2010-05-24,21.46657943725586
2010-05-25,21.231077194213867
2010-05-26,20.748001098632812
2010-05-27,21.925495147705078
2010-05-28,21.019729614257812
2010-06-01,20.26493263244629
2010-06-02,21.279382705688477
2010-06-03,22.070419311523438
2010-06-04,20.78423500061035
2010-06-07,20.216623306274414
2010-06-08,20.222658157348633
2010-06-09,20.053586959838867
2010-06-10,20.591005325317383
2010-06-11,20.74196434020996
2010-06-14,20.74196434020996
2010-06-15,21.45449447631836
2010-06-16,21.26127052307129
2010-06-17,21.26127052307129
2010-06-18,21.140501022338867
2010-06-21,20.633275985717773
2010-06-22,20.095849990844727
2010-06-23,20.180391311645508
2010-06-24,18.99686050415039
2010-06-25,19.190088272094727
2010-06-28,19.14178466796875
2010-06-29,18.51983070373535
2010-06-30,18.211872100830078
2010-07-01,18.707015991210938
2010-07-02,18.236026763916016
2010-07-06,18.036754608154297
2010-07-07,18.888172149658203
2010-07-08,19.057241439819336
2010-07-09,19.075359344482422
2010-07-12,18.93648338317871
2010-07-13,19.347097396850586
2010-07-14,19.73958396911621
2010-07-15,19.763744354248047
2010-07-16,18.990827560424805
2010-07-19,19.153860092163086
2010-07-20,19.23236083984375
2010-07-21,18.22394561767578
2010-07-22,17.004188537597656
2010-07-23,16.919647216796875
2010-07-26,17.402719497680664
2010-07-27,17.354412078857422
2010-07-28,16.786792755126953
2010-07-29,16.285612106323242
2010-07-30,15.935382843017578
2010-08-02,16.394302368164062
2010-08-03,16.1588077545166
2010-08-04,16.358074188232422
2010-08-05,16.21919059753418
2010-08-06,15.814620018005371
2010-08-09,15.699891090393066
2010-08-10,14.73978328704834
2010-08-11,15.156426429748535
2010-08-12,14.637125015258789
2010-08-13,14.769969940185547
2010-08-16,14.963202476501465
2010-08-17,14.594854354858398
2010-08-18,14.685429573059082
2010-08-19,14.5103120803833
2010-08-20,14.890742301940918
2010-08-23,14.673360824584961
2010-08-24,14.335201263427734
2010-08-25,14.540515899658203
2010-08-26,14.26274299621582
2010-08-27,15.234926223754883
2010-08-30,14.939050674438477
2010-08-31,14.588817596435547
2010-09-01,15.494579315185547
2010-09-02,15.742152214050293
2010-09-03,16.056154251098633
2010-09-07,15.711960792541504
2010-09-08,15.802538871765137
2010-09-09,15.669693946838379
2010-09-10,15.488534927368164
2010-09-13,16.327877044677734
2010-09-14,16.116539001464844
2010-09-15,16.47280502319336
2010-09-16,16.25541877746582
2010-09-17,16.019920349121094
2010-09-20,16.53318977355957
2010-09-21,16.58753204345703
2010-09-22,16.110498428344727
2010-09-23,16.406383514404297
2010-09-24,17.028335571289062
2010-09-27,16.726417541503906
2010-09-28,16.75661277770996
2010-09-29,17.348371505737305
2010-09-30,17.1430721282959
2010-10-01,17.058530807495117
2010-10-04,16.889453887939453
2010-10-05,17.378570556640625
2010-10-06,16.847185134887695
2010-10-07,17.118919372558594
2010-10-08,17.451030731201172
2010-10-11,17.620098114013672
2010-10-12,17.765026092529297
2010-10-13,17.915985107421875
2010-10-14,17.80729103088379
2010-10-15,19.256515502929688
2010-10-18,19.002899169921875
2010-10-19,18.236026763916016
2010-10-20,18.417177200317383
2010-10-21,18.447364807128906
2010-10-22,18.37490463256836
2010-10-25,18.38094139099121
2010-10-26,18.688907623291016
2010-10-27,19.075359344482422
2010-10-28,19.021020889282227
2010-10-29,19.32897186279297
2010-11-01,19.69731903076172
2010-11-02,19.93281364440918
2010-11-03,20.095849990844727
2010-11-04,20.277006149291992
2010-11-05,20.989543914794922
2010-11-08,21.00765609741211
2010-11-09,20.87480926513672
2010-11-10,20.24077606201172
2010-11-11,19.920740127563477
2010-11-12,19.67316436767578
2010-11-15,19.322938919067383
2010-11-16,19.087438583374023
2010-11-17,18.948558807373047
2010-11-18,19.5101261138916
2010-11-19,20.51854133605957
2010-11-22,20.355510711669922
2010-11-23,19.902626037597656
2010-11-24,20.452116012573242
2010-11-26,20.38570213317871
2010-11-29,20.361543655395508
2010-11-30,20.228700637817383
2010-12-01,20.62119483947754
2010-12-02,20.923110961914062
2010-12-03,20.93519401550293
2010-12-06,20.802352905273438
2010-12-07,21.182767868041992
2010-12-08,21.146543502807617
2010-12-09,21.182767868041992
2010-12-10,21.545076370239258
2010-12-13,21.442426681518555
2010-12-14,20.90500259399414
2010-12-15,20.053586959838867
2010-12-16,19.950929641723633
2010-12-17,19.908660888671875
2010-12-20,19.98112678527832
2010-12-21,20.228700637817383
2010-12-22,20.409849166870117
2010-12-23,20.42796516418457
2010-12-27,20.415889739990234
2010-12-28,20.434003829956055
2010-12-29,20.319271087646484
2010-12-30,20.319271087646484
2010-12-31,20.470233917236328
2011-01-03,20.61515998840332
2011-01-04,19.920740127563477
2011-01-05,19.799970626831055
2011-01-06,19.93281364440918
2011-01-07,19.94489288330078
2011-01-10,19.830163955688477
2011-01-11,19.66108512878418
2011-01-12,19.896589279174805
2011-01-13,19.775819778442383
2011-01-14,20.192468643188477
2011-01-18,20.49439239501953
2011-01-19,19.908660888671875
2011-01-20,19.184053421020508
2011-01-21,19.027048110961914
2011-01-24,19.59467124938965
2011-01-25,19.504085540771484
2011-01-26,20.367584228515625
2011-01-27,20.983495712280273
2011-01-28,20.49439239501953
2011-01-31,20.542699813842773
2011-02-01,20.820466995239258
2011-02-02,21.973800659179688
2011-02-03,21.726224899291992
2011-02-04,21.8651123046875
2011-02-07,21.9436092376709
2011-02-08,21.955686569213867
2011-02-09,21.58130645751953
2011-02-10,21.231077194213867
2011-02-11,20.78423500061035
2011-02-14,20.929157257080078
2011-02-15,20.62723731994629
2011-02-16,20.37362289428711
2011-02-17,20.319271087646484
2011-02-18,20.071699142456055
2011-02-22,19.383312225341797
2011-02-23,18.568140029907227
2011-02-24,18.531906127929688
2011-02-25,18.833824157714844
2011-02-28,18.465476989746094
2011-03-01,17.777095794677734
2011-03-02,17.964290618896484
2011-03-03,18.332637786865234
2011-03-04,18.121292114257812
2011-03-07,20.94123077392578
2011-03-08,21.913415908813477
2011-03-09,21.436384201049805
2011-03-10,20.723854064941406
2011-03-11,20.772157669067383
2011-03-14,20.39777946472168
2011-03-15,20.343429565429688
2011-03-16,19.842243194580078
2011-03-17,20.3132381439209
2011-03-18,20.464202880859375
2011-03-21,20.760080337524414
2011-03-22,20.657426834106445
2011-03-23,20.772157669067383
2011-03-24,21.792654037475586
2011-03-25,22.57765007019043
2011-03-28,22.378374099731445
2011-03-29,22.37233543395996
2011-03-30,22.770875930786133
2011-03-31,22.517263412475586
2011-04-01,23.054676055908203
2011-04-04,22.523300170898438
2011-04-05,22.36025619506836
2011-04-06,22.746723175048828
2011-04-07,22.825214385986328
2011-04-08,23.429061889648438
2011-04-11,23.39282989501953
2011-04-12,23.024486541748047
2011-04-13,22.734642028808594
2011-04-14,23.175447463989258
2011-04-15,23.39282989501953
2011-04-18,23.35055923461914
2011-04-19,23.8577938079834
2011-04-20,24.54617691040039
2011-04-21,24.902435302734375
2011-04-25,24.431440353393555
2011-04-26,24.648818969726562
2011-04-27,24.069135665893555
2011-04-28,24.29859161376953
2011-04-29,24.032907485961914
2011-05-02,23.827594757080078
2011-05-03,23.284141540527344
2011-05-04,22.94598388671875
2011-05-05,22.746723175048828
2011-05-06,22.99429702758789
2011-05-09,22.98221778869629
2011-05-10,23.48944854736328
2011-05-11,23.21167755126953
2011-05-12,23.217716217041016
2011-05-13,22.638025283813477
2011-05-16,21.9677677154541
2011-05-17,21.925495147705078
2011-05-18,22.23345947265625
2011-05-19,21.94964599609375
2011-05-20,21.822845458984375
2011-05-23,21.64772605895996
2011-05-24,21.714149475097656
2011-05-25,21.61754035949707
2011-05-26,21.533004760742188
2011-05-27,21.569229125976562
2011-05-31,22.130802154541016
2011-06-01,21.291465759277344
2011-06-02,21.152578353881836
2011-06-03,21.110309600830078
2011-06-06,20.723854064941406
2011-06-07,20.645355224609375
2011-06-08,20.34946632385254
2011-06-09,20.343429565429688
2011-06-10,20.506473541259766
2011-06-13,20.28304672241211
2011-06-14,21.351844787597656
2011-06-15,20.62723731994629
2011-06-16,20.681581497192383
2011-06-17,20.210580825805664
2011-06-20,20.228700637817383
2011-06-21,21.019729614257812
2011-06-22,20.87480926513672
2011-06-23,22.34818458557129
2011-06-24,21.243154525756836
2011-06-27,21.07407569885254
2011-06-28,21.490732192993164
2011-06-29,21.69603729248047
2011-06-30,21.9677677154541
2011-07-01,22.12476348876953
2011-07-05,22.20930290222168
2011-07-06,22.57765007019043
2011-07-07,23.253944396972656
2011-07-08,23.25998878479004
2011-07-11,22.468952178955078
2011-07-12,22.354223251342773
2011-07-13,22.511219024658203
2011-07-14,22.378374099731445
2011-07-15,22.50518035888672
2011-07-18,22.18514633178711
2011-07-19,22.78294563293457
2011-07-20,22.99429702758789
2011-07-21,21.21296501159668
2011-07-22,22.970136642456055
2011-07-25,22.281757354736328
2011-07-26,22.01003646850586
2011-07-27,21.442426681518555
2011-07-28,21.33976936340332
2011-07-29,20.808385848999023
2011-08-01,20.86273193359375
2011-08-02,19.793933868408203
2011-08-03,20.017356872558594
2011-08-04,18.71909523010254
2011-08-05,18.441328048706055
2011-08-08,17.57783317565918
2011-08-09,18.30847930908203
2011-08-10,17.57783317565918
2011-08-11,18.393020629882812
2011-08-12,18.537939071655273
2011-08-15,19.002899169921875
2011-08-16,18.755321502685547
2011-08-17,18.115257263183594
2011-08-18,16.804920196533203
2011-08-19,15.94746208190918
2011-08-22,16.007844924926758
2011-08-23,16.64792251586914
2011-08-24,16.85322380065918
2011-08-25,16.672069549560547
2011-08-26,17.082685470581055
2011-08-29,17.57783317565918
2011-08-30,17.891830444335938
2011-08-31,17.80729103088379
2011-09-01,17.330259323120117
2011-09-02,16.56942367553711
2011-09-06,16.56942367553711
2011-09-07,17.203449249267578
2011-09-08,17.094764709472656
2011-09-09,17.185335159301758
2011-09-12,17.42687225341797
2011-09-13,17.589914321899414
2011-09-14,17.873720169067383
2011-09-15,18.151479721069336
2011-09-16,18.157520294189453
2011-09-19,17.67444610595703
2011-09-20,17.100793838500977
2011-09-21,16.696231842041016
2011-09-22,15.675728797912598
2011-09-23,15.965576171875
2011-09-26,16.78076171875
2011-09-27,16.9619140625
2011-09-28,16.309768676757812
2011-09-29,16.146730422973633
2011-09-30,15.530805587768555
2011-10-03,14.854511260986328
2011-10-04,15.325505256652832
2011-10-05,16.273542404174805
2011-10-06,16.593570709228516
2011-10-07,16.267494201660156
2011-10-10,16.86530113220215
2011-10-11,17.438945770263672
2011-10-12,16.635839462280273
2011-10-13,17.306110382080078
2011-10-14,17.11287498474121
2011-10-17,15.850845336914062
2011-10-18,16.267494201660156
2011-10-19,14.757890701293945
2011-10-20,15.675728797912598
2011-10-21,15.681766510009766
2011-10-24,16.45469093322754
2011-10-25,15.91727066040039
2011-10-26,16.85322380065918
2011-10-27,16.55733299255371
2011-10-28,16.484880447387695
2011-10-31,16.086341857910156
2011-11-01,16.001802444458008
2011-11-02,16.49091911315918
2011-11-03,17.173261642456055
2011-11-04,16.877382278442383
2011-11-07,16.714344024658203
2011-11-08,16.78076171875
2011-11-09,15.705924987792969
2011-11-10,15.573079109191895
2011-11-11,16.074268341064453
2011-11-14,15.905192375183105
2011-11-15,15.126240730285645
2011-11-16,16.195035934448242
2011-11-17,15.253044128417969
2011-11-18,15.724045753479004
2011-11-21,15.766316413879395
2011-11-22,15.567041397094727
2011-11-23,15.452310562133789
2011-11-25,15.096047401428223
2011-11-28,16.038043975830078
2011-11-29,16.611684799194336
2011-11-30,17.55368423461914
2011-12-01,17.662378311157227
2011-12-02,18.984785079956055
2011-12-05,19.32897186279297
2011-12-06,19.129709243774414
2011-12-07,19.214248657226562
2011-12-08,19.039133071899414
2011-12-09,19.552400588989258
2011-12-12,19.28670310974121
2011-12-13,18.755321502685547
2011-12-14,18.4232120513916
2011-12-15,18.51983070373535
2011-12-16,18.688907623291016
2011-12-19,18.5017147064209
2011-12-20,19.256515502929688
2011-12-21,18.960630416870117
2011-12-22,19.147823333740234
2011-12-23,19.4074764251709
2011-12-27,18.85797691345215
2011-12-28,18.574174880981445
2011-12-29,18.779481887817383
2011-12-30,18.688907623291016
2012-01-03,18.707015991210938
2012-01-04,18.90024757385254
2012-01-05,19.781858444213867
2012-01-06,20.222658157348633
2012-01-09,20.37965965270996
2012-01-10,20.246816635131836
2012-01-11,20.144166946411133
2012-01-12,20.446081161499023
2012-01-13,20.138120651245117
2012-01-17,19.98112678527832
2012-01-18,20.325319290161133
2012-01-19,20.50042724609375
2012-01-20,20.923110961914062
2012-01-23,20.9593505859375
2012-01-24,22.269691467285156
2012-01-25,22.58368492126465
2012-01-26,22.34818458557129
2012-01-27,22.37233543395996
2012-01-30,22.263643264770508
2012-01-31,21.94964599609375
2012-02-01,22.96409797668457
2012-02-02,22.686330795288086
2012-02-03,23.296213150024414
2012-02-06,23.38075065612793
2012-02-07,23.477365493774414
2012-02-08,24.014785766601562
2012-02-09,23.66455841064453
2012-02-10,23.29018211364746
2012-02-13,23.048641204833984
2012-02-14,23.634370803833008
2012-02-15,23.127140045166016
2012-02-16,24.509933471679688
2012-02-17,24.425395965576172
2012-02-21,24.29859161376953
2012-02-22,23.887981414794922
2012-02-23,23.97251319885254
2012-02-24,24.020822525024414
2012-02-27,23.42302894592285
2012-02-28,23.779287338256836
2012-02-29,23.70079231262207
2012-03-01,24.069135665893555
2012-03-02,23.50756072998047
2012-03-05,23.22978973388672
2012-03-06,22.47498893737793
2012-03-07,22.867488861083984
2012-03-08,23.537755966186523
2012-03-09,24.346899032592773
2012-03-12,23.930246353149414
2012-03-13,24.24424934387207
2012-03-14,23.930246353149414
2012-03-15,23.471328735351562
2012-03-16,23.10299301147461
2012-03-19,23.060714721679688
2012-03-20,23.598140716552734
2012-03-21,23.821557998657227
2012-03-22,25.397586822509766
2012-03-23,25.627044677734375
2012-03-26,25.723657608032227
2012-03-27,25.63912582397461
2012-03-28,25.464012145996094
2012-03-29,25.36739730834961
2012-03-30,24.99301528930664
2012-04-02,25.307008743286133
2012-04-03,25.137941360473633
2012-04-04,24.926589965820312
2012-04-05,23.996673583984375
2012-04-09,23.966480255126953
2012-04-10,23.10902214050293
2012-04-11,23.078832626342773
2012-04-12,23.66455841064453
2012-04-13,23.56191062927246
2012-04-16,23.894023895263672
2012-04-17,23.8577938079834
2012-04-18,25.095661163330078
2012-04-19,25.39154624938965
2012-04-20,25.02320098876953
2012-04-23,25.011125564575195
2012-04-24,25.02320098876953
2012-04-25,26.049734115600586
2012-04-26,26.62942886352539
2012-04-27,22.903718948364258
2012-04-30,23.43509864807129
2012-05-01,24.17782211303711
2012-05-02,24.473703384399414
2012-05-03,23.694751739501953
2012-05-04,23.477365493774414
2012-05-07,23.640403747558594
2012-05-08,23.634370803833008
2012-05-09,24.12348175048828
2012-05-10,24.600515365600586
2012-05-11,24.334821701049805
2012-05-14,24.11140251159668
2012-05-15,24.129518508911133
2012-05-16,23.326406478881836
2012-05-17,22.384408950805664
2012-05-18,20.929157257080078
2012-05-21,21.714149475097656
2012-05-22,20.838577270507812
2012-05-23,20.591005325317383
2012-05-24,20.42796516418457
2012-05-25,20.657426834106445
2012-05-29,20.02943229675293
2012-05-30,19.461820602416992
2012-05-31,18.95458984375
2012-06-01,18.181678771972656
2012-06-04,18.054868698120117
2012-06-05,18.072988510131836
2012-06-06,18.682865142822266
2012-06-07,18.610408782958984
2012-06-08,18.85797691345215
2012-06-11,18.5137882232666
2012-06-12,18.441328048706055
2012-06-13,18.320560455322266
2012-06-14,18.236026763916016
2012-06-15,18.531906127929688
2012-06-18,18.447364807128906
2012-06-19,18.634557723999023
2012-06-20,18.652673721313477
2012-06-21,17.734830856323242
2012-06-22,17.934099197387695
2012-06-25,17.469139099121094
2012-06-26,17.589914321899414
2012-06-27,17.994483947753906
2012-06-28,17.39063835144043
2012-06-29,18.40509605407715
2012-07-02,18.018634796142578
2012-07-03,18.707015991210938
2012-07-05,18.525867462158203
2012-07-06,18.731170654296875
2012-07-09,19.039133071899414
2012-07-10,19.32897186279297
2012-07-11,19.021020889282227
2012-07-12,18.930437088012695
2012-07-13,19.069318771362305
2012-07-16,19.093477249145508
2012-07-17,19.304824829101562
2012-07-18,20.168315887451172
2012-07-19,19.751667022705078
2012-07-20,19.36521339416504
2012-07-23,19.49201202392578
2012-07-24,19.184053421020508
2012-07-25,19.60674285888672
2012-07-26,23.712865829467773
2012-07-27,24.105358123779297
2012-07-30,24.256324768066406
2012-07-31,24.014785766601562
2012-08-01,23.803443908691406
2012-08-02,24.09328842163086
2012-08-03,24.75751304626465
2012-08-06,24.90847396850586
2012-08-07,25.210390090942383
2012-08-08,25.276819229125977
2012-08-09,25.983314514160156
2012-08-10,26.56300163269043
2012-08-13,26.762271881103516
2012-08-14,26.56903648376465
2012-08-15,26.67169189453125
2012-08-16,27.420452117919922
2012-08-17,27.462730407714844
2012-08-20,27.366113662719727
2012-08-21,26.967571258544922
2012-08-22,26.870956420898438
2012-08-23,26.255041122436523
2012-08-24,26.345617294311523
2012-08-27,26.442232131958008
2012-08-28,26.267114639282227
2012-08-29,26.267114639282227
2012-08-30,25.421735763549805
2012-08-31,25.25266456604004
2012-09-04,25.55458641052246
2012-09-05,25.264739990234375
2012-09-06,26.0316162109375
2012-09-07,25.276819229125977
2012-09-10,24.866201400756836
2012-09-11,25.512313842773438
2012-09-12,25.0473575592041
2012-09-13,25.711584091186523
2012-09-14,24.793743133544922
2012-09-17,23.839675903320312
2012-09-18,23.7672119140625
2012-09-19,23.592100143432617
2012-09-20,23.592100143432617
2012-09-21,24.250282287597656
2012-09-24,24.165742874145508
2012-09-25,23.94232749938965
2012-09-26,23.46226692199707
2012-09-27,24.051712036132812
2012-09-28,23.535184860229492
2012-10-01,23.16450309753418
2012-10-02,23.194889068603516
2012-10-03,22.8485164642334
2012-10-04,23.085506439208984
2012-10-05,23.085506439208984
2012-10-08,23.298194885253906
2012-10-09,22.5993709564209
2012-10-10,22.101072311401367
2012-10-11,22.234764099121094
2012-10-12,21.888391494750977
2012-10-15,21.724319458007812
2012-10-16,22.08892250061035
2012-10-17,22.022083282470703
2012-10-18,21.6027889251709
2012-10-19,21.195648193359375
2012-10-22,21.438709259033203
2012-10-23,20.92218780517578
2012-10-24,20.515050888061523
2012-10-25,20.903959274291992
2012-10-26,20.733808517456055
2012-10-31,20.8006534576416
2012-11-01,21.517709732055664
2012-11-02,21.390100479125977
2012-11-05,21.608861923217773
2012-11-06,22.508220672607422
2012-11-07,21.450862884521484
2012-11-08,21.171337127685547
2012-11-09,21.335412979125977
2012-11-12,21.110567092895508
2012-11-13,21.074106216430664
2012-11-14,20.56974220275879
2012-11-15,20.56974220275879
2012-11-16,21.013343811035156
2012-11-19,21.268558502197266
2012-11-20,20.7155818939209
2012-11-21,20.89180564880371
2012-11-23,21.323257446289062
2012-11-26,21.760772705078125
2012-11-27,21.08019256591797
2012-11-28,20.600122451782227
2012-11-29,20.612274169921875
2012-11-30,20.31452178955078
2012-12-03,20.30236053466797
2012-12-04,20.411746978759766
2012-12-05,21.894474029541016
2012-12-06,22.544677734375
2012-12-07,22.8485164642334
2012-12-10,23.365034103393555
2012-12-11,23.18881607055664
2012-12-12,23.15822982788086
2012-12-13,23.139875411987305
2012-12-14,23.109291076660156
2012-12-17,23.26833152770996
2012-12-18,24.222551345825195
2012-12-19,25.20124053955078
2012-12-20,25.7884521484375
2012-12-21,25.745641708374023
2012-12-24,25.574363708496094
2012-12-26,25.745641708374023
2012-12-27,25.7334041595459
2012-12-28,25.36027717590332
2012-12-31,25.990304946899414
2013-01-02,26.571401596069336
2013-01-03,26.314498901367188
2013-01-04,26.228864669799805
2013-01-07,26.24110221862793
2013-01-08,25.67835235595703
2013-01-09,26.791606903076172
2013-01-10,27.011816024780273
2013-01-11,26.901710510253906
2013-01-14,27.34212303161621
2013-01-15,27.427759170532227
2013-01-16,27.715253829956055
2013-01-17,27.660194396972656
2013-01-18,27.409406661987305
2013-01-22,28.969192504882812
2013-01-23,28.791807174682617
2013-01-24,29.232227325439453
2013-01-25,29.409610748291016
2013-01-28,29.752145767211914
2013-01-29,28.20458984375
2013-01-30,28.65723419189453
2013-01-31,28.74898338317871
2013-02-01,28.608301162719727
2013-02-04,28.369747161865234
2013-02-05,28.522674560546875
2013-02-06,29.35454750061035
2013-02-07,29.115995407104492
2013-02-08,29.660396575927734
2013-02-11,29.727672576904297
2013-02-12,29.47076988220215
2013-02-13,29.74602699279785
2013-02-14,29.856136322021484
2013-02-15,29.721561431884766
2013-02-19,29.709320068359375
2013-02-20,28.467622756958008
2013-02-21,27.978269577026367
2013-02-22,28.076139450073242
2013-02-25,27.409406661987305
2013-02-26,28.057790756225586
2013-02-27,28.755104064941406
2013-02-28,28.846866607666016
2013-03-01,29.47076988220215
2013-03-04,29.244443893432617
2013-03-05,29.58698844909668
2013-03-06,29.86836051940918
2013-03-07,28.914140701293945
2013-03-08,29.152700424194336
2013-03-11,29.36678123474121
2013-03-12,30.577922821044922
2013-03-13,30.82259178161621
2013-03-14,31.024436950683594
2013-03-15,30.681901931762695
2013-03-18,30.339351654052734
2013-03-19,29.88670539855957
2013-03-20,30.174203872680664
2013-03-21,29.421833038330078
2013-03-22,29.31785011291504
2013-03-25,29.073177337646484
2013-03-26,29.934062957763672
2013-03-27,30.83183479309082
2013-03-28,30.924081802368164
2013-04-01,30.99171257019043
2013-04-02,30.788801193237305
2013-04-03,31.114700317382812
2013-04-04,31.22538185119629
2013-04-05,30.622756958007812
2013-04-08,30.887184143066406
2013-04-09,31.711158752441406
2013-04-10,32.719627380371094
2013-04-11,32.21539306640625
2013-04-12,32.17234802246094
2013-04-15,31.459049224853516
2013-04-16,31.99402618408203
2013-04-17,31.09624671936035
2013-04-18,30.284557342529297
2013-04-19,30.70270538330078
2013-04-22,31.059350967407227
2013-04-23,32.738075256347656
2013-04-24,32.52900314331055
2013-04-25,32.34452819824219
2013-04-26,32.768802642822266
2013-04-29,33.279197692871094
2013-04-30,33.99250030517578
2013-05-01,33.69733428955078
2013-05-02,34.841087341308594
2013-05-03,35.14238739013672
2013-05-06,35.7450065612793
2013-05-07,36.175453186035156
2013-05-08,36.286128997802734
2013-05-09,35.46829605102539
2013-05-10,35.95407485961914
2013-05-13,35.609718322753906
2013-05-14,36.409114837646484
2013-05-15,36.630496978759766
2013-05-16,36.31072998046875
2013-05-17,37.17774963378906
2013-05-20,36.55669403076172
2013-05-21,37.33763122558594
2013-05-22,37.14086151123047
2013-05-23,38.28459930419922
2013-05-24,38.3092041015625
2013-05-28,38.6535530090332
2013-05-29,39.18852233886719
2013-05-30,39.22541046142578
2013-05-31,38.9364128112793
2013-06-03,39.23157501220703
2013-06-04,38.99789810180664
2013-06-05,38.6228141784668
2013-06-06,39.268470764160156
2013-06-07,39.44679641723633
2013-06-10,39.72965621948242
2013-06-11,39.68661117553711
2013-06-12,39.29920196533203
2013-06-13,39.514442443847656
2013-06-14,39.28076171875
2013-06-17,39.75424575805664
2013-06-18,39.766544342041016
2013-06-19,39.09014129638672
2013-06-20,37.81111145019531
2013-06-21,37.011722564697266
2013-06-24,35.99711990356445
2013-06-25,36.931785583496094
2013-06-26,37.48754119873047
2013-06-27,38.66692352294922
2013-06-28,38.339656829833984
2013-07-01,38.9386100769043
2013-07-02,39.01270294189453
2013-07-03,39.0312385559082
2013-07-05,39.8339729309082
2013-07-08,40.27239227294922
2013-07-09,40.87751770019531
2013-07-10,41.51353073120117
2013-07-11,41.38386535644531
2013-07-12,41.90254592895508
2013-07-15,42.137184143066406
2013-07-16,41.92108154296875
2013-07-17,42.32860565185547
2013-07-18,43.00785446166992
2013-07-19,43.09428405761719
2013-07-22,43.279537200927734
2013-07-23,41.88401794433594
2013-07-24,41.69878005981445
2013-07-25,39.22882080078125
2013-07-26,38.673099517822266
2013-07-29,38.654579162597656
2013-07-30,40.19211196899414
2013-07-31,39.75369644165039
2013-08-01,41.02571487426758
2013-08-02,40.23533248901367
2013-08-05,40.01304244995117
2013-08-06,39.80309295654297
2013-08-07,39.2844123840332
2013-08-08,41.198612213134766
2013-08-09,41.68025207519531
2013-08-12,42.09395980834961
2013-08-13,42.24215316772461
2013-08-14,42.29157257080078
2013-08-15,40.76636505126953
2013-08-16,39.889530181884766
2013-08-19,39.64254379272461
2013-08-20,40.136539459228516
2013-08-21,40.98249435424805
2013-08-22,41.55675506591797
2013-08-23,40.402061462402344
2013-08-26,40.01304244995117
2013-08-27,37.93828582763672
2013-08-28,38.56813049316406
2013-08-29,37.49369430541992
2013-08-30,38.28407287597656
2013-09-03,39.062110900878906
2013-09-04,40.04391098022461
2013-09-05,40.198280334472656
2013-09-06,40.13036346435547
2013-09-09,40.38353729248047
2013-09-10,40.809600830078125
2013-09-11,40.65522766113281
2013-09-12,39.8154411315918
2013-09-13,39.741355895996094
2013-09-16,40.148887634277344
2013-09-17,40.19211196899414
2013-09-18,39.691951751708984
2013-09-19,39.75987243652344
2013-09-20,39.32145309448242
2013-09-23,39.06828689575195
2013-09-24,39.93894577026367
2013-09-25,40.402061462402344
2013-09-26,39.24912643432617
2013-09-27,39.24912643432617
2013-09-30,39.29872131347656
2013-10-01,39.69542694091797
2013-10-02,40.00535583496094
2013-10-03,39.763614654541016
2013-10-04,40.30907440185547
2013-10-07,39.9185676574707
2013-10-08,39.286319732666016
2013-10-09,39.12515640258789
2013-10-10,40.61901092529297
2013-10-11,41.36283493041992
2013-10-14,42.70792007446289
2013-10-15,42.348384857177734
2013-10-16,42.96823501586914
2013-10-17,43.67488098144531
2013-10-18,44.48069763183594
2013-10-21,44.82161331176758
2013-10-22,44.77201461791992
2013-10-23,43.45793914794922
2013-10-24,43.72446823120117
2013-10-25,45.01996994018555
2013-10-28,44.89599609375
2013-10-29,45.08815002441406
2013-10-30,45.37948226928711
2013-10-31,43.16040802001953
2013-11-01,43.29676818847656
2013-11-04,44.6728401184082
2013-11-05,44.12738800048828
2013-11-06,44.23896026611328
2013-11-07,43.53232192993164
2013-11-08,44.42491912841797
2013-11-11,44.356719970703125
2013-11-12,44.71003341674805
2013-11-13,44.90219497680664
2013-11-14,47.01590347290039
2013-11-15,46.82994079589844
2013-11-18,46.03032302856445
2013-11-19,45.62742233276367
2013-11-20,45.83197784423828
2013-11-21,46.383644104003906
2013-11-22,46.56959533691406
2013-11-25,46.371253967285156
2013-11-26,46.40224075317383
2013-11-27,47.22663879394531
2013-11-29,46.51381301879883
2013-12-02,46.76175308227539
2013-12-03,46.81753921508789
2013-12-04,48.08205032348633
2013-12-05,47.59235382080078
2013-12-06,48.91264343261719
2013-12-09,48.84446716308594
2013-12-10,49.17298889160156
2013-12-11,48.25559997558594
2013-12-12,48.88165283203125
2013-12-13,48.999420166015625
2013-12-16,50.61723709106445
2013-12-17,51.69579315185547
2013-12-18,50.88998031616211
2013-12-19,50.88998031616211
2013-12-20,51.24949645996094
2013-12-23,51.218505859375
2013-12-24,51.3615837097168
2013-12-26,51.68507385253906
2013-12-27,51.523338317871094
2013-12-30,52.00237274169922
2013-12-31,52.195228576660156
2014-01-02,51.43624496459961
2014-01-03,51.809513092041016
2014-01-06,51.56687927246094
2014-01-07,53.283912658691406
2014-01-08,53.75672149658203
2014-01-09,52.82977294921875
2014-01-10,53.165714263916016
2014-01-13,52.63692092895508
2014-01-14,54.677433013916016
2014-01-15,55.35554885864258
2014-01-16,55.33688735961914
2014-01-17,55.25602340698242
2014-01-21,55.280887603759766
2014-01-22,54.795654296875
2014-01-23,54.15488052368164
2014-01-24,52.879547119140625
2014-01-27,52.624473571777344
2014-01-28,51.86549758911133
2014-01-29,52.38184356689453
2014-01-30,54.08643341064453
2014-01-31,53.60740661621094
2014-02-03,51.94636917114258
2014-02-04,51.94636917114258
2014-02-05,51.473567962646484
2014-02-06,51.85304641723633
2014-02-07,52.68046951293945
2014-02-10,52.68669128417969
2014-02-11,52.79865646362305
2014-02-12,53.54520034790039
2014-02-13,53.91847229003906
2014-02-14,53.943355560302734
2014-02-18,53.71318054199219
2014-02-19,53.15948486328125
2014-02-20,53.65096664428711
2014-02-21,54.75209045410156
2014-02-24,55.11913299560547
2014-02-25,54.615234375
2014-02-26,55.542179107666016
2014-02-27,55.00716018676758
2014-02-28,54.11753845214844
2014-03-03,54.68366622924805
2014-03-04,55.218685150146484
2014-03-05,54.95117950439453
2014-03-06,53.9495849609375
2014-03-07,52.4129524230957
2014-03-10,52.947959899902344
2014-03-11,51.76595687866211
2014-03-12,52.35697555541992
2014-03-13,52.38808059692383
2014-03-14,52.89197540283203
2014-03-17,52.966636657714844
2014-03-18,53.700721740722656
2014-03-19,53.42078399658203
2014-03-20,54.739654541015625
2014-03-21,55.13158416748047
2014-03-24,54.73343276977539
2014-03-25,55.89678955078125
2014-03-26,55.759456634521484
2014-03-27,55.990413665771484
2014-03-28,55.80940246582031
2014-03-31,57.313720703125
2014-04-01,58.38731002807617
2014-04-02,58.76185607910156
2014-04-03,58.33740234375
2014-04-04,56.48976516723633
2014-04-07,55.928001403808594
2014-04-08,56.789390563964844
2014-04-09,56.95792007446289
2014-04-10,55.03538513183594
2014-04-11,55.06035614013672
2014-04-14,56.39613723754883
2014-04-15,55.784420013427734
2014-04-16,56.35244369506836
2014-04-17,56.83308410644531
2014-04-21,57.58835220336914
2014-04-22,57.48224639892578
2014-04-23,56.45231628417969
2014-04-24,56.05282974243164
2014-04-25,54.78569793701172
2014-04-28,54.635902404785156
2014-04-29,54.58597946166992
2014-04-30,54.97922134399414
2014-05-01,51.35888671875
2014-05-02,52.23275375366211
2014-05-05,52.370086669921875
2014-05-06,52.688419342041016
2014-05-07,52.026756286621094
2014-05-08,52.17658233642578
2014-05-09,51.15289306640625
2014-05-12,51.471221923828125
2014-05-13,51.55861282348633
2014-05-14,53.26266860961914
2014-05-15,53.24394607543945
2014-05-16,53.62470626831055
2014-05-19,53.25019073486328
2014-05-20,52.332618713378906
2014-05-21,52.22027587890625
2014-05-22,52.207786560058594
2014-05-23,52.95056915283203
2014-05-27,54.567237854003906
2014-05-28,54.429927825927734
2014-05-29,54.38623809814453
2014-05-30,54.83563995361328
2014-06-02,54.71704864501953
2014-06-03,54.8606071472168
2014-06-04,55.64710235595703
2014-06-05,57.394859313964844
2014-06-06,57.52593994140625
2014-06-09,57.20135498046875
2014-06-10,56.66455841064453
2014-06-11,56.61461639404297
2014-06-12,56.015384674072266
2014-06-13,57.50096130371094
2014-06-16,57.08900451660156
2014-06-17,57.62580871582031
2014-06-18,58.04403305053711
2014-06-19,56.97663879394531
2014-06-20,57.08900451660156
2014-06-23,57.17014694213867
2014-06-24,56.56468963623047
2014-06-25,57.64305877685547
2014-06-26,57.6116943359375
2014-06-27,58.244930267333984
2014-06-30,57.86874771118164
2014-07-01,59.223018646240234
2014-07-02,60.138362884521484
2014-07-03,60.527099609375
2014-07-07,60.01924133300781
2014-07-08,59.160308837890625
2014-07-09,59.1226921081543
2014-07-10,59.8186149597168
2014-07-11,61.298255920410156
2014-07-14,61.71204376220703
2014-07-15,61.88758850097656
2014-07-16,63.46755599975586
2014-07-17,61.536502838134766
2014-07-18,62.35781478881836
2014-07-21,62.088199615478516
2014-07-22,62.796688079833984
2014-07-23,62.445579528808594
2014-07-24,62.445579528808594
2014-07-25,62.29512023925781
2014-07-28,63.2042121887207
2014-07-29,63.191680908203125
2014-07-30,63.4299430847168
2014-07-31,62.627418518066406
2014-08-01,62.884464263916016
2014-08-04,64.01300048828125
2014-08-05,63.73087692260742
2014-08-06,63.87507247924805
2014-08-07,63.69952392578125
2014-08-08,63.511436462402344
2014-08-11,63.28572082519531
2014-08-12,62.38916778564453
2014-08-13,62.9471549987793
2014-08-14,62.922088623046875
2014-08-15,63.085105895996094
2014-08-18,63.223018646240234
2014-08-19,62.70265197753906
2014-08-20,62.84682083129883
2014-08-21,63.13526916503906
2014-08-22,63.323326110839844
2014-08-25,63.89387130737305
2014-08-26,63.91895294189453
2014-08-27,64.39544677734375
2014-08-28,63.99419021606445
2014-08-29,64.58354949951172
2014-09-02,63.95030975341797
2014-09-03,63.787296295166016
2014-09-04,63.291988372802734
2014-09-05,63.273197174072266
2014-09-08,62.97224807739258
2014-09-09,62.60233688354492
2014-09-10,62.627418518066406
2014-09-11,62.7340087890625
2014-09-12,62.627418518066406
2014-09-15,61.16032409667969
2014-09-16,61.50515365600586
2014-09-17,61.32958221435547
2014-09-18,62.433040618896484
2014-09-19,61.76848602294922
2014-09-22,61.56784439086914
2014-09-23,60.82801818847656
2014-09-24,61.661895751953125
2014-09-25,60.30764389038086
2014-09-26,60.997314453125
2014-09-29,60.34526062011719
2014-09-30,61.01609420776367
2014-10-01,59.542964935302734
2014-10-02,59.876644134521484
2014-10-03,60.05918502807617
2014-10-06,59.61849594116211
2014-10-07,58.743431091308594
2014-10-08,60.22288131713867
2014-10-09,58.79381561279297
2014-10-10,56.949222564697266
2014-10-13,54.43730163574219
2014-10-14,54.0595817565918
2014-10-15,53.5748291015625
2014-10-16,53.87700653076172
2014-10-17,54.67024612426758
2014-10-20,55.29349899291992
2014-10-21,57.08771514892578
2014-10-22,56.200050354003906
2014-10-23,57.03105926513672
2014-10-24,57.71725845336914
2014-10-27,58.51679229736328
2014-10-28,58.598636627197266
2014-10-29,60.304710388183594
2014-10-30,59.927001953125
2014-10-31,61.928958892822266
2014-11-03,63.42729187011719
2014-11-04,62.95514678955078
2014-11-05,63.76095962524414
2014-11-06,61.61420822143555
2014-11-07,61.50718307495117
2014-11-10,61.46940231323242
2014-11-11,61.03499221801758
2014-11-12,61.463104248046875
2014-11-13,61.58903121948242
2014-11-14,61.95415115356445
2014-11-17,62.0359992980957
2014-11-18,63.20066833496094
2014-11-19,62.898460388183594
2014-11-20,64.06945037841797
2014-11-21,64.02536010742188
2014-11-24,64.69270324707031
2014-11-25,64.61085510253906
2014-11-26,65.26559448242188
2014-11-28,65.0137710571289
2014-12-01,64.30865478515625
2014-12-02,64.6675033569336
2014-12-03,64.93193817138672
2014-12-04,65.29706573486328
2014-12-05,66.14696502685547
2014-12-08,66.1343765258789
2014-12-09,67.86563110351562
2014-12-10,67.50679016113281
2014-12-11,68.01673126220703
2014-12-12,66.49949645996094
2014-12-15,66.35470581054688
2014-12-16,65.78179931640625
2014-12-17,67.9600601196289
2014-12-18,70.73638153076172
2014-12-19,71.69329071044922
2014-12-22,71.9450912475586
2014-12-23,71.32815551757812
2014-12-24,71.20855712890625
2014-12-26,71.19596862792969
2014-12-29,71.16448974609375
2014-12-30,70.95599365234375
2014-12-31,69.93883514404297
2015-01-02,69.76824188232422
2015-01-05,68.84581756591797
2015-01-06,67.3105697631836
2015-01-07,68.32145690917969
2015-01-08,69.73664855957031
2015-01-09,70.89912414550781
2015-01-12,69.69873809814453
2015-01-13,69.10486602783203
2015-01-14,68.7194595336914
2015-01-15,66.14810943603516
2015-01-16,67.20317840576172
2015-01-20,67.34217071533203
2015-01-21,67.3674545288086
2015-01-22,66.52084350585938
2015-01-23,67.03258514404297
2015-01-26,63.7978515625
2015-01-27,61.681373596191406
2015-01-28,63.07128143310547
2015-01-29,63.84839630126953
2015-01-30,61.428653717041016
2015-02-02,62.18046569824219
2015-02-03,63.61464309692383
2015-02-04,65.73113250732422
2015-02-05,65.77534484863281
2015-02-06,65.3267822265625
2015-02-09,64.82134246826172
2015-02-10,65.75638580322266
2015-02-11,67.02629089355469
2015-02-12,67.72125244140625
2015-02-13,67.986572265625
2015-02-17,67.45588684082031
2015-02-18,68.86479187011719
2015-02-19,69.3954849243164
2015-02-20,70.3241958618164
2015-02-23,70.18519592285156
2015-02-24,68.84581756591797
2015-02-25,67.0641860961914
2015-02-26,67.81600189208984
2015-02-27,67.58857727050781
2015-03-02,68.7258071899414
2015-03-03,66.69776153564453
2015-03-04,66.56507110595703
2015-03-05,66.57772064208984
2015-03-06,64.77710723876953
2015-03-09,64.80868530273438
2015-03-10,62.79328918457031
2015-03-11,61.84560775756836
2015-03-12,62.26891326904297
2015-03-13,61.403358459472656
2015-03-16,62.04147720336914
2015-03-17,61.04324722290039
2015-03-18,61.839290618896484
2015-03-19,62.73644256591797
2015-03-20,63.45668411254883
2015-03-23,62.951263427734375
2015-03-24,61.87722396850586
2015-03-25,59.7796745300293
2015-03-26,59.16053009033203
2015-03-27,58.58561325073242
2015-03-30,58.71195602416992
2015-03-31,57.80997085571289
2015-04-01,58.66114807128906
2015-04-02,59.07402420043945
2015-04-06,59.19472885131836
2015-04-07,59.77911376953125
2015-04-08,59.65207290649414
2015-04-09,59.7219352722168
2015-04-10,60.90978240966797
2015-04-13,60.66203308105469
2015-04-14,61.081275939941406
2015-04-15,62.91066360473633
2015-04-16,62.1420783996582
2015-04-17,63.164737701416016
2015-04-20,64.52409362792969
2015-04-21,63.317195892333984
2015-04-22,63.717384338378906
2015-04-23,63.69198226928711
2015-04-24,63.361656188964844
2015-04-27,62.82172775268555
2015-04-28,62.1865348815918
2015-04-29,60.871665954589844
2015-04-30,62.084877014160156
2015-05-01,63.094871520996094
2015-05-04,63.2092170715332
2015-05-05,61.4814567565918
2015-05-06,60.261871337890625
2015-05-07,60.242801666259766
2015-05-08,61.31630325317383
2015-05-11,61.01138687133789
2015-05-12,60.95423126220703
2015-05-13,60.95423126220703
2015-05-14,62.51047897338867
2015-05-15,62.04043960571289
2015-05-18,62.1674690246582
2015-05-19,60.719215393066406
2015-05-20,60.23644256591797
2015-05-21,60.50324249267578
2015-05-22,60.49053192138672
2015-05-26,59.20106887817383
2015-05-27,59.94425964355469
2015-05-28,63.03135681152344
2015-05-29,61.843528747558594
2015-06-01,61.69744110107422
2015-06-02,61.58308029174805
2015-06-03,62.33897399902344
2015-06-04,60.598506927490234
2015-06-05,60.261871337890625
2015-06-08,58.819950103759766
2015-06-09,58.46424102783203
2015-06-10,59.45514678955078
2015-06-11,60.00143814086914
2015-06-12,59.08039093017578
2015-06-15,58.280033111572266
2015-06-16,57.83538055419922
2015-06-17,58.45152282714844
2015-06-18,58.70560836791992
2015-06-19,57.81632995605469
2015-06-22,58.184757232666016
2015-06-23,56.29182815551758
2015-06-24,55.72650909423828
2015-06-25,54.59583282470703
2015-06-26,53.643028259277344
2015-06-29,52.06135559082031
2015-06-30,50.11849594116211
2015-07-01,50.770389556884766
2015-07-02,51.68429946899414
2015-07-06,51.01324462890625
2015-07-07,51.01324462890625
2015-07-08,50.04819869995117
2015-07-09,49.43465042114258
2015-07-10,49.274879455566406
2015-07-13,49.664730072021484
2015-07-14,50.08014678955078
2015-07-15,50.291053771972656
2015-07-16,50.418880462646484
2015-07-17,50.444435119628906
2015-07-20,50.092933654785156
2015-07-21,50.291053771972656
2015-07-22,50.182395935058594
2015-07-23,49.786163330078125
2015-07-24,49.37713623046875
2015-07-27,48.88502502441406
2015-07-28,49.68390655517578
2015-07-29,50.329410552978516
2015-07-30,55.24410629272461
2015-07-31,55.001251220703125
2015-08-03,54.867034912109375
2015-08-04,53.93394470214844
2015-08-05,54.125667572021484
2015-08-06,53.80613327026367
2015-08-07,53.37153625488281
2015-08-10,54.298240661621094
2015-08-11,53.16702651977539
2015-08-12,53.14784622192383
2015-08-13,52.13167953491211
2015-08-14,52.72602844238281
2015-08-17,53.42905044555664
2015-08-18,53.243709564208984
2015-08-19,52.22114181518555
2015-08-20,50.99407196044922
2015-08-21,50.770389556884766
2015-08-24,49.15983963012695
2015-08-25,48.03500747680664
2015-08-26,50.252708435058594
2015-08-27,52.02940368652344
2015-08-28,51.946346282958984
2015-08-31,52.38092041015625
2015-09-01,51.4158821105957
2015-09-02,51.863250732421875
2015-09-03,52.2786750793457
2015-09-04,51.14105987548828
2015-09-08,53.62077713012695
2015-09-09,52.655738830566406
2015-09-10,51.92076110839844
2015-09-11,51.46699523925781
2015-09-14,51.537296295166016
2015-09-15,51.60121154785156
2015-09-16,51.86963653564453
2015-09-17,51.59483337402344
2015-09-18,48.48878479003906
2015-09-21,48.738033294677734
2015-09-22,46.04740524291992
2015-09-23,45.657554626464844
2015-09-24,45.63199234008789
2015-09-25,45.03761672973633
2015-09-28,43.618812561035156
2015-09-29,44.33460235595703
2015-09-30,51.13896942138672
2015-10-01,50.141170501708984
2015-10-02,51.13896942138672
2015-10-05,52.87708282470703
2015-10-06,53.443580627441406
2015-10-07,54.3898811340332
2015-10-08,54.892005920410156
2015-10-09,55.361934661865234
2015-10-12,54.7246208190918
2015-10-13,54.31263732910156
2015-10-14,53.55302047729492
2015-10-15,52.220458984375
2015-10-16,51.19047546386719
2015-10-19,51.8084716796875
2015-10-20,48.19063186645508
2015-10-21,45.98902893066406
2015-10-22,45.036293029785156
2015-10-23,44.63716506958008
2015-10-26,43.23380661010742
2015-10-27,43.24024200439453
2015-10-28,43.46556091308594
2015-10-29,43.6586799621582
2015-10-30,43.01493835449219
2015-11-02,43.67155075073242
2015-11-03,44.11574172973633
2015-11-04,44.12862014770508
2015-11-05,43.6779899597168
2015-11-06,43.70374298095703
2015-11-09,42.87974548339844
2015-11-10,40.92921829223633
2015-11-11,40.298336029052734
2015-11-12,40.16958999633789
2015-11-13,38.77265930175781
2015-11-16,39.68678665161133
2015-11-17,40.20820999145508
2015-11-18,41.35407638549805
2015-11-19,39.91852951049805
2015-11-20,39.725399017333984
2015-11-23,39.474342346191406
2015-11-24,39.80265426635742
2015-11-25,39.673912048339844
2015-11-27,39.73827362060547
2015-11-30,40.176025390625
2015-12-01,41.15451431274414
2015-12-02,40.16958999633789
2015-12-03,40.95496368408203
2015-12-04,41.57295227050781
2015-12-07,40.79402160644531
2015-12-08,41.1995735168457
2015-12-09,40.523651123046875
2015-12-10,40.7811393737793
2015-12-11,39.96358871459961
2015-12-14,38.22547912597656
2015-12-15,39.19110107421875
2015-12-16,39.24259567260742
2015-12-17,38.238365173339844
2015-12-18,37.8907356262207
2015-12-21,38.01948547363281
2015-12-22,38.425048828125
2015-12-23,38.830604553222656
2015-12-24,39.409969329833984
2015-12-28,38.81772994995117
2015-12-29,39.63562774658203
2015-12-30,39.65509796142578
2015-12-31,38.980003356933594
2016-01-04,39.20719909667969
2016-01-05,39.03843688964844
2016-01-06,38.168609619140625
2016-01-07,37.5389518737793
2016-01-08,35.955081939697266
2016-01-11,34.273841857910156
2016-01-12,33.98823165893555
2016-01-13,32.44981002807617
2016-01-14,31.969451904296875
2016-01-15,30.66470718383789
2016-01-19,30.151899337768555
2016-01-20,29.723478317260742
2016-01-21,28.522594451904297
2016-01-22,29.04838752746582
2016-01-25,27.568374633789062
2016-01-26,29.431367874145508
2016-01-27,28.347328186035156
2016-01-28,29.65856170654297
2016-01-29,31.145063400268555
2016-02-01,31.930505752563477
2016-02-02,30.437509536743164
2016-02-03,31.184009552001953
2016-02-04,31.898046493530273
2016-02-05,29.7689151763916
2016-02-08,27.204870223999023
2016-02-09,26.08188247680664
2016-02-10,26.114336013793945
2016-02-11,26.029945373535156
2016-02-12,26.66609764099121
2016-02-16,27.769609451293945
2016-02-17,28.100662231445312
2016-02-18,28.827678680419922
2016-02-19,28.639434814453125
2016-02-22,29.924705505371094
2016-02-23,27.76310920715332
2016-02-24,28.509607315063477
2016-02-25,28.555051803588867
2016-02-26,28.490137100219727
2016-02-29,28.25644874572754
2016-03-01,29.924705505371094
2016-03-02,30.736112594604492
2016-03-03,31.586467742919922
2016-03-04,31.71628761291504
2016-03-07,32.50173568725586
2016-03-08,30.14541244506836
2016-03-09,30.79452896118164
2016-03-10,31.08663558959961
2016-03-11,32.37840270996094
2016-03-14,31.2813777923584
2016-03-15,29.60662841796875
2016-03-16,29.944185256958008
2016-03-17,29.85979461669922
2016-03-18,31.82015037536621
2016-03-21,31.995424270629883
2016-03-22,33.32611846923828
2016-03-23,31.625417709350586
2016-03-24,31.235939025878906
2016-03-28,31.20997428894043
2016-03-29,31.365764617919922
2016-03-30,30.26382827758789
2016-03-31,30.985336303710938
2016-04-01,30.565547943115234
2016-04-04,30.349102020263672
2016-04-05,28.94544219970703
2016-04-06,29.332427978515625
2016-04-07,28.36823844909668
2016-04-08,28.269851684570312
2016-04-11,29.01103401184082
2016-04-12,28.840499877929688
2016-04-13,29.38491439819336
2016-04-14,27.43028450012207
2016-04-15,26.55792236328125
2016-04-18,26.9121150970459
2016-04-19,27.102325439453125
2016-04-20,28.387920379638672
2016-04-21,28.43383026123047
2016-04-22,28.637165069580078
2016-04-25,28.427274703979492
2016-04-26,29.214370727539062
2016-04-27,30.22447967529297
2016-04-28,30.21135711669922
2016-04-29,26.80716323852539
2016-05-02,26.794048309326172
2016-05-03,25.816736221313477
2016-05-04,25.97416114807129
2016-05-05,25.009963989257812
2016-05-06,24.44588279724121
2016-05-09,24.242549896240234
2016-05-10,25.167383193969727
2016-05-11,24.098249435424805
2016-05-12,23.8489990234375
2016-05-13,23.245559692382812
2016-05-16,23.330829620361328
2016-05-17,24.10481071472168
2016-05-18,25.226415634155273
2016-05-19,25.167383193969727
2016-05-20,25.947921752929688
2016-05-23,26.538240432739258
2016-05-24,27.73200798034668
2016-05-25,28.95856285095215
2016-05-26,29.10942840576172
2016-05-27,29.509532928466797
2016-05-31,30.52618980407715
2016-06-01,31.241134643554688
2016-06-02,31.73307228088379
2016-06-03,31.332956314086914
2016-06-06,31.4969482421875
2016-06-07,32.62511444091797
2016-06-08,32.310272216796875
2016-06-09,31.59534454345703
2016-06-10,30.729524612426758
2016-06-13,30.35565948486328
2016-06-14,30.434370040893555
2016-06-15,30.342540740966797
2016-06-16,30.447494506835938
2016-06-17,30.55898666381836
2016-06-20,31.22802734375
2016-06-21,32.054481506347656
2016-06-22,31.713409423828125
2016-06-23,33.32695007324219
2016-06-24,31.378881454467773
2016-06-27,27.666414260864258
2016-06-28,28.93232536315918
2016-06-29,30.25255584716797
2016-06-30,31.35385513305664
2016-07-01,30.829748153686523
2016-07-05,29.66873550415039
2016-07-06,30.159677505493164
2016-07-07,31.619232177734375
2016-07-08,32.74043273925781
2016-07-11,32.826683044433594
2016-07-12,34.392391204833984
2016-07-13,34.505165100097656
2016-07-14,34.33267593383789
2016-07-15,34.27296829223633
2016-07-18,34.57814025878906
2016-07-19,33.96778106689453
2016-07-20,34.41228103637695
2016-07-21,34.266326904296875
2016-07-22,34.763912200927734
2016-07-25,34.54496765136719
2016-07-26,35.65290069580078
2016-07-27,35.45387268066406
2016-07-28,35.626365661621094
2016-07-29,31.519716262817383
2016-08-01,30.564369201660156
2016-08-02,29.887670516967773
2016-08-03,29.708538055419922
2016-08-04,29.39009666442871
2016-08-05,30.133132934570312
2016-08-08,30.086702346801758
2016-08-09,30.04026222229004
2016-08-10,28.640417098999023
2016-08-11,29.118083953857422
2016-08-12,29.396732330322266
2016-08-15,30.411785125732422
2016-08-16,30.371980667114258
2016-08-17,29.67538070678711
2016-08-18,30.391881942749023
2016-08-19,30.915990829467773
2016-08-22,30.610811233520508
2016-08-23,30.84964942932129
2016-08-24,30.126502990722656
2016-08-25,30.809852600097656
2016-08-26,31.13492202758789
2016-08-29,31.23443603515625
2016-08-30,31.24770736694336
2016-08-31,30.96244239807129
2016-09-01,30.730228424072266
2016-09-02,31.161460876464844
2016-09-06,31.546255111694336
2016-09-07,35.36099624633789
2016-09-08,35.47378158569336
2016-09-09,34.226524353027344
2016-09-12,34.70419692993164
2016-09-13,34.743995666503906
2016-09-14,34.49188995361328
2016-09-15,35.34772491455078
2016-09-16,36.44902801513672
2016-09-19,36.24335861206055
2016-09-20,36.10403823852539
2016-09-21,37.23850631713867
2016-09-22,37.198699951171875
2016-09-23,37.1058235168457
2016-09-26,37.82233428955078
2016-09-27,39.0496826171875
2016-09-28,38.815494537353516
2016-09-29,38.98945999145508
2016-09-30,39.123294830322266
2016-10-03,39.384239196777344
2016-10-04,39.27050018310547
2016-10-05,39.63850402832031
2016-10-06,38.84225845336914
2016-10-07,39.257110595703125
2016-10-10,39.65189743041992
2016-10-11,37.88541793823242
2016-10-12,37.7582893371582
2016-10-13,36.98880386352539
2016-10-14,36.69439697265625
2016-10-17,35.58365249633789
2016-10-18,36.125648498535156
2016-10-19,35.86468505859375
2016-10-20,36.03865432739258
2016-10-21,35.51005172729492
2016-10-24,35.8111572265625
2016-10-25,35.88475799560547
2016-10-26,37.818511962890625
2016-10-27,39.86601257324219
2016-10-28,39.618438720703125
2016-10-31,39.10321044921875
2016-11-01,38.30027389526367
2016-11-02,36.93526840209961
2016-11-03,36.89512634277344
2016-11-04,36.8148307800293
2016-11-07,38.58799743652344
2016-11-08,38.31365203857422
2016-11-09,38.46086120605469
2016-11-10,38.03261947631836
2016-11-11,39.40431594848633
2016-11-14,39.79909896850586
2016-11-15,39.95299530029297
2016-11-16,39.83255386352539
2016-11-17,39.34409713745117
2016-11-18,40.76931381225586
2016-11-21,40.92991256713867
2016-11-22,40.94329071044922
2016-11-23,40.84291458129883
2016-11-25,41.2109375
2016-11-28,41.66593933105469
2016-11-29,41.93357849121094
2016-11-30,42.596004486083984
2016-12-01,41.22431945800781
2016-12-02,42.388580322265625
2016-12-05,41.545494079589844
2016-12-06,42.723140716552734
2016-12-07,46.26946258544922
2016-12-08,45.66726303100586
2016-12-09,45.305931091308594
2016-12-12,44.35578155517578
2016-12-13,45.43305969238281
2016-12-14,44.944610595703125
2016-12-15,45.42636489868164
2016-12-16,44.95130157470703
2016-12-19,45.74085235595703
2016-12-20,46.1356315612793
2016-12-21,46.31630325317383
2016-12-22,46.9653434753418
2016-12-23,47.07240676879883
2016-12-27,46.951961517333984
2016-12-28,46.641963958740234
2016-12-29,46.11629867553711
2016-12-30,45.792816162109375
2017-01-03,46.790218353271484
2017-01-04,47.538265228271484
2017-01-05,47.545005798339844
2017-01-06,47.43044662475586
2017-01-09,48.4278450012207
2017-01-10,47.740447998046875
2017-01-11,48.15153503417969
2017-01-12,47.6797981262207
2017-01-13,47.84827423095703
2017-01-17,48.266109466552734
2017-01-18,49.35784912109375
2017-01-19,48.299800872802734
2017-01-20,48.94676971435547
2017-01-23,48.960243225097656
2017-01-24,51.224605560302734
2017-01-25,53.92702865600586
2017-01-26,52.882450103759766
2017-01-27,53.590065002441406
2017-01-30,53.38788604736328
2017-01-31,53.73158645629883
2017-02-01,53.34746170043945
2017-02-02,53.394622802734375
2017-02-03,53.32722854614258
2017-02-06,53.19919967651367
2017-02-07,53.27332305908203
2017-02-08,51.94570541381836
2017-02-09,52.59941482543945
2017-02-10,52.134403228759766
2017-02-13,52.882450103759766
2017-02-14,51.494178771972656
2017-02-15,51.224605560302734
2017-02-16,51.184165954589844
2017-02-17,50.483299255371094
2017-02-21,50.476558685302734
2017-02-22,50.186771392822266
2017-02-23,50.267642974853516
2017-02-24,50.30808639526367
2017-02-27,51.28526306152344
2017-02-28,51.810916900634766
2017-03-01,52.7813606262207
2017-03-02,51.40656280517578
2017-03-03,52.255706787109375
2017-03-06,51.75700759887695
2017-03-07,51.75700759887695
2017-03-08,51.52113342285156
2017-03-09,50.045249938964844
2017-03-10,50.543941497802734
2017-03-13,51.01569366455078
2017-03-14,51.01569366455078
2017-03-15,51.703094482421875
2017-03-16,51.98613357543945
2017-03-17,51.80418395996094
2017-03-20,51.500911712646484
2017-03-21,49.3443717956543
2017-03-22,50.49677658081055
2017-03-23,51.345909118652344
2017-03-24,52.687007904052734
2017-03-27,52.94984817504883
2017-03-28,54.29093933105469
2017-03-29,55.19286346435547
2017-03-30,56.79323196411133
2017-03-31,55.96592330932617
2017-04-03,55.70145034790039
2017-04-04,56.27785873413086
2017-04-05,56.08119583129883
2017-04-06,57.02379608154297
2017-04-07,57.75617980957031
2017-04-10,57.49171447753906
2017-04-11,58.352935791015625
2017-04-12,57.10517883300781
2017-04-13,56.62370300292969
2017-04-17,57.07126998901367
2017-04-18,56.196475982666016
2017-04-19,56.149009704589844
2017-04-20,57.24080276489258
2017-04-21,56.35923385620117
2017-04-24,58.16305160522461
2017-04-25,58.91577911376953
2017-04-26,57.376426696777344
2017-04-27,58.12236022949219
2017-04-28,60.400882720947266
2017-05-01,59.471839904785156
2017-05-02,59.19381332397461
2017-05-03,60.502593994140625
2017-05-04,60.46868133544922
2017-05-05,61.51979064941406
2017-05-08,60.96370315551758
2017-05-09,60.27203369140625
2017-05-10,60.719608306884766
2017-05-11,60.814552307128906
2017-05-12,60.794193267822266
2017-05-15,60.366973876953125
2017-05-16,60.326290130615234
2017-05-17,57.79008483886719
2017-05-18,58.39361572265625
2017-05-19,58.76658630371094
2017-05-22,59.66172790527344
2017-05-23,59.69562530517578
2017-05-24,60.82809829711914
2017-05-25,60.5364990234375
2017-05-26,61.03831100463867
2017-05-30,61.90632629394531
2017-05-31,61.07222366333008
2017-06-01,62.1097526550293
2017-06-02,62.062286376953125
2017-06-05,60.63823318481445
2017-06-06,60.9908447265625
2017-06-07,60.984073638916016
2017-06-08,61.72322463989258
2017-06-09,58.325801849365234
2017-06-12,58.753028869628906
2017-06-13,61.065460205078125
2017-06-14,59.53966522216797
2017-06-15,59.207366943359375
2017-06-16,59.07852554321289
2017-06-19,60.10927963256836
2017-06-20,59.83124542236328
2017-06-21,61.730018615722656
2017-06-22,61.20106506347656
2017-06-23,63.29648971557617
2017-06-26,62.835350036621094
2017-06-27,62.28607177734375
2017-06-28,63.86795425415039
2017-06-29,62.49062728881836
2017-06-30,60.411014556884766
2017-07-03,58.15412521362305
2017-07-05,58.91777801513672
2017-07-06,58.72005081176758
2017-07-07,59.27915573120117
2017-07-10,60.86784362792969
2017-07-11,62.55880355834961
2017-07-12,64.18157958984375
2017-07-13,63.27473068237305
2017-07-14,64.39293670654297
2017-07-17,64.4815902709961
2017-07-18,64.27704620361328
2017-07-19,64.42023468017578
2017-07-20,64.78160858154297
2017-07-21,64.65206146240234
2017-07-24,64.51569366455078
2017-07-25,63.92249298095703
2017-07-26,63.38383865356445
2017-07-27,62.66109848022461
2017-07-28,57.93593215942383
2017-07-31,58.038204193115234
2017-08-01,58.41322708129883
2017-08-02,57.526832580566406
2017-08-03,57.62228775024414
2017-08-04,55.344947814941406
2017-08-07,55.20857620239258
2017-08-08,55.46084976196289
2017-08-09,55.22220993041992
2017-08-10,53.99489974975586
2017-08-11,54.479000091552734
2017-08-14,56.4767951965332
2017-08-15,57.15182113647461
2017-08-16,58.53595733642578
2017-08-17,56.2381477355957
2017-08-18,56.72908020019531
2017-08-21,57.17908477783203
2017-08-22,59.0814208984375
2017-08-23,60.21327590942383
2017-08-24,60.99058151245117
2017-08-25,61.536048889160156
2017-08-28,61.747432708740234
2017-08-29,61.41331100463867
2017-08-30,61.570133209228516
2017-08-31,60.186004638671875
2017-09-01,61.64513397216797
2017-09-05,61.02467727661133
2017-09-06,61.0655632019043
2017-09-07,60.28828048706055
2017-09-08,59.320068359375
2017-09-11,59.57916259765625
2017-09-12,60.53373336791992
2017-09-13,58.4609489440918
2017-09-14,58.49504089355469
2017-09-15,60.35646057128906
2017-09-18,60.806488037109375
2017-09-19,61.31104278564453
2017-09-20,58.8905143737793
2017-09-21,58.290489196777344
2017-09-22,58.96551513671875
2017-09-25,58.6995964050293
2017-09-26,58.829139709472656
2017-09-27,60.492835998535156
2017-09-28,59.45741653442383
2017-09-29,59.24485397338867
2017-10-02,57.18088150024414
2017-10-03,56.91345977783203
2017-10-04,57.83915710449219
2017-10-05,57.31116485595703
2017-10-06,57.49630355834961
2017-10-09,57.784297943115234
2017-10-10,58.9774284362793
2017-10-11,58.709999084472656
2017-10-12,58.80599594116211
2017-10-13,60.20484924316406
2017-10-16,59.539710998535156
2017-10-17,58.81971740722656
2017-10-18,58.627716064453125
2017-10-19,58.614013671875
2017-10-20,59.251708984375
2017-10-23,60.335113525390625
2017-10-24,60.266544342041016
2017-10-25,59.855140686035156
2017-10-26,61.28824996948242
2017-10-27,59.73170852661133
2017-10-30,58.82657241821289
2017-10-31,61.21282196044922
2017-11-01,61.19225311279297
2017-11-02,60.75339889526367
2017-11-03,59.66312789916992
2017-11-06,60.23912048339844
2017-11-07,59.03228759765625
2017-11-08,59.73855209350586
2017-11-09,60.08826446533203
2017-11-10,60.97282409667969
2017-11-13,60.6436882019043
2017-11-14,62.79679870605469
2017-11-15,61.960243225097656
2017-11-16,62.5430908203125
2017-11-17,62.60480499267578
2017-11-20,62.31681442260742
2017-11-21,63.32477951049805
2017-11-22,63.70879364013672
2017-11-24,63.61964797973633
2017-11-27,59.34770584106445
2017-11-28,59.580848693847656
2017-11-29,55.542057037353516
2017-11-30,54.07463836669922
2017-12-01,54.4174919128418
2017-12-04,52.87466049194336
2017-12-05,53.868934631347656
2017-12-06,53.388938903808594
2017-12-07,53.72493362426758
2017-12-08,55.86433029174805
2017-12-11,55.67918395996094
2017-12-12,56.070037841796875
2017-12-13,57.3454475402832
2017-12-14,56.66659927368164
2017-12-15,55.96718978881836
2017-12-18,57.338592529296875
2017-12-19,57.76372146606445
2017-12-20,56.7557373046875
2017-12-21,55.42546844482422
2017-12-22,55.3226203918457
2017-12-26,54.856346130371094
2017-12-27,55.51462173461914
2017-12-28,55.63881301879883
2017-12-29,54.872955322265625
2018-01-02,56.149383544921875
2018-01-03,57.0394401550293
2018-01-04,56.694454193115234
2018-01-05,57.05324172973633
2018-01-08,56.190792083740234
2018-01-09,55.62501907348633
2018-01-10,55.82510757446289
2018-01-11,56.74966049194336
2018-01-12,57.34993362426758
2018-01-16,57.874305725097656
2018-01-17,58.75746536254883
2018-01-18,59.61301803588867
2018-01-19,59.06105422973633
2018-01-22,59.50262451171875
2018-01-23,60.26158905029297
2018-01-24,60.006290435791016
2018-01-25,60.710052490234375
2018-01-26,61.82090759277344
2018-01-29,60.33747863769531
2018-01-30,60.082191467285156
2018-01-31,61.39311599731445
2018-02-01,60.47547149658203
2018-02-02,58.81956100463867
2018-02-05,56.19767761230469
2018-02-06,58.12958908081055
2018-02-07,57.757015228271484
2018-02-08,55.259334564208984
2018-02-09,55.60431671142578
2018-02-12,56.8117561340332
2018-02-13,57.24644088745117
2018-02-14,57.49481964111328
2018-02-15,58.329673767089844
2018-02-16,58.5849609375
2018-02-20,59.65440368652344
2018-02-21,59.109344482421875
2018-02-22,59.01274108886719
2018-02-23,61.50351333618164
2018-02-26,61.5587158203125
2018-02-27,60.158084869384766
2018-02-28,60.05459213256836
2018-03-01,60.21328353881836
2018-03-02,60.88945388793945
2018-03-05,62.062381744384766
2018-03-06,64.7187728881836
2018-03-07,65.7330093383789
2018-03-08,67.07845306396484
2018-03-09,68.6860580444336
2018-03-12,70.96984100341797
2018-03-13,71.00434875488281
2018-03-14,71.20442962646484
2018-03-15,70.5351791381836
2018-03-16,73.44680786132812
2018-03-19,71.17683410644531
2018-03-20,71.52872467041016
2018-03-21,70.95603942871094
2018-03-22,69.56919860839844
2018-03-23,63.71141052246094
2018-03-26,65.04306030273438
2018-03-27,63.60101318359375
2018-03-28,62.99052810668945
2018-03-29,64.01031494140625
2018-04-02,62.42860794067383
2018-04-03,63.274959564208984
2018-04-04,64.17680358886719
2018-04-05,62.80323028564453
2018-04-06,60.888526916503906
2018-04-09,61.43657302856445
2018-04-10,62.93503952026367
2018-04-11,62.17887496948242
2018-04-12,62.782413482666016
2018-04-13,62.387001037597656
2018-04-16,62.79628372192383
2018-04-17,63.385963439941406
2018-04-18,63.61488723754883
2018-04-19,62.09561538696289
2018-04-20,62.13029479980469
2018-04-23,60.354373931884766
2018-04-24,59.95893478393555
2018-04-25,59.605140686035156
2018-04-26,60.98565673828125
2018-04-27,56.10874557495117
2018-04-30,54.65885543823242
2018-05-01,55.35258483886719
2018-05-02,53.25752258300781
2018-05-03,53.403202056884766
2018-05-04,53.61132049560547
2018-05-07,54.4715461730957
2018-05-08,53.92351150512695
2018-05-09,54.4229850769043
2018-05-10,54.83229064941406
2018-05-11,54.66579055786133
2018-05-14,56.275238037109375
2018-05-15,57.56557083129883
2018-05-16,60.36824035644531
2018-05-17,60.02138137817383
2018-05-18,58.79347610473633
2018-05-21,60.028316497802734
2018-05-22,60.95792007446289
2018-05-23,61.394962310791016
2018-05-24,60.67348861694336
2018-05-25,59.903446197509766
2018-05-29,60.00056838989258
2018-05-30,60.028316497802734
2018-05-31,57.93324279785156
2018-06-01,59.57045364379883
2018-06-04,58.862850189208984
2018-06-05,59.591270446777344
2018-06-06,58.77266311645508
2018-06-07,57.30195999145508
2018-06-08,57.315834045410156
2018-06-11,57.57944869995117
2018-06-12,56.968971252441406
2018-06-13,57.482330322265625
2018-06-14,57.26728057861328
2018-06-15,55.91450119018555
2018-06-18,55.685569763183594
2018-06-19,55.85206604003906
2018-06-20,55.6508903503418
2018-06-21,56.11568069458008
2018-06-22,55.276275634765625
2018-06-25,54.20099639892578
2018-06-26,54.46460723876953
2018-06-27,53.62520217895508
2018-06-28,53.715972900390625
2018-06-29,54.05113220214844
2018-07-02,54.49102020263672
2018-07-03,53.67407989501953
2018-07-05,54.08604431152344
2018-07-06,54.414215087890625
2018-07-09,55.636146545410156
2018-07-10,55.91544723510742
2018-07-11,54.595760345458984
2018-07-12,55.05659484863281
2018-07-13,55.52442169189453
2018-07-16,54.76333999633789
2018-07-17,55.154354095458984
2018-07-18,55.00773239135742
2018-07-19,54.08604431152344
2018-07-20,53.51348114013672
2018-07-23,53.331939697265625
2018-07-24,52.445167541503906
2018-07-25,52.80825424194336
2018-07-26,53.82768630981445
2018-07-27,49.6661491394043
2018-07-30,48.898075103759766
2018-07-31,48.981876373291016
2018-08-01,48.3394889831543
2018-08-02,47.84373092651367
2018-08-03,47.452720642089844
2018-08-06,47.690120697021484
2018-08-07,47.306087493896484
2018-08-08,46.81731414794922
2018-08-09,46.160953521728516
2018-08-10,45.23929214477539
2018-08-13,44.84128189086914
2018-08-14,45.378929138183594
2018-08-15,44.65275192260742
2018-08-16,45.427799224853516
2018-08-17,45.12755584716797
2018-08-20,44.701637268066406
2018-08-21,45.309104919433594
2018-08-22,44.701637268066406
2018-08-23,44.233802795410156
2018-08-24,44.55500030517578
2018-08-27,45.01583480834961
2018-08-28,45.15548324584961
2018-08-29,44.26173782348633
2018-08-30,44.18492889404297
2018-08-31,44.15700149536133
2018-09-04,42.0622673034668
2018-09-05,41.901668548583984
2018-09-06,40.351566314697266
2018-09-07,40.281742095947266
2018-09-10,39.83487319946289
2018-09-11,38.38949203491211
2018-09-12,39.49971008300781
2018-09-13,39.86977005004883
2018-09-14,39.77202224731445
2018-09-17,39.92564392089844
2018-09-18,40.568023681640625
2018-09-19,40.770503997802734
2018-09-20,41.92959976196289
2018-09-21,42.39741897583008
2018-09-24,41.83882141113281
2018-09-25,41.67125701904297
2018-09-26,41.154544830322266
2018-09-27,41.0418701171875
2018-09-28,41.224971771240234
2018-10-01,40.8587760925293
2018-10-02,40.64750671386719
2018-10-03,41.098209381103516
2018-10-04,39.8658332824707
2018-10-05,39.54188919067383
2018-10-08,39.189781188964844
2018-10-09,38.32358169555664
2018-10-10,38.13344955444336
2018-10-11,38.11936569213867
2018-10-12,38.31654739379883
2018-10-15,38.379920959472656
2018-10-16,39.478515625
2018-10-17,39.26723861694336
2018-10-18,39.31654357910156
2018-10-19,39.81653594970703
2018-10-22,38.985557556152344
2018-10-23,39.19681930541992
2018-10-24,36.85881805419922
2018-10-25,38.03485870361328
2018-10-26,31.119428634643555
2018-10-29,29.260292053222656
2018-10-30,29.13353157043457
2018-10-31,30.330705642700195
2018-11-01,33.154624938964844
2018-11-02,33.61940383911133
2018-11-05,34.05602264404297
2018-11-06,34.43630599975586
2018-11-07,34.175743103027344
2018-11-08,33.49264144897461
2018-11-09,32.20391845703125
2018-11-12,30.605342864990234
2018-11-13,31.471538543701172
2018-11-14,31.72505760192871
2018-11-15,32.90814971923828
2018-11-16,32.81659698486328
2018-11-19,31.767309188842773
2018-11-20,32.1687126159668
2018-11-21,33.027862548828125
2018-11-23,33.33772659301758
2018-11-26,33.74616622924805
2018-11-27,34.281368255615234
2018-11-28,33.90814208984375
2018-11-29,32.05603790283203
2018-11-30,31.964494705200195
2018-12-03,32.65462875366211
2018-12-04,30.309579849243164
2018-12-06,30.70393943786621
2018-12-07,29.598318099975586
2018-12-10,29.33775520324707
2018-12-11,29.295503616333008
2018-12-12,28.85184669494629
2018-12-13,28.14058494567871
2018-12-14,27.309606552124023
2018-12-17,26.936370849609375
2018-12-18,27.26735496520996
2018-12-19,25.76032829284668
2018-12-20,25.83778953552246
2018-12-21,25.28145980834961
2018-12-24,24.689912796020508
2018-12-26,26.006803512573242
2018-12-27,26.335189819335938
2018-12-28,26.228107452392578
2018-12-31,26.39229965209961
2019-01-02,27.313207626342773
2019-01-03,25.449974060058594
2019-01-04,26.527938842773438
2019-01-07,27.470260620117188
2019-01-08,27.20612907409668
2019-01-09,28.405454635620117
2019-01-10,28.419729232788086
2019-01-11,28.576786041259766
2019-01-14,27.170434951782227
2019-01-15,26.899154663085938
2019-01-16,27.00623893737793
2019-01-17,26.03536033630371
2019-01-18,27.98426055908203
2019-01-22,26.813488006591797
2019-01-23,26.8563232421875
2019-01-24,28.65531349182129
2019-01-25,30.811241149902344
2019-01-28,31.410903930664062
2019-01-29,30.375774383544922
2019-01-30,31.289548873901367
2019-01-31,32.11764907836914
2019-02-01,33.552555084228516
2019-02-04,34.15936279296875
2019-02-05,33.845245361328125
2019-02-06,34.266441345214844
2019-02-07,32.73872375488281
2019-02-08,33.34552764892578
2019-02-11,32.78870391845703
2019-02-12,33.7381591796875
2019-02-13,34.045135498046875
2019-02-14,34.252166748046875
2019-02-15,34.016578674316406
2019-02-19,34.266441345214844
2019-02-20,34.59483337402344
2019-02-21,33.688194274902344
2019-02-22,35.33013153076172
2019-02-25,36.66509246826172
2019-02-26,36.38667678833008
2019-02-27,34.65194320678711
2019-02-28,35.90837097167969
2019-03-01,36.879268646240234
2019-03-04,37.557437896728516
2019-03-05,36.22248077392578
2019-03-06,34.35211181640625
2019-03-07,33.54541778564453
2019-03-08,33.895225524902344
2019-03-11,35.45149230957031
2019-03-12,35.087406158447266
2019-03-13,34.973182678222656
2019-03-14,33.966617584228516
2019-03-15,34.337833404541016
2019-03-18,34.47346496582031
2019-03-19,34.18077087402344
2019-03-20,33.67391586303711
2019-03-21,36.96492385864258
2019-03-22,34.54486083984375
2019-03-25,34.187923431396484
2019-03-26,33.60966873168945
2019-03-27,32.39606475830078
2019-03-28,33.0240592956543
2019-03-29,34.69150924682617
2019-04-01,35.59381103515625
2019-04-02,36.36617660522461
2019-04-03,37.54277038574219
2019-04-04,37.102447509765625
2019-04-05,37.564422607421875
2019-04-08,37.23959732055664
2019-04-09,36.1712760925293
2019-04-10,36.58994674682617
2019-04-11,36.69099426269531
2019-04-12,37.41283416748047
2019-04-15,37.43450164794922
2019-04-16,39.188560485839844
2019-04-17,39.30405807495117
2019-04-18,39.982582092285156
2019-04-22,39.13080978393555
2019-04-23,39.30405807495117
2019-04-24,38.9359130859375
2019-04-25,38.22129440307617
2019-04-26,36.7559700012207
2019-04-29,36.43113708496094
2019-04-30,36.90034103393555
2019-05-01,36.669342041015625
2019-05-02,35.91862869262695
2019-05-03,36.669342041015625
2019-05-06,35.774261474609375
2019-05-07,34.077945709228516
2019-05-08,33.709815979003906
2019-05-09,33.5077018737793
2019-05-10,33.10346603393555
2019-05-13,31.03179359436035
2019-05-14,32.215606689453125
2019-05-15,32.836387634277344
2019-05-16,32.54765701293945
2019-05-17,32.215606689453125
2019-05-20,30.281084060668945
2019-05-21,31.363842010498047
2019-05-22,30.454322814941406
2019-05-23,29.94903564453125
2019-05-24,29.580902099609375
2019-05-28,28.570327758789062
2019-05-29,28.628076553344727
2019-05-30,28.483705520629883
2019-05-31,26.866792678833008
2019-06-03,26.765731811523438
2019-06-04,28.252717971801758
2019-06-05,27.357643127441406
2019-06-06,27.422609329223633
2019-06-07,26.664674758911133
2019-06-10,27.415388107299805
2019-06-11,27.725778579711914
2019-06-12,26.159391403198242
2019-06-13,26.953413009643555
2019-06-14,26.224355697631836
2019-06-17,26.181047439575195
2019-06-18,27.50922966003418
2019-06-19,28.03616714477539
2019-06-20,28.613637924194336
2019-06-21,28.90237045288086
2019-06-24,29.616992950439453
2019-06-25,29.667522430419922
2019-06-26,31.83302879333496
2019-06-27,32.526649475097656
2019-06-28,34.71698760986328
2019-07-01,36.2502326965332
2019-07-02,35.28648376464844
2019-07-03,35.00173568725586
2019-07-05,35.425193786621094
2019-07-08,36.41085433959961
2019-07-09,37.58634567260742
2019-07-10,39.4554443359375
2019-07-11,39.616065979003906
2019-07-12,40.37538146972656
2019-07-15,39.89350509643555
2019-07-16,37.593650817871094
2019-07-17,37.593650817871094
2019-07-18,38.6085090637207
2019-07-19,38.30186080932617
2019-07-22,40.382686614990234
2019-07-23,40.871856689453125
2019-07-24,41.879432678222656
2019-07-25,41.59468460083008
2019-07-26,41.25152587890625
2019-07-29,40.7331428527832
2019-07-30,41.31722640991211
2019-07-31,39.34592819213867
2019-08-01,40.528709411621094
2019-08-02,39.71097946166992
2019-08-05,38.51359558105469
2019-08-06,39.11958694458008
2019-08-07,38.57200241088867
2019-08-08,40.302371978759766
2019-08-09,39.616065979003906
2019-08-12,39.550357818603516
2019-08-13,40.59442138671875
2019-08-14,39.74018478393555
2019-08-15,39.47003936767578
2019-08-16,40.29507064819336
2019-08-19,41.799110412597656
2019-08-20,41.025184631347656
2019-08-21,41.14200973510742
2019-08-22,41.55817413330078
2019-08-23,39.886207580566406
2019-08-26,39.89350509643555
2019-08-27,38.447872161865234
2019-08-28,39.017372131347656
2019-08-29,40.214759826660156
2019-08-30,41.81371307373047
2019-09-03,41.95973587036133
2019-09-04,43.3177490234375
2019-09-05,45.230655670166016
2019-09-06,45.4423942565918
2019-09-09,45.81474685668945
2019-09-10,45.464290618896484
2019-09-11,46.94642639160156
2019-09-12,47.23847198486328
2019-09-13,47.165462493896484
2019-09-16,45.98997116088867
2019-09-17,46.66168212890625
2019-09-18,46.4061393737793
2019-09-19,45.741729736328125
2019-09-20,44.303409576416016
2019-09-23,44.52974319458008
2019-09-24,43.50027847290039
2019-09-25,44.573551177978516
2019-09-26,45.121131896972656
2019-09-27,44.16468048095703
2019-09-30,43.54408264160156
2019-10-01,42.777462005615234
2019-10-02,41.48515701293945
2019-10-03,42.56059265136719
2019-10-04,43.14250564575195
2019-10-07,42.715274810791016
2019-10-08,40.89588928222656
2019-10-09,41.63984298706055
2019-10-10,42.23649215698242
2019-10-11,42.98045349121094
2019-10-14,43.66548538208008
2019-10-15,44.79984664916992
2019-10-16,43.79806900024414
2019-10-17,43.915931701660156
2019-10-18,42.81840515136719
2019-10-21,43.164608001708984
2019-10-22,43.356117248535156
2019-10-23,42.46483612060547
2019-10-24,43.84227752685547
2019-10-25,45.10185623168945
2019-10-28,46.206748962402344
2019-10-29,46.25094223022461
2019-10-30,45.78689193725586
2019-10-31,38.045249938964844
2019-11-01,39.651031494140625
2019-11-04,40.483394622802734
2019-11-05,39.87937927246094
2019-11-06,39.57000732421875
2019-11-07,39.21643829345703
2019-11-08,38.31779098510742
2019-11-11,38.29568862915039
2019-11-12,38.70082473754883
2019-11-13,37.581199645996094
2019-11-14,37.10977554321289
2019-11-15,37.0803108215332
2019-11-18,36.468929290771484
2019-11-19,35.00310134887695
2019-11-20,35.72496795654297
2019-11-21,35.23881149291992
2019-11-22,35.69551086425781
2019-11-25,36.653076171875
2019-11-26,35.8796501159668
2019-11-27,37.131874084472656
2019-11-29,37.07294464111328
2019-12-02,35.72496795654297
2019-12-03,35.1430549621582
2019-12-04,34.944175720214844
2019-12-05,34.90734100341797
2019-12-06,36.15219497680664
2019-12-09,35.4008674621582
2019-12-10,36.270050048828125
2019-12-11,37.61802673339844
2019-12-12,39.57737731933594
2019-12-13,39.997230529785156
2019-12-16,41.61775207519531
2019-12-17,42.1628303527832
2019-12-18,42.15546417236328
2019-12-19,43.28982162475586
2019-12-20,45.01346206665039
2019-12-23,46.18464660644531
2019-12-24,45.83845138549805
2019-12-26,46.25831604003906
2019-12-27,45.76478958129883
2019-12-30,45.948936462402344
2019-12-31,46.7518310546875
2020-01-02,48.71931838989258
2020-01-03,47.969444274902344
2020-01-06,47.04881286621094
2020-01-07,50.233909606933594
2020-01-08,50.96150207519531
2020-01-09,50.9466552734375
2020-01-10,50.44178771972656
2020-01-13,51.32530212402344
2020-01-14,51.38469314575195
2020-01-15,49.49888610839844
2020-01-16,50.9837760925293
2020-01-17,50.67937469482422
2020-01-21,51.07286834716797
2020-01-22,50.9837760925293
2020-01-23,52.661705017089844
2020-01-24,51.61486053466797
2020-01-27,49.491458892822266
2020-01-28,50.790740966796875
2020-01-29,49.56570816040039
2020-01-30,49.714195251464844
2020-01-31,48.63022232055664
2020-02-03,49.92207336425781
2020-02-04,50.80558395385742
2020-02-05,50.56800079345703
2020-02-06,51.00605010986328
2020-02-07,49.76616287231445
2020-02-10,50.501182556152344
2020-02-11,51.16939163208008
2020-02-12,52.2310905456543
2020-02-13,51.659400939941406
2020-02-14,51.414390563964844
2020-02-18,50.716495513916016
2020-02-19,51.64455032348633
2020-02-20,51.27333068847656
2020-02-21,49.729042053222656
2020-02-24,47.189876556396484
2020-02-25,44.197818756103516
2020-02-26,44.26464080810547
2020-02-27,40.96074676513672
2020-02-28,41.250308990478516
2020-03-02,44.57646179199219
2020-03-03,42.267459869384766
2020-03-04,43.90826416015625
2020-03-05,42.84656524658203
2020-03-06,40.63407516479492
2020-03-09,35.19194030761719
2020-03-10,37.085182189941406
2020-03-11,33.51401901245117
2020-03-12,29.037065505981445
2020-03-13,31.049095153808594
2020-03-16,24.701181411743164
2020-03-17,25.280292510986328
2020-03-18,21.67200469970703
2020-03-19,23.268264770507812
2020-03-20,23.052949905395508
2020-03-23,25.517873764038086
2020-03-24,30.046796798706055
2020-03-25,30.908031463623047
2020-03-26,32.88294219970703
2020-03-27,31.36834716796875
2020-03-30,32.303829193115234
2020-03-31,30.90060806274414
2020-04-01,28.710391998291016
2020-04-02,28.883392333984375
2020-04-03,28.740478515625
2020-04-06,32.57655715942383
2020-04-07,32.238075256347656
2020-04-08,34.103458404541016
2020-04-09,33.88533401489258
2020-04-13,32.91503143310547
2020-04-14,33.67472457885742
2020-04-15,32.080116271972656
2020-04-16,30.89920997619629
2020-04-17,31.8319034576416
2020-04-20,29.748388290405273
2020-04-21,28.454654693603516
2020-04-22,30.03421401977539
2020-04-23,29.628040313720703
2020-04-24,30.605863571166992
2020-04-27,32.411075592041016
2020-04-28,33.622066497802734
2020-04-29,35.901153564453125
2020-04-30,34.66006851196289
2020-05-01,30.447908401489258
2020-05-04,29.838645935058594
2020-05-05,30.34260368347168
2020-05-06,30.560731887817383
2020-05-07,31.478382110595703
2020-05-08,33.2459831237793
2020-05-11,31.884557723999023
2020-05-12,30.82399559020996
2020-05-13,29.522737503051758
2020-05-14,30.34260368347168
2020-05-15,29.49264907836914
2020-05-18,31.877033233642578
2020-05-19,31.395647048950195
2020-05-20,32.328330993652344
2020-05-21,32.110206604003906
2020-05-22,31.907119750976562
2020-05-26,33.9003791809082
2020-05-27,34.607418060302734
2020-05-28,32.80972671508789
2020-05-29,33.37385559082031
2020-06-01,32.40355682373047
2020-06-02,33.09555435180664
2020-06-03,34.178680419921875
2020-06-04,34.5848503112793
2020-06-05,36.45023727416992
2020-06-08,36.50289535522461
2020-06-09,35.97636795043945
2020-06-10,35.239234924316406
2020-06-11,31.854469299316406
2020-06-12,32.30577087402344
2020-06-15,32.29072952270508
2020-06-16,33.44907760620117
2020-06-17,32.87742614746094
2020-06-18,32.207984924316406
2020-06-19,33.388893127441406
2020-06-22,33.930458068847656
2020-06-23,32.726993560791016
2020-06-24,31.77924919128418
2020-06-25,32.01994705200195
2020-06-26,30.741254806518555
2020-06-29,31.583690643310547
2020-06-30,33.2083740234375
2020-07-01,31.9296875
2020-07-02,31.922163009643555
2020-07-06,32.30577087402344
2020-07-07,31.38060188293457
2020-07-08,32.19295120239258
2020-07-09,31.8319034576416
2020-07-10,31.824384689331055
2020-07-13,31.478382110595703
2020-07-14,31.62881851196289
2020-07-15,33.1482048034668
2020-07-16,32.94511413574219
2020-07-17,32.651771545410156
2020-07-20,32.77963638305664
2020-07-21,33.223419189453125
2020-07-22,33.065467834472656
2020-07-23,34.720245361328125
2020-07-24,32.230552673339844
2020-07-27,32.8924674987793
2020-07-28,32.230552673339844
2020-07-29,31.907119750976562
2020-07-30,32.16286087036133
2020-07-31,32.418601989746094
2020-08-03,33.02033996582031
2020-08-04,33.66720199584961
2020-08-05,33.44907760620117
2020-08-06,28.05600357055664
2020-08-07,27.822830200195312
2020-08-10,28.10113525390625
2020-08-11,27.8153076171875
2020-08-12,27.657350540161133
2020-08-13,26.882612228393555
2020-08-14,26.882612228393555
2020-08-17,26.777311325073242
2020-08-18,26.107877731323242
2020-08-19,25.91231346130371
2020-08-20,25.6490535736084
2020-08-21,25.3557071685791
2020-08-24,25.980010986328125
2020-08-25,25.807008743286133
2020-08-26,25.79948616027832
2020-08-27,26.506528854370117
2020-08-28,28.462175369262695
2020-08-31,28.8984317779541
2020-09-01,28.086088180541992
2020-09-02,29.22939109802246
2020-09-03,28.36439323425293
2020-09-04,28.702869415283203
2020-09-08,27.416656494140625
2020-09-09,27.49187469482422
2020-09-10,27.266223907470703
2020-09-11,28.108654022216797
2020-09-14,29.28956413269043
2020-09-15,28.41704559326172
2020-09-16,29.16921615600586
2020-09-17,28.79313087463379
2020-09-18,27.988306045532227
2020-09-21,27.1458740234375
2020-09-22,27.431699752807617
2020-09-23,29.27452278137207
2020-09-24,28.229001998901367
2020-09-25,28.9360408782959
2020-09-28,29.048870086669922
2020-09-29,29.575389862060547
2020-09-30,27.49187469482422
2020-10-01,27.326393127441406
2020-10-02,27.048095703125
2020-10-05,27.506919860839844
2020-10-06,27.273746490478516
2020-10-07,28.24404525756836
2020-10-08,29.109045028686523
2020-10-09,28.672780990600586
2020-10-12,28.823217391967773
2020-10-13,28.469694137573242
2020-10-14,28.379436492919922
2020-10-15,28.582523345947266
2020-10-16,28.53739356994629
2020-10-19,30.77886199951172
2020-10-20,31.147430419921875
2020-10-21,31.63633918762207
2020-10-22,32.29825210571289
2020-10-23,31.38060188293457
2020-10-26,30.45543098449707
2020-10-27,30.327560424804688
2020-10-28,29.19178009033203
2020-10-29,28.66526222229004
2020-10-30,28.379436492919922
2020-11-02,27.852914810180664
2020-11-03,28.191390991210938
2020-11-04,28.213958740234375
2020-11-05,29.447519302368164
2020-11-06,29.943952560424805
2020-11-09,31.200077056884766
2020-11-10,31.042123794555664
2020-11-11,30.538169860839844
2020-11-12,29.567869186401367
2020-11-13,31.19255828857422
2020-11-16,32.77963638305664
2020-11-17,32.132774353027344
2020-11-18,31.959774017333984
2020-11-19,32.05003356933594
2020-11-20,31.907119750976562
2020-11-23,33.45659637451172
2020-11-24,34.47954559326172
2020-11-25,34.04328536987305
2020-11-27,34.48707580566406
2020-11-30,33.75746536254883
2020-12-01,35.55516052246094
2020-12-02,35.89362716674805
2020-12-03,36.46527862548828
2020-12-04,38.92488098144531
2020-12-07,38.46605682373047
2020-12-08,39.4288330078125
2020-12-09,38.43597412109375
2020-12-10,38.819583892822266
2020-12-11,38.42844772338867
2020-12-14,38.46605682373047
2020-12-15,40.301361083984375
2020-12-16,39.8801383972168
2020-12-17,40.211090087890625
2020-12-18,40.00801086425781
2020-12-21,39.2708854675293
2020-12-22,37.39797592163086
2020-12-23,37.55592727661133
2020-12-24,37.54841232299805
2020-12-28,37.653709411621094
2020-12-29,36.32236862182617
2020-12-30,37.25505447387695
2020-12-31,41.66278839111328
2021-01-04,39.28592300415039
2021-01-05,39.91023254394531
2021-01-06,40.173492431640625
2021-01-07,41.17387390136719
2021-01-08,38.97753143310547
2021-01-11,38.78197479248047
2021-01-12,37.533363342285156
2021-01-13,37.209930419921875
2021-01-14,37.88688659667969
2021-01-15,38.518707275390625
2021-01-19,39.105403900146484
2021-01-20,38.97753143310547
2021-01-21,40.24870300292969
2021-01-22,38.14262390136719
2021-01-25,38.57136154174805
2021-01-26,39.15805435180664
2021-01-27,40.00801086425781
2021-01-28,39.60184097290039
2021-01-29,42.445045471191406
2021-02-01,43.31757354736328
2021-02-02,43.55826187133789
2021-02-03,43.400306701660156
2021-02-04,44.57368850708008
2021-02-05,44.93473815917969
2021-02-08,46.72489929199219
2021-02-09,46.40147399902344
2021-02-10,45.42364501953125
2021-02-11,48.1088981628418
2021-02-12,49.31989288330078
2021-02-16,50.13976287841797
2021-02-17,50.621150970458984
2021-02-18,51.68171691894531
2021-02-19,51.80958938598633
2021-02-22,51.04236602783203
2021-02-23,50.50832748413086
2021-02-24,53.050662994384766
2021-02-25,50.98971939086914
2021-02-26,51.54632568359375
2021-03-01,54.31431579589844
2021-03-02,52.3060188293457
2021-03-03,52.40380096435547
2021-03-04,47.755374908447266
2021-03-05,51.200321197509766
2021-03-08,51.7945442199707
2021-03-09,52.14805603027344
2021-03-10,50.079586029052734
2021-03-11,51.66667175292969
2021-03-12,51.50119400024414
2021-03-15,51.59897232055664
2021-03-16,52.4790153503418
2021-03-17,53.62984085083008
2021-03-18,52.027713775634766
2021-03-19,53.08827590942383
2021-03-22,52.900230407714844
2021-03-23,49.237159729003906
2021-03-24,47.88323974609375
2021-03-25,48.17659378051758
2021-03-26,50.606101989746094
2021-03-29,49.154415130615234
2021-03-30,49.237159729003906
2021-03-31,50.20745849609375
2021-04-01,53.682491302490234
2021-04-05,54.18644332885742
2021-04-06,54.773136138916016
2021-04-07,54.321834564208984
2021-04-08,54.863399505615234
2021-04-09,54.85588073730469
2021-04-12,53.72761917114258
2021-04-13,52.5015754699707
2021-04-14,51.66667175292969
2021-04-15,51.69675064086914
2021-04-16,51.81710433959961
2021-04-19,51.3808479309082
2021-04-20,51.13262939453125
2021-04-21,52.245845794677734
2021-04-22,49.838897705078125
2021-04-23,51.200321197509766
2021-04-26,53.712581634521484
2021-04-27,54.494834899902344
2021-04-28,53.10332107543945
2021-04-29,53.50196838378906
2021-04-30,53.12588119506836
2021-05-03,52.742279052734375
2021-05-04,50.606101989746094
2021-05-05,51.58393478393555
2021-05-06,52.358665466308594
2021-05-07,53.893096923828125
2021-05-10,51.614017486572266
2021-05-11,51.260494232177734
2021-05-12,48.42481231689453
2021-05-13,49.921630859375
2021-05-14,54.05857467651367
2021-05-17,57.48095703125
2021-05-18,55.06648635864258
2021-05-19,53.599754333496094
2021-05-20,54.87091827392578
2021-05-21,54.4120979309082
2021-05-24,55.5930061340332
2021-05-25,54.946136474609375
2021-05-26,56.23234939575195
2021-05-27,57.05973815917969
2021-05-28,56.585872650146484
2021-06-01,56.826568603515625
2021-06-02,57.61635208129883
2021-06-03,57.75173568725586
2021-06-04,58.04508590698242
2021-06-07,57.26282501220703
2021-06-08,56.93939208984375
2021-06-09,56.30757141113281
2021-06-10,55.32974624633789
2021-06-11,56.247398376464844
2021-06-14,56.194740295410156
2021-06-15,56.35270309448242
2021-06-16,55.11162185668945
2021-06-17,53.23118591308594
2021-06-18,52.25336456298828
2021-06-21,52.05027389526367
2021-06-22,51.49366760253906
2021-06-23,52.08036804199219
2021-06-24,52.49406051635742
2021-06-25,53.21614456176758
2021-06-28,52.64448928833008
2021-06-29,53.14092254638672
2021-06-30,53.53205871582031
2021-07-01,53.29888153076172
2021-07-02,52.80997085571289
2021-07-06,52.01267623901367
2021-07-07,52.14805603027344
2021-07-08,51.01228332519531
2021-07-09,52.77988052368164
2021-07-12,53.321449279785156
2021-07-13,52.71219253540039
2021-07-14,52.6595344543457
2021-07-15,50.32780075073242
2021-07-16,48.28942108154297
2021-07-19,47.37929153442383
2021-07-20,48.6203727722168
2021-07-21,48.47745895385742
2021-07-22,47.42442321777344
2021-07-23,47.95094299316406
2021-07-26,48.34207534790039
2021-07-27,46.90542221069336
2021-07-28,47.77793884277344
2021-07-29,48.484981536865234
2021-07-30,48.83850860595703
2021-08-02,48.657981872558594
2021-08-03,49.748626708984375
2021-08-04,48.84602355957031
2021-08-05,50.44815444946289
2021-08-06,51.719322204589844
2021-08-09,50.85432434082031
2021-08-10,49.26724624633789
2021-08-11,50.18489074707031
2021-08-12,46.920467376708984
2021-08-13,47.49964141845703
2021-08-16,46.52181625366211
2021-08-17,45.98777389526367
2021-08-18,45.88998794555664
2021-08-19,44.806861877441406
2021-08-20,45.16038131713867
2021-08-23,46.84524917602539
2021-08-24,45.70195007324219
2021-08-25,49.26724624633789
2021-08-26,47.06338119506836
2021-08-27,47.56733703613281
2021-08-30,46.687294006347656
2021-08-31,47.53724670410156
2021-09-01,45.912559509277344
2021-09-02,46.36385726928711
2021-09-03,46.190860748291016
2021-09-07,45.43116760253906
2021-09-08,43.686126708984375
2021-09-09,44.18256378173828
2021-09-10,43.603389739990234
2021-09-13,44.00956726074219
2021-09-14,43.27995681762695
2021-09-15,43.82151794433594
2021-09-16,43.8365592956543
2021-09-17,43.56578063964844
2021-09-20,42.587955474853516
2021-09-21,41.722957611083984
2021-09-22,42.5578727722168
2021-09-23,43.24234390258789
2021-09-24,43.58082962036133
2021-09-27,44.42325973510742
2021-09-28,43.86665344238281
2021-09-29,42.648136138916016
2021-09-30,42.45256805419922
2021-10-01,42.94148254394531
2021-10-04,42.83617401123047
2021-10-05,42.84369659423828
2021-10-06,42.445045471191406
2021-10-07,43.1671257019043
2021-10-08,42.565391540527344
2021-10-11,42.249481201171875
2021-10-12,40.76770782470703
2021-10-13,40.77522277832031
2021-10-14,42.535301208496094
2021-10-15,41.67782974243164
2021-10-18,41.670310974121094
2021-10-19,41.85835266113281
2021-10-20,42.43000411987305
2021-10-21,42.72334671020508
2021-10-22,42.91139221191406
2021-10-25,42.745914459228516
2021-10-26,42.3623046875
2021-10-27,41.7304801940918
2021-10-28,43.08439254760742
2021-10-29,39.331058502197266
2021-11-01,40.752662658691406
2021-11-02,41.39200210571289
2021-11-03,41.948612213134766
2021-11-04,41.39952850341797
2021-11-05,42.25700378417969
2021-11-08,41.95613479614258
2021-11-09,42.309654235839844
2021-11-10,41.564998626708984
2021-11-11,44.24273681640625
2021-11-12,45.551517486572266
2021-11-15,44.32547378540039
2021-11-16,43.986995697021484
2021-11-17,42.490177154541016
2021-11-18,41.895957946777344
2021-11-19,42.136653900146484
2021-11-22,42.821136474609375
2021-11-23,45.52894973754883
2021-11-24,45.03251266479492
2021-11-26,43.4454345703125
2021-11-29,44.37060546875
2021-11-30,43.505611419677734
2021-12-01,43.415348052978516
2021-12-02,42.83617401123047
2021-12-03,43.26491165161133
2021-12-06,42.91891860961914
2021-12-07,44.50600051879883
2021-12-08,44.37812423706055
2021-12-09,43.12199783325195
2021-12-10,43.52817153930664
2021-12-13,41.91852569580078
2021-12-14,41.84330368041992
2021-12-15,42.38487243652344
2021-12-16,42.65565490722656
2021-12-17,42.760963439941406
2021-12-20,42.0463981628418
2021-12-21,44.39316940307617
2021-12-22,44.97233963012695
2021-12-23,46.03289794921875
2021-12-27,46.702335357666016
2021-12-28,47.2664680480957
2021-12-29,49.74111557006836
2021-12-30,49.16946029663086
2021-12-31,49.049110412597656
2022-01-03,49.59067153930664
2022-01-04,50.86184310913086
2022-01-05,50.44063186645508
2022-01-06,48.69559097290039
2022-01-07,49.51545715332031
2022-01-10,49.297325134277344
2022-01-11,49.65837097167969
2022-01-12,50.04949951171875
2022-01-13,50.02693557739258
2022-01-14,50.124717712402344
2022-01-18,48.22924041748047
2022-01-19,46.589508056640625
2022-01-20,45.070125579833984
2022-01-21,43.4830436706543
2022-01-24,42.88882827758789
2022-01-25,41.437137603759766
2022-01-26,41.05352783203125
2022-01-27,40.496917724609375
2022-01-28,37.533363342285156
2022-01-31,38.917362213134766
2022-02-01,39.541664123535156
2022-02-02,40.19606018066406
2022-02-03,39.331058502197266
2022-02-04,38.97001266479492
2022-02-07,39.00009536743164
2022-02-08,39.39122772216797
2022-02-09,40.97831344604492
2022-02-10,40.684959411621094
2022-02-11,40.414180755615234
2022-02-14,39.75979232788086
2022-02-15,42.023834228515625
2022-02-16,42.41495895385742
2022-02-17,42.46009063720703
2022-02-18,41.768089294433594
2022-02-22,40.18101119995117
2022-02-23,39.097877502441406
2022-02-24,38.98505783081055
2022-02-25,39.827484130859375
2022-02-28,38.31562423706055
2022-03-01,37.224971771240234
2022-03-02,38.992576599121094
2022-03-03,39.12797164916992
2022-03-04,37.81167221069336
2022-03-07,35.058719635009766
2022-03-08,34.42689895629883
2022-03-09,35.93124008178711
2022-03-10,35.04368209838867
2022-03-11,34.07337188720703
2022-03-14,33.44907760620117
2022-03-15,34.55476760864258
2022-03-16,36.29227828979492
2022-03-17,36.7511100769043
2022-03-18,37.082061767578125
2022-03-21,36.81879806518555
2022-03-22,37.40549850463867
2022-03-23,36.61571502685547
2022-03-24,37.98466491699219
2022-03-25,38.217838287353516
2022-03-28,38.135101318359375
2022-03-29,39.03018569946289
2022-03-30,38.07493209838867
2022-03-31,37.34532165527344
2022-04-01,36.397586822509766
2022-04-04,37.11214828491211
2022-04-05,36.19450378417969
2022-04-06,35.998931884765625
2022-04-07,35.9237174987793
2022-04-08,35.50250244140625
2022-04-11,35.36711120605469
2022-04-12,35.72815704345703
2022-04-13,35.998931884765625
2022-04-14,34.85563278198242
2022-04-18,35.56267547607422
2022-04-19,36.81879806518555
2022-04-20,37.23249816894531
2022-04-21,37.789100646972656
2022-04-22,37.20241165161133
2022-04-25,38.36827850341797
2022-04-26,37.292667388916016
2022-04-27,37.64619064331055
2022-04-28,39.57174301147461
2022-04-29,39.91775131225586
2022-05-02,40.557090759277344
2022-05-03,46.424034118652344
2022-05-04,47.28151321411133
2022-05-05,46.025386810302734
2022-05-06,44.716609954833984
2022-05-09,42.520263671875
2022-05-10,43.14456558227539
2022-05-11,41.93356704711914
2022-05-12,41.783138275146484
2022-05-13,43.96442794799805
2022-05-16,43.543216705322266
2022-05-17,46.025386810302734
2022-05-18,44.45334243774414
2022-05-19,43.633480072021484
2022-05-20,42.73086929321289
2022-05-23,43.12952423095703
2022-05-24,42.57291793823242
2022-05-25,44.45334243774414
2022-05-26,45.64177703857422
2022-05-27,46.822689056396484
2022-05-31,45.64929962158203
2022-06-01,45.34090805053711
2022-06-02,46.581993103027344
2022-06-03,45.19047546386719
2022-06-06,44.91969680786133
2022-06-07,45.37099838256836
2022-06-08,43.49056625366211
2022-06-09,42.5578727722168
2022-06-10,40.63983154296875
2022-06-13,37.879364013671875
2022-06-14,37.03693389892578
2022-06-15,37.57097625732422
2022-06-16,34.8631591796875
2022-06-17,34.8631591796875
2022-06-21,34.975975036621094
2022-06-22,34.23884963989258
2022-06-23,34.53972244262695
2022-06-24,35.40471267700195
2022-06-27,35.788330078125
2022-06-28,35.15650177001953
2022-06-29,34.148590087890625
2022-06-30,33.71985626220703
2022-07-01,32.6592903137207
2022-07-05,32.937591552734375
2022-07-06,32.922550201416016
2022-07-07,33.74241638183594
2022-07-08,34.02824783325195
2022-07-11,33.712337493896484
2022-07-12,34.62245559692383
2022-07-13,34.833065032958984
2022-07-14,34.607418060302734
2022-07-15,35.660457611083984
2022-07-18,35.276851654052734
2022-07-19,36.525455474853516
2022-07-20,37.300193786621094
2022-07-21,37.932010650634766
2022-07-22,35.51754379272461
2022-07-25,35.231719970703125
2022-07-26,35.31446075439453
2022-07-27,36.427677154541016
2022-07-28,36.64580535888672
2022-07-29,36.9316291809082
2022-08-01,36.94666290283203
2022-08-02,36.457763671875
2022-08-03,37.149757385253906
2022-08-04,37.54088592529297
2022-08-05,35.41976547241211
2022-08-08,35.788330078125
2022-08-09,34.833065032958984
2022-08-10,35.86355209350586
2022-08-11,36.90154266357422
2022-08-12,38.1125373840332
2022-08-15,37.31523895263672
2022-08-16,37.03693389892578
2022-08-17,36.25467300415039
2022-08-18,36.64580535888672
2022-08-19,35.856021881103516
2022-08-22,34.64502716064453
2022-08-23,34.48707580566406
2022-08-24,34.757850646972656
2022-08-25,36.03654479980469
2022-08-26,34.21628952026367
2022-08-29,33.66720199584961
2022-08-30,32.61416244506836
2022-08-31,31.786773681640625
2022-09-01,31.583690643310547
2022-09-02,31.32794761657715
2022-09-06,30.816471099853516
2022-09-07,31.17751693725586
2022-09-08,31.89960289001465
2022-09-09,32.94511413574219
2022-09-12,32.546470642089844
2022-09-13,29.575389862060547
2022-09-14,28.830738067626953
2022-09-15,28.40952491760254
2022-09-16,27.99582862854004
2022-09-19,27.544523239135742
2022-09-20,26.732179641723633
2022-09-21,26.16053009033203
2022-09-22,25.438446044921875
2022-09-23,25.453489303588867
2022-09-26,24.370359420776367
2022-09-27,24.61105728149414
2022-09-28,24.93448829650879
2022-09-29,24.204883575439453
2022-09-30,24.483186721801758
2022-10-03,25.6114444732666
2022-10-04,27.424179077148438
2022-10-05,27.958221435546875
2022-10-06,27.8754825592041
2022-10-07,26.882612228393555
2022-10-10,26.070270538330078
2022-10-11,26.190614700317383
2022-10-12,25.784442901611328
2022-10-13,26.40122413635254
2022-10-14,25.36322784423828
2022-10-17,25.4910945892334
2022-10-18,25.280488967895508
2022-10-19,25.092445373535156
2022-10-20,25.175186157226562
2022-10-21,26.220703125
2022-10-24,26.26583480834961
2022-10-25,26.544137954711914
2022-10-26,26.536617279052734
2022-10-27,25.829574584960938
2022-10-28,26.70209312438965
2022-10-31,25.852140426635742
2022-11-01,26.852527618408203
2022-11-02,26.010093688964844
2022-11-03,25.3557071685791
2022-11-04,26.656963348388672
2022-11-07,27.544523239135742
2022-11-08,27.46930694580078
2022-11-09,25.837095260620117
2022-11-10,28.39447784423828
2022-11-11,29.898822784423828
2022-11-14,29.78599739074707
2022-11-15,29.680692672729492
2022-11-16,27.394092559814453
2022-11-17,27.476829528808594
2022-11-18,27.725046157836914
2022-11-21,27.040571212768555
2022-11-22,27.251178741455078
2022-11-23,27.83034896850586
2022-11-25,28.086088180541992
2022-11-28,27.160917282104492
2022-11-29,27.10074234008789
2022-11-30,27.642309188842773
2022-12-01,26.95783042907715
2022-12-02,26.66448211669922
2022-12-05,26.168048858642578
2022-12-06,25.4910945892334
2022-12-07,25.679140090942383
2022-12-08,26.499008178710938
2022-12-09,26.860050201416016
2022-12-12,27.236135482788086
2022-12-13,27.303829193115234
2022-12-14,26.9503116607666
2022-12-15,24.227449417114258
2022-12-16,24.02436065673828
2022-12-19,23.738534927368164
2022-12-20,24.12966537475586
2022-12-21,23.603147506713867
2022-12-22,23.046541213989258
2022-12-23,23.008928298950195
2022-12-27,23.445188522338867
2022-12-28,22.723106384277344
2022-12-29,23.746061325073242
2022-12-30,23.731016159057617
2023-01-03,23.625713348388672
2023-01-04,24.859272003173828
2023-01-05,26.499008178710938
2023-01-06,27.958221435546875
2023-01-09,28.274133682250977
2023-01-10,28.710390090942383
2023-01-11,28.8984317779541
2023-01-12,28.55243682861328
2023-01-13,27.99582862854004
2023-01-17,28.071044921875
2023-01-18,28.18387222290039
2023-01-19,28.24404525756836
2023-01-20,28.92852210998535
2023-01-23,31.433252334594727
2023-01-24,30.914255142211914
2023-01-25,31.07221031188965
2023-01-26,32.91503143310547
2023-01-27,33.82515335083008
2023-01-30,33.27607345581055
2023-01-31,33.05794143676758
2023-02-01,32.584075927734375
2023-02-02,33.53181076049805
2023-02-03,32.53141784667969
2023-02-06,31.77924919128418
2023-02-07,32.40355682373047
2023-02-08,32.14781951904297
2023-02-09,31.583690643310547
2023-02-10,32.35089874267578
2023-02-13,32.37346649169922
2023-02-14,32.82476806640625
2023-02-15,32.84733581542969
2023-02-16,32.01994705200195
2023-02-17,31.275297164916992
2023-02-21,30.124473571777344
2023-02-22,29.7634334564209
2023-02-23,29.928911209106445
2023-02-24,29.41743278503418
2023-02-27,28.966129302978516
2023-02-28,28.943565368652344
2023-03-01,28.672780990600586
2023-03-02,28.868349075317383
2023-03-03,29.026304244995117
2023-03-06,28.41704559326172
2023-03-07,28.063526153564453
2023-03-08,28.507305145263672
2023-03-09,27.8754825592041
2023-03-10,27.123308181762695
2023-03-13,26.56670379638672
2023-03-14,26.544137954711914
2023-03-15,25.867183685302734
2023-03-16,26.581745147705078
2023-03-17,26.386180877685547
2023-03-20,26.4764404296875
2023-03-21,26.679527282714844
2023-03-22,26.100357055664062
2023-03-23,26.529090881347656
2023-03-24,26.521574020385742
2023-03-27,26.483963012695312
2023-03-28,26.03265953063965
2023-03-29,27.52947998046875
2023-03-30,28.040958404541016
2023-03-31,28.33430290222168
2023-04-03,27.98078727722168
2023-04-04,27.033048629760742
2023-04-05,26.371139526367188
2023-04-06,26.438833236694336
2023-04-10,28.61260986328125
2023-04-11,28.860828399658203
2023-04-12,28.582523345947266
2023-04-13,27.740089416503906
2023-04-14,26.67200469970703
2023-04-17,27.09322166442871
2023-04-18,26.867570877075195
2023-04-19,26.040184020996094
2023-04-20,25.062358856201172
2023-04-21,25.152620315551758
2023-04-24,24.74644660949707
2023-04-25,24.137187957763672
2023-04-26,24.580968856811523
2023-04-27,24.641141891479492
2023-04-28,25.904794692993164
2023-05-01,25.618967056274414
2023-05-02,25.175186157226562
2023-05-03,24.859272003173828
2023-05-04,24.85175132751465
2023-05-05,25.16014289855957
2023-05-08,25.709226608276367
2023-05-09,25.272968292236328
2023-05-10,24.731403350830078
2023-05-11,24.483186721801758
2023-05-12,24.84423065185547
2023-05-15,27.642309188842773
2023-05-16,27.537004470825195
2023-05-17,27.8153076171875
2023-05-18,29.139127731323242
2023-05-19,28.823217391967773
2023-05-22,28.860828399658203
2023-05-23,28.43208885192871
2023-05-24,28.00334930419922
2023-05-25,28.469694137573242
2023-05-26,29.868738174438477
2023-05-30,30.049257278442383
2023-05-31,29.131607055664062
2023-06-01,29.312129974365234
2023-06-02,30.26738929748535
2023-06-05,29.33469581604004
2023-06-06,29.695735931396484
2023-06-07,30.101909637451172
2023-06-08,30.162084579467773
2023-06-09,29.92138671875
2023-06-12,30.320037841796875
2023-06-13,30.52312660217285
2023-06-14,30.4328670501709
2023-06-15,30.89920997619629
2023-06-16,30.440387725830078
2023-06-20,29.424957275390625
2023-06-21,28.8984317779541
2023-06-22,28.84578514099121
2023-06-23,28.477214813232422
2023-06-26,28.251564025878906
2023-06-27,28.740478515625
2023-06-28,28.469694137573242
2023-06-29,28.281654357910156
2023-06-30,28.529869079589844
2023-07-03,28.966129302978516
2023-07-05,28.326786041259766
2023-07-06,28.10113525390625
2023-07-07,28.33430290222168
2023-07-10,28.484739303588867
2023-07-11,28.85330581665039
2023-07-12,28.8984317779541
2023-07-13,29.6054744720459
2023-07-14,29.831125259399414
2023-07-17,29.439998626708984
2023-07-18,28.92852210998535
2023-07-19,29.28204345703125
2023-07-20,28.79313087463379
2023-07-21,28.808176040649414
2023-07-24,29.27452278137207
2023-07-25,29.06391143798828
2023-07-26,29.24443244934082
2023-07-27,31.35051155090332
2023-07-28,31.613773345947266
2023-07-31,32.01242446899414
2023-08-01,32.24559783935547
2023-08-02,31.907119750976562
2023-08-03,32.538944244384766
2023-08-04,32.681854248046875
2023-08-07,32.71946334838867
2023-08-08,32.46372604370117
2023-08-09,32.027469635009766
2023-08-10,31.70403289794922
2023-08-11,31.50094985961914
2023-08-14,32.042510986328125
2023-08-15,30.87664794921875
2023-08-16,30.40277671813965
2023-08-17,30.304994583129883
2023-08-18,29.891300201416016
2023-08-21,30.38773536682129
2023-08-22,30.40277671813965
2023-08-23,30.87664794921875
2023-08-24,29.98908233642578
2023-08-25,29.703256607055664
2023-08-28,31.147430419921875
2023-08-29,31.252731323242188
2023-08-30,31.982337951660156
2023-08-31,33.84772491455078
2023-09-01,34.56980895996094
2023-09-05,34.44194030761719
2023-09-06,34.178680419921875
2023-09-07,32.66681671142578
2023-09-08,32.696903228759766
2023-09-11,32.268165588378906
2023-09-12,31.816862106323242
2023-09-13,32.50885772705078
2023-09-14,32.86238098144531
2023-09-15,32.794681549072266
2023-09-18,32.832298278808594
2023-09-19,33.03538131713867
2023-09-20,34.33663558959961
2023-09-21,33.426509857177734
2023-09-22,33.953025817871094
2023-09-25,33.56189727783203
2023-09-26,33.298641204833984
2023-09-27,33.51676559448242
2023-09-28,34.449466705322266
2023-09-29,34.321590423583984
2023-10-02,34.20124435424805
2023-10-03,33.712337493896484
2023-10-04,34.06585693359375
2023-10-05,34.68263626098633
2023-10-06,34.9007682800293
2023-10-09,34.148590087890625
2023-10-10,34.110984802246094
2023-10-11,34.89324188232422
2023-10-12,34.31407165527344
2023-10-13,34.374244689941406
2023-10-16,34.4118537902832
2023-10-17,33.20085525512695
2023-10-18,33.43403244018555
2023-10-19,32.38850784301758
2023-10-20,32.238075256347656
2023-10-23,31.44829559326172
2023-10-24,32.313297271728516
2023-10-25,31.726598739624023
2023-10-26,28.778087615966797
2023-10-27,29.312129974365234
2023-10-30,31.44077491760254
2023-10-31,30.199689865112305
2023-11-01,31.395647048950195
2023-11-02,31.711557388305664
2023-11-03,32.35089874267578
2023-11-06,32.471248626708984
2023-11-07,32.411075592041016
2023-11-08,32.538944244384766
2023-11-09,33.2309455871582
2023-11-10,33.84772491455078
2023-11-13,33.983116149902344
2023-11-14,34.502113342285156
2023-11-15,34.62245559692383
2023-11-16,34.607418060302734
2023-11-17,35.06624221801758
2023-11-20,35.615325927734375
2023-11-21,34.780418395996094
2023-11-22,35.28437042236328
2023-11-24,35.05119323730469
2023-11-27,35.5100212097168
2023-11-28,35.26932907104492
2023-11-29,35.5927619934082
2023-11-30,36.33741760253906
2023-12-01,36.397586822509766
2023-12-04,35.705589294433594
2023-12-05,35.17906951904297
2023-12-06,35.2166748046875
2023-12-07,35.58523941040039
2023-12-08,35.998931884765625
2023-12-11,37.03693389892578
2023-12-12,37.32275390625
2023-12-13,37.932010650634766
2023-12-14,38.47358322143555
2023-12-15,38.120059967041016
2023-12-18,37.99971008300781
2023-12-19,38.31562423706055
2023-12-20,37.16480255126953
2023-12-21,39.39875411987305
2023-12-22,39.60935974121094
2023-12-26,39.684574127197266
2023-12-27,39.4288330078125
2023-12-28,39.812442779541016
2023-12-29,39.39122772216797
2024-01-02,38.25545120239258
2024-01-03,37.864322662353516
2024-01-04,37.623626708984375
2024-01-05,37.64619064331055
2024-01-08,37.75149917602539
2024-01-09,37.17984390258789
2024-01-10,37.9921875
2024-01-11,38.05988693237305
2024-01-12,37.61610412597656
2024-01-16,39.28592300415039
2024-01-17,39.35362243652344
2024-01-18,40.278785705566406
2024-01-19,41.196441650390625
2024-01-22,42.873783111572266
2024-01-23,43.42286682128906
2024-01-24,43.648521423339844
2024-01-25,45.37851333618164
2024-01-26,43.798954010009766
2024-01-29,44.942256927490234
2024-01-30,43.71621322631836
2024-01-31,43.061824798583984
2024-02-01,43.174652099609375
2024-02-02,43.746299743652344
2024-02-05,43.97947311401367
2024-02-06,43.96442794799805
2024-02-07,43.58082962036133
2024-02-08,42.964046478271484
2024-02-09,42.7383918762207
2024-02-12,43.114479064941406
2024-02-13,41.625179290771484
2024-02-14,42.18178939819336
2024-02-15,42.12913131713867
2024-02-16,40.61726760864258
2024-02-20,40.715049743652344
2024-02-21,40.158443450927734
2024-02-22,41.895957946777344
2024-02-23,42.166744232177734
2024-02-26,42.93395233154297
2024-02-27,43.234825134277344
2024-02-28,43.21977996826172
2024-02-29,44.731651306152344
2024-03-01,48.36463928222656
2024-03-04,48.379676818847656
2024-03-05,47.755374908447266
2024-03-06,48.66550064086914
2024-03-07,48.3495979309082
2024-03-08,47.38681411743164
2024-03-11,46.672245025634766
2024-03-12,47.36425018310547
2024-03-13,46.99568176269531
2024-03-14,45.732032775878906
2024-03-15,44.97233963012695
2024-03-18,44.611305236816406
2024-03-19,44.987388610839844
2024-03-20,45.6718635559082
2024-03-21,47.943424224853516
2024-03-22,48.0938606262207
2024-03-25,48.87611389160156
2024-03-26,51.260494232177734
2024-03-27,50.87689208984375
2024-03-28,51.32819366455078
2024-04-01,53.29136276245117
2024-04-02,51.771976470947266
2024-04-03,53.87053298950195
2024-04-04,53.05818176269531
2024-04-05,54.991275787353516
2024-04-08,54.87091827392578
2024-04-09,54.645267486572266
2024-04-10,54.344398498535156
2024-04-11,55.585487365722656
2024-04-12,54.20148468017578
2024-04-15,52.97544860839844
2024-04-16,53.449317932128906
2024-04-17,52.77988052368164
2024-04-18,51.38836669921875
2024-04-19,49.680938720703125
2024-04-22,50.433109283447266
2024-04-23,52.59184265136719
2024-04-24,52.313533782958984
2024-04-25,52.23080062866211
2024-04-26,53.67497253417969
2024-04-29,52.54671096801758
2024-04-30,53.27631759643555
2024-05-01,53.03561782836914
2024-05-02,52.44140625
2024-05-03,53.366573333740234
2024-05-06,54.60765838623047
2024-05-07,53.77275085449219
2024-05-08,54.18644332885742
2024-05-09,54.22405242919922
2024-05-10,53.855491638183594
2024-05-13,53.381622314453125
2024-05-14,55.314701080322266
2024-05-15,56.9318733215332
2024-05-16,55.73591995239258
2024-05-17,54.231571197509766
2024-05-20,54.946136474609375
2024-05-21,55.6682243347168
2024-05-22,55.314701080322266
2024-05-23,55.78104782104492
2024-05-24,56.269962310791016
2024-05-28,57.270355224609375
2024-05-29,58.24065017700195
2024-05-30,56.79648208618164
2024-05-31,56.63100814819336
2024-06-03,56.39783477783203
2024-06-04,55.615570068359375
2024-06-05,57.842002868652344
2024-06-06,56.600921630859375
2024-06-07,56.39783477783203
2024-06-10,57.992435455322266
2024-06-11,57.556175231933594
2024-06-12,59.56447219848633
2024-06-13,59.85782241821289
2024-06-14,58.759647369384766
2024-06-17,60.06842803955078
2024-06-18,60.34672927856445
2024-06-20,57.383174896240234
2024-06-21,56.99204635620117
2024-06-24,56.7137451171875
2024-06-25,57.81190872192383
2024-06-26,56.766395568847656
2024-06-27,57.63139343261719
2024-06-28,56.99204635620117
2024-07-01,57.450870513916016
2024-07-02,58.70699691772461
2024-07-03,58.51142883300781
2024-07-05,58.04508590698242
2024-07-08,59.045475006103516
2024-07-09,58.992828369140625
2024-07-10,60.35425567626953
2024-07-11,58.54904556274414
2024-07-12,59.248558044433594
2024-07-15,59.286170959472656
2024-07-16,57.962345123291016
2024-07-17,53.9984016418457
2024-07-18,52.8325309753418
2024-07-19,52.51662826538086
2024-07-22,54.95365905761719
2024-07-23,54.87844467163086
2024-07-24,54.163875579833984
2024-07-25,50.01189422607422
2024-07-26,51.34323501586914
2024-07-29,49.96676254272461
2024-07-30,47.52220153808594
2024-07-31,50.433109283447266
2024-08-01,45.52894973754883
2024-08-02,43.04678726196289
2024-08-05,42.86626434326172
2024-08-06,43.15960693359375
2024-08-07,42.309654235839844
2024-08-08,44.36308670043945
2024-08-09,44.88960266113281
2024-08-12,45.40860366821289
2024-08-13,46.318729400634766
2024-08-14,46.266075134277344
2024-08-15,47.76289749145508
2024-08-16,48.17659378051758
2024-08-19,48.966373443603516
2024-08-20,48.454898834228516
2024-08-21,48.913719177246094
2024-08-22,48.169071197509766
2024-08-23,48.402252197265625
2024-08-26,47.15364074707031
2024-08-27,47.273990631103516
2024-08-28,46.95807647705078
2024-08-29,47.40937805175781
2024-08-30,49.33494186401367
2024-09-03,47.43193817138672
2024-09-04,47.34920883178711
2024-09-05,47.093467712402344
2024-09-06,45.70946502685547
2024-09-09,47.093467712402344
2024-09-10,47.22885513305664
2024-09-11,47.6199836730957
2024-09-12,47.57484817504883
2024-09-13,48.90620422363281
2024-09-16,48.20668029785156
2024-09-17,49.56059265136719
2024-09-18,48.454898834228516
2024-09-19,49.62076187133789
2024-09-20,50.20745849609375
2024-09-23,49.86145782470703
2024-09-24,49.98933029174805
2024-09-25,49.64332580566406
2024-09-26,52.998016357421875
2024-09-27,52.215755462646484
2024-09-30,51.36579895019531
2024-10-01,50.21498489379883
2024-10-02,50.034454345703125
2024-10-03,50.079586029052734
2024-10-04,49.90658950805664
2024-10-07,49.97428512573242
2024-10-08,49.77119445800781
2024-10-09,48.50002670288086
2024-10-10,48.17659378051758
2024-10-11,48.80089569091797
2024-10-14,50.26763153076172
2024-10-15,50.35789489746094
2024-10-16,50.98971939086914
2024-10-17,50.65876388549805
2024-10-18,50.41806411743164
2024-10-21,50.591060638427734
2024-10-22,50.9671516418457
2024-10-23,50.10215377807617
2024-10-24,49.88402557373047
2024-10-25,52.23832321166992
2024-10-28,52.43388748168945
2024-10-29,51.373329162597656
2024-10-30,50.410545349121094
2024-10-31,49.124332427978516
2024-11-01,49.553070068359375
2024-11-04,49.05663299560547
2024-11-05,50.26763153076172
2024-11-06,52.58431625366211
2024-11-07,52.98297119140625
2024-11-08,52.358665466308594
2024-11-11,50.68132781982422
2024-11-12,48.1088981628418
2024-11-13,47.1837272644043
2024-11-14,47.55228805541992
2024-11-15,47.236385345458984
2024-11-18,48.57524871826172
2024-11-19,49.10928726196289
2024-11-20,48.018638610839844
2024-11-21,49.553070068359375
2024-11-22,49.96676254272461
2024-11-25,52.22327423095703
2024-11-26,54.9235725402832
2024-11-27,53.780269622802734
2024-11-29,54.901004791259766
2024-12-02,55.231964111328125
2024-12-03,53.92318344116211
2024-12-04,54.4120979309082
2024-12-05,54.23910140991211
2024-12-06,53.45683670043945
2024-12-09,53.208621978759766
2024-12-10,51.76445007324219
2024-12-11,52.57680130004883
2024-12-12,49.635807037353516
2024-12-13,48.981422424316406
2024-12-16,49.11680221557617
2024-12-17,48.6203727722168
2024-12-18,47.79298782348633
2024-12-19,44.84447479248047
2024-12-20,45.31081771850586
2024-12-23,46.303688049316406
2024-12-24,46.40898895263672
2024-12-26,46.416507720947266
2024-12-27,45.65681838989258
2024-12-30,44.84447479248047
2024-12-31,44.851993560791016
2025-01-02,46.53685760498047
2025-01-03,48.19163131713867
2025-01-06,49.380069732666016
2025-01-07,48.79337692260742
2025-01-08,48.18411636352539
2025-01-10,47.251426696777344
2025-01-13,46.64968490600586
2025-01-14,47.19124984741211
2025-01-15,48.612850189208984
2025-01-16,48.327030181884766
2025-01-17,48.92124557495117
2025-01-21,50.71893310546875
2025-01-22,51.62153625488281
2025-01-23,51.659149169921875
2025-01-24,50.70389175415039
2025-01-27,48.43985366821289
2025-01-28,47.28902816772461
2025-01-29,47.236385345458984
2025-01-30,49.47785186767578
2025-01-31,48.98893737792969
2025-02-03,48.454898834228516
2025-02-04,47.996070861816406
2025-02-05,48.68054962158203
2025-02-06,48.50002670288086
2025-02-07,48.484981536865234
2025-02-10,51.92992401123047
2025-02-11,51.83966827392578
2025-02-12,50.606101989746094
2025-02-13,50.81671905517578
2025-02-14,51.44102096557617
2025-02-18,54.17892074584961
2025-02-19,53.780269622802734
2025-02-20,53.622318267822266
2025-02-21,51.68171691894531
2025-02-24,48.78093719482422
2025-02-25,48.830692291259766
2025-02-26,49.915374755859375
2025-02-27,47.96493148803711
2025-02-28,48.69137191772461
2025-03-03,46.78073501586914
2025-03-04,44.412353515625
2025-03-05,43.984439849853516
2025-03-06,41.24785232543945
2025-03-07,41.49663162231445
2025-03-10,40.342288970947266
2025-03-11,41.59614181518555
2025-03-12,42.75048828125
2025-03-13,41.82502365112305
2025-03-14,44.312828063964844
2025-03-17,44.531761169433594
2025-03-18,44.12376022338867
2025-03-19,44.681026458740234
2025-03-20,44.292930603027344
2025-03-21,43.44707107543945
2025-03-24,44.093902587890625
2025-03-25,43.17839431762695
2025-03-26,42.412147521972656
2025-03-27,41.70560836791992
2025-03-28,40.42190170288086
2025-03-31,40.232826232910156
2025-04-01,40.690582275390625
2025-04-02,41.57624053955078
2025-04-03,33.983455657958984
2025-04-04,30.39105987548828
2025-04-07,31.00803565979004
2025-04-08,31.396133422851562
2025-04-09,36.12297058105469
2025-04-10,34.6999397277832
2025-04-11,34.23223876953125
2025-04-14,35.64530944824219
2025-04-15,35.75477600097656
2025-04-16,35.446285247802734
2025-04-17,36.331939697265625
2025-04-21,35.78462219238281
2025-04-22,36.50111770629883
2025-04-23,37.516136169433594
2025-04-24,39.97408676147461
2025-04-25,40.58111572265625
2025-04-28,40.710487365722656
2025-04-29,40.42190170288086
2025-04-30,43.64609909057617
2025-05-01,43.735660552978516
2025-05-02,44.4720458984375
2025-05-05,44.81039047241211
2025-05-06,44.07400131225586
2025-05-07,44.08395004272461
2025-05-08,44.08395004272461
2025-05-09,43.88492965698242
2025-05-12,46.34288024902344
2025-05-13,48.77098083496094
2025-05-14,48.96005630493164
2025-05-15,49.50737762451172
2025-05-16,49.7462043762207
2025-05-19,50.47264099121094
2025-05-20,50.38308334350586
2025-05-21,49.24863815307617
2025-05-22,49.5969352722168
2025-05-23,49.93527603149414
2025-05-27,51.56727981567383
2025-05-28,52.09469985961914
2025-05-29,52.29372024536133
2025-05-30,51.2985954284668
2025-06-02,51.93547439575195
2025-06-03,53.507774353027344
2025-06-04,54.265472412109375
2025-06-05,54.88359832763672
2025-06-06,55.28239059448242
2025-06-09,56.84764099121094
2025-06-10,55.78087615966797
2025-06-11,55.5017204284668
2025-06-12,55.61138916015625
2025-06-13,55.53163146972656
2025-06-16,57.23646545410156
2025-06-17,58.3929557800293
2025-06-18,59.01108169555664
2025-06-20,59.11078643798828
2025-06-23,60.197486877441406
2025-06-24,61.88237762451172
2025-06-25,62.36092758178711
2025-06-26,63.318023681640625
2025-06-27,63.09869384765625
2025-06-30,63.796573638916016
2025-07-01,63.647029876708984
2025-07-02,65.5811538696289
2025-07-03,65.88025665283203
2025-07-07,65.02285766601562
2025-07-08,63.82648468017578
2025-07-09,64.44461059570312
2025-07-10,64.86334228515625
2025-07-11,65.94007110595703
2025-07-14,66.7276840209961
2025-07-15,67.32588195800781
2025-07-16,66.32889556884766
2025-07-17,66.8174057006836
2025-07-18,67.79444885253906
2025-07-21,68.53221130371094
2025-07-22,66.85729217529297
2025-07-23,69.11046600341797
2025-07-24,68.81136322021484
2025-07-25,68.61197662353516
2025-07-28,68.78145599365234
2025-07-29,70.39657592773438
2025-07-30,71.2140884399414
2025-07-31,78.45214080810547
2025-08-01,76.31861114501953
2025-08-04,77.05636596679688
2025-08-05,75.61074829101562
2025-08-06,73.5569839477539
2025-08-07,74.21499633789062
2025-08-08,74.74339294433594
2025-08-11,74.41438293457031
2025-08-12,75.6805419921875
2025-08-13,75.84004974365234
2025-08-14,76.00953674316406
2025-08-15,74.83311462402344
2025-08-18,76.05940246582031
2025-08-19,75.63069152832031
2025-08-20,75.4113540649414
2025-08-21,74.434326171875
2025-08-22,76.73734283447266
2025-08-25,78.98053741455078
2025-08-26,79.46906280517578
2025-08-27,80.4261474609375
2025-08-28,81.7920150756836
2025-08-29,80.09715270996094
2025-09-02,81.66241455078125
2025-09-03,85.74005126953125
2025-09-04,90.32148742675781
2025-09-05,91.86860656738281
2025-09-08,93.11628723144531
2025-09-09,94.36395263671875
2025-09-10,94.84306335449219
2025-09-11,95.97096252441406
2025-09-12,97.4781494140625
2025-09-15,102.19933319091797
2025-09-16,102.89803314208984
2025-09-17,100.75202941894531
2025-09-18,104.95419311523438
2025-09-19,106.43143463134766
2025-09-22,112.20067596435547
2025-09-23,110.04469299316406
2025-09-24,109.48574829101562
2025-09-25,107.0103530883789
2025-09-26,106.68097686767578
2025-09-29,116.52261352539062
2025-09-30,119.83643341064453
2025-10-01,130.34681701660156
2025-10-02,131.01556396484375
2025-10-03,131.0654754638672
2025-10-06,125.04670715332031
2025-10-07,119.70667266845703
2025-10-08,120.95435333251953
2025-10-09,119.47709655761719
2025-10-10,115.205078125
2025-10-13,118.63866424560547
2025-10-14,112.9193344116211
2025-10-15,120.21572875976562
2025-10-16,125.68550872802734
2025-10-17,125.96499633789062
2025-10-20,121.30369567871094
2025-10-21,121.18392181396484
2025-10-22,120.24565887451172
2025-10-23,125.48589324951172
2025-10-24,129.18896484375
2025-10-27,126.43411254882812
2025-10-28,124.68737030029297
2025-10-29,141.1167449951172
2025-10-30,137.87278747558594
2025-10-31,149.93028259277344
2025-11-03,157.7257537841797
2025-11-04,151.8966064453125
2025-11-05,159.80186462402344
2025-11-06,163.29534912109375
2025-11-07,162.6565399169922
2025-11-10,173.8955841064453
2025-11-11,169.6734619140625
2025-11-12,165.80068969726562
2025-11-13,156.86734008789062
2025-11-14,157.53610229492188
2025-11-17,162.14749145507812
2025-11-18,152.5753631591797
2025-11-19,153.68328857421875
2025-11-20,139.9688720703125
2025-11-21,138.93080139160156
2025-11-24,150.64894104003906
2025-11-25,155.12060546875
2025-11-26,157.44625854492188
2025-11-28,163.02586364746094
2025-12-01,163.23544311523438
2025-12-02,159.69207763671875
2025-12-03,155.30026245117188
2025-12-04,160.82940673828125
2025-12-05,168.71104431152344
2025-12-08,169.60011291503906
2025-12-09,169.3603515625
2025-12-10,181.7572021484375
2025-12-11,187.00164794921875
2025-12-12,176.1531524658203
2025-12-15,171.85769653320312
2025-12-16,174.39501953125
2025-12-17,166.08383178710938
2025-12-18,174.82455444335938
2025-12-19,180.88812255859375
2025-12-22,176.5727081298828
2025-12-23,178.06112670898438
2025-12-24,179.36973571777344
2025-12-26,181.34764099121094
2025-12-29,179.48960876464844
2025-12-30,175.8734588623047
2025-12-31,172.08746337890625
2026-01-02,187.50111389160156
2026-01-05,187.68093872070312
2026-01-06,219.14756774902344
2026-01-07,199.668212890625
2026-01-08,187.4811248779297
2026-01-09,200.2476043701172
2026-01-12,211.91522216796875
2026-01-13,213.77325439453125
2026-01-14,214.77218627929688
2026-01-15,221.8646697998047
2026-01-16,221.27528381347656
2026-01-20,222.73373413085938
2026-01-21,241.6436767578125
2026-01-22,243.03219604492188
2026-01-23,236.1395263671875
2026-01-26,240.5948028564453
2026-01-27,252.3922882080078
2026-01-28,279.4036560058594
2026-01-29,278.1150207519531
2026-01-30,249.96485900878906
2026-02-02,269.94366455078125
2026-02-03,289.93243408203125
2026-02-04,269.1245422363281
2026-02-05,259.914306640625
2026-02-06,282.2805480957031
2026-02-09,285.68695068359375
2026-02-10,262.2817687988281
2026-02-11,273.449951171875
2026-02-12,283.7989807128906
2026-02-13,281.2816162109375
2026-02-17,283.8089599609375
2026-02-18,296.2457580566406
2026-02-19,284.368408203125
2026-02-20,285.2174377441406
2026-02-23,280.12286376953125
2026-02-24,270.2833251953125
2026-02-25,290.6417236328125
2026-02-26,281.950927734375
2026-02-27,279.4036560058594
2026-03-02,269.7937927246094
2026-03-03,250.34445190429688
2026-03-04,261.0231018066406
2026-03-05,258.87939453125
2026-03-06,245.10739135742188
2026-03-09,261.9076232910156
2026-03-10,266.065185546875
2026-03-11,268.6536865234375
2026-03-12,261.0281066894531
2026-03-13,272.13165283203125
2026-03-16,286.0435485839844
2026-03-17,313.6275329589844
2026-03-18,304.72271728515625
2026-03-19,316.7456970214844
2026-03-20,292.9295959472656
2026-03-23,294.61859130859375
2026-03-24,300.87493896484375
2026-03-25,295.96783447265625
2026-03-26,273.1910400390625
2026-03-27,275.17987060546875
2026-03-30,251.52365112304688
2026-03-31,270.33270263671875
2026-04-01,297.556884765625
2026-04-02,294.7984924316406
2026-04-06,303.97314453125
2026-04-07,311.7785949707031
2026-04-08,338.5829772949219
2026-04-09,337.68353271484375
2026-04-10,343.2303161621094
2026-04-13,349.9563903808594
2026-04-14,366.0070495605469
2026-04-15,364.78778076171875
2026-04-16,361.4797058105469
2026-04-17,372.3033752441406
2026-04-20,373.8924560546875
2026-04-21,383.5868225097656
2026-04-22,388.8737487792969
2026-04-23,402.8855895996094
2026-04-24,403.76507568359375
2026-04-27,400.4969787597656
2026-04-28,390.7626647949219
2026-04-29,412.52001953125
2026-04-30,434.267333984375
2026-05-01,431.26904296875
2026-05-04,442.102783203125
2026-05-05,464.9894714355469
2026-05-06,482.8690490722656
2026-05-07,463.6402587890625
2026-05-08,479.72088623046875
2026-05-11,515.5300903320312
2026-05-12,488.455810546875
2026-05-13,493.8027038574219
2026-05-14,488.8655700683594
2026-05-15,481.7397155761719
2026-05-18,458.41326904296875
2026-05-19,455.5349426269531
2026-05-20,459.35272216796875
2026-05-21,486.1771240234375
2026-05-22,483.9984130859375
2026-05-26,524.3449096679688
2026-05-27,530.2914428710938
2026-05-28,530.8711547851562
2026-05-29,530.901123046875
2026-06-01,545.8823852539062
2026-06-02,562.7725219726562
2026-06-03,593.7645263671875
2026-06-04,575.1653442382812
2026-06-05,511.5557861328125
2026-06-08,526.7609252929688
2026-06-09,517.5538330078125
2026-06-10,489.9327087402344
2026-06-11,529.1201171875
2026-06-12,562.7493286132812
2026-06-15,653.3203125
2026-06-16,680.8614501953125
2026-06-17,711.9014892578125
2026-06-18,745.990478515625
2026-06-22,732.3848876953125
2026-06-23,670.5347290039062
2026-06-24,643.6234130859375
2026-06-25,675.1732788085938
2026-06-26,586.2618408203125
2026-06-29,651.6708374023438
2026-06-30,638.5150146484375
2026-07-01,598.177978515625
2026-07-02,538.8270263671875
2026-07-06,577.2747192382812
2026-07-07,531.92919921875
2026-07-08,550.1234130859375
2026-07-09,577.864501953125
2026-07-10,582.403076171875
2026-07-13,555.3717041015625
2026-07-14,563.1392211914062
2026-07-15,513.6751098632812
2026-07-16,466.6601867675781
2026-07-17,477.0668640136719
2026-07-20,487.2635803222656
2026-07-21,548.2140502929688
2026-07-22,556.4913330078125
2026-07-23,558.120849609375
2026-07-24,519.6331787109375
2026-07-27,497.7602233886719
2026-07-28,463.36126708984375
2026-07-29,461.8917236328125
2026-07-30,532.868896484375
2026-07-31,544.6651611328125
2026-08-03,527.05078125
2026-08-04,548.3839721679688
2026-08-05,519.0033569335938
2026-08-06,451.3750915527344
2026-08-07,434.1606140136719
2026-08-10,438.1993408203125
2026-08-11,437.7894592285156
2026-08-12,453.95428466796875
2026-08-13,487.1336364746094
2026-08-14,508.63671875
2026-08-17,535.8380126953125
2026-08-18,496.00079345703125
2026-08-19,461.94171142578125
2026-08-20,468.89947509765625
2026-08-21,459.2925720214844
2026-08-24,435.24029541015625
2026-08-25,450.6053466796875
2026-08-26,468.7295227050781
2026-08-27,461.85174560546875
2026-08-28,459.3025817871094
2026-08-31,450.4053955078125
2026-09-01,450.2954406738281
2026-09-02,448.7559509277344
2026-09-03,441.4283142089844
2026-09-04,467.3099670410156
2026-09-08,477.29998779296875
2026-09-09,482.2799987792969
2026-09-10,460.92999267578125
2026-09-11,447.17999267578125
